Timestamp,Label,V_AB,V_AD,V_BC,V_CD,V_AC,V_BD
2026-04-20 01:24:15,AB_1,3.96,11.67,6.32,8.79,10.34,7.37
2026-04-20 01:24:15,AB_1,6.07,11.3,6.39,8.83,10.42,7.52
2026-04-20 01:24:16,AB_1,6.76,11.23,6.25,8.75,10.87,7.46
2026-04-20 01:24:16,AB_1,6.6,11.49,6.33,8.87,11.02,7.47
2026-04-20 01:24:16,AB_1,6.72,11.46,6.36,8.76,11.15,7.42
2026-04-20 01:24:17,AB_1,6.61,11.51,6.5,8.73,11.16,7.39
2026-04-20 01:24:17,AB_1,6.63,11.45,6.3,8.75,11.08,7.46
2026-04-20 01:24:17,AB_1,6.57,11.28,6.3,8.73,10.88,7.43
2026-04-20 01:24:18,AB_1,6.67,11.42,6.33,8.8,11.17,7.41
2026-04-20 01:24:18,AB_1,6.56,11.52,6.36,8.76,10.75,7.46
2026-04-20 01:24:19,AB_1,6.59,11.44,6.36,8.76,11.34,7.39
2026-04-20 01:24:19,AB_1,6.51,11.5,6.35,8.76,11.23,7.35
2026-04-20 01:24:19,AB_1,6.57,11.33,6.31,8.79,11.49,7.38
2026-04-20 01:24:20,AB_1,6.63,11.3,6.36,8.86,11.2,7.39
2026-04-20 01:24:20,AB_1,6.63,11.33,6.33,8.8,11.32,7.34
2026-04-20 01:24:21,AB_1,6.69,11.25,6.27,8.79,11.18,7.37
2026-04-20 01:24:21,AB_1,6.59,11.3,6.43,8.81,11.42,7.44
2026-04-20 01:24:21,AB_1,6.74,11.43,6.32,8.81,11.1,7.36
2026-04-20 01:24:22,AB_1,6.52,11.26,6.32,8.85,11.42,7.42
2026-04-20 01:24:22,AB_1,6.64,11.36,6.27,8.8,11.53,7.43
2026-04-20 01:24:23,AB_1,6.6,11.26,6.34,8.78,11.78,7.4
2026-04-20 01:24:23,AB_1,6.58,11.32,6.47,8.78,11.27,7.35
2026-04-20 01:24:23,AB_1,6.55,11.4,6.39,8.76,11.4,7.39
2026-04-20 01:24:24,AB_1,6.59,11.3,6.42,8.76,11.42,7.35
2026-04-20 01:24:24,AB_1,6.54,11.28,6.31,8.74,11.5,7.41
2026-04-20 01:24:25,AB_1,6.65,11.29,6.32,8.82,11.41,7.35
2026-04-20 01:24:25,AB_1,6.59,11.42,6.55,8.75,11.52,7.44
2026-04-20 01:24:25,AB_1,6.79,11.47,6.32,8.77,11.65,7.35
2026-04-20 01:24:26,AB_1,6.78,11.46,6.31,8.76,11.95,7.39
2026-04-20 01:24:26,AB_1,6.63,11.3,6.27,8.75,11.63,7.35
2026-04-20 01:24:27,AB_1,6.69,11.43,6.32,8.75,11.86,7.35
2026-04-20 01:24:27,AB_1,6.58,11.48,6.34,8.72,11.89,7.34
2026-04-20 01:24:27,AB_1,6.61,11.49,6.35,8.73,11.83,7.36
2026-04-20 01:24:28,AB_1,6.55,11.48,6.33,8.83,11.7,7.35
2026-04-20 01:24:28,AB_1,6.54,11.42,6.27,8.75,11.87,7.33
2026-04-20 01:24:29,AB_1,6.55,11.46,6.33,8.86,11.95,7.34
2026-04-20 01:24:29,AB_1,6.58,11.51,6.53,8.74,11.94,7.33
2026-04-20 01:24:29,AB_1,6.78,11.54,6.81,8.75,11.91,7.35
2026-04-20 01:24:30,AB_1,6.61,11.49,6.32,8.75,11.86,7.34
2026-04-20 01:24:30,AB_1,6.62,11.34,6.29,8.76,11.94,7.32
2026-04-20 01:24:31,AB_1,6.58,11.52,6.45,8.8,11.91,7.34
2026-04-20 01:24:31,AB_1,6.7,11.28,6.35,8.74,11.5,7.39
2026-04-20 01:24:31,AB_1,6.63,11.21,6.27,8.77,11.97,7.36
2026-04-20 01:24:32,AB_1,6.57,11.2,6.29,8.91,11.8,7.37
2026-04-20 01:24:32,AB_1,6.57,11.32,6.32,8.74,11.93,7.41
2026-04-20 01:24:33,AB_1,6.8,11.5,6.27,8.77,11.5,7.41
2026-04-20 01:24:33,AB_1,6.55,11.42,6.31,8.77,11.64,7.37
2026-04-20 01:24:33,AB_1,6.55,11.37,6.3,8.83,11.66,7.32
2026-04-20 01:24:34,AB_1,6.6,11.26,6.3,8.77,11.91,7.4
2026-04-20 01:24:34,AB_1,6.52,11.41,6.46,8.84,11.79,7.34
2026-04-20 01:24:34,AB_1,6.57,11.34,6.3,8.83,11.73,7.37
2026-04-20 01:24:35,AB_1,6.65,11.32,6.31,8.8,11.22,7.3
2026-04-20 01:24:35,AB_1,6.53,11.49,6.27,8.81,11.58,7.37
2026-04-20 01:24:36,AB_1,6.74,11.27,6.32,8.77,11.64,7.35
2026-04-20 01:24:36,AB_1,6.71,11.49,6.28,8.79,11.55,7.35
2026-04-20 01:24:37,AB_1,6.57,11.49,6.31,8.76,12.04,7.36
2026-04-20 01:24:37,AB_1,6.58,11.32,6.27,8.86,11.72,7.35
2026-04-20 01:24:37,AB_1,6.61,11.48,6.35,8.78,11.91,7.39
2026-04-20 01:24:38,AB_1,6.5,11.48,6.34,8.82,12.07,7.36
2026-04-20 01:24:38,AB_1,6.67,11.48,6.35,8.73,12.11,7.33
2026-04-20 01:24:38,AB_1,6.59,11.52,6.33,8.78,12.16,7.38
2026-04-20 01:24:39,AB_1,6.65,11.5,6.34,8.8,12.1,7.33
2026-04-20 01:24:39,AB_1,6.54,11.56,6.36,8.81,12.04,7.31
2026-04-20 01:24:40,AB_1,6.55,11.49,6.44,8.81,12.1,7.33
2026-04-20 01:24:40,AB_1,6.51,11.5,6.4,8.77,12.15,7.37
2026-04-20 01:24:40,AB_1,6.62,11.53,6.36,8.72,12.02,7.35
2026-04-20 01:24:41,AB_1,6.62,11.49,6.36,8.82,12.15,7.33
2026-04-20 01:24:41,AB_1,6.62,11.51,6.31,8.78,12.07,7.3
2026-04-20 01:24:42,AB_1,6.53,11.58,6.28,8.86,12.14,7.34
2026-04-20 01:24:42,AB_1,6.56,11.51,6.35,8.77,11.5,7.35
2026-04-20 01:24:42,AB_1,6.62,11.27,6.4,8.77,11.72,7.33
2026-04-20 01:24:43,AB_1,6.59,11.38,6.32,8.78,12.04,7.31
2026-04-20 01:24:43,AB_1,6.6,11.21,6.34,8.83,11.86,7.44
2026-04-20 01:24:44,AB_1,6.5,11.26,6.51,8.89,11.72,7.42
2026-04-20 01:24:44,AB_1,6.55,11.28,6.34,8.85,11.51,7.36
2026-04-20 01:24:44,AB_1,6.61,11.34,6.66,8.81,11.9,7.35
2026-04-20 01:24:45,AB_1,6.57,11.27,6.32,8.81,11.95,7.31
2026-04-20 01:24:45,AB_1,6.64,11.33,6.26,8.8,11.88,7.31
2026-04-20 01:24:46,AB_1,6.74,11.29,6.3,8.73,12.27,7.36
2026-04-20 01:24:46,AB_1,6.66,11.5,6.32,8.82,12.17,7.31
2026-04-20 01:24:46,AB_1,6.73,11.41,6.32,8.72,11.95,7.39
2026-04-20 01:24:47,AB_1,6.54,11.47,6.63,8.75,12.24,7.37
2026-04-20 01:24:47,AB_1,6.56,11.38,6.45,8.88,12.21,7.36
2026-04-20 01:24:48,AB_1,6.62,11.53,6.44,8.87,12.27,7.34
2026-04-20 01:24:48,AB_1,6.71,11.54,6.61,8.76,12.11,7.34
2026-04-20 01:24:48,AB_1,6.66,11.48,6.33,8.82,12.06,7.36
2026-04-20 01:24:49,AB_1,6.56,11.49,6.32,8.77,12.23,7.34
2026-04-20 01:24:49,AB_1,6.65,11.39,6.25,8.77,11.81,7.35
2026-04-20 01:24:50,AB_1,6.58,11.5,6.3,8.75,12.2,7.36
2026-04-20 01:24:50,AB_1,6.54,11.49,6.25,8.74,12.2,7.33
2026-04-20 01:24:50,AB_1,6.57,11.29,6.47,8.77,11.95,7.33
2026-04-20 01:24:51,AB_1,6.56,11.33,6.35,8.8,11.81,7.3
2026-04-20 01:24:51,AB_1,6.51,11.32,6.36,8.77,11.89,7.38
2026-04-20 01:24:52,AB_1,6.64,11.3,6.34,8.75,11.87,7.33
2026-04-20 01:24:52,AB_1,6.84,11.48,6.41,8.72,11.69,7.32
2026-04-20 01:24:52,AB_1,6.73,11.32,6.26,8.77,11.87,7.29
2026-04-20 01:24:53,AB_1,6.5,11.14,6.29,8.75,11.76,7.38
2026-04-20 01:24:53,AB_1,6.69,11.33,6.29,8.75,11.96,7.38
2026-04-20 01:24:54,AB_1,6.52,11.4,6.28,8.82,11.94,7.35
2026-04-20 01:24:54,AB_1,6.61,11.33,6.29,8.73,12.19,7.34
2026-04-20 01:24:54,AB_1,6.55,11.41,6.29,8.82,12.23,7.36
2026-04-20 01:24:55,AB_1,6.58,11.59,6.48,8.78,11.61,7.35
2026-04-20 01:24:55,AB_1,6.57,11.27,6.3,8.76,11.81,7.29
2026-04-20 01:24:56,AB_1,6.49,11.4,6.36,8.79,11.74,7.37
2026-04-20 01:24:56,AB_1,6.6,11.27,6.4,8.78,11.85,7.45
2026-04-20 01:24:56,AB_1,6.74,11.58,6.3,8.76,11.84,7.42
2026-04-20 01:24:57,AB_1,6.57,11.24,6.34,8.79,12.03,7.45
2026-04-20 01:24:57,AB_1,6.62,11.47,6.28,8.76,12.22,7.38
2026-04-20 01:24:58,AB_1,6.67,11.5,6.26,8.72,12.05,7.4
2026-04-20 01:24:58,AB_1,6.55,11.48,6.35,8.76,12.13,7.38
2026-04-20 01:24:58,AB_1,6.66,11.53,6.31,8.76,11.9,7.34
2026-04-20 01:24:59,AB_1,6.66,11.51,6.3,8.77,12.08,7.37
2026-04-20 01:24:59,AB_1,6.64,11.56,6.4,8.78,12.31,7.49
2026-04-20 01:25:00,AB_1,6.54,11.45,6.24,8.87,12.02,7.42
2026-04-20 01:25:00,AB_1,6.64,11.5,6.39,8.76,12.18,7.39
2026-04-20 01:25:00,AB_1,6.6,11.4,6.26,8.8,12.22,7.35
2026-04-20 01:25:01,AB_1,6.7,11.49,6.29,8.9,12.05,7.38
2026-04-20 01:25:01,AB_1,6.51,11.35,6.39,8.74,12.18,7.38
2026-04-20 01:25:02,AB_1,6.51,11.46,6.35,8.73,12.22,7.37
2026-04-20 01:25:02,AB_1,6.62,11.37,6.44,8.76,12.31,7.38
2026-04-20 01:25:02,AB_1,6.57,11.39,6.3,8.78,12.3,7.5
2026-04-20 01:25:03,AB_1,6.66,11.29,6.34,8.77,12.2,7.42
2026-04-20 01:25:03,AB_1,6.69,11.35,6.41,8.77,12.21,7.35
2026-04-20 01:25:04,AB_1,6.68,11.52,6.41,8.78,12.23,7.37
2026-04-20 01:25:04,AB_1,6.55,11.5,6.42,8.78,12.29,7.42
2026-04-20 01:25:04,AB_1,6.56,11.52,6.29,8.78,11.95,7.39
2026-04-20 01:25:05,AB_1,6.56,11.31,6.43,8.83,12.2,7.37
2026-04-20 01:25:05,AB_1,6.56,11.36,6.4,8.83,12.3,7.32
2026-04-20 01:25:05,AB_1,6.56,11.52,6.39,8.78,12.26,7.39
2026-04-20 01:25:06,AB_1,6.5,11.33,6.36,8.82,12.26,7.37
2026-04-20 01:25:06,AB_1,6.59,11.53,6.29,8.73,12.24,7.36
2026-04-20 01:25:07,AB_1,6.59,11.31,6.39,8.77,12.22,7.32
2026-04-20 01:25:07,AB_1,6.58,11.37,6.51,8.77,11.82,7.41
2026-04-20 01:25:07,AB_1,6.66,11.33,6.39,8.76,11.84,7.43
2026-04-20 01:25:08,AB_1,6.6,11.43,6.29,8.74,12.03,7.37
2026-04-20 01:25:08,AB_1,6.67,11.21,6.32,8.76,12.34,7.4
2026-04-20 01:25:09,AB_1,6.53,11.34,6.3,8.75,11.99,7.41
2026-04-20 01:25:09,AB_1,6.53,11.34,6.39,8.89,11.98,7.35
2026-04-20 01:25:09,AB_1,6.19,11.35,6.38,8.75,11.83,7.4
2026-04-20 01:25:10,AB_1,6.55,11.24,6.3,8.73,12.26,7.34
2026-04-20 01:25:10,AB_1,6.68,11.18,6.31,8.77,11.98,7.43
2026-04-20 01:25:11,AB_1,6.55,11.57,6.37,8.86,11.95,7.36
2026-04-20 01:25:11,AB_1,6.57,11.19,6.33,8.74,11.97,7.31
2026-04-20 01:25:11,AB_1,6.51,11.43,6.28,8.76,11.77,7.34
2026-04-20 01:25:12,AB_1,6.65,11.21,6.33,8.79,12.43,7.43
2026-04-20 01:25:12,AB_1,6.56,11.27,6.27,8.8,12.33,7.49
2026-04-20 01:25:13,AB_1,6.62,11.43,6.35,8.79,12.42,7.37
2026-04-20 01:25:13,AB_1,6.53,11.46,6.46,8.75,12.31,7.39
2026-04-20 01:25:13,AB_1,6.5,11.46,6.34,8.73,12.37,7.43
2026-04-20 01:25:14,AB_1,6.63,11.33,6.27,8.76,12.01,7.4
2026-04-20 01:25:14,AB_1,6.63,11.32,6.26,8.74,12.29,7.38
2026-04-20 01:25:15,AB_1,6.49,11.46,6.31,8.77,12.33,7.37
2026-04-20 01:25:15,AB_1,6.56,11.5,6.25,8.74,12.34,7.4
2026-04-20 01:25:15,AB_1,6.53,11.3,6.43,8.74,12.24,7.38
2026-04-20 01:25:16,AB_1,6.55,11.5,6.32,8.8,12.22,7.34
2026-04-20 01:25:16,AB_1,6.7,11.48,6.31,8.74,12.02,7.36
2026-04-20 01:25:17,AB_1,6.54,11.49,6.43,8.76,12.28,7.37
2026-04-20 01:25:17,AB_1,6.77,11.34,6.35,8.75,12.07,7.35
2026-04-20 01:25:17,AB_1,6.54,11.41,6.33,8.76,11.93,7.36
2026-04-20 01:25:18,AB_1,6.62,11.35,6.35,8.77,11.96,7.38
2026-04-20 01:25:18,AB_1,6.53,11.32,6.34,8.86,12.29,7.37
2026-04-20 01:25:19,AB_1,6.67,11.23,6.3,8.78,11.88,7.41
2026-04-20 01:25:19,AB_1,6.68,11.37,6.53,8.75,12.08,7.37
2026-04-20 01:25:19,AB_1,6.53,11.4,6.32,8.81,12.04,7.46
2026-04-20 01:25:20,AB_1,6.64,11.22,6.28,8.73,12.23,7.45
2026-04-20 01:25:20,AB_1,6.55,11.37,6.28,8.76,12.01,7.49
2026-04-20 01:25:20,AB_1,6.51,11.21,6.29,8.79,12.02,7.41
2026-04-20 01:25:21,AB_1,6.53,11.29,6.31,8.75,12.07,7.37
2026-04-20 01:25:21,AB_1,6.58,11.35,6.32,8.85,12.43,7.43
2026-04-20 01:25:22,AB_1,6.56,11.25,6.36,8.77,12.01,7.39
2026-04-20 01:25:22,AB_1,6.65,11.26,6.32,8.75,11.93,7.4
2026-04-20 01:25:22,AB_1,6.57,11.22,6.3,8.77,12.07,7.43
2026-04-20 01:25:23,AB_1,6.55,11.27,6.29,8.78,12.16,7.43
2026-04-20 01:25:23,AB_1,6.62,11.31,6.49,8.79,12.14,7.43
2026-04-20 01:25:24,AB_1,6.62,11.46,6.27,8.78,12.44,7.39
2026-04-20 01:25:24,AB_1,6.54,11.4,6.4,8.78,12.44,7.39
2026-04-20 01:25:24,AB_1,6.53,11.48,6.41,8.77,12.43,7.4
2026-04-20 01:25:25,AB_1,6.55,11.3,6.62,8.81,12.26,7.41
2026-04-20 01:25:25,AB_1,6.66,11.46,6.34,8.76,12.32,7.4
2026-04-20 01:25:26,AB_1,6.59,11.48,6.27,8.76,12.36,7.39
2026-04-20 01:25:26,AB_1,6.5,11.46,6.46,8.87,12.3,7.42
2026-04-20 01:25:26,AB_1,6.52,11.28,6.31,8.79,11.92,7.4
2026-04-20 01:25:27,AB_1,6.54,11.38,6.38,8.74,12.24,7.39
2026-04-20 01:25:27,AB_1,6.53,11.49,6.35,8.8,12.31,7.37
2026-04-20 01:25:28,AB_1,6.49,11.29,6.3,8.72,12.35,7.43
2026-04-20 01:25:28,AB_1,6.61,11.51,6.31,8.75,12.27,7.39
2026-04-20 01:25:28,AB_1,6.59,11.35,6.42,8.75,11.79,7.43
2026-04-20 01:25:29,AB_1,6.63,11.26,6.36,8.78,11.83,7.4
2026-04-20 01:25:29,AB_1,6.6,11.18,6.28,8.83,11.97,7.48
2026-04-20 01:25:30,AB_1,6.54,11.33,6.44,8.76,11.82,7.5
2026-04-20 01:25:30,AB_1,6.71,11.22,6.26,8.74,12.02,7.41
2026-04-20 01:25:30,AB_1,6.58,11.42,6.31,8.76,12.12,7.37
2026-04-20 01:25:31,AB_1,6.62,11.32,6.29,8.79,11.83,7.44
2026-04-20 01:25:31,AB_1,6.53,11.44,6.4,8.79,12.45,7.45
2026-04-20 01:25:32,AB_1,6.58,11.41,6.29,8.74,12.49,7.42
2026-04-20 01:25:32,AB_1,6.57,11.49,6.42,8.75,12.35,7.41
2026-04-20 01:25:32,AB_1,6.55,11.49,6.32,8.8,12.36,7.44
2026-04-20 01:25:33,AB_1,6.64,11.48,6.37,8.79,12.15,7.41
2026-04-20 01:25:33,AB_1,6.54,11.43,6.35,8.81,12.38,7.34
2026-04-20 01:25:34,AB_1,6.75,11.49,6.46,8.79,12.28,7.4
2026-04-20 01:25:48,AB_2,5.99,12.8,7.02,9.63,12.9,7.27
2026-04-20 01:25:48,AB_2,6.09,12.52,6.84,9.64,12.72,7.25
2026-04-20 01:25:48,AB_2,6.15,12.44,6.93,9.58,12.9,7.27
2026-04-20 01:25:49,AB_2,6.05,12.4,6.88,9.69,12.9,7.29
2026-04-20 01:25:49,AB_2,6.02,12.3,6.9,9.61,12.73,7.31
2026-04-20 01:25:50,AB_2,6.04,12.25,6.9,9.65,12.8,7.33
2026-04-20 01:25:50,AB_2,6.08,12.17,7.02,9.58,12.62,7.39
2026-04-20 01:25:50,AB_2,6.09,12.04,7.09,9.61,12.57,7.4
2026-04-20 01:25:51,AB_2,6.11,11.98,7.08,9.58,12.8,7.39
2026-04-20 01:25:51,AB_2,6.05,11.93,7.07,9.59,12.27,7.37
2026-04-20 01:25:52,AB_2,6.08,11.49,6.86,9.67,12.8,7.44
2026-04-20 01:25:52,AB_2,6.07,11.72,6.91,9.63,12.77,7.4
2026-04-20 01:25:52,AB_2,6.04,11.73,6.83,9.56,12.8,7.43
2026-04-20 01:25:53,AB_2,6.26,11.68,6.88,9.65,12.8,7.42
2026-04-20 01:25:53,AB_2,6.11,11.62,6.95,9.57,12.8,7.5
2026-04-20 01:25:54,AB_2,6.35,11.56,6.88,9.59,12.8,7.46
2026-04-20 01:25:54,AB_2,6.03,11.51,6.87,9.58,12.8,7.44
2026-04-20 01:25:54,AB_2,6.07,11.59,6.92,9.63,12.66,7.46
2026-04-20 01:25:55,AB_2,6.22,11.51,7.0,9.56,12.77,7.49
2026-04-20 01:25:55,AB_2,6.0,11.42,7.02,9.57,12.76,7.44
2026-04-20 01:25:56,AB_2,6.06,11.55,6.91,9.57,12.8,7.46
2026-04-20 01:25:56,AB_2,6.38,11.49,6.93,9.63,12.76,7.44
2026-04-20 01:25:56,AB_2,6.09,11.47,6.87,9.57,12.38,7.54
2026-04-20 01:25:57,AB_2,6.04,11.31,7.0,9.56,12.3,7.47
2026-04-20 01:25:57,AB_2,6.24,11.24,6.91,9.61,12.12,7.48
2026-04-20 01:25:57,AB_2,6.14,11.32,6.85,9.61,12.3,7.48
2026-04-20 01:25:58,AB_2,6.3,11.27,6.95,9.54,12.77,7.5
2026-04-20 01:25:58,AB_2,6.16,11.2,6.98,9.56,12.67,7.52
2026-04-20 01:25:59,AB_2,6.13,11.33,6.84,9.61,12.76,7.5
2026-04-20 01:25:59,AB_2,6.04,11.39,6.85,9.58,12.8,7.49
2026-04-20 01:25:59,AB_2,6.09,11.41,6.82,9.58,12.9,7.55
2026-04-20 01:26:00,AB_2,6.08,11.35,6.94,9.62,12.8,7.53
2026-04-20 01:26:00,AB_2,6.1,11.33,6.89,9.56,12.76,7.5
2026-04-20 01:26:01,AB_2,6.04,11.4,6.87,9.72,12.8,7.49
2026-04-20 01:26:01,AB_2,6.28,11.39,6.88,9.54,12.9,7.6
2026-04-20 01:26:01,AB_2,6.08,11.17,6.8,9.56,12.8,7.54
2026-04-20 01:26:02,AB_2,6.14,11.36,6.84,9.58,12.8,7.5
2026-04-20 01:26:02,AB_2,6.08,11.33,6.82,9.6,12.8,7.49
2026-04-20 01:26:03,AB_2,6.12,11.36,6.86,9.55,12.8,7.57
2026-04-20 01:26:03,AB_2,6.02,11.07,6.96,9.57,12.05,7.55
2026-04-20 01:26:03,AB_2,6.04,11.27,6.85,9.54,12.31,7.49
2026-04-20 01:26:04,AB_2,6.03,11.09,6.87,9.61,12.75,7.51
2026-04-20 01:26:04,AB_2,6.12,11.08,6.99,9.71,12.57,7.59
2026-04-20 01:26:05,AB_2,6.08,11.1,7.06,9.56,12.8,7.5
2026-04-20 01:26:05,AB_2,6.07,11.08,6.76,9.6,12.11,7.52
2026-04-20 01:26:05,AB_2,6.06,11.31,6.9,9.58,12.77,7.51
2026-04-20 01:26:06,AB_2,6.19,11.31,6.9,9.61,12.8,7.61
2026-04-20 01:26:06,AB_2,6.1,11.23,6.89,9.59,12.33,7.55
2026-04-20 01:26:07,AB_2,6.06,11.26,6.86,9.61,12.9,7.48
2026-04-20 01:26:07,AB_2,6.08,11.29,6.95,9.65,12.76,7.52
2026-04-20 01:26:07,AB_2,6.06,11.01,6.87,9.59,12.76,7.52
2026-04-20 01:26:08,AB_2,6.04,11.3,6.89,9.58,12.57,7.52
2026-04-20 01:26:08,AB_2,6.07,11.3,6.95,9.64,12.8,7.48
2026-04-20 01:26:09,AB_2,6.02,11.33,6.86,9.77,12.8,7.5
2026-04-20 01:26:09,AB_2,6.03,11.35,6.88,9.62,12.76,7.54
2026-04-20 01:26:09,AB_2,6.13,11.3,6.86,9.68,12.9,7.49
2026-04-20 01:26:10,AB_2,6.03,11.22,6.83,9.56,12.55,7.5
2026-04-20 01:26:10,AB_2,6.14,11.25,6.88,9.57,13.0,7.49
2026-04-20 01:26:11,AB_2,6.13,11.3,6.84,9.57,12.9,7.53
2026-04-20 01:26:11,AB_2,6.24,11.21,7.03,9.6,12.8,7.51
2026-04-20 01:26:11,AB_2,6.07,11.27,6.89,9.57,12.8,7.47
2026-04-20 01:26:12,AB_2,6.14,11.24,6.87,9.57,12.54,7.49
2026-04-20 01:26:12,AB_2,6.05,11.27,6.91,9.74,12.8,7.54
2026-04-20 01:26:12,AB_2,6.04,11.26,6.86,9.6,12.53,7.51
2026-04-20 01:26:13,AB_2,6.31,11.21,6.95,9.62,12.8,7.49
2026-04-20 01:26:13,AB_2,6.27,11.27,6.89,9.57,12.8,7.47
2026-04-20 01:26:14,AB_2,6.06,11.24,6.83,9.66,12.8,7.56
2026-04-20 01:26:14,AB_2,6.07,11.09,6.85,9.6,13.0,7.51
2026-04-20 01:26:14,AB_2,6.17,11.24,6.92,9.59,12.75,7.51
2026-04-20 01:26:15,AB_2,6.14,11.27,6.84,9.55,12.9,7.5
2026-04-20 01:26:15,AB_2,6.29,11.29,7.07,9.52,13.0,7.54
2026-04-20 01:26:16,AB_2,6.14,10.99,6.84,9.55,12.64,7.66
2026-04-20 01:26:16,AB_2,6.1,11.16,6.9,9.6,12.31,7.58
2026-04-20 01:26:16,AB_2,6.03,10.97,6.88,9.56,12.8,7.61
2026-04-20 01:26:17,AB_2,6.14,11.08,6.89,9.58,12.43,7.56
2026-04-20 01:26:17,AB_2,6.13,11.11,6.91,9.58,12.6,7.54
2026-04-20 01:26:18,AB_2,6.06,11.22,6.9,9.64,12.9,7.51
2026-04-20 01:26:18,AB_2,6.12,11.21,7.01,9.69,12.8,7.5
2026-04-20 01:26:18,AB_2,6.13,11.26,6.84,9.54,12.9,7.62
2026-04-20 01:26:19,AB_2,6.44,11.25,6.96,9.57,12.69,7.52
2026-04-20 01:26:19,AB_2,6.06,11.21,6.99,9.58,12.8,7.53
2026-04-20 01:26:20,AB_2,6.04,11.24,6.86,9.58,12.77,7.52
2026-04-20 01:26:20,AB_2,6.09,11.28,6.82,9.79,12.8,7.59
2026-04-20 01:26:20,AB_2,6.07,11.09,6.87,9.59,12.74,7.53
2026-04-20 01:26:21,AB_2,6.11,11.27,6.95,9.81,12.73,7.59
2026-04-20 01:26:21,AB_2,6.18,11.23,6.84,9.6,12.8,7.54
2026-04-20 01:26:22,AB_2,6.06,11.2,6.87,9.58,12.9,7.53
2026-04-20 01:26:22,AB_2,6.1,10.98,6.85,9.56,12.8,7.54
2026-04-20 01:26:22,AB_2,6.14,11.27,6.89,9.56,12.9,7.52
2026-04-20 01:26:23,AB_2,6.2,11.21,6.89,9.55,12.8,7.52
2026-04-20 01:26:23,AB_2,6.32,11.21,6.93,9.64,12.8,7.57
2026-04-20 01:26:24,AB_2,6.1,11.26,6.9,9.58,12.68,7.53
2026-04-20 01:26:24,AB_2,6.03,11.21,6.86,9.57,12.8,7.51
2026-04-20 01:26:24,AB_2,6.15,11.25,6.9,9.72,12.9,7.48
2026-04-20 01:26:25,AB_2,6.12,11.26,6.89,9.58,12.29,7.58
2026-04-20 01:26:25,AB_2,6.19,11.23,6.82,9.6,12.8,7.53
2026-04-20 01:26:26,AB_2,6.11,11.06,6.86,9.69,12.8,7.51
2026-04-20 01:26:26,AB_2,6.07,11.27,6.89,9.64,12.9,7.5
2026-04-20 01:26:26,AB_2,6.08,11.22,6.85,9.54,13.0,7.5
2026-04-20 01:26:27,AB_2,6.09,11.26,6.86,9.54,12.26,7.46
2026-04-20 01:26:27,AB_2,6.17,11.06,6.71,9.59,12.37,7.44
2026-04-20 01:26:28,AB_2,6.03,11.08,6.92,9.58,12.53,7.52
2026-04-20 01:26:28,AB_2,6.11,11.26,6.93,9.6,12.44,7.53
2026-04-20 01:26:28,AB_2,6.2,11.22,6.92,9.53,12.8,7.5
2026-04-20 01:26:29,AB_2,6.05,11.19,6.83,9.57,12.8,7.5
2026-04-20 01:26:29,AB_2,6.06,11.19,6.97,9.55,12.9,7.49
2026-04-20 01:26:30,AB_2,6.15,11.31,6.88,9.59,12.8,7.55
2026-04-20 01:26:30,AB_2,6.17,11.25,6.85,9.53,12.64,7.52
2026-04-20 01:26:30,AB_2,6.05,10.97,6.84,9.54,12.8,7.5
2026-04-20 01:26:31,AB_2,6.12,11.23,6.84,9.6,12.9,7.45
2026-04-20 01:26:31,AB_2,6.13,11.26,6.85,9.57,12.41,7.65
2026-04-20 01:26:32,AB_2,6.09,11.04,6.91,9.6,12.74,7.57
2026-04-20 01:26:32,AB_2,6.07,11.25,6.98,9.56,12.8,7.55
2026-04-20 01:26:32,AB_2,6.07,11.18,6.88,9.61,12.8,7.52
2026-04-20 01:26:33,AB_2,6.11,11.23,6.87,9.59,12.8,7.58
2026-04-20 01:26:33,AB_2,6.1,11.04,6.83,9.54,12.8,7.54
2026-04-20 01:26:34,AB_2,6.13,11.18,6.92,9.57,12.8,7.52
2026-04-20 01:26:34,AB_2,6.06,11.22,6.95,9.62,12.9,7.49
2026-04-20 01:26:34,AB_2,6.21,11.22,6.9,9.59,12.8,7.58
2026-04-20 01:26:35,AB_2,6.05,11.23,6.83,9.59,12.8,7.53
2026-04-20 01:26:35,AB_2,6.09,11.2,6.89,9.57,12.8,7.48
2026-04-20 01:26:36,AB_2,6.01,11.19,6.89,9.59,12.8,7.49
2026-04-20 01:26:36,AB_2,6.05,11.25,6.92,9.62,12.8,7.59
2026-04-20 01:26:36,AB_2,6.02,11.0,6.84,9.61,12.8,7.53
2026-04-20 01:26:37,AB_2,6.15,11.21,6.84,9.59,12.9,7.5
2026-04-20 01:26:37,AB_2,6.22,11.19,6.9,9.56,12.8,7.51
2026-04-20 01:26:37,AB_2,6.32,11.0,6.9,9.6,12.77,7.58
2026-04-20 01:26:38,AB_2,6.07,11.08,6.91,9.6,12.8,7.51
2026-04-20 01:26:38,AB_2,6.17,11.06,6.87,9.57,12.13,7.61
2026-04-20 01:26:39,AB_2,6.09,11.01,6.83,9.53,12.54,7.56
2026-04-20 01:26:39,AB_2,6.22,10.96,6.8,9.56,12.55,7.59
2026-04-20 01:26:40,AB_2,6.13,10.95,6.77,9.61,12.6,7.57
2026-04-20 01:26:40,AB_2,6.03,10.99,6.92,9.62,12.52,7.5
2026-04-20 01:26:40,AB_2,6.04,11.03,7.1,9.52,12.48,7.55
2026-04-20 01:26:41,AB_2,6.18,11.05,6.89,9.58,12.53,7.57
2026-04-20 01:26:41,AB_2,6.08,10.99,6.84,9.6,12.39,7.6
2026-04-20 01:26:42,AB_2,6.04,10.92,7.04,9.6,12.8,7.62
2026-04-20 01:26:42,AB_2,6.03,10.96,6.88,9.54,12.69,7.58
2026-04-20 01:26:42,AB_2,6.15,10.98,7.01,9.59,12.69,7.5
2026-04-20 01:26:43,AB_2,6.21,11.13,6.86,9.57,12.44,7.52
2026-04-20 01:26:43,AB_2,6.25,11.03,6.85,9.59,12.9,7.55
2026-04-20 01:26:44,AB_2,6.06,10.95,7.09,9.58,12.59,7.52
2026-04-20 01:26:44,AB_2,6.12,11.27,6.86,9.64,12.8,7.57
2026-04-20 01:26:44,AB_2,6.12,11.2,6.92,9.59,12.9,7.55
2026-04-20 01:26:45,AB_2,6.1,11.17,6.92,9.6,12.9,7.51
2026-04-20 01:26:45,AB_2,6.06,11.24,6.88,9.6,12.8,7.52
2026-04-20 01:26:45,AB_2,6.05,11.2,6.84,9.63,12.6,7.59
2026-04-20 01:26:46,AB_2,6.28,11.21,6.92,9.61,12.9,7.51
2026-04-20 01:26:46,AB_2,6.07,11.19,6.88,9.69,12.76,7.53
2026-04-20 01:26:47,AB_2,6.32,11.08,6.83,9.56,12.8,7.51
2026-04-20 01:26:47,AB_2,6.2,11.19,6.87,9.57,12.9,7.61
2026-04-20 01:26:47,AB_2,6.12,11.14,7.03,9.57,12.8,7.58
2026-04-20 01:26:48,AB_2,6.04,11.15,6.93,9.59,12.8,7.54
2026-04-20 01:26:48,AB_2,6.05,11.19,6.88,9.56,12.8,7.54
2026-04-20 01:26:49,AB_2,6.06,11.21,6.9,9.61,12.9,7.6
2026-04-20 01:26:49,AB_2,6.05,10.97,6.9,9.56,12.59,7.5
2026-04-20 01:26:49,AB_2,6.22,10.97,6.82,9.55,12.42,7.49
2026-04-20 01:26:50,AB_2,6.27,10.95,6.98,9.67,12.51,7.51
2026-04-20 01:26:50,AB_2,6.03,11.11,6.85,9.58,12.5,7.66
2026-04-20 01:26:51,AB_2,5.99,11.08,6.9,9.61,12.72,7.65
2026-04-20 01:26:51,AB_2,6.21,11.01,6.67,9.57,12.8,7.52
2026-04-20 01:26:51,AB_2,6.1,11.0,6.82,9.56,12.41,7.53
2026-04-20 01:26:52,AB_2,6.11,11.01,6.87,9.59,12.3,7.6
2026-04-20 01:26:52,AB_2,6.06,11.15,6.82,9.56,12.8,7.69
2026-04-20 01:26:53,AB_2,6.44,11.27,6.7,9.57,12.9,7.57
2026-04-20 01:26:53,AB_2,6.03,10.94,6.85,9.59,12.9,7.53
2026-04-20 01:26:53,AB_2,6.1,11.06,6.87,9.54,12.5,7.64
2026-04-20 01:26:54,AB_2,6.24,10.81,6.76,9.55,12.33,7.64
2026-04-20 01:26:54,AB_2,6.06,11.04,6.99,9.63,12.77,7.65
2026-04-20 01:26:55,AB_2,6.05,11.02,6.85,9.61,12.9,7.63
2026-04-20 01:26:55,AB_2,6.07,10.95,6.8,9.62,12.73,7.48
2026-04-20 01:26:55,AB_2,6.08,10.99,6.82,9.57,12.68,7.67
2026-04-20 01:26:56,AB_2,6.08,10.98,6.97,9.58,12.8,7.58
2026-04-20 01:26:56,AB_2,6.43,11.17,6.86,9.6,12.9,7.65
2026-04-20 01:26:57,AB_2,6.39,11.21,6.92,9.66,12.77,7.62
2026-04-20 01:26:57,AB_2,6.28,11.17,6.92,9.61,12.9,7.56
2026-04-20 01:26:57,AB_2,6.14,11.0,6.85,9.62,12.8,7.56
2026-04-20 01:26:58,AB_2,6.04,11.22,6.87,9.56,12.9,7.54
2026-04-20 01:26:58,AB_2,6.05,11.18,6.82,9.62,12.45,7.62
2026-04-20 01:26:59,AB_2,6.11,10.97,6.88,9.6,12.9,7.56
2026-04-20 01:26:59,AB_2,6.14,11.17,6.9,9.63,12.8,7.54
2026-04-20 01:26:59,AB_2,6.06,11.21,6.93,9.68,12.8,7.49
2026-04-20 01:27:00,AB_2,6.07,11.16,6.82,9.55,12.8,7.68
2026-04-20 01:27:00,AB_2,6.1,11.13,6.83,9.54,12.9,7.6
2026-04-20 01:27:01,AB_2,6.06,10.97,6.85,9.58,12.75,7.53
2026-04-20 01:27:01,AB_2,6.23,11.2,6.93,9.54,12.52,7.53
2026-04-20 01:27:01,AB_2,6.14,11.03,6.93,9.7,12.53,7.58
2026-04-20 01:27:02,AB_2,6.03,10.9,6.85,9.58,12.48,7.64
2026-04-20 01:27:02,AB_2,6.08,10.96,6.95,9.62,12.8,7.69
2026-04-20 01:27:03,AB_2,6.11,10.98,6.87,9.58,12.72,7.55
2026-04-20 01:27:03,AB_2,6.11,11.17,6.89,9.58,12.35,7.61
2026-04-20 01:27:03,AB_2,6.2,11.07,6.89,9.61,12.9,7.73
2026-04-20 01:27:04,AB_2,6.18,11.05,6.96,9.65,12.4,7.64
2026-04-20 01:27:04,AB_2,6.1,11.12,6.83,9.55,12.8,7.6
2026-04-20 01:27:05,AB_2,6.05,11.12,6.82,9.62,12.9,7.58
2026-04-20 01:27:05,AB_2,6.05,11.02,6.84,9.56,12.8,7.56
2026-04-20 01:27:05,AB_2,6.1,11.01,6.86,9.65,12.59,7.56
2026-04-20 01:27:06,AB_2,6.05,11.13,6.9,9.58,12.8,7.54
2026-04-20 01:27:06,AB_2,6.11,10.96,6.83,9.56,12.8,7.69
2026-04-20 01:27:07,AB_2,6.15,11.01,6.95,9.59,12.67,7.59
2026-04-20 01:27:14,AB_3,5.94,12.0,6.05,9.17,12.25,7.03
2026-04-20 01:27:14,AB_3,6.01,11.58,6.04,9.2,12.26,7.0
2026-04-20 01:27:14,AB_3,5.98,11.8,6.33,9.15,12.29,7.04
2026-04-20 01:27:15,AB_3,6.03,11.5,6.2,9.18,12.38,7.04
2026-04-20 01:27:15,AB_3,5.98,11.15,6.17,9.13,12.27,7.17
2026-04-20 01:27:16,AB_3,5.9,11.11,6.09,9.16,12.32,7.2
2026-04-20 01:27:16,AB_3,5.95,11.2,6.32,9.14,12.32,7.18
2026-04-20 01:27:16,AB_3,5.95,11.03,6.08,9.09,12.27,7.22
2026-04-20 01:27:17,AB_3,5.89,10.92,6.1,9.16,12.32,7.16
2026-04-20 01:27:17,AB_3,5.98,10.89,6.03,9.19,12.3,7.22
2026-04-20 01:27:18,AB_3,5.94,10.75,6.02,9.16,12.23,7.26
2026-04-20 01:27:18,AB_3,6.12,10.8,6.1,9.2,12.33,7.21
2026-04-20 01:27:18,AB_3,5.88,10.69,6.03,9.17,12.35,7.25
2026-04-20 01:27:19,AB_3,5.89,10.93,6.01,9.13,12.29,7.28
2026-04-20 01:27:19,AB_3,6.04,10.93,6.11,9.14,12.28,7.26
2026-04-20 01:27:20,AB_3,5.9,10.88,6.27,9.15,12.32,7.21
2026-04-20 01:27:20,AB_3,5.91,10.96,6.06,9.22,12.38,7.24
2026-04-20 01:27:20,AB_3,5.85,10.92,6.05,9.11,12.3,7.34
2026-04-20 01:27:21,AB_3,5.99,10.67,6.11,9.17,12.35,7.26
2026-04-20 01:27:21,AB_3,5.87,10.86,6.23,9.19,12.24,7.28
2026-04-20 01:27:22,AB_3,6.04,10.85,6.32,9.26,12.26,7.31
2026-04-20 01:27:22,AB_3,6.02,10.82,6.03,9.27,12.2,7.41
2026-04-20 01:27:22,AB_3,6.0,10.48,6.06,9.24,12.31,7.36
2026-04-20 01:27:23,AB_3,6.02,10.63,5.97,9.25,12.34,7.31
2026-04-20 01:27:23,AB_3,5.93,10.78,6.04,9.25,12.27,7.33
2026-04-20 01:27:24,AB_3,5.96,10.77,6.35,9.22,12.22,7.44
2026-04-20 01:27:24,AB_3,5.88,10.58,6.07,9.24,12.2,7.38
2026-04-20 01:27:24,AB_3,5.89,10.56,5.97,9.23,12.16,7.41
2026-04-20 01:27:25,AB_3,5.97,10.55,6.06,9.24,12.22,7.37
2026-04-20 01:27:25,AB_3,5.85,10.55,6.11,9.29,12.21,7.36
2026-04-20 01:27:26,AB_3,5.94,10.53,6.06,9.22,12.31,7.37
2026-04-20 01:27:26,AB_3,5.93,10.5,6.27,9.29,12.23,7.36
2026-04-20 01:27:26,AB_3,6.0,10.59,5.99,9.27,12.25,7.31
2026-04-20 01:27:27,AB_3,5.86,10.59,6.12,9.27,12.2,7.34
2026-04-20 01:27:27,AB_3,5.92,10.52,6.32,9.21,12.18,7.32
2026-04-20 01:27:28,AB_3,5.91,10.69,6.23,9.24,12.24,7.32
2026-04-20 01:27:28,AB_3,5.91,10.7,6.26,9.23,12.24,7.34
2026-04-20 01:27:28,AB_3,5.91,10.73,6.09,9.24,12.23,7.32
2026-04-20 01:27:29,AB_3,6.07,10.75,6.04,9.23,12.29,7.26
2026-04-20 01:27:29,AB_3,5.9,10.7,5.95,9.33,12.35,7.34
2026-04-20 01:27:30,AB_3,6.07,10.71,6.02,9.28,12.2,7.33
2026-04-20 01:27:30,AB_3,5.9,10.76,6.03,9.26,12.23,7.5
2026-04-20 01:27:30,AB_3,5.93,10.51,6.09,9.24,12.23,7.41
2026-04-20 01:27:31,AB_3,5.9,10.67,6.16,9.29,12.26,7.36
2026-04-20 01:27:31,AB_3,5.95,10.69,6.03,9.36,12.24,7.3
2026-04-20 01:27:32,AB_3,6.02,10.66,5.98,9.22,12.27,7.31
2026-04-20 01:27:32,AB_3,5.92,10.58,5.98,9.19,12.25,7.34
2026-04-20 01:27:32,AB_3,5.94,10.61,5.97,9.23,12.27,7.4
2026-04-20 01:27:33,AB_3,5.86,10.7,6.03,9.16,12.3,7.42
2026-04-20 01:27:33,AB_3,5.83,10.73,6.04,9.29,12.24,7.38
2026-04-20 01:27:34,AB_3,5.91,10.72,6.16,9.12,12.32,7.31
2026-04-20 01:27:34,AB_3,5.96,10.75,6.2,9.21,12.32,7.41
2026-04-20 01:27:34,AB_3,5.92,10.62,6.24,9.12,12.34,7.47
2026-04-20 01:27:35,AB_3,5.9,10.66,6.02,9.35,12.61,7.42
2026-04-20 01:27:35,AB_3,6.0,10.6,6.22,9.16,12.25,7.31
2026-04-20 01:27:36,AB_3,5.9,10.53,6.03,9.24,12.2,7.33
2026-04-20 01:27:36,AB_3,6.17,10.78,6.22,9.22,12.21,7.43
2026-04-20 01:27:36,AB_3,5.82,10.51,5.96,9.16,12.25,7.53
2026-04-20 01:27:37,AB_3,5.87,10.59,6.33,9.27,12.21,7.44
2026-04-20 01:27:37,AB_3,5.85,10.54,6.03,9.19,12.3,7.49
2026-04-20 01:27:38,AB_3,6.13,10.59,6.08,9.28,12.27,7.42
2026-04-20 01:27:38,AB_3,6.14,10.73,6.05,9.25,12.28,7.48
2026-04-20 01:27:38,AB_3,6.16,10.65,6.03,9.25,12.21,7.43
2026-04-20 01:27:39,AB_3,6.1,10.58,6.01,9.22,12.27,7.45
2026-04-20 01:27:39,AB_3,5.83,10.56,6.11,9.23,12.22,7.42
2026-04-20 01:27:40,AB_3,5.85,10.7,6.12,9.16,12.2,7.23
2026-04-20 01:27:40,AB_3,5.93,10.57,6.02,9.26,12.26,7.29
2026-04-20 01:27:40,AB_3,5.88,10.59,6.09,9.21,12.21,7.27
2026-04-20 01:27:41,AB_3,5.86,10.52,6.08,9.29,12.33,7.32
2026-04-20 01:27:41,AB_3,5.92,10.74,6.09,9.18,12.26,7.5
2026-04-20 01:27:42,AB_3,5.8,10.67,6.01,9.31,12.25,7.36
2026-04-20 01:27:42,AB_3,5.91,10.66,6.03,9.27,12.35,7.37
2026-04-20 01:27:42,AB_3,5.96,10.7,6.04,9.25,12.27,7.5
2026-04-20 01:27:43,AB_3,5.84,10.66,6.06,9.2,12.27,7.41
2026-04-20 01:27:43,AB_3,5.83,10.54,6.06,9.17,12.3,7.54
2026-04-20 01:27:44,AB_3,5.87,10.67,6.02,9.23,12.19,7.39
2026-04-20 01:27:44,AB_3,5.85,10.71,6.05,9.27,12.25,7.41
2026-04-20 01:27:44,AB_3,5.86,10.68,6.02,9.22,12.29,7.33
2026-04-20 01:27:45,AB_3,5.92,10.68,5.99,9.19,12.27,7.34
2026-04-20 01:27:45,AB_3,5.88,10.71,5.99,9.17,12.24,7.33
2026-04-20 01:27:46,AB_3,5.92,10.67,5.98,9.23,12.29,7.33
2026-04-20 01:27:46,AB_3,5.96,10.65,6.02,9.23,12.18,7.32
2026-04-20 01:27:46,AB_3,5.93,10.68,6.09,9.2,12.26,7.36
2026-04-20 01:27:47,AB_3,5.89,10.62,6.03,9.23,12.22,7.26
2026-04-20 01:27:47,AB_3,5.86,10.42,6.24,9.2,12.37,7.3
2026-04-20 01:27:48,AB_3,5.89,10.39,6.1,9.2,12.22,7.49
2026-04-20 01:27:48,AB_3,5.86,10.68,6.09,9.21,12.19,7.38
2026-04-20 01:27:48,AB_3,5.89,10.46,6.01,9.21,12.23,7.33
2026-04-20 01:27:49,AB_3,5.85,10.64,6.03,9.19,12.2,7.39
2026-04-20 01:27:49,AB_3,5.88,10.48,6.06,9.19,12.19,7.44
2026-04-20 01:27:50,AB_3,5.84,10.48,6.05,9.22,12.25,7.48
2026-04-20 01:27:50,AB_3,5.81,10.49,6.01,9.2,12.2,7.39
2026-04-20 01:27:50,AB_3,5.87,10.58,6.08,9.17,12.32,7.28
2026-04-20 01:27:51,AB_3,5.89,10.59,6.13,9.22,12.3,7.25
2026-04-20 01:27:51,AB_3,5.85,10.55,6.13,9.11,12.31,7.17
2026-04-20 01:27:52,AB_3,5.9,10.53,6.06,9.21,12.14,7.26
2026-04-20 01:27:52,AB_3,6.13,10.53,6.15,9.11,12.29,7.29
2026-04-20 01:27:52,AB_3,5.91,10.59,6.13,9.32,12.27,7.3
2026-04-20 01:27:53,AB_3,5.96,10.76,6.21,9.13,12.4,7.29
2026-04-20 01:27:53,AB_3,6.0,10.74,6.06,9.2,12.32,7.22
2026-04-20 01:27:54,AB_3,5.98,10.81,6.04,9.2,12.33,7.46
2026-04-20 01:27:54,AB_3,5.86,10.75,6.07,9.16,12.36,7.36
2026-04-20 01:27:54,AB_3,5.89,10.73,6.05,9.21,12.41,7.31
2026-04-20 01:27:55,AB_3,5.92,10.75,6.03,9.12,12.32,7.3
2026-04-20 01:27:55,AB_3,6.0,10.77,6.08,9.18,12.3,7.45
2026-04-20 01:27:56,AB_3,5.96,10.51,6.12,9.21,12.3,7.38
2026-04-20 01:27:56,AB_3,5.96,10.76,6.03,9.16,12.31,7.34
2026-04-20 01:27:56,AB_3,5.86,10.74,6.07,9.15,12.38,7.31
2026-04-20 01:27:57,AB_3,5.81,10.8,6.11,9.44,12.33,7.41
2026-04-20 01:27:57,AB_3,5.84,10.64,6.13,9.18,12.28,7.21
2026-04-20 01:27:58,AB_3,5.88,10.65,6.09,9.18,12.26,7.32
2026-04-20 01:27:58,AB_3,5.88,10.48,6.02,9.2,12.25,7.3
2026-04-20 01:27:58,AB_3,5.84,10.65,6.03,9.15,12.25,7.47
2026-04-20 01:27:59,AB_3,5.92,10.71,6.1,9.19,12.28,7.41
2026-04-20 01:27:59,AB_3,5.94,10.46,6.05,9.16,12.29,7.32
2026-04-20 01:28:00,AB_3,5.85,10.63,6.39,9.1,12.28,7.52
2026-04-20 01:28:00,AB_3,5.85,10.57,6.02,9.17,12.38,7.38
2026-04-20 01:28:00,AB_3,5.82,10.55,6.1,9.19,12.3,7.48
2026-04-20 01:28:01,AB_3,6.04,10.46,6.15,9.15,12.31,7.41
2026-04-20 01:28:01,AB_3,5.88,10.55,6.1,9.15,12.24,7.33
2026-04-20 01:28:02,AB_3,5.89,10.77,6.07,9.16,12.39,7.37
2026-04-20 01:28:02,AB_3,5.84,10.58,6.06,9.19,12.17,7.34
2026-04-20 01:28:02,AB_3,5.81,10.5,6.04,9.15,12.32,7.37
2026-04-20 01:28:03,AB_3,5.9,10.61,6.34,9.12,12.25,7.33
2026-04-20 01:28:03,AB_3,5.8,10.5,6.44,9.15,12.36,7.46
2026-04-20 01:28:04,AB_3,5.89,10.6,6.04,9.29,12.33,7.44
2026-04-20 01:28:04,AB_3,5.94,10.7,6.11,9.15,12.42,7.38
2026-04-20 01:28:04,AB_3,5.86,10.75,6.0,9.11,12.34,7.37
2026-04-20 01:28:05,AB_3,5.82,10.74,6.12,9.15,12.36,7.53
2026-04-20 01:28:05,AB_3,5.92,10.68,6.07,9.16,12.34,7.4
2026-04-20 01:28:06,AB_3,5.9,10.74,6.13,9.13,12.29,7.36
2026-04-20 01:28:06,AB_3,5.88,10.76,6.06,9.15,12.28,7.34
2026-04-20 01:28:06,AB_3,5.88,10.74,6.19,9.14,12.29,7.53
2026-04-20 01:28:07,AB_3,5.85,10.48,6.02,9.18,12.46,7.35
2026-04-20 01:28:07,AB_3,5.9,10.69,5.98,9.16,12.31,7.37
2026-04-20 01:28:08,AB_3,5.85,10.77,6.12,9.14,12.28,7.33
2026-04-20 01:28:08,AB_3,6.07,10.74,6.1,9.25,12.24,7.51
2026-04-20 01:28:08,AB_3,6.0,10.73,6.06,9.11,12.31,7.41
2026-04-20 01:28:09,AB_3,6.05,10.59,5.97,9.16,12.29,7.33
2026-04-20 01:28:09,AB_3,5.97,10.57,6.05,9.15,12.38,7.25
2026-04-20 01:28:10,AB_3,5.87,10.6,6.02,9.2,11.88,7.35
2026-04-20 01:28:10,AB_3,5.84,10.62,6.16,9.17,12.26,7.34
2026-04-20 01:28:10,AB_3,5.95,10.67,6.02,9.17,12.34,7.38
2026-04-20 01:28:11,AB_3,5.96,10.53,6.06,9.17,12.26,7.4
2026-04-20 01:28:11,AB_3,5.84,10.76,6.05,9.21,12.47,7.53
2026-04-20 01:28:12,AB_3,5.98,10.69,6.15,9.17,12.27,7.38
2026-04-20 01:28:12,AB_3,5.86,10.59,6.08,9.16,12.34,7.41
2026-04-20 01:28:12,AB_3,5.91,10.6,6.06,9.12,12.36,7.48
2026-04-20 01:28:13,AB_3,6.02,10.61,6.01,9.18,12.35,7.52
2026-04-20 01:28:13,AB_3,6.05,10.52,6.14,9.18,12.41,7.51
2026-04-20 01:28:14,AB_3,5.93,10.54,6.06,9.18,12.32,7.33
2026-04-20 01:28:14,AB_3,6.13,10.52,6.09,9.15,12.37,7.45
2026-04-20 01:28:14,AB_3,6.12,10.63,6.14,9.13,12.29,7.46
2026-04-20 01:28:15,AB_3,5.96,10.51,6.2,9.2,12.34,7.59
2026-04-20 01:28:15,AB_3,6.01,10.48,6.1,9.17,12.28,7.42
2026-04-20 01:28:16,AB_3,5.87,10.63,6.29,9.17,12.27,7.48
2026-04-20 01:28:16,AB_3,5.79,10.46,6.08,9.18,12.43,7.72
2026-04-20 01:28:16,AB_3,6.02,10.65,6.05,9.15,12.26,7.43
2026-04-20 01:28:17,AB_3,5.99,10.7,6.04,9.13,12.31,7.4
2026-04-20 01:28:17,AB_3,5.83,10.74,6.05,9.15,12.33,7.44
2026-04-20 01:28:18,AB_3,5.86,10.59,6.05,9.18,12.27,7.39
2026-04-20 01:28:18,AB_3,5.9,10.57,6.15,9.13,12.33,7.37
2026-04-20 01:28:18,AB_3,5.83,10.73,6.09,9.22,12.29,7.34
2026-04-20 01:28:19,AB_3,5.91,10.76,6.06,9.13,12.32,7.37
2026-04-20 01:28:19,AB_3,5.86,10.6,6.04,9.24,12.39,7.37
2026-04-20 01:28:20,AB_3,6.02,10.56,6.17,9.23,12.33,7.35
2026-04-20 01:28:20,AB_3,5.8,10.72,6.05,9.22,12.27,7.33
2026-04-20 01:28:20,AB_3,5.85,10.62,6.07,9.18,12.32,7.39
2026-04-20 01:28:21,AB_3,5.88,10.58,6.06,9.13,12.29,7.36
2026-04-20 01:28:21,AB_3,5.83,10.55,5.99,9.2,12.29,7.46
2026-04-20 01:28:22,AB_3,6.02,10.66,6.19,9.15,12.26,7.34
2026-04-20 01:28:22,AB_3,6.02,10.49,6.02,9.15,12.31,7.43
2026-04-20 01:28:22,AB_3,5.89,10.69,6.12,9.15,12.33,7.48
2026-04-20 01:28:23,AB_3,5.86,10.5,6.08,9.16,12.31,7.47
2026-04-20 01:28:23,AB_3,5.88,10.51,6.04,9.15,12.28,7.45
2026-04-20 01:28:24,AB_3,5.85,10.54,6.15,9.18,12.27,7.49
2026-04-20 01:28:24,AB_3,5.86,10.54,6.21,9.17,12.32,7.56
2026-04-20 01:28:24,AB_3,5.84,10.45,6.04,9.14,12.34,7.49
2026-04-20 01:28:25,AB_3,5.93,10.55,6.2,9.15,12.31,7.37
2026-04-20 01:28:25,AB_3,5.91,10.7,6.06,9.16,12.34,7.46
2026-04-20 01:28:26,AB_3,5.93,10.46,6.04,9.17,12.35,7.54
2026-04-20 01:28:26,AB_3,5.94,10.54,6.1,9.14,12.47,7.46
2026-04-20 01:28:27,AB_3,5.85,10.47,6.09,9.14,12.26,7.43
2026-04-20 01:28:27,AB_3,5.86,10.61,6.06,9.15,12.27,7.42
2026-04-20 01:28:27,AB_3,5.85,10.51,6.12,9.15,12.17,7.47
2026-04-20 01:28:28,AB_3,5.96,10.7,6.03,9.18,12.3,7.48
2026-04-20 01:28:28,AB_3,5.9,10.52,6.01,9.17,12.37,7.35
2026-04-20 01:28:28,AB_3,5.86,10.75,6.1,9.17,12.27,7.5
2026-04-20 01:28:29,AB_3,5.86,10.44,6.05,9.16,12.3,7.4
2026-04-20 01:28:29,AB_3,5.9,10.71,6.03,9.19,12.28,7.37
2026-04-20 01:28:30,AB_3,5.89,10.73,6.02,9.18,12.27,7.38
2026-04-20 01:28:30,AB_3,5.9,10.74,6.08,9.17,12.31,7.56
2026-04-20 01:28:30,AB_3,5.88,10.7,6.0,9.15,12.32,7.51
2026-04-20 01:28:31,AB_3,5.93,10.65,6.11,9.15,12.34,7.41
2026-04-20 01:28:31,AB_3,5.84,10.71,5.99,9.18,12.33,7.39
2026-04-20 01:28:32,AB_3,5.81,10.75,6.07,9.19,12.3,7.56
2026-04-20 01:28:32,AB_3,5.83,10.63,6.25,9.21,12.22,7.44
2026-04-20 01:28:32,AB_3,5.84,10.67,6.09,9.2,12.29,7.36
2026-04-20 01:28:33,AB_3,5.85,10.65,6.08,9.16,12.35,7.51
2026-04-20 01:28:33,AB_3,5.89,10.59,6.06,9.26,12.43,7.58
2026-04-20 01:28:47,AB_4,6.1,12.24,6.12,9.48,12.23,7.1
2026-04-20 01:28:47,AB_4,5.8,11.57,6.12,9.38,12.17,7.14
2026-04-20 01:28:48,AB_4,5.78,11.38,6.2,9.43,12.22,7.11
2026-04-20 01:28:48,AB_4,5.78,11.5,6.21,9.37,12.15,7.15
2026-04-20 01:28:48,AB_4,5.94,11.42,6.59,9.38,12.15,7.17
2026-04-20 01:28:49,AB_4,5.79,11.6,6.2,9.38,12.26,7.18
2026-04-20 01:28:49,AB_4,5.82,11.54,6.09,9.37,12.23,7.28
2026-04-20 01:28:50,AB_4,5.9,11.19,6.23,9.39,12.26,7.27
2026-04-20 01:28:50,AB_4,5.79,11.42,6.16,9.35,12.26,7.27
2026-04-20 01:28:50,AB_4,5.85,12.37,6.11,9.4,12.17,7.28
2026-04-20 01:28:51,AB_4,5.85,11.21,6.27,9.38,12.26,7.36
2026-04-20 01:28:51,AB_4,5.79,11.02,6.15,9.37,12.27,7.31
2026-04-20 01:28:52,AB_4,5.79,10.81,6.16,9.41,12.2,7.32
2026-04-20 01:28:52,AB_4,5.76,11.06,6.15,9.42,12.2,7.31
2026-04-20 01:28:52,AB_4,5.79,10.99,6.17,9.35,12.27,7.4
2026-04-20 01:28:53,AB_4,5.92,10.88,6.11,9.33,12.17,7.36
2026-04-20 01:28:53,AB_4,5.86,10.66,6.3,9.33,12.16,7.33
2026-04-20 01:28:54,AB_4,5.85,10.61,6.2,9.33,12.47,7.4
2026-04-20 01:28:54,AB_4,5.84,10.67,6.22,9.36,12.23,7.36
2026-04-20 01:28:54,AB_4,5.95,10.73,6.17,9.44,12.16,7.35
2026-04-20 01:28:55,AB_4,5.86,10.71,6.14,9.37,12.33,7.41
2026-04-20 01:28:55,AB_4,6.03,10.69,6.25,9.35,12.31,7.44
2026-04-20 01:28:56,AB_4,5.78,10.71,6.51,9.37,12.45,7.41
2026-04-20 01:28:56,AB_4,5.87,10.64,6.13,9.37,12.3,7.42
2026-04-20 01:28:56,AB_4,5.76,10.6,6.31,9.35,12.28,7.39
2026-04-20 01:28:57,AB_4,5.84,10.64,6.11,9.4,12.13,7.41
2026-04-20 01:28:57,AB_4,6.17,10.66,6.16,9.37,12.23,7.47
2026-04-20 01:28:58,AB_4,5.76,10.73,6.13,9.38,12.44,7.42
2026-04-20 01:28:58,AB_4,5.86,10.59,6.15,9.33,12.22,7.41
2026-04-20 01:28:58,AB_4,5.8,10.83,6.16,9.4,12.24,7.42
2026-04-20 01:28:59,AB_4,5.79,10.76,6.16,9.38,12.16,7.41
2026-04-20 01:28:59,AB_4,5.79,10.78,6.21,9.37,12.2,7.39
2026-04-20 01:29:00,AB_4,5.78,10.78,6.1,9.34,12.21,7.37
2026-04-20 01:29:00,AB_4,5.75,10.76,6.28,9.38,12.12,7.36
2026-04-20 01:29:00,AB_4,5.88,10.72,6.11,9.38,12.6,7.39
2026-04-20 01:29:01,AB_4,5.94,10.79,6.18,9.39,12.3,7.38
2026-04-20 01:29:01,AB_4,5.97,10.79,6.15,9.4,12.21,7.36
2026-04-20 01:29:02,AB_4,5.77,10.76,6.14,9.38,12.43,7.39
2026-04-20 01:29:02,AB_4,5.85,10.7,6.39,9.38,12.19,7.39
2026-04-20 01:29:02,AB_4,5.79,10.56,6.25,9.37,12.27,7.32
2026-04-20 01:29:03,AB_4,5.8,10.74,6.39,9.36,12.21,7.32
2026-04-20 01:29:03,AB_4,5.91,10.73,6.29,9.33,12.19,7.39
2026-04-20 01:29:04,AB_4,5.79,10.69,6.17,9.39,12.24,7.4
2026-04-20 01:29:04,AB_4,5.74,10.7,6.18,9.36,12.16,7.35
2026-04-20 01:29:04,AB_4,5.81,10.74,6.1,9.35,12.24,7.36
2026-04-20 01:29:05,AB_4,5.82,10.74,6.07,9.34,12.22,7.41
2026-04-20 01:29:05,AB_4,5.84,10.7,6.17,9.44,12.11,7.29
2026-04-20 01:29:06,AB_4,5.72,10.71,6.12,9.35,12.18,7.35
2026-04-20 01:29:06,AB_4,5.76,10.68,6.36,9.32,12.16,7.36
2026-04-20 01:29:06,AB_4,5.9,10.7,6.13,9.37,12.18,7.4
2026-04-20 01:29:07,AB_4,5.78,10.68,6.15,9.43,12.23,7.36
2026-04-20 01:29:07,AB_4,5.88,10.72,6.14,9.35,12.23,7.49
2026-04-20 01:29:07,AB_4,5.77,10.69,6.19,9.46,12.21,7.35
2026-04-20 01:29:08,AB_4,5.79,10.74,6.15,9.39,12.23,7.36
2026-04-20 01:29:08,AB_4,5.91,10.42,6.12,9.37,12.27,7.52
2026-04-20 01:29:09,AB_4,5.79,10.58,6.12,9.41,12.24,7.51
2026-04-20 01:29:09,AB_4,5.92,10.66,6.18,9.37,12.28,7.41
2026-04-20 01:29:09,AB_4,5.91,10.55,6.19,9.38,12.19,7.43
2026-04-20 01:29:10,AB_4,5.81,10.66,6.14,9.39,12.23,7.37
2026-04-20 01:29:10,AB_4,5.78,10.67,6.26,9.33,12.2,7.37
2026-04-20 01:29:11,AB_4,5.79,10.64,6.4,9.35,12.19,7.37
2026-04-20 01:29:11,AB_4,5.76,10.68,6.21,9.35,12.19,7.33
2026-04-20 01:29:11,AB_4,5.75,10.67,6.14,9.37,12.31,7.39
2026-04-20 01:29:12,AB_4,5.8,10.68,6.21,9.37,12.38,7.38
2026-04-20 01:29:12,AB_4,5.89,10.68,6.13,9.36,12.25,7.34
2026-04-20 01:29:13,AB_4,5.83,10.68,6.12,9.33,12.19,7.41
2026-04-20 01:29:13,AB_4,5.79,10.5,6.34,9.38,12.2,7.38
2026-04-20 01:29:13,AB_4,5.79,10.71,6.14,9.34,12.3,7.35
2026-04-20 01:29:14,AB_4,5.96,10.66,6.09,9.37,12.22,7.37
2026-04-20 01:29:14,AB_4,5.78,10.72,6.12,9.31,12.15,7.41
2026-04-20 01:29:15,AB_4,5.73,10.65,6.17,9.47,12.16,7.33
2026-04-20 01:29:15,AB_4,5.75,10.51,6.1,9.3,12.15,7.35
2026-04-20 01:29:15,AB_4,5.75,10.48,6.17,9.35,12.15,7.37
2026-04-20 01:29:16,AB_4,5.73,10.71,6.16,9.41,12.21,7.4
2026-04-20 01:29:16,AB_4,5.83,10.66,6.09,9.37,12.46,7.38
2026-04-20 01:29:17,AB_4,5.84,10.67,6.16,9.33,12.16,7.35
2026-04-20 01:29:17,AB_4,6.1,10.69,6.13,9.34,12.16,7.37
2026-04-20 01:29:17,AB_4,5.94,10.64,6.1,9.35,12.48,7.41
2026-04-20 01:29:18,AB_4,5.71,10.69,6.39,9.43,12.22,7.38
2026-04-20 01:29:18,AB_4,5.98,10.63,6.61,9.34,12.42,7.35
2026-04-20 01:29:19,AB_4,5.73,10.63,6.2,9.33,12.44,7.33
2026-04-20 01:29:19,AB_4,5.88,10.5,6.13,9.35,12.04,7.35
2026-04-20 01:29:19,AB_4,5.78,10.5,6.19,9.39,12.19,7.32
2026-04-20 01:29:20,AB_4,5.74,10.44,6.22,9.37,12.25,7.35
2026-04-20 01:29:20,AB_4,5.76,10.61,6.18,9.38,12.16,7.29
2026-04-20 01:29:21,AB_4,5.79,10.52,6.25,9.34,12.19,7.47
2026-04-20 01:29:21,AB_4,5.8,10.63,6.11,9.41,12.2,7.51
2026-04-20 01:29:21,AB_4,5.76,10.72,6.11,9.41,12.2,7.5
2026-04-20 01:29:22,AB_4,5.72,10.39,6.12,9.39,12.17,7.5
2026-04-20 01:29:22,AB_4,5.75,10.46,6.22,9.43,12.27,7.61
2026-04-20 01:29:23,AB_4,6.07,10.4,6.08,9.36,12.23,7.48
2026-04-20 01:29:23,AB_4,5.94,10.3,6.11,9.36,12.21,7.46
2026-04-20 01:29:23,AB_4,5.79,10.64,6.15,9.38,12.19,7.48
2026-04-20 01:29:24,AB_4,5.83,10.51,6.14,9.38,12.29,7.47
2026-04-20 01:29:24,AB_4,5.77,10.49,6.14,9.3,12.14,7.58
2026-04-20 01:29:25,AB_4,5.96,10.53,6.19,9.35,12.19,7.4
2026-04-20 01:29:25,AB_4,5.77,10.45,6.15,9.38,12.2,7.4
2026-04-20 01:29:25,AB_4,5.73,10.66,6.16,9.37,12.19,7.59
2026-04-20 01:29:26,AB_4,5.75,10.62,6.33,9.38,12.23,7.47
2026-04-20 01:29:26,AB_4,5.89,10.66,6.14,9.37,12.21,7.43
2026-04-20 01:29:27,AB_4,5.85,10.67,6.28,9.36,12.24,7.39
2026-04-20 01:29:27,AB_4,5.96,10.67,6.19,9.31,12.17,7.46
2026-04-20 01:29:27,AB_4,5.87,10.61,6.25,9.58,12.17,7.43
2026-04-20 01:29:28,AB_4,5.69,10.5,6.23,9.34,12.22,7.42
2026-04-20 01:29:28,AB_4,5.79,10.63,6.1,9.37,12.19,7.4
2026-04-20 01:29:29,AB_4,5.79,10.65,6.15,9.34,12.16,7.45
2026-04-20 01:29:29,AB_4,5.75,10.63,6.11,9.38,12.41,7.43
2026-04-20 01:29:29,AB_4,5.91,10.48,6.12,9.36,12.23,7.39
2026-04-20 01:29:30,AB_4,5.8,10.64,6.08,9.33,12.15,7.38
2026-04-20 01:29:30,AB_4,5.78,10.67,6.08,9.39,12.16,7.6
2026-04-20 01:29:31,AB_4,5.73,10.47,6.17,9.37,12.17,7.47
2026-04-20 01:29:31,AB_4,5.74,10.59,6.14,9.36,12.22,7.38
2026-04-20 01:29:31,AB_4,5.74,10.67,6.24,9.4,12.17,7.45
2026-04-20 01:29:32,AB_4,5.75,10.42,6.14,9.44,12.26,7.47
2026-04-20 01:29:32,AB_4,5.92,10.61,6.19,9.37,12.19,7.53
2026-04-20 01:29:33,AB_4,5.75,10.57,6.18,9.4,12.19,7.42
2026-04-20 01:29:33,AB_4,5.76,10.35,6.09,9.39,12.14,7.46
2026-04-20 01:29:33,AB_4,5.78,10.7,6.24,9.38,12.16,7.61
2026-04-20 01:29:34,AB_4,5.77,10.61,6.17,9.35,12.16,7.51
2026-04-20 01:29:34,AB_4,5.75,10.63,6.15,9.35,12.19,7.48
2026-04-20 01:29:35,AB_4,5.91,10.63,6.17,9.37,12.22,7.44
2026-04-20 01:29:35,AB_4,5.85,10.6,6.08,9.35,12.15,7.56
2026-04-20 01:29:35,AB_4,5.84,10.63,6.13,9.4,12.28,7.65
2026-04-20 01:29:36,AB_4,5.78,10.63,6.15,9.36,12.2,7.53
2026-04-20 01:29:36,AB_4,5.85,10.63,6.12,9.36,12.26,7.48
2026-04-20 01:29:37,AB_4,5.78,10.66,6.17,9.4,12.26,7.63
2026-04-20 01:29:37,AB_4,5.83,10.6,6.19,9.34,12.17,7.41
2026-04-20 01:29:37,AB_4,5.75,10.62,6.19,9.41,12.2,7.47
2026-04-20 01:29:38,AB_4,5.77,10.51,6.16,9.36,12.15,7.45
2026-04-20 01:29:38,AB_4,5.73,10.5,6.17,9.4,12.2,7.51
2026-04-20 01:29:39,AB_4,5.74,10.55,6.21,9.43,12.16,7.58
2026-04-20 01:29:39,AB_4,5.8,10.4,6.35,9.45,12.2,7.6
2026-04-20 01:29:39,AB_4,5.86,10.36,6.09,9.34,12.23,7.51
2026-04-20 01:29:40,AB_4,5.76,10.5,6.13,9.34,12.35,7.48
2026-04-20 01:29:40,AB_4,5.99,10.47,6.19,9.36,12.18,7.59
2026-04-20 01:29:41,AB_4,5.81,10.49,6.26,9.4,12.18,7.44
2026-04-20 01:29:41,AB_4,5.82,10.43,6.12,9.38,12.21,7.41
2026-04-20 01:29:41,AB_4,5.93,10.35,6.05,9.41,12.18,7.55
2026-04-20 01:29:42,AB_4,5.88,10.35,6.11,9.41,12.25,7.57
2026-04-20 01:29:42,AB_4,5.82,10.57,6.16,9.31,12.23,7.49
2026-04-20 01:29:43,AB_4,5.91,10.38,6.1,9.39,12.35,7.45
2026-04-20 01:29:43,AB_4,5.92,10.54,6.16,9.38,12.37,7.43
2026-04-20 01:29:43,AB_4,5.78,10.42,6.1,9.41,12.15,7.61
2026-04-20 01:29:44,AB_4,5.75,10.5,6.12,9.43,12.16,7.44
2026-04-20 01:29:44,AB_4,6.14,10.4,6.16,9.36,12.2,7.42
2026-04-20 01:29:45,AB_4,5.8,10.41,6.11,9.36,12.21,7.45
2026-04-20 01:29:45,AB_4,6.04,10.35,6.15,9.37,12.11,7.54
2026-04-20 01:29:45,AB_4,5.75,10.44,6.11,9.35,12.16,7.48
2026-04-20 01:29:46,AB_4,5.79,10.4,6.15,9.35,12.17,7.61
2026-04-20 01:29:46,AB_4,5.79,10.45,6.11,9.35,12.18,7.64
2026-04-20 01:29:47,AB_4,5.87,10.42,6.33,9.35,12.22,7.66
2026-04-20 01:29:47,AB_4,5.77,10.42,6.18,9.38,12.09,7.55
2026-04-20 01:29:47,AB_4,5.78,10.44,6.14,9.36,12.31,7.38
2026-04-20 01:29:48,AB_4,5.8,10.59,6.14,9.39,12.2,7.57
2026-04-20 01:29:48,AB_4,5.76,10.41,6.17,9.38,12.19,7.62
2026-04-20 01:29:49,AB_4,5.76,10.54,6.13,9.4,12.17,7.52
2026-04-20 01:29:49,AB_4,5.95,10.59,6.18,9.34,12.19,7.47
2026-04-20 01:29:49,AB_4,5.76,10.43,6.09,9.36,12.17,7.65
2026-04-20 01:29:50,AB_4,6.09,10.53,6.12,9.37,12.21,7.52
2026-04-20 01:29:50,AB_4,5.85,10.62,6.16,9.35,12.24,7.41
2026-04-20 01:29:51,AB_4,5.69,10.57,6.22,9.38,12.14,7.47
2026-04-20 01:29:51,AB_4,5.71,10.61,6.35,9.36,12.16,7.61
2026-04-20 01:29:51,AB_4,6.09,10.53,6.14,9.39,12.18,7.49
2026-04-20 01:29:52,AB_4,5.76,10.57,6.13,9.35,12.15,7.47
2026-04-20 01:29:52,AB_4,5.67,10.49,6.2,9.38,12.18,7.45
2026-04-20 01:29:53,AB_4,5.75,10.63,6.2,9.43,12.18,7.56
2026-04-20 01:29:53,AB_4,5.74,10.58,6.18,9.38,12.2,7.52
2026-04-20 01:29:53,AB_4,5.81,10.76,6.21,9.35,12.15,7.52
2026-04-20 01:29:54,AB_4,5.88,10.33,6.2,9.36,12.2,7.53
2026-04-20 01:29:54,AB_4,5.78,10.59,6.14,9.33,12.42,7.49
2026-04-20 01:29:55,AB_4,5.81,10.5,6.17,9.47,12.28,7.4
2026-04-20 01:29:55,AB_4,5.84,10.59,6.09,9.41,12.19,7.43
2026-04-20 01:29:55,AB_4,5.81,10.58,6.19,9.31,12.24,7.47
2026-04-20 01:29:56,AB_4,5.77,10.6,6.15,9.38,12.18,7.43
2026-04-20 01:29:56,AB_4,5.74,10.62,6.11,9.4,12.23,7.39
2026-04-20 01:29:57,AB_4,5.77,10.64,6.11,9.39,12.23,7.41
2026-04-20 01:29:57,AB_4,5.83,10.6,6.13,9.34,12.17,7.42
2026-04-20 01:29:57,AB_4,5.76,10.58,6.09,9.36,12.19,7.43
2026-04-20 01:29:58,AB_4,5.97,10.57,6.07,9.36,12.17,7.41
2026-04-20 01:29:58,AB_4,5.83,10.61,6.13,9.36,12.2,7.4
2026-04-20 01:29:59,AB_4,5.81,10.62,6.23,9.33,12.13,7.46
2026-04-20 01:29:59,AB_4,5.8,10.61,6.1,9.38,12.23,7.42
2026-04-20 01:29:59,AB_4,5.79,10.61,6.1,9.38,12.19,7.45
2026-04-20 01:30:00,AB_4,6.1,10.42,6.11,9.35,12.21,7.52
2026-04-20 01:30:00,AB_4,5.82,10.57,6.19,9.35,12.19,7.52
2026-04-20 01:30:01,AB_4,5.72,10.49,6.15,9.39,12.21,7.48
2026-04-20 01:30:01,AB_4,5.72,10.62,6.16,9.36,12.19,7.43
2026-04-20 01:30:01,AB_4,5.76,10.59,6.09,9.38,12.14,7.42
2026-04-20 01:30:02,AB_4,5.79,10.59,6.21,9.45,12.24,7.49
2026-04-20 01:30:02,AB_4,5.75,10.38,6.1,9.37,12.48,7.35
2026-04-20 01:30:02,AB_4,5.95,10.6,6.17,9.39,12.27,7.4
2026-04-20 01:30:03,AB_4,5.83,10.56,6.15,9.36,12.19,7.4
2026-04-20 01:30:03,AB_4,5.83,10.63,6.15,9.37,12.18,7.39
2026-04-20 01:30:04,AB_4,5.88,10.61,6.14,9.4,12.39,7.58
2026-04-20 01:30:04,AB_4,5.75,10.38,6.25,9.33,12.2,7.47
2026-04-20 01:30:04,AB_4,5.84,10.6,6.25,9.39,12.24,7.45
2026-04-20 01:30:05,AB_4,5.71,10.35,6.18,9.38,12.22,7.41
2026-04-20 01:30:05,AB_4,5.77,10.6,6.34,9.42,12.27,7.48
2026-04-20 01:30:06,AB_4,5.71,10.31,6.15,9.38,12.16,7.52
2026-04-20 01:30:06,AB_4,5.77,10.62,6.11,9.39,12.2,7.49
2026-04-20 01:30:20,AD_1,6.22,10.99,6.7,9.42,11.24,7.16
2026-04-20 01:30:20,AD_1,6.01,10.62,6.69,9.38,10.99,7.1
2026-04-20 01:30:21,AD_1,6.04,10.74,6.59,9.49,10.96,7.11
2026-04-20 01:30:21,AD_1,6.01,10.75,6.68,9.41,10.96,7.22
2026-04-20 01:30:21,AD_1,6.09,10.59,6.59,9.41,10.97,7.24
2026-04-20 01:30:22,AD_1,6.07,10.62,6.7,9.36,10.94,7.27
2026-04-20 01:30:22,AD_1,6.08,10.55,6.71,9.42,10.95,7.27
2026-04-20 01:30:23,AD_1,6.05,10.49,6.63,9.34,10.91,7.42
2026-04-20 01:30:23,AD_1,6.15,10.16,6.8,9.41,10.92,7.39
2026-04-20 01:30:23,AD_1,6.05,10.3,6.58,9.44,11.11,7.39
2026-04-20 01:30:24,AD_1,6.07,10.25,6.72,9.38,10.94,7.38
2026-04-20 01:30:24,AD_1,6.08,10.19,6.7,9.42,11.08,7.45
2026-04-20 01:30:25,AD_1,6.06,10.1,6.73,9.4,10.95,7.57
2026-04-20 01:30:25,AD_1,6.05,9.85,6.28,9.39,10.95,7.4
2026-04-20 01:30:25,AD_1,6.03,10.02,6.33,9.36,11.04,7.42
2026-04-20 01:30:26,AD_1,6.04,9.8,6.28,9.37,11.08,7.61
2026-04-20 01:30:26,AD_1,6.06,9.79,6.1,9.37,10.95,7.53
2026-04-20 01:30:26,AD_1,6.1,9.9,6.3,9.35,10.98,7.4
2026-04-20 01:30:27,AD_1,6.22,9.79,6.39,9.37,10.99,7.4
2026-04-20 01:30:27,AD_1,6.06,9.75,6.38,9.33,10.95,7.47
2026-04-20 01:30:28,AD_1,6.14,9.72,6.28,9.3,11.11,7.51
2026-04-20 01:30:28,AD_1,6.06,9.74,6.59,9.38,11.01,7.45
2026-04-20 01:30:28,AD_1,6.1,9.92,6.57,9.37,11.01,7.44
2026-04-20 01:30:29,AD_1,6.14,9.89,6.42,9.35,10.96,7.59
2026-04-20 01:30:29,AD_1,5.99,9.85,6.36,9.4,10.94,7.51
2026-04-20 01:30:30,AD_1,6.03,9.84,6.51,9.35,10.94,7.44
2026-04-20 01:30:30,AD_1,6.11,9.71,6.51,9.3,10.98,7.48
2026-04-20 01:30:30,AD_1,6.24,9.85,6.47,9.32,10.98,7.64
2026-04-20 01:30:31,AD_1,6.28,9.79,6.23,9.37,10.96,7.53
2026-04-20 01:30:31,AD_1,6.05,9.83,6.37,9.37,10.99,7.48
2026-04-20 01:30:32,AD_1,6.04,9.86,6.5,9.37,11.0,7.39
2026-04-20 01:30:32,AD_1,6.0,9.87,6.47,9.38,10.99,7.51
2026-04-20 01:30:32,AD_1,5.98,9.76,6.33,9.39,10.97,7.49
2026-04-20 01:30:33,AD_1,6.07,9.83,6.38,9.27,10.94,7.41
2026-04-20 01:30:33,AD_1,6.08,9.87,6.51,9.32,10.99,7.54
2026-04-20 01:30:34,AD_1,6.14,9.75,6.18,9.37,10.93,7.43
2026-04-20 01:30:34,AD_1,6.27,9.59,6.36,9.45,11.01,7.43
2026-04-20 01:30:34,AD_1,6.01,9.65,6.49,9.34,10.95,7.47
2026-04-20 01:30:35,AD_1,6.19,9.77,6.39,9.35,10.98,7.46
2026-04-20 01:30:35,AD_1,6.11,9.8,6.47,9.35,10.95,7.58
2026-04-20 01:30:36,AD_1,6.04,9.65,6.16,9.35,11.1,7.54
2026-04-20 01:30:36,AD_1,6.04,9.74,6.38,9.33,11.05,7.49
2026-04-20 01:30:36,AD_1,6.06,9.77,6.29,9.35,11.03,7.5
2026-04-20 01:30:37,AD_1,6.01,9.77,6.21,9.34,11.14,7.68
2026-04-20 01:30:37,AD_1,6.02,9.7,6.15,9.35,11.0,7.55
2026-04-20 01:30:38,AD_1,6.07,9.76,6.34,9.43,11.05,7.49
2026-04-20 01:30:38,AD_1,6.04,9.72,6.35,9.34,10.94,7.48
2026-04-20 01:30:38,AD_1,6.28,9.76,6.38,9.34,10.99,7.68
2026-04-20 01:30:39,AD_1,6.31,9.68,6.14,9.36,11.01,7.56
2026-04-20 01:30:39,AD_1,6.07,9.75,6.22,9.44,10.94,7.54
2026-04-20 01:30:40,AD_1,6.03,9.51,6.37,9.37,11.02,7.44
2026-04-20 01:30:40,AD_1,6.07,9.57,6.09,9.29,10.95,7.51
2026-04-20 01:30:40,AD_1,6.07,9.59,6.17,9.37,10.94,7.69
2026-04-20 01:30:41,AD_1,6.23,9.62,6.2,9.31,10.95,7.64
2026-04-20 01:30:41,AD_1,6.09,9.56,6.0,9.36,11.04,7.61
2026-04-20 01:30:42,AD_1,6.1,9.63,5.94,9.39,10.94,7.58
2026-04-20 01:30:42,AD_1,5.99,9.55,5.98,9.4,11.03,7.47
2026-04-20 01:30:42,AD_1,6.01,9.69,6.3,9.34,10.91,7.49
2026-04-20 01:30:43,AD_1,6.03,9.5,6.04,9.43,10.99,7.5
2026-04-20 01:30:43,AD_1,5.98,9.56,6.07,9.38,10.95,7.53
2026-04-20 01:30:44,AD_1,6.06,9.54,6.12,9.37,10.95,7.46
2026-04-20 01:30:44,AD_1,6.2,9.57,6.12,9.38,11.0,7.44
2026-04-20 01:30:44,AD_1,6.24,9.46,6.3,9.33,10.99,7.44
2026-04-20 01:30:45,AD_1,6.23,9.42,6.2,9.32,10.95,7.54
2026-04-20 01:30:45,AD_1,6.04,9.49,6.24,9.35,10.94,7.63
2026-04-20 01:30:46,AD_1,6.15,9.58,6.19,9.33,11.24,7.47
2026-04-20 01:30:46,AD_1,6.05,9.68,6.3,9.35,11.0,7.52
2026-04-20 01:30:46,AD_1,6.04,9.75,6.2,9.34,10.94,7.67
2026-04-20 01:30:47,AD_1,6.01,9.7,6.05,9.34,10.93,7.6
2026-04-20 01:30:47,AD_1,6.01,9.73,6.17,9.38,11.01,7.54
2026-04-20 01:30:48,AD_1,5.99,9.73,6.23,9.31,10.9,7.51
2026-04-20 01:30:48,AD_1,5.97,9.78,6.11,9.33,10.99,7.71
2026-04-20 01:30:48,AD_1,6.26,9.58,5.99,9.39,10.95,7.6
2026-04-20 01:30:49,AD_1,6.13,9.71,6.09,9.35,10.98,7.54
2026-04-20 01:30:49,AD_1,6.05,9.72,6.15,9.32,10.96,7.47
2026-04-20 01:30:50,AD_1,6.07,9.74,6.19,9.34,10.9,7.72
2026-04-20 01:30:50,AD_1,6.02,9.69,5.93,9.39,10.92,7.61
2026-04-20 01:30:50,AD_1,6.1,9.68,6.16,9.36,10.92,7.57
2026-04-20 01:30:51,AD_1,6.02,9.62,6.14,9.32,11.08,7.48
2026-04-20 01:30:51,AD_1,6.12,9.58,5.86,9.31,10.96,7.56
2026-04-20 01:30:52,AD_1,6.03,9.56,6.12,9.41,10.98,7.67
2026-04-20 01:30:52,AD_1,6.16,9.66,6.17,9.33,10.98,7.69
2026-04-20 01:30:52,AD_1,6.07,9.41,5.94,9.45,11.12,7.59
2026-04-20 01:30:53,AD_1,6.02,9.68,5.68,9.47,10.94,7.73
2026-04-20 01:30:53,AD_1,6.12,9.61,5.88,9.35,10.95,7.71
2026-04-20 01:30:54,AD_1,6.0,9.57,5.86,9.48,10.96,7.63
2026-04-20 01:30:54,AD_1,6.07,9.68,6.0,9.3,10.91,7.77
2026-04-20 01:30:54,AD_1,5.98,9.51,6.16,9.34,11.03,7.55
2026-04-20 01:30:55,AD_1,6.03,9.55,5.96,9.34,10.89,7.48
2026-04-20 01:30:55,AD_1,6.03,9.58,6.0,9.38,10.97,7.48
2026-04-20 01:30:56,AD_1,6.09,9.58,5.99,9.35,10.95,7.53
2026-04-20 01:30:56,AD_1,6.02,9.52,6.02,9.36,10.94,7.52
2026-04-20 01:30:56,AD_1,6.04,9.51,5.91,9.36,10.97,7.49
2026-04-20 01:30:57,AD_1,6.03,9.5,6.18,9.33,11.0,7.51
2026-04-20 01:30:57,AD_1,6.06,9.7,6.06,9.36,11.0,7.57
2026-04-20 01:30:58,AD_1,6.05,9.68,6.05,9.34,10.99,7.68
2026-04-20 01:30:58,AD_1,6.11,9.68,5.97,9.37,10.95,7.58
2026-04-20 01:30:58,AD_1,6.06,9.69,6.1,9.35,11.13,7.49
2026-04-20 01:30:59,AD_1,6.11,9.74,6.11,9.39,10.97,7.62
2026-04-20 01:30:59,AD_1,6.09,9.71,6.07,9.36,10.97,7.56
2026-04-20 01:31:00,AD_1,6.02,9.68,6.16,9.4,10.96,7.49
2026-04-20 01:31:00,AD_1,6.01,9.7,6.1,9.36,11.07,7.51
2026-04-20 01:31:00,AD_1,6.16,9.58,6.2,9.39,10.97,7.58
2026-04-20 01:31:01,AD_1,5.98,9.7,6.12,9.3,10.97,7.52
2026-04-20 01:31:01,AD_1,6.01,9.71,6.19,9.34,11.04,7.5
2026-04-20 01:31:02,AD_1,6.02,9.68,6.09,9.34,10.94,7.45
2026-04-20 01:31:02,AD_1,5.98,9.72,6.17,9.31,10.93,7.41
2026-04-20 01:31:02,AD_1,6.06,9.69,5.98,9.35,10.94,7.59
2026-04-20 01:31:03,AD_1,6.04,9.65,5.97,9.34,10.95,7.65
2026-04-20 01:31:03,AD_1,6.02,9.5,5.83,9.41,10.97,7.6
2026-04-20 01:31:04,AD_1,6.02,9.69,5.81,9.34,11.0,7.57
2026-04-20 01:31:04,AD_1,6.04,9.64,6.12,9.34,10.95,7.81
2026-04-20 01:31:04,AD_1,6.03,9.63,5.85,9.34,10.9,7.76
2026-04-20 01:31:05,AD_1,6.02,9.51,6.14,9.62,10.92,7.69
2026-04-20 01:31:05,AD_1,6.18,9.47,6.11,9.37,10.97,7.7
2026-04-20 01:31:06,AD_1,5.99,9.53,5.97,9.32,11.05,7.73
2026-04-20 01:31:06,AD_1,6.0,9.53,5.88,9.39,10.95,7.75
2026-04-20 01:31:06,AD_1,6.07,9.46,5.88,9.33,10.95,7.71
2026-04-20 01:31:07,AD_1,6.07,9.57,6.21,9.33,10.98,7.47
2026-04-20 01:31:07,AD_1,5.97,9.5,6.03,9.37,10.9,7.68
2026-04-20 01:31:08,AD_1,6.02,9.55,5.81,9.38,10.92,7.62
2026-04-20 01:31:08,AD_1,5.94,9.52,5.95,9.39,10.9,7.51
2026-04-20 01:31:08,AD_1,6.08,9.51,5.91,9.41,11.0,7.51
2026-04-20 01:31:09,AD_1,6.04,9.65,5.88,9.4,11.02,7.54
2026-04-20 01:31:09,AD_1,5.96,9.52,6.03,9.37,11.02,7.47
2026-04-20 01:31:10,AD_1,6.03,9.69,6.15,9.34,11.03,7.53
2026-04-20 01:31:10,AD_1,6.04,9.72,6.14,9.4,11.0,7.58
2026-04-20 01:31:10,AD_1,6.01,9.67,6.08,9.33,10.9,7.54
2026-04-20 01:31:11,AD_1,6.06,9.66,6.12,9.37,10.96,7.51
2026-04-20 01:31:11,AD_1,6.02,9.7,5.94,9.42,10.94,7.45
2026-04-20 01:31:12,AD_1,6.05,9.69,6.15,9.36,10.96,7.58
2026-04-20 01:31:12,AD_1,6.12,9.63,5.98,9.38,10.91,7.47
2026-04-20 01:31:12,AD_1,5.98,9.65,6.12,9.38,10.95,7.49
2026-04-20 01:31:13,AD_1,6.06,9.7,6.17,9.37,10.94,7.5
2026-04-20 01:31:13,AD_1,5.97,9.71,6.19,9.39,11.0,7.59
2026-04-20 01:31:14,AD_1,6.01,9.58,6.07,9.36,10.93,7.54
2026-04-20 01:31:14,AD_1,6.04,9.51,6.02,9.36,10.89,7.53
2026-04-20 01:31:14,AD_1,6.13,9.59,6.17,9.37,11.02,7.45
2026-04-20 01:31:15,AD_1,6.07,9.53,6.1,9.35,10.95,7.69
2026-04-20 01:31:15,AD_1,6.04,9.62,5.8,9.38,10.87,7.74
2026-04-20 01:31:16,AD_1,6.04,9.54,6.09,9.33,10.97,7.77
2026-04-20 01:31:16,AD_1,6.06,9.65,6.13,9.36,11.01,7.68
2026-04-20 01:31:16,AD_1,6.13,9.72,6.08,9.34,10.93,7.57
2026-04-20 01:31:17,AD_1,5.98,9.67,5.84,9.36,10.93,7.52
2026-04-20 01:31:17,AD_1,5.95,9.63,6.06,9.38,10.91,7.46
2026-04-20 01:31:18,AD_1,6.07,9.61,6.06,9.35,10.97,7.52
2026-04-20 01:31:18,AD_1,6.11,9.53,5.91,9.34,11.02,7.49
2026-04-20 01:31:18,AD_1,6.07,9.65,6.03,9.41,10.97,7.56
2026-04-20 01:31:19,AD_1,6.15,9.51,5.85,9.35,10.93,7.53
2026-04-20 01:31:19,AD_1,6.06,9.65,6.01,9.32,11.03,7.46
2026-04-20 01:31:20,AD_1,6.02,9.78,6.27,9.41,10.97,7.61
2026-04-20 01:31:20,AD_1,5.97,9.63,5.9,9.34,10.95,7.54
2026-04-20 01:31:20,AD_1,6.02,9.54,6.06,9.36,10.99,7.46
2026-04-20 01:31:21,AD_1,5.94,9.68,6.08,9.34,10.97,7.51
2026-04-20 01:31:21,AD_1,6.0,9.7,6.18,9.37,10.97,7.64
2026-04-20 01:31:22,AD_1,6.07,9.67,6.16,9.35,10.96,7.54
2026-04-20 01:31:22,AD_1,6.11,9.69,5.81,9.31,10.95,7.52
2026-04-20 01:31:22,AD_1,6.01,9.52,6.15,9.35,10.96,7.5
2026-04-20 01:31:23,AD_1,6.05,9.71,6.16,9.33,10.96,7.66
2026-04-20 01:31:23,AD_1,6.07,9.65,5.87,9.33,10.91,7.52
2026-04-20 01:31:24,AD_1,6.01,9.62,5.99,9.36,10.9,7.56
2026-04-20 01:31:24,AD_1,6.06,9.63,5.93,9.34,10.94,7.52
2026-04-20 01:31:24,AD_1,6.2,9.53,5.85,9.39,10.97,7.58
2026-04-20 01:31:25,AD_1,6.15,9.58,6.09,9.38,11.02,7.42
2026-04-20 01:31:25,AD_1,5.99,9.61,5.97,9.31,10.95,7.53
2026-04-20 01:31:26,AD_1,5.97,9.5,6.01,9.38,10.92,7.48
2026-04-20 01:31:26,AD_1,6.04,9.47,6.16,9.41,11.02,7.56
2026-04-20 01:31:26,AD_1,6.22,9.44,5.85,9.45,11.04,7.52
2026-04-20 01:31:27,AD_1,6.09,9.63,6.12,9.37,10.96,7.43
2026-04-20 01:31:27,AD_1,6.11,9.52,6.07,9.4,11.0,7.4
2026-04-20 01:31:28,AD_1,6.03,9.67,6.34,9.31,10.98,7.63
2026-04-20 01:31:28,AD_1,6.12,9.47,5.59,9.32,11.01,7.59
2026-04-20 01:31:28,AD_1,5.99,9.51,5.79,9.38,11.0,7.5
2026-04-20 01:31:29,AD_1,5.97,9.45,6.14,9.39,10.97,7.56
2026-04-20 01:31:29,AD_1,6.02,9.64,5.86,9.32,11.01,7.53
2026-04-20 01:31:30,AD_1,6.05,9.65,6.06,9.34,10.96,7.57
2026-04-20 01:31:30,AD_1,5.98,9.67,6.14,9.31,10.95,7.54
2026-04-20 01:31:30,AD_1,6.13,9.68,6.15,9.37,10.9,7.53
2026-04-20 01:31:31,AD_1,6.14,9.55,5.9,9.33,10.92,7.67
2026-04-20 01:31:31,AD_1,6.11,9.56,5.96,9.33,10.93,7.61
2026-04-20 01:31:32,AD_1,6.04,9.63,6.03,9.37,10.91,7.56
2026-04-20 01:31:32,AD_1,6.01,9.68,6.02,9.46,10.89,7.54
2026-04-20 01:31:32,AD_1,6.06,9.68,5.84,9.37,10.91,7.74
2026-04-20 01:31:33,AD_1,6.06,9.45,5.94,9.35,10.95,7.61
2026-04-20 01:31:33,AD_1,5.99,9.47,6.05,9.33,10.84,7.51
2026-04-20 01:31:34,AD_1,5.99,9.55,6.0,9.31,10.95,7.48
2026-04-20 01:31:34,AD_1,6.24,9.6,5.91,9.34,10.9,7.66
2026-04-20 01:31:34,AD_1,6.04,9.47,5.9,9.4,10.96,7.52
2026-04-20 01:31:35,AD_1,5.97,9.52,5.97,9.36,10.91,7.49
2026-04-20 01:31:35,AD_1,5.92,9.51,6.13,9.38,10.95,7.49
2026-04-20 01:31:35,AD_1,5.97,9.45,6.12,9.4,10.91,7.64
2026-04-20 01:31:36,AD_1,6.09,9.52,5.97,9.3,10.89,7.49
2026-04-20 01:31:36,AD_1,6.09,9.43,6.12,9.37,10.94,7.67
2026-04-20 01:31:37,AD_1,6.01,9.47,6.08,9.37,11.03,7.61
2026-04-20 01:31:37,AD_1,6.02,9.49,5.89,9.43,10.91,7.87
2026-04-20 01:31:38,AD_1,6.03,9.51,6.12,9.31,10.97,7.69
2026-04-20 01:31:38,AD_1,6.05,9.51,5.93,9.37,11.01,7.79
2026-04-20 01:31:38,AD_1,6.05,9.6,5.83,9.34,11.03,7.77
2026-04-20 01:31:39,AD_1,5.96,9.44,6.18,9.37,10.95,7.61
2026-04-20 01:31:39,AD_1,6.2,9.66,6.06,9.37,11.04,7.55
2026-04-20 01:31:54,AD_2,6.49,10.77,5.76,9.38,10.52,7.39
2026-04-20 01:31:55,AD_2,6.48,10.46,6.01,9.32,10.64,7.4
2026-04-20 01:31:55,AD_2,6.54,10.38,5.75,9.34,10.53,7.37
2026-04-20 01:31:55,AD_2,6.47,10.2,5.82,9.29,10.68,7.31
2026-04-20 01:31:56,AD_2,6.5,10.37,5.74,9.4,10.58,7.37
2026-04-20 01:31:56,AD_2,6.5,10.29,5.8,9.37,10.59,7.47
2026-04-20 01:31:57,AD_2,6.47,10.11,5.83,9.28,10.74,7.5
2026-04-20 01:31:57,AD_2,6.42,10.0,5.71,9.31,10.61,7.5
2026-04-20 01:31:57,AD_2,6.72,10.17,5.73,9.33,10.66,7.45
2026-04-20 01:31:58,AD_2,6.76,10.08,5.75,9.28,10.62,7.54
2026-04-20 01:31:58,AD_2,6.57,9.84,5.74,9.26,10.61,7.59
2026-04-20 01:31:59,AD_2,6.59,9.81,5.79,9.23,10.57,7.58
2026-04-20 01:31:59,AD_2,6.63,9.9,5.82,9.28,10.7,7.59
2026-04-20 01:31:59,AD_2,6.52,9.69,5.79,9.26,10.61,7.56
2026-04-20 01:32:00,AD_2,6.44,9.59,5.75,9.28,10.62,7.54
2026-04-20 01:32:00,AD_2,6.44,9.61,5.71,9.29,10.58,7.57
2026-04-20 01:32:01,AD_2,6.45,9.52,5.79,9.25,10.62,7.63
2026-04-20 01:32:01,AD_2,6.48,9.49,5.74,9.33,10.59,7.69
2026-04-20 01:32:01,AD_2,6.49,9.47,5.82,9.28,10.61,7.68
2026-04-20 01:32:02,AD_2,6.51,9.5,5.8,9.35,10.58,7.53
2026-04-20 01:32:02,AD_2,6.61,9.44,5.82,9.27,10.52,7.53
2026-04-20 01:32:03,AD_2,6.47,9.64,5.82,9.24,10.65,7.55
2026-04-20 01:32:03,AD_2,6.56,9.74,5.81,9.32,10.7,7.55
2026-04-20 01:32:03,AD_2,6.52,9.58,5.75,9.3,10.61,7.6
2026-04-20 01:32:04,AD_2,6.56,9.67,5.73,9.37,10.69,7.62
2026-04-20 01:32:04,AD_2,6.44,9.45,5.72,9.29,10.54,7.59
2026-04-20 01:32:05,AD_2,6.47,9.55,5.77,9.33,10.61,7.66
2026-04-20 01:32:05,AD_2,6.49,9.55,5.79,9.31,10.54,7.65
2026-04-20 01:32:05,AD_2,6.43,9.57,5.86,9.3,10.59,7.7
2026-04-20 01:32:06,AD_2,6.57,9.33,5.76,9.37,10.63,7.7
2026-04-20 01:32:06,AD_2,6.54,9.37,5.75,9.28,10.57,7.67
2026-04-20 01:32:07,AD_2,6.47,9.5,5.71,9.23,10.51,7.66
2026-04-20 01:32:07,AD_2,6.62,9.5,5.81,9.29,10.57,7.7
2026-04-20 01:32:07,AD_2,6.48,9.5,5.76,9.25,10.55,7.83
2026-04-20 01:32:08,AD_2,6.41,9.3,5.81,9.23,10.61,7.69
2026-04-20 01:32:08,AD_2,6.47,9.5,5.92,9.31,10.54,7.7
2026-04-20 01:32:09,AD_2,6.72,9.32,5.81,9.26,10.56,7.73
2026-04-20 01:32:09,AD_2,6.49,9.32,5.78,9.32,10.58,7.71
2026-04-20 01:32:09,AD_2,6.46,9.32,5.74,9.29,10.6,7.63
2026-04-20 01:32:10,AD_2,6.6,9.37,5.76,9.27,10.62,7.6
2026-04-20 01:32:10,AD_2,6.53,9.24,5.92,9.25,10.62,7.74
2026-04-20 01:32:10,AD_2,6.6,9.32,5.82,9.28,10.57,7.73
2026-04-20 01:32:11,AD_2,6.49,9.3,5.78,9.27,10.6,7.66
2026-04-20 01:32:11,AD_2,6.47,9.29,5.75,9.34,10.62,7.71
2026-04-20 01:32:12,AD_2,6.46,9.3,5.74,9.27,10.59,7.57
2026-04-20 01:32:12,AD_2,6.66,9.35,5.76,9.44,10.51,7.69
2026-04-20 01:32:12,AD_2,6.44,9.3,5.75,9.31,10.65,7.72
2026-04-20 01:32:13,AD_2,6.6,9.3,5.77,9.25,10.53,7.74
2026-04-20 01:32:13,AD_2,6.44,9.29,5.74,9.3,10.55,7.69
2026-04-20 01:32:14,AD_2,6.43,9.3,5.76,9.28,10.57,7.9
2026-04-20 01:32:14,AD_2,6.47,9.22,5.73,9.27,10.55,7.67
2026-04-20 01:32:15,AD_2,6.46,9.34,5.8,9.3,10.58,7.84
2026-04-20 01:32:15,AD_2,6.54,9.41,5.74,9.32,10.54,7.79
2026-04-20 01:32:15,AD_2,6.51,9.41,5.91,9.29,10.58,7.81
2026-04-20 01:32:16,AD_2,6.44,9.28,5.9,9.3,10.71,7.77
2026-04-20 01:32:16,AD_2,6.46,9.24,5.73,9.28,10.56,7.74
2026-04-20 01:32:16,AD_2,6.45,9.47,5.77,9.31,10.64,7.7
2026-04-20 01:32:17,AD_2,6.41,9.48,5.81,9.23,10.62,7.78
2026-04-20 01:32:17,AD_2,6.45,9.35,5.71,9.29,10.78,7.76
2026-04-20 01:32:18,AD_2,6.63,9.44,5.81,9.34,10.59,7.73
2026-04-20 01:32:18,AD_2,6.5,9.43,5.69,9.26,10.69,7.77
2026-04-20 01:32:18,AD_2,6.72,9.41,5.73,9.29,10.54,7.77
2026-04-20 01:32:19,AD_2,6.45,9.4,5.84,9.54,10.55,7.72
2026-04-20 01:32:19,AD_2,6.57,9.28,5.9,9.24,10.6,7.73
2026-04-20 01:32:20,AD_2,6.48,9.25,5.52,9.26,10.61,7.61
2026-04-20 01:32:20,AD_2,6.52,9.38,5.73,9.22,10.54,7.71
2026-04-20 01:32:20,AD_2,6.43,9.34,5.73,9.33,10.5,7.84
2026-04-20 01:32:21,AD_2,6.52,9.25,5.72,9.3,10.55,7.78
2026-04-20 01:32:21,AD_2,6.54,9.33,5.75,9.25,10.51,7.81
2026-04-20 01:32:22,AD_2,6.48,9.18,5.76,9.3,10.53,7.65
2026-04-20 01:32:22,AD_2,6.4,9.29,5.49,9.29,10.57,7.77
2026-04-20 01:32:22,AD_2,6.4,9.36,5.81,9.3,10.64,7.71
2026-04-20 01:32:23,AD_2,6.38,9.33,5.75,9.35,10.5,7.8
2026-04-20 01:32:23,AD_2,6.46,9.17,5.79,9.27,10.54,7.86
2026-04-20 01:32:24,AD_2,6.55,9.4,5.8,9.29,10.51,7.9
2026-04-20 01:32:24,AD_2,6.47,9.16,5.79,9.28,10.56,7.8
2026-04-20 01:32:25,AD_2,6.52,9.19,5.75,9.26,10.57,7.82
2026-04-20 01:32:25,AD_2,6.42,9.33,5.76,9.26,10.56,7.75
2026-04-20 01:32:25,AD_2,6.44,9.14,5.89,9.28,10.51,7.71
2026-04-20 01:32:26,AD_2,6.43,9.27,5.73,9.33,10.63,7.65
2026-04-20 01:32:26,AD_2,6.44,9.19,5.79,9.3,10.54,7.77
2026-04-20 01:32:26,AD_2,6.47,9.22,5.79,9.35,10.48,7.8
2026-04-20 01:32:27,AD_2,6.44,9.23,5.68,9.36,10.54,7.68
2026-04-20 01:32:27,AD_2,6.41,9.28,5.65,9.3,10.51,7.66
2026-04-20 01:32:28,AD_2,6.48,9.39,5.75,9.29,10.61,7.76
2026-04-20 01:32:28,AD_2,6.53,9.12,5.65,9.28,10.59,7.68
2026-04-20 01:32:28,AD_2,6.43,9.26,5.75,9.27,10.5,7.81
2026-04-20 01:32:29,AD_2,6.58,9.26,5.74,9.3,10.51,7.7
2026-04-20 01:32:29,AD_2,6.45,9.21,5.82,9.26,10.58,7.74
2026-04-20 01:32:30,AD_2,6.48,9.3,5.78,9.24,10.63,7.7
2026-04-20 01:32:30,AD_2,6.5,9.36,5.93,9.25,10.68,7.76
2026-04-20 01:32:30,AD_2,6.43,9.4,5.89,9.26,10.56,7.74
2026-04-20 01:32:31,AD_2,6.46,9.41,5.75,9.27,10.65,7.84
2026-04-20 01:32:31,AD_2,6.43,9.35,5.79,9.28,10.68,7.79
2026-04-20 01:32:32,AD_2,6.53,9.33,5.75,9.3,10.54,7.73
2026-04-20 01:32:32,AD_2,6.42,9.36,5.81,9.29,10.6,7.74
2026-04-20 01:32:32,AD_2,6.41,9.38,5.81,9.27,10.54,7.8
2026-04-20 01:32:33,AD_2,6.51,9.21,5.81,9.22,10.54,7.76
2026-04-20 01:32:33,AD_2,6.42,9.35,5.8,9.28,10.53,7.75
2026-04-20 01:32:34,AD_2,6.42,9.39,5.73,9.3,10.55,7.74
2026-04-20 01:32:34,AD_2,6.6,9.41,5.75,9.32,10.57,7.83
2026-04-20 01:32:34,AD_2,6.43,9.34,5.75,9.25,10.62,7.69
2026-04-20 01:32:35,AD_2,6.45,9.29,5.53,9.25,10.61,7.68
2026-04-20 01:32:35,AD_2,6.55,9.3,5.68,9.26,10.49,7.65
2026-04-20 01:32:36,AD_2,6.58,9.27,5.64,9.25,10.6,7.69
2026-04-20 01:32:36,AD_2,6.39,9.27,5.66,9.34,10.55,7.82
2026-04-20 01:32:36,AD_2,6.51,9.27,5.55,9.27,10.56,7.66
2026-04-20 01:32:37,AD_2,6.43,9.32,5.9,9.3,10.62,7.51
2026-04-20 01:32:37,AD_2,6.45,9.17,5.74,9.25,10.55,7.63
2026-04-20 01:32:38,AD_2,6.47,9.26,5.75,9.33,10.5,7.71
2026-04-20 01:32:38,AD_2,6.46,9.32,5.52,9.23,10.53,7.66
2026-04-20 01:32:38,AD_2,6.49,9.28,5.73,9.23,10.49,7.68
2026-04-20 01:32:39,AD_2,6.45,9.27,5.74,9.24,10.56,7.71
2026-04-20 01:32:39,AD_2,6.42,9.23,5.77,9.32,10.56,7.86
2026-04-20 01:32:40,AD_2,6.37,9.4,5.44,9.26,10.55,7.89
2026-04-20 01:32:40,AD_2,6.45,9.31,5.81,9.33,10.5,7.82
2026-04-20 01:32:40,AD_2,6.46,9.23,5.77,9.31,10.45,7.82
2026-04-20 01:32:41,AD_2,6.44,9.22,5.69,9.27,10.51,7.66
2026-04-20 01:32:41,AD_2,6.46,9.27,5.8,9.28,10.54,7.79
2026-04-20 01:32:42,AD_2,6.4,9.26,5.78,9.28,10.5,7.75
2026-04-20 01:32:42,AD_2,6.41,9.31,5.75,9.25,10.61,7.76
2026-04-20 01:32:42,AD_2,6.47,9.33,5.77,9.27,10.51,7.79
2026-04-20 01:32:43,AD_2,6.41,9.26,5.75,9.27,10.53,7.69
2026-04-20 01:32:43,AD_2,6.42,9.36,5.77,9.27,10.63,7.78
2026-04-20 01:32:44,AD_2,6.44,9.38,5.78,9.23,10.52,7.86
2026-04-20 01:32:44,AD_2,6.56,9.35,5.74,9.3,10.94,7.8
2026-04-20 01:32:44,AD_2,6.48,9.2,5.56,9.25,10.47,7.76
2026-04-20 01:32:45,AD_2,6.39,9.38,5.82,9.22,10.58,7.68
2026-04-20 01:32:45,AD_2,6.44,9.37,5.78,9.31,10.54,7.79
2026-04-20 01:32:46,AD_2,6.45,9.31,5.8,9.27,10.5,7.81
2026-04-20 01:32:46,AD_2,6.56,9.38,5.83,9.25,10.59,7.61
2026-04-20 01:32:46,AD_2,6.41,9.21,5.57,9.3,10.69,7.78
2026-04-20 01:32:47,AD_2,6.42,9.19,5.78,9.28,10.53,7.77
2026-04-20 01:32:47,AD_2,6.63,9.18,5.72,9.27,10.5,7.74
2026-04-20 01:32:48,AD_2,6.57,9.25,5.68,9.3,10.52,7.71
2026-04-20 01:32:48,AD_2,6.44,9.19,5.8,9.27,10.5,7.65
2026-04-20 01:32:48,AD_2,6.61,9.27,5.64,9.25,10.5,7.81
2026-04-20 01:32:49,AD_2,6.54,9.28,5.8,9.25,10.46,7.86
2026-04-20 01:32:49,AD_2,6.55,9.32,5.59,9.25,10.51,8.12
2026-04-20 01:32:50,AD_2,6.46,9.29,5.67,9.26,10.46,7.96
2026-04-20 01:32:50,AD_2,6.42,9.21,5.78,9.3,10.54,7.78
2026-04-20 01:32:50,AD_2,6.46,9.35,5.75,9.23,10.5,7.74
2026-04-20 01:32:51,AD_2,6.42,9.28,5.73,9.33,10.56,7.74
2026-04-20 01:32:51,AD_2,6.35,9.16,5.74,9.3,10.53,7.63
2026-04-20 01:32:52,AD_2,6.41,9.22,5.71,9.24,10.59,7.59
2026-04-20 01:32:52,AD_2,6.43,9.31,5.77,9.25,10.55,7.72
2026-04-20 01:32:52,AD_2,6.5,9.09,5.55,9.25,10.56,7.69
2026-04-20 01:32:53,AD_2,6.52,9.39,5.76,9.28,10.64,7.78
2026-04-20 01:32:53,AD_2,6.43,9.38,5.71,9.25,10.47,8.0
2026-04-20 01:32:54,AD_2,6.43,9.32,5.6,9.23,10.49,7.87
2026-04-20 01:32:54,AD_2,6.46,9.35,5.76,9.31,10.49,7.74
2026-04-20 01:32:54,AD_2,6.37,9.35,5.86,9.34,10.64,7.78
2026-04-20 01:32:55,AD_2,6.42,9.38,5.61,9.26,10.47,8.04
2026-04-20 01:32:55,AD_2,6.45,9.32,5.67,9.26,10.43,7.78
2026-04-20 01:32:56,AD_2,6.39,9.38,5.75,9.27,10.52,7.82
2026-04-20 01:32:56,AD_2,6.45,9.36,5.75,9.3,10.45,7.82
2026-04-20 01:32:56,AD_2,6.43,9.29,5.71,9.27,10.64,7.84
2026-04-20 01:32:57,AD_2,6.57,9.26,5.68,9.27,10.6,7.83
2026-04-20 01:32:57,AD_2,6.38,9.34,5.76,9.25,10.55,7.78
2026-04-20 01:32:58,AD_2,6.41,9.34,5.61,9.28,10.51,7.79
2026-04-20 01:32:58,AD_2,6.39,9.19,5.8,9.3,10.54,7.76
2026-04-20 01:32:58,AD_2,6.44,9.32,5.66,9.32,10.54,7.94
2026-04-20 01:32:59,AD_2,6.54,9.24,5.77,9.27,10.51,7.72
2026-04-20 01:32:59,AD_2,6.36,9.17,5.78,9.22,10.52,7.7
2026-04-20 01:32:59,AD_2,6.41,9.37,5.76,9.26,10.5,7.79
2026-04-20 01:33:00,AD_2,6.42,9.35,5.73,9.27,10.5,7.9
2026-04-20 01:33:00,AD_2,6.43,9.33,5.72,9.27,10.47,8.16
2026-04-20 01:33:01,AD_2,6.41,9.19,5.76,9.27,10.55,7.92
2026-04-20 01:33:01,AD_2,6.43,9.2,5.66,9.32,10.49,7.99
2026-04-20 01:33:02,AD_2,6.49,9.2,5.61,9.24,10.55,7.96
2026-04-20 01:33:02,AD_2,6.38,9.31,5.6,9.26,10.52,7.98
2026-04-20 01:33:02,AD_2,6.61,9.2,5.79,9.31,10.49,7.85
2026-04-20 01:33:03,AD_2,6.47,9.22,5.74,9.27,10.5,7.73
2026-04-20 01:33:03,AD_2,6.42,9.19,5.62,9.26,10.54,7.78
2026-04-20 01:33:04,AD_2,6.42,9.19,5.76,9.25,10.62,7.82
2026-04-20 01:33:04,AD_2,6.49,9.23,5.71,9.28,10.56,7.93
2026-04-20 01:33:04,AD_2,6.43,9.32,5.73,9.32,10.5,7.97
2026-04-20 01:33:05,AD_2,6.45,9.26,5.55,9.27,10.46,7.92
2026-04-20 01:33:05,AD_2,6.41,9.3,5.52,9.27,10.55,7.86
2026-04-20 01:33:06,AD_2,6.44,9.35,5.75,9.25,10.45,7.78
2026-04-20 01:33:06,AD_2,6.38,9.37,5.71,9.3,10.46,8.05
2026-04-20 01:33:06,AD_2,6.44,9.29,5.45,9.25,10.5,7.94
2026-04-20 01:33:07,AD_2,6.42,9.31,5.71,9.28,10.51,7.86
2026-04-20 01:33:07,AD_2,6.45,9.32,5.7,9.28,10.55,7.81
2026-04-20 01:33:08,AD_2,6.46,9.31,5.47,9.26,10.46,8.07
2026-04-20 01:33:08,AD_2,6.4,9.15,5.4,9.29,10.43,7.92
2026-04-20 01:33:08,AD_2,6.56,9.22,5.68,9.25,10.48,7.78
2026-04-20 01:33:09,AD_2,6.51,9.34,5.74,9.28,10.56,7.86
2026-04-20 01:33:09,AD_2,6.53,9.34,5.74,9.33,10.53,8.06
2026-04-20 01:33:10,AD_2,6.51,9.13,5.22,9.25,10.48,7.94
2026-04-20 01:33:10,AD_2,6.52,9.16,5.32,9.27,10.45,7.82
2026-04-20 01:33:10,AD_2,6.59,9.17,5.45,9.29,10.52,7.76
2026-04-20 01:33:11,AD_2,6.64,9.19,5.58,9.26,10.49,7.89
2026-04-20 01:33:11,AD_2,6.55,9.22,5.75,9.27,10.45,7.97
2026-04-20 01:33:12,AD_2,6.41,9.16,5.44,9.23,10.49,7.79
2026-04-20 01:33:12,AD_2,6.44,9.26,5.64,9.24,10.58,7.73
2026-04-20 01:33:12,AD_2,6.41,9.13,5.59,9.26,10.5,7.82
2026-04-20 01:33:13,AD_2,6.38,9.23,5.58,9.32,10.5,7.82
2026-04-20 01:33:13,AD_2,6.54,9.28,5.52,9.27,10.52,7.86
2026-04-20 01:33:14,AD_2,6.39,9.15,5.64,9.28,10.47,8.11
2026-04-20 01:33:40,AD_3,5.92,11.86,6.21,9.45,11.89,6.99
2026-04-20 01:33:41,AD_3,5.85,11.59,6.12,9.41,11.87,6.95
2026-04-20 01:33:41,AD_3,6.02,11.27,6.04,9.46,11.88,6.95
2026-04-20 01:33:42,AD_3,5.85,11.35,6.06,9.41,11.9,6.92
2026-04-20 01:33:42,AD_3,5.82,11.46,6.06,9.4,11.82,6.93
2026-04-20 01:33:42,AD_3,5.83,11.46,6.06,9.4,11.83,7.0
2026-04-20 01:33:43,AD_3,5.75,11.35,6.06,9.41,11.99,7.0
2026-04-20 01:33:43,AD_3,5.73,11.15,6.16,9.42,11.79,7.0
2026-04-20 01:33:44,AD_3,5.77,11.41,6.12,9.36,11.84,7.0
2026-04-20 01:33:44,AD_3,5.77,11.04,6.05,9.38,11.81,7.06
2026-04-20 01:33:44,AD_3,5.89,11.56,6.07,9.41,11.95,7.11
2026-04-20 01:33:45,AD_3,5.86,10.94,6.05,9.43,11.88,7.08
2026-04-20 01:33:45,AD_3,5.91,11.09,6.06,9.38,11.8,7.13
2026-04-20 01:33:46,AD_3,5.88,10.9,6.11,9.44,11.95,7.16
2026-04-20 01:33:46,AD_3,5.84,10.88,6.05,9.42,11.84,7.1
2026-04-20 01:33:46,AD_3,5.8,10.88,6.02,9.38,11.82,7.12
2026-04-20 01:33:47,AD_3,5.89,10.69,6.03,9.37,11.82,7.1
2026-04-20 01:33:47,AD_3,5.84,10.67,6.08,9.38,11.83,7.15
2026-04-20 01:33:48,AD_3,5.81,10.59,6.36,9.4,11.8,7.11
2026-04-20 01:33:48,AD_3,5.79,10.71,6.01,9.38,11.87,7.17
2026-04-20 01:33:48,AD_3,5.79,10.65,6.05,9.42,11.79,7.1
2026-04-20 01:33:49,AD_3,5.86,10.81,6.03,9.42,11.89,7.2
2026-04-20 01:33:49,AD_3,6.06,10.47,5.99,9.42,11.86,7.13
2026-04-20 01:33:50,AD_3,5.96,10.53,6.11,9.42,11.83,7.13
2026-04-20 01:33:50,AD_3,5.84,10.52,6.09,9.36,11.9,7.13
2026-04-20 01:33:50,AD_3,5.8,10.78,6.08,9.43,11.97,7.24
2026-04-20 01:33:51,AD_3,5.87,10.69,6.12,9.36,11.88,7.19
2026-04-20 01:33:51,AD_3,5.83,10.6,6.04,9.37,11.84,7.14
2026-04-20 01:33:52,AD_3,5.94,10.5,6.07,9.37,11.79,7.2
2026-04-20 01:33:52,AD_3,5.81,10.74,6.03,9.38,11.82,7.27
2026-04-20 01:33:52,AD_3,5.81,10.66,6.05,9.38,11.78,7.18
2026-04-20 01:33:53,AD_3,5.77,10.68,6.1,9.35,11.87,7.21
2026-04-20 01:33:53,AD_3,5.78,10.68,6.19,9.44,11.9,7.15
2026-04-20 01:33:53,AD_3,5.8,10.71,6.06,9.34,11.86,7.23
2026-04-20 01:33:54,AD_3,5.99,10.29,6.13,9.36,11.84,7.22
2026-04-20 01:33:54,AD_3,5.9,10.62,6.05,9.39,11.84,7.17
2026-04-20 01:33:55,AD_3,5.92,10.64,6.04,9.35,11.84,7.2
2026-04-20 01:33:55,AD_3,5.91,10.46,6.01,9.43,11.79,7.27
2026-04-20 01:33:56,AD_3,5.79,10.39,6.02,9.41,11.85,7.31
2026-04-20 01:33:56,AD_3,5.79,10.42,6.06,9.36,11.99,7.25
2026-04-20 01:33:56,AD_3,5.9,10.44,6.11,9.34,11.98,7.19
2026-04-20 01:33:57,AD_3,5.88,10.32,6.1,9.42,12.02,7.26
2026-04-20 01:33:57,AD_3,5.89,10.22,6.05,9.37,12.05,7.32
2026-04-20 01:33:58,AD_3,5.8,10.52,6.13,9.39,11.9,7.25
2026-04-20 01:33:58,AD_3,5.8,10.29,6.21,9.39,11.85,7.34
2026-04-20 01:33:58,AD_3,5.79,10.52,6.08,9.43,11.83,7.34
2026-04-20 01:33:59,AD_3,5.83,10.48,6.06,9.34,11.94,7.27
2026-04-20 01:33:59,AD_3,6.02,10.16,6.07,9.4,11.87,7.31
2026-04-20 01:34:00,AD_3,6.03,10.31,6.02,9.35,11.88,7.38
2026-04-20 01:34:00,AD_3,5.84,10.48,6.06,9.35,11.86,7.32
2026-04-20 01:34:00,AD_3,6.11,10.53,6.05,9.33,11.85,7.27
2026-04-20 01:34:01,AD_3,5.92,10.27,6.09,9.36,11.9,7.24
2026-04-20 01:34:01,AD_3,5.85,10.58,6.08,9.38,11.9,7.3
2026-04-20 01:34:02,AD_3,5.83,10.41,6.1,9.44,11.81,7.23
2026-04-20 01:34:02,AD_3,5.75,10.49,6.23,9.42,11.83,7.26
2026-04-20 01:34:02,AD_3,5.88,10.58,6.03,9.38,11.88,7.26
2026-04-20 01:34:03,AD_3,5.79,10.45,6.08,9.38,11.82,7.29
2026-04-20 01:34:03,AD_3,5.77,10.48,6.05,9.32,11.91,7.27
2026-04-20 01:34:04,AD_3,5.84,10.39,6.16,9.39,11.86,7.26
2026-04-20 01:34:04,AD_3,5.94,10.38,6.05,9.35,11.87,7.26
2026-04-20 01:34:04,AD_3,5.84,10.55,6.1,9.3,11.9,7.26
2026-04-20 01:34:05,AD_3,5.82,10.44,6.1,9.4,12.06,7.28
2026-04-20 01:34:05,AD_3,6.0,10.47,5.99,9.36,11.88,7.2
2026-04-20 01:34:05,AD_3,6.08,10.5,6.07,9.38,11.87,7.23
2026-04-20 01:34:06,AD_3,5.88,10.4,6.1,9.37,11.89,7.32
2026-04-20 01:34:06,AD_3,5.8,10.13,6.07,9.31,11.96,7.28
2026-04-20 01:34:07,AD_3,5.82,10.35,6.13,9.38,11.84,7.32
2026-04-20 01:34:07,AD_3,5.85,10.27,6.21,9.37,11.93,7.38
2026-04-20 01:34:08,AD_3,5.8,10.37,6.13,9.43,11.86,7.36
2026-04-20 01:34:08,AD_3,5.78,10.23,6.03,9.36,11.89,7.31
2026-04-20 01:34:08,AD_3,5.81,10.49,6.05,9.44,11.92,7.27
2026-04-20 01:34:09,AD_3,5.92,10.31,6.07,9.37,11.91,7.3
2026-04-20 01:34:09,AD_3,5.79,10.32,6.14,9.33,11.97,7.42
2026-04-20 01:34:09,AD_3,5.82,10.32,6.02,9.5,11.91,7.31
2026-04-20 01:34:10,AD_3,5.94,10.34,6.04,9.35,11.82,7.3
2026-04-20 01:34:10,AD_3,5.87,10.43,6.02,9.37,11.89,7.24
2026-04-20 01:34:11,AD_3,5.83,10.28,6.05,9.42,11.83,7.3
2026-04-20 01:34:11,AD_3,5.76,10.3,6.05,9.35,11.86,7.36
2026-04-20 01:34:12,AD_3,5.83,10.21,6.04,9.38,11.87,7.36
2026-04-20 01:34:12,AD_3,5.96,10.14,6.03,9.38,11.87,7.39
2026-04-20 01:34:12,AD_3,5.9,10.33,6.15,9.37,11.8,7.29
2026-04-20 01:34:13,AD_3,5.79,10.19,6.06,9.35,12.1,7.33
2026-04-20 01:34:13,AD_3,5.99,10.25,6.02,9.42,11.82,7.27
2026-04-20 01:34:13,AD_3,5.92,10.45,6.02,9.39,11.85,7.22
2026-04-20 01:34:14,AD_3,5.81,10.45,6.04,9.34,11.89,7.33
2026-04-20 01:34:14,AD_3,5.82,10.45,6.09,9.35,12.0,7.31
2026-04-20 01:34:15,AD_3,5.81,10.43,6.16,9.37,12.18,7.25
2026-04-20 01:34:15,AD_3,5.79,10.43,6.03,9.41,11.87,7.31
2026-04-20 01:34:15,AD_3,5.8,10.43,6.29,9.38,11.92,7.34
2026-04-20 01:34:16,AD_3,5.79,10.42,6.14,9.37,11.88,7.26
2026-04-20 01:34:16,AD_3,5.97,10.44,6.04,9.34,11.86,7.3
2026-04-20 01:34:17,AD_3,5.76,10.41,6.07,9.39,11.93,7.29
2026-04-20 01:34:17,AD_3,5.82,10.44,6.06,9.39,11.91,7.28
2026-04-20 01:34:17,AD_3,6.12,10.41,6.06,9.41,11.86,7.32
2026-04-20 01:34:18,AD_3,5.92,10.42,6.02,9.4,11.87,7.26
2026-04-20 01:34:18,AD_3,5.91,10.44,6.07,9.58,11.82,7.36
2026-04-20 01:34:19,AD_3,5.83,10.16,6.02,9.39,11.99,7.3
2026-04-20 01:34:19,AD_3,5.87,10.11,6.04,9.37,11.9,7.33
2026-04-20 01:34:19,AD_3,5.77,10.19,6.07,9.37,11.92,7.39
2026-04-20 01:34:20,AD_3,5.85,10.25,6.0,9.35,11.94,7.34
2026-04-20 01:34:20,AD_3,5.94,10.29,6.1,9.36,11.83,7.24
2026-04-20 01:34:21,AD_3,5.74,10.51,6.16,9.37,11.87,7.27
2026-04-20 01:34:21,AD_3,5.78,10.47,6.14,9.38,11.88,7.3
2026-04-20 01:34:21,AD_3,5.8,10.43,6.17,9.37,11.84,7.3
2026-04-20 01:34:22,AD_3,5.96,10.32,6.15,9.38,11.82,7.34
2026-04-20 01:34:22,AD_3,5.92,10.4,6.04,9.34,11.91,7.34
2026-04-20 01:34:23,AD_3,6.0,10.52,6.02,9.32,11.86,7.31
2026-04-20 01:34:23,AD_3,5.92,10.42,6.01,9.36,11.87,7.3
2026-04-20 01:34:23,AD_3,5.84,10.39,6.06,9.34,11.82,7.35
2026-04-20 01:34:24,AD_3,5.78,10.39,6.13,9.42,11.89,7.34
2026-04-20 01:34:24,AD_3,5.81,10.39,6.09,9.34,11.92,7.31
2026-04-20 01:34:25,AD_3,5.73,10.39,6.11,9.34,11.91,7.24
2026-04-20 01:34:25,AD_3,5.84,10.46,6.23,9.42,11.8,7.31
2026-04-20 01:34:25,AD_3,5.85,10.2,6.07,9.35,11.79,7.32
2026-04-20 01:34:26,AD_3,5.81,10.34,6.16,9.35,11.86,7.34
2026-04-20 01:34:26,AD_3,5.97,10.39,6.09,9.33,11.83,7.31
2026-04-20 01:34:27,AD_3,5.97,10.46,6.06,9.41,11.84,7.36
2026-04-20 01:34:27,AD_3,5.89,10.39,6.04,9.44,11.79,7.33
2026-04-20 01:34:27,AD_3,5.95,10.46,6.06,9.39,11.88,7.31
2026-04-20 01:34:28,AD_3,5.8,10.42,6.2,9.38,11.99,7.3
2026-04-20 01:34:28,AD_3,5.82,10.42,6.04,9.35,11.91,7.36
2026-04-20 01:34:29,AD_3,5.8,10.37,6.13,9.38,11.91,7.34
2026-04-20 01:34:29,AD_3,5.81,10.38,6.06,9.35,11.84,7.31
2026-04-20 01:34:29,AD_3,5.83,10.43,6.07,9.36,11.82,7.32
2026-04-20 01:34:30,AD_3,5.8,10.41,6.1,9.32,11.87,7.33
2026-04-20 01:34:30,AD_3,5.86,10.25,6.03,9.37,11.84,7.33
2026-04-20 01:34:31,AD_3,5.93,10.4,6.06,9.31,11.83,7.27
2026-04-20 01:34:31,AD_3,5.99,10.33,5.98,9.34,11.86,7.29
2026-04-20 01:34:31,AD_3,5.84,10.15,6.1,9.34,11.8,7.34
2026-04-20 01:34:32,AD_3,5.84,10.23,6.08,9.32,11.83,7.25
2026-04-20 01:34:32,AD_3,5.81,10.17,6.08,9.34,11.93,7.23
2026-04-20 01:34:33,AD_3,5.94,10.29,5.99,9.38,11.9,7.29
2026-04-20 01:34:33,AD_3,5.79,10.33,6.13,9.38,11.82,7.38
2026-04-20 01:34:33,AD_3,5.84,10.28,6.11,9.39,11.83,7.37
2026-04-20 01:34:34,AD_3,5.9,10.17,6.37,9.4,11.82,7.46
2026-04-20 01:34:34,AD_3,5.75,10.15,6.13,9.39,11.81,7.4
2026-04-20 01:34:35,AD_3,5.87,10.17,6.06,9.37,11.81,7.38
2026-04-20 01:34:35,AD_3,5.92,10.33,6.04,9.47,11.81,7.36
2026-04-20 01:34:35,AD_3,5.86,10.29,6.08,9.49,11.83,7.45
2026-04-20 01:34:36,AD_3,5.79,10.22,6.03,9.37,11.93,7.37
2026-04-20 01:34:36,AD_3,5.78,10.22,6.06,9.4,11.84,7.36
2026-04-20 01:34:37,AD_3,5.78,10.34,6.03,9.38,11.88,7.37
2026-04-20 01:34:37,AD_3,5.77,10.22,6.08,9.37,11.85,7.35
2026-04-20 01:34:37,AD_3,5.8,10.39,6.2,9.38,11.82,7.34
2026-04-20 01:34:38,AD_3,5.83,10.43,6.02,9.42,11.83,7.51
2026-04-20 01:34:38,AD_3,5.81,10.37,6.08,9.4,11.84,7.33
2026-04-20 01:34:39,AD_3,5.77,10.43,6.0,9.32,11.91,7.37
2026-04-20 01:34:39,AD_3,5.81,10.4,6.22,9.38,11.9,7.35
2026-04-20 01:34:39,AD_3,5.81,10.34,6.03,9.39,11.83,7.52
2026-04-20 01:34:40,AD_3,5.84,10.35,6.08,9.38,11.77,7.4
2026-04-20 01:34:40,AD_3,5.81,10.35,6.08,9.38,11.82,7.37
2026-04-20 01:34:41,AD_3,5.93,10.38,6.04,9.36,11.84,7.35
2026-04-20 01:34:41,AD_3,5.81,10.41,6.01,9.35,11.88,7.51
2026-04-20 01:34:41,AD_3,5.84,10.29,6.12,9.34,11.85,7.49
2026-04-20 01:34:42,AD_3,5.76,10.36,6.05,9.43,11.87,7.31
2026-04-20 01:34:42,AD_3,5.99,10.11,6.08,9.35,11.79,7.43
2026-04-20 01:34:43,AD_3,5.77,10.17,6.04,9.35,11.84,7.54
2026-04-20 01:34:43,AD_3,5.77,10.19,6.02,9.43,11.84,7.5
2026-04-20 01:34:44,AD_3,5.98,10.18,6.13,9.41,11.87,7.46
2026-04-20 01:34:44,AD_3,5.85,10.26,6.16,9.43,11.9,7.6
2026-04-20 01:34:44,AD_3,5.78,10.2,6.11,9.48,11.8,7.51
2026-04-20 01:34:45,AD_3,5.74,10.34,6.08,9.43,11.91,7.44
2026-04-20 01:34:45,AD_3,5.8,10.36,6.0,9.38,11.88,7.41
2026-04-20 01:34:46,AD_3,5.92,10.23,6.1,9.38,11.94,7.45
2026-04-20 01:34:46,AD_3,5.76,10.14,6.21,9.41,11.86,7.43
2026-04-20 01:34:46,AD_3,5.75,10.28,6.05,9.4,11.94,7.43
2026-04-20 01:34:47,AD_3,5.8,10.19,6.02,9.37,11.81,7.38
2026-04-20 01:34:47,AD_3,5.76,10.37,6.06,9.37,12.07,7.43
2026-04-20 01:34:48,AD_3,5.88,10.35,6.02,9.34,11.9,7.44
2026-04-20 01:34:48,AD_3,6.0,10.37,5.96,9.39,11.92,7.49
2026-04-20 01:34:48,AD_3,5.77,10.33,6.08,9.35,11.84,7.38
2026-04-20 01:34:49,AD_3,5.84,10.37,6.15,9.38,11.87,7.44
2026-04-20 01:34:49,AD_3,5.77,10.24,6.02,9.36,12.07,7.33
2026-04-20 01:34:50,AD_3,5.79,10.21,6.05,9.33,11.81,7.49
2026-04-20 01:34:50,AD_3,5.79,10.32,6.01,9.42,11.78,7.49
2026-04-20 01:34:50,AD_3,5.81,10.38,6.11,9.35,11.83,7.48
2026-04-20 01:34:51,AD_3,5.77,10.13,6.06,9.32,11.89,7.45
2026-04-20 01:34:51,AD_3,5.82,10.34,6.34,9.37,12.24,7.4
2026-04-20 01:34:51,AD_3,5.76,10.34,6.06,9.34,11.81,7.34
2026-04-20 01:34:52,AD_3,5.76,10.77,6.08,9.37,12.06,7.4
2026-04-20 01:34:52,AD_3,5.82,10.23,6.22,9.34,12.01,7.11
2026-04-20 01:34:53,AD_3,5.77,10.37,6.05,9.4,11.99,7.51
2026-04-20 01:34:53,AD_3,5.87,10.37,6.17,9.36,11.8,7.65
2026-04-20 01:34:53,AD_3,5.79,10.11,6.08,9.4,11.86,7.5
2026-04-20 01:34:54,AD_3,6.01,10.16,6.03,9.36,11.89,7.53
2026-04-20 01:34:54,AD_3,5.89,10.35,5.97,9.37,11.81,7.48
2026-04-20 01:34:55,AD_3,5.82,10.21,6.01,9.34,11.83,7.52
2026-04-20 01:34:55,AD_3,5.76,10.15,6.07,9.37,12.04,7.65
2026-04-20 01:34:56,AD_3,5.86,10.31,6.11,9.37,11.88,7.43
2026-04-20 01:34:56,AD_3,5.81,10.25,6.02,9.36,11.76,7.53
2026-04-20 01:34:56,AD_3,5.75,10.37,5.93,9.5,11.81,7.53
2026-04-20 01:34:57,AD_3,5.75,10.31,6.06,9.45,11.88,7.53
2026-04-20 01:34:57,AD_3,5.74,10.33,5.98,9.36,11.81,7.37
2026-04-20 01:34:57,AD_3,5.73,10.14,5.89,9.35,11.95,7.43
2026-04-20 01:34:58,AD_3,5.79,10.35,6.07,9.44,11.87,7.36
2026-04-20 01:34:58,AD_3,5.79,10.33,6.07,9.36,11.81,7.43
2026-04-20 01:34:59,AD_3,5.84,10.3,6.02,9.35,11.92,7.36
2026-04-20 01:34:59,AD_3,5.97,10.32,5.92,9.38,11.89,7.32
2026-04-20 01:34:59,AD_3,5.9,10.19,6.07,9.39,11.88,7.37
2026-04-20 01:35:00,AD_3,5.86,10.26,6.06,9.34,11.84,7.49
2026-04-20 01:35:17,AD_4,5.96,11.75,5.82,9.47,11.62,7.16
2026-04-20 01:35:18,AD_4,5.9,11.38,5.82,9.44,11.74,7.09
2026-04-20 01:35:18,AD_4,5.86,11.3,5.9,9.42,11.71,7.06
2026-04-20 01:35:19,AD_4,5.91,11.34,5.9,9.44,11.66,7.07
2026-04-20 01:35:19,AD_4,6.03,11.36,5.84,9.43,11.73,7.14
2026-04-20 01:35:19,AD_4,6.08,11.2,5.89,9.61,11.68,7.19
2026-04-20 01:35:20,AD_4,5.97,11.21,6.01,9.44,11.77,7.2
2026-04-20 01:35:20,AD_4,5.96,11.19,5.89,9.41,11.71,7.22
2026-04-20 01:35:21,AD_4,5.95,11.09,5.87,9.45,11.65,7.26
2026-04-20 01:35:21,AD_4,5.94,11.04,5.85,9.45,11.67,7.31
2026-04-20 01:35:21,AD_4,5.95,10.77,5.95,9.42,11.74,7.28
2026-04-20 01:35:22,AD_4,5.97,10.96,5.85,9.37,11.69,7.32
2026-04-20 01:35:22,AD_4,5.9,10.88,5.85,9.43,11.73,7.39
2026-04-20 01:35:23,AD_4,5.87,10.52,5.91,9.43,11.7,7.37
2026-04-20 01:35:23,AD_4,5.99,10.68,5.95,9.43,11.79,7.35
2026-04-20 01:35:23,AD_4,6.19,10.52,5.92,9.42,11.7,7.36
2026-04-20 01:35:24,AD_4,6.02,10.71,5.85,9.39,11.7,7.5
2026-04-20 01:35:24,AD_4,5.96,10.6,5.89,9.42,11.74,7.41
2026-04-20 01:35:24,AD_4,5.98,10.63,5.85,9.57,11.75,7.39
2026-04-20 01:35:25,AD_4,5.88,10.62,5.86,9.42,11.7,7.39
2026-04-20 01:35:25,AD_4,5.87,10.64,5.82,9.39,11.82,7.44
2026-04-20 01:35:26,AD_4,5.92,10.59,5.95,9.43,11.7,7.41
2026-04-20 01:35:26,AD_4,5.96,10.56,6.17,9.44,11.71,7.38
2026-04-20 01:35:26,AD_4,5.88,10.58,5.85,9.37,11.73,7.41
2026-04-20 01:35:27,AD_4,6.01,10.57,5.9,9.41,11.75,7.52
2026-04-20 01:35:27,AD_4,6.02,10.49,5.84,9.44,11.72,7.47
2026-04-20 01:35:28,AD_4,6.09,10.22,5.87,9.36,11.75,7.34
2026-04-20 01:35:28,AD_4,5.86,10.51,5.87,9.38,11.63,7.36
2026-04-20 01:35:28,AD_4,6.05,10.28,5.84,9.4,11.71,7.38
2026-04-20 01:35:29,AD_4,5.92,10.45,5.86,9.51,11.8,7.42
2026-04-20 01:35:29,AD_4,5.91,10.37,5.86,9.42,11.72,7.39
2026-04-20 01:35:30,AD_4,5.95,10.42,5.91,9.37,11.68,7.46
2026-04-20 01:35:30,AD_4,5.86,10.43,5.86,9.39,11.76,7.36
2026-04-20 01:35:30,AD_4,5.83,10.36,5.94,9.43,11.7,7.42
2026-04-20 01:35:31,AD_4,5.93,10.4,5.9,9.48,11.75,7.45
2026-04-20 01:35:31,AD_4,5.9,10.37,5.79,9.38,11.67,7.39
2026-04-20 01:35:32,AD_4,5.89,10.43,5.91,9.39,11.71,7.5
2026-04-20 01:35:32,AD_4,5.85,10.4,5.89,9.4,11.78,7.4
2026-04-20 01:35:32,AD_4,5.89,10.35,6.2,9.4,11.7,7.42
2026-04-20 01:35:33,AD_4,5.85,10.42,5.96,9.41,11.68,7.4
2026-04-20 01:35:33,AD_4,5.94,10.45,5.98,9.44,11.68,7.56
2026-04-20 01:35:34,AD_4,5.98,10.34,5.89,9.4,11.65,7.49
2026-04-20 01:35:34,AD_4,5.86,10.39,5.87,9.45,11.7,7.44
2026-04-20 01:35:34,AD_4,5.9,10.4,5.95,9.38,11.67,7.42
2026-04-20 01:35:35,AD_4,5.96,10.35,5.83,9.4,11.72,7.61
2026-04-20 01:35:35,AD_4,6.01,10.32,5.88,9.36,11.72,7.49
2026-04-20 01:35:36,AD_4,5.95,10.41,5.83,9.38,11.65,7.47
2026-04-20 01:35:36,AD_4,5.86,10.37,5.83,9.42,11.72,7.37
2026-04-20 01:35:36,AD_4,5.86,10.2,5.96,9.36,11.71,7.61
2026-04-20 01:35:37,AD_4,5.85,10.34,5.9,9.43,11.69,7.44
2026-04-20 01:35:37,AD_4,5.87,10.17,5.98,9.42,11.69,7.49
2026-04-20 01:35:38,AD_4,5.89,10.19,5.82,9.39,11.64,7.48
2026-04-20 01:35:38,AD_4,5.86,10.0,5.89,9.41,11.69,7.51
2026-04-20 01:35:38,AD_4,5.91,10.15,5.85,9.4,11.74,7.53
2026-04-20 01:35:39,AD_4,5.88,10.27,6.17,9.36,11.67,7.45
2026-04-20 01:35:39,AD_4,5.87,10.11,5.98,9.43,11.69,7.51
2026-04-20 01:35:40,AD_4,6.21,10.1,5.8,9.43,11.75,7.59
2026-04-20 01:35:40,AD_4,5.8,10.13,5.86,9.49,11.68,7.55
2026-04-20 01:35:41,AD_4,5.99,10.18,5.78,9.41,11.72,7.54
2026-04-20 01:35:41,AD_4,6.0,10.27,5.89,9.4,11.76,7.59
2026-04-20 01:35:41,AD_4,5.85,10.15,5.91,9.42,11.7,7.65
2026-04-20 01:35:42,AD_4,5.92,10.17,5.8,9.49,11.79,7.53
2026-04-20 01:35:42,AD_4,5.77,10.27,5.86,9.43,11.68,7.44
2026-04-20 01:35:43,AD_4,5.8,10.16,5.83,9.41,11.69,7.45
2026-04-20 01:35:43,AD_4,6.04,10.18,5.8,9.49,11.66,7.61
2026-04-20 01:35:43,AD_4,5.89,10.08,5.78,9.38,11.68,7.52
2026-04-20 01:35:44,AD_4,6.15,10.15,5.83,9.4,11.67,7.46
2026-04-20 01:35:44,AD_4,5.86,10.15,5.87,9.42,11.67,7.6
2026-04-20 01:35:45,AD_4,5.87,10.28,5.87,9.43,11.75,7.48
2026-04-20 01:35:45,AD_4,5.82,10.11,5.82,9.46,11.72,7.44
2026-04-20 01:35:45,AD_4,5.87,10.08,5.96,9.42,11.75,7.48
2026-04-20 01:35:46,AD_4,5.8,10.32,5.86,9.39,11.68,7.54
2026-04-20 01:35:46,AD_4,5.94,10.29,5.85,9.46,11.7,7.5
2026-04-20 01:35:47,AD_4,5.97,10.28,5.83,9.43,11.67,7.46
2026-04-20 01:35:47,AD_4,5.91,10.21,5.8,9.42,11.69,7.45
2026-04-20 01:35:47,AD_4,5.82,10.29,5.88,9.43,11.82,7.52
2026-04-20 01:35:48,AD_4,5.83,10.25,5.91,9.37,11.69,7.48
2026-04-20 01:35:48,AD_4,5.85,10.32,5.9,9.37,11.97,7.47
2026-04-20 01:35:49,AD_4,5.89,10.29,5.87,9.4,11.67,7.46
2026-04-20 01:35:49,AD_4,5.86,10.34,5.84,9.36,11.77,7.51
2026-04-20 01:35:49,AD_4,5.86,10.27,5.82,9.41,11.79,7.46
2026-04-20 01:35:50,AD_4,5.94,10.27,5.91,9.49,11.66,7.41
2026-04-20 01:35:50,AD_4,5.87,10.29,5.86,9.54,11.75,7.39
2026-04-20 01:35:51,AD_4,6.02,10.35,5.9,9.53,11.78,7.4
2026-04-20 01:35:51,AD_4,5.98,10.18,5.85,9.41,11.75,7.53
2026-04-20 01:35:51,AD_4,5.93,10.06,5.83,9.41,11.68,7.51
2026-04-20 01:35:52,AD_4,6.06,10.25,5.86,9.41,11.73,7.46
2026-04-20 01:35:52,AD_4,5.89,10.13,5.9,9.41,11.74,7.43
2026-04-20 01:35:53,AD_4,5.9,10.26,5.88,9.41,11.66,7.44
2026-04-20 01:35:53,AD_4,5.85,10.16,5.86,9.38,11.67,7.34
2026-04-20 01:35:53,AD_4,5.85,10.24,5.92,9.4,11.73,7.44
2026-04-20 01:35:54,AD_4,5.84,10.1,5.83,9.36,11.65,7.47
2026-04-20 01:35:54,AD_4,6.08,10.05,5.85,9.43,11.74,7.4
2026-04-20 01:35:55,AD_4,5.99,10.04,5.81,9.41,11.71,7.38
2026-04-20 01:35:55,AD_4,5.98,10.26,5.93,9.36,11.65,7.35
2026-04-20 01:35:55,AD_4,6.0,10.35,5.87,9.39,11.7,7.55
2026-04-20 01:35:56,AD_4,5.8,9.97,5.84,9.49,11.67,7.58
2026-04-20 01:35:56,AD_4,5.95,10.25,5.83,9.44,11.8,7.59
2026-04-20 01:35:57,AD_4,5.84,10.28,5.82,9.45,11.71,7.57
2026-04-20 01:35:57,AD_4,5.89,10.22,5.85,9.4,11.78,7.48
2026-04-20 01:35:57,AD_4,5.93,10.26,5.82,9.39,11.69,7.46
2026-04-20 01:35:58,AD_4,5.91,10.25,5.82,9.39,11.64,7.44
2026-04-20 01:35:58,AD_4,5.92,10.25,5.86,9.4,11.71,7.35
2026-04-20 01:35:59,AD_4,5.88,10.32,5.86,9.46,11.7,7.56
2026-04-20 01:35:59,AD_4,5.92,10.22,5.87,9.39,11.84,7.54
2026-04-20 01:35:59,AD_4,5.98,10.16,5.93,9.46,11.68,7.47
2026-04-20 01:36:00,AD_4,5.83,10.28,5.84,9.4,11.64,7.46
2026-04-20 01:36:00,AD_4,5.9,10.27,5.88,9.4,11.67,7.67
2026-04-20 01:36:01,AD_4,5.91,10.36,5.88,9.58,11.65,7.47
2026-04-20 01:36:01,AD_4,5.83,10.11,5.9,9.45,11.67,7.53
2026-04-20 01:36:01,AD_4,5.78,10.3,5.93,9.41,11.64,7.45
2026-04-20 01:36:02,AD_4,5.83,10.17,5.83,9.42,11.77,7.59
2026-04-20 01:36:02,AD_4,5.92,10.08,5.9,9.38,11.75,7.6
2026-04-20 01:36:03,AD_4,5.94,10.24,5.92,9.39,11.67,7.56
2026-04-20 01:36:03,AD_4,6.02,10.27,5.91,9.38,11.67,7.41
2026-04-20 01:36:03,AD_4,5.85,10.14,5.9,9.41,11.67,7.58
2026-04-20 01:36:04,AD_4,5.88,10.03,5.82,9.43,11.96,7.55
2026-04-20 01:36:04,AD_4,5.81,10.18,5.86,9.42,11.85,7.44
2026-04-20 01:36:05,AD_4,5.82,10.26,5.99,9.37,11.81,7.52
2026-04-20 01:36:05,AD_4,5.84,10.31,5.8,9.37,11.73,7.79
2026-04-20 01:36:05,AD_4,6.02,10.22,5.89,9.4,11.83,7.71
2026-04-20 01:36:06,AD_4,5.91,10.18,5.83,9.43,11.67,7.65
2026-04-20 01:36:06,AD_4,5.87,10.12,5.85,9.36,11.7,7.55
2026-04-20 01:36:07,AD_4,5.82,10.29,5.87,9.41,11.66,7.67
2026-04-20 01:36:07,AD_4,5.95,10.03,5.91,9.41,11.72,7.55
2026-04-20 01:36:07,AD_4,5.8,10.22,5.83,9.37,11.78,7.49
2026-04-20 01:36:08,AD_4,5.9,10.17,5.89,9.37,11.7,7.4
2026-04-20 01:36:08,AD_4,6.07,10.16,5.89,9.39,11.7,7.53
2026-04-20 01:36:09,AD_4,5.86,10.08,5.86,9.42,11.86,7.68
2026-04-20 01:36:09,AD_4,5.88,10.18,6.06,9.42,11.66,7.55
2026-04-20 01:36:09,AD_4,5.81,10.24,5.84,9.43,11.76,7.5
2026-04-20 01:36:10,AD_4,5.83,10.23,5.86,9.44,11.63,7.59
2026-04-20 01:36:10,AD_4,5.88,10.21,5.82,9.42,11.78,7.45
2026-04-20 01:36:11,AD_4,5.9,10.25,5.89,9.41,11.7,7.49
2026-04-20 01:36:11,AD_4,6.02,10.24,5.89,9.41,11.67,7.47
2026-04-20 01:36:11,AD_4,6.0,10.26,5.9,9.42,11.77,7.69
2026-04-20 01:36:12,AD_4,5.91,10.09,5.85,9.39,11.67,7.56
2026-04-20 01:36:12,AD_4,5.87,10.12,6.0,9.39,11.7,7.47
2026-04-20 01:36:13,AD_4,5.9,10.26,5.92,9.46,11.79,7.49
2026-04-20 01:36:13,AD_4,5.97,10.29,5.94,9.45,11.69,7.61
2026-04-20 01:36:13,AD_4,5.81,10.12,5.88,9.49,11.66,7.45
2026-04-20 01:36:14,AD_4,5.85,10.07,4.55,9.43,11.74,7.57
2026-04-20 01:36:14,AD_4,5.92,10.07,5.9,9.41,11.58,7.53
2026-04-20 01:36:15,AD_4,5.88,10.18,5.82,9.4,11.69,7.62
2026-04-20 01:36:15,AD_4,5.81,10.14,5.87,9.38,11.7,7.72
2026-04-20 01:36:15,AD_4,5.88,9.97,5.9,9.47,11.65,7.6
2026-04-20 01:36:16,AD_4,5.82,10.06,5.91,9.35,11.7,7.57
2026-04-20 01:36:16,AD_4,5.89,10.05,5.89,9.39,11.72,7.55
2026-04-20 01:36:17,AD_4,5.94,10.03,5.88,9.45,11.74,7.58
2026-04-20 01:36:17,AD_4,5.81,10.2,5.82,9.45,11.71,7.63
2026-04-20 01:36:17,AD_4,5.85,10.23,5.86,9.4,11.73,7.54
2026-04-20 01:36:18,AD_4,5.94,10.23,5.86,9.43,11.69,7.73
2026-04-20 01:36:18,AD_4,5.89,10.17,5.85,9.4,11.69,7.42
2026-04-20 01:36:19,AD_4,5.83,10.24,5.95,9.39,11.68,7.49
2026-04-20 01:36:19,AD_4,5.83,10.23,5.86,9.43,11.73,7.52
2026-04-20 01:36:19,AD_4,5.85,10.28,5.89,9.38,11.69,7.7
2026-04-20 01:36:20,AD_4,6.06,10.24,5.82,9.38,11.63,7.57
2026-04-20 01:36:20,AD_4,5.84,10.2,5.87,9.46,11.74,7.45
2026-04-20 01:36:21,AD_4,5.97,10.24,5.84,9.41,11.78,7.47
2026-04-20 01:36:21,AD_4,5.87,10.26,5.81,9.38,11.65,7.71
2026-04-20 01:36:21,AD_4,5.8,9.98,5.82,9.4,11.67,7.57
2026-04-20 01:36:22,AD_4,5.82,10.25,5.87,9.39,11.76,7.54
2026-04-20 01:36:22,AD_4,5.81,10.16,5.88,9.43,11.73,7.45
2026-04-20 01:36:23,AD_4,5.92,10.25,5.87,9.41,11.78,7.59
2026-04-20 01:36:23,AD_4,5.97,10.21,6.13,9.41,11.74,7.64
2026-04-20 01:36:23,AD_4,5.79,10.2,5.91,9.4,11.64,7.55
2026-04-20 01:36:24,AD_4,5.85,10.24,5.84,9.41,11.71,7.52
2026-04-20 01:36:24,AD_4,5.85,10.27,5.92,9.4,11.85,7.71
2026-04-20 01:36:24,AD_4,5.78,10.23,5.83,9.46,11.71,7.61
2026-04-20 01:36:25,AD_4,5.89,10.23,5.98,9.38,11.76,7.55
2026-04-20 01:36:25,AD_4,5.88,10.28,5.84,9.44,11.73,7.5
2026-04-20 01:36:26,AD_4,5.85,10.23,5.89,9.41,11.61,7.6
2026-04-20 01:36:26,AD_4,5.81,10.24,5.81,9.42,11.69,7.49
2026-04-20 01:36:26,AD_4,5.8,10.22,5.85,9.41,11.69,7.51
2026-04-20 01:36:27,AD_4,5.8,10.22,6.0,9.39,11.7,7.5
2026-04-20 01:36:27,AD_4,5.82,10.28,5.83,9.39,11.69,7.58
2026-04-20 01:36:28,AD_4,5.82,10.08,5.84,9.51,11.7,7.72
2026-04-20 01:36:28,AD_4,5.85,10.05,5.78,9.35,11.65,7.58
2026-04-20 01:36:28,AD_4,5.84,10.15,5.84,9.4,11.68,7.62
2026-04-20 01:36:29,AD_4,5.86,10.08,5.88,9.45,11.8,7.37
2026-04-20 01:36:29,AD_4,5.86,10.02,5.84,9.39,11.74,7.61
2026-04-20 01:36:30,AD_4,5.94,9.96,5.83,9.42,11.76,7.5
2026-04-20 01:36:30,AD_4,5.82,10.01,5.92,9.43,11.72,7.44
2026-04-20 01:36:30,AD_4,5.8,9.98,5.93,9.44,11.68,7.6
2026-04-20 01:36:31,AD_4,5.82,10.02,5.83,9.42,11.72,7.5
2026-04-20 01:36:31,AD_4,6.09,10.11,5.8,9.39,11.75,7.66
2026-04-20 01:36:32,AD_4,5.86,10.19,5.81,9.4,11.66,7.52
2026-04-20 01:36:32,AD_4,5.94,10.22,5.89,9.39,11.69,7.72
2026-04-20 01:36:32,AD_4,5.87,10.18,5.97,9.39,11.74,7.61
2026-04-20 01:36:33,AD_4,5.91,10.15,5.88,9.43,11.61,7.61
2026-04-20 01:36:33,AD_4,5.88,10.01,5.85,9.39,11.68,7.54
2026-04-20 01:36:34,AD_4,5.84,10.22,5.86,9.35,11.72,7.75
2026-04-20 01:36:34,AD_4,5.81,10.16,5.89,9.44,11.66,7.61
2026-04-20 01:36:34,AD_4,5.8,10.06,5.87,9.45,11.61,7.55
2026-04-20 01:36:35,AD_4,5.9,10.24,5.9,9.41,11.67,7.54
2026-04-20 01:36:35,AD_4,5.89,10.22,5.87,9.39,11.67,7.72
2026-04-20 01:36:36,AD_4,6.01,10.19,5.81,9.4,11.74,7.62
2026-04-20 01:36:36,AD_4,5.85,10.19,5.83,9.4,11.7,7.54
2026-04-20 01:36:36,AD_4,5.87,10.22,5.85,9.38,11.77,7.47
2026-04-20 01:36:37,AD_4,6.13,10.24,5.9,9.39,11.68,7.56
2026-04-20 01:37:00,BC_1,5.5,11.85,6.82,8.46,12.14,5.8
2026-04-20 01:37:00,BC_1,5.41,11.46,6.9,8.28,12.14,5.74
2026-04-20 01:37:01,BC_1,5.39,11.54,6.89,8.24,12.16,5.71
2026-04-20 01:37:01,BC_1,5.47,12.02,6.94,8.25,12.07,5.78
2026-04-20 01:37:02,BC_1,5.53,11.6,6.78,8.31,12.01,5.79
2026-04-20 01:37:02,BC_1,5.56,11.48,6.73,8.26,11.84,5.8
2026-04-20 01:37:03,BC_1,5.47,11.73,6.83,8.26,11.96,5.83
2026-04-20 01:37:03,BC_1,5.43,11.47,6.64,8.25,11.9,5.81
2026-04-20 01:37:03,BC_1,5.39,11.61,6.88,8.25,12.07,5.82
2026-04-20 01:37:04,BC_1,5.42,11.42,6.55,8.28,11.52,5.83
2026-04-20 01:37:04,BC_1,5.59,11.55,6.78,8.26,12.07,5.86
2026-04-20 01:37:04,BC_1,5.41,11.39,6.71,8.27,11.78,5.89
2026-04-20 01:37:05,BC_1,5.45,11.17,6.56,8.22,12.0,5.88
2026-04-20 01:37:05,BC_1,5.51,11.41,6.68,8.22,12.33,5.89
2026-04-20 01:37:06,BC_1,5.59,11.25,6.6,8.23,12.12,5.94
2026-04-20 01:37:06,BC_1,5.48,11.12,6.77,8.27,12.22,6.02
2026-04-20 01:37:06,BC_1,5.4,11.27,6.49,8.21,12.12,5.97
2026-04-20 01:37:07,BC_1,5.47,11.28,6.52,8.25,12.07,6.02
2026-04-20 01:37:07,BC_1,5.37,11.14,6.32,8.29,12.24,5.95
2026-04-20 01:37:08,BC_1,5.61,11.22,6.47,8.27,12.06,5.95
2026-04-20 01:37:08,BC_1,5.7,11.16,6.45,8.24,12.35,5.9
2026-04-20 01:37:08,BC_1,5.43,11.09,6.47,8.28,12.15,6.01
2026-04-20 01:37:09,BC_1,5.52,10.81,6.11,8.23,12.24,5.98
2026-04-20 01:37:09,BC_1,5.54,11.1,6.35,8.23,12.27,5.95
2026-04-20 01:37:10,BC_1,5.4,11.11,6.34,8.24,12.11,5.95
2026-04-20 01:37:10,BC_1,5.41,11.05,6.36,8.22,12.43,6.06
2026-04-20 01:37:10,BC_1,5.43,10.76,6.16,8.27,12.09,6.0
2026-04-20 01:37:11,BC_1,5.41,10.97,6.2,8.23,12.12,5.95
2026-04-20 01:37:11,BC_1,5.39,11.05,6.07,8.23,12.09,6.06
2026-04-20 01:37:12,BC_1,5.4,11.03,6.29,8.2,12.07,6.03
2026-04-20 01:37:12,BC_1,5.49,10.93,6.01,8.27,12.09,5.99
2026-04-20 01:37:12,BC_1,5.36,10.71,6.09,8.24,12.21,5.96
2026-04-20 01:37:13,BC_1,5.36,10.96,6.25,8.26,12.06,5.92
2026-04-20 01:37:13,BC_1,5.45,11.02,6.26,8.23,12.3,6.07
2026-04-20 01:37:14,BC_1,5.46,10.92,6.02,8.24,12.18,6.0
2026-04-20 01:37:14,BC_1,5.35,10.91,5.99,8.25,12.1,5.94
2026-04-20 01:37:14,BC_1,5.39,10.73,6.01,8.2,12.13,5.95
2026-04-20 01:37:15,BC_1,5.4,10.91,5.96,8.26,12.14,6.05
2026-04-20 01:37:15,BC_1,5.36,10.86,5.99,8.24,12.18,6.01
2026-04-20 01:37:16,BC_1,5.46,10.91,6.1,8.25,12.17,5.97
2026-04-20 01:37:16,BC_1,5.49,10.91,6.14,8.23,12.23,5.96
2026-04-20 01:37:16,BC_1,5.52,10.88,6.2,8.21,12.21,6.11
2026-04-20 01:37:17,BC_1,5.4,10.86,6.09,8.28,12.12,6.11
2026-04-20 01:37:17,BC_1,5.44,10.8,5.93,8.22,12.08,6.04
2026-04-20 01:37:18,BC_1,5.43,10.86,5.95,8.22,12.15,5.99
2026-04-20 01:37:18,BC_1,5.37,10.87,6.06,8.25,12.1,6.14
2026-04-20 01:37:18,BC_1,5.43,10.86,5.7,8.22,12.03,6.03
2026-04-20 01:37:19,BC_1,5.35,10.82,6.01,8.21,12.09,5.97
2026-04-20 01:37:19,BC_1,5.35,10.88,6.07,8.22,12.09,5.98
2026-04-20 01:37:20,BC_1,5.38,10.87,6.02,8.22,12.12,6.13
2026-04-20 01:37:20,BC_1,5.33,10.8,5.84,8.42,12.08,6.04
2026-04-20 01:37:20,BC_1,5.47,10.78,5.99,8.23,12.09,6.01
2026-04-20 01:37:21,BC_1,5.4,10.83,6.06,8.25,12.09,5.98
2026-04-20 01:37:21,BC_1,5.4,10.85,6.11,8.25,11.98,6.15
2026-04-20 01:37:21,BC_1,5.53,10.75,5.83,8.27,12.15,6.04
2026-04-20 01:37:22,BC_1,5.4,10.59,5.76,8.29,11.95,5.97
2026-04-20 01:37:22,BC_1,5.37,10.54,5.89,8.26,11.92,5.97
2026-04-20 01:37:23,BC_1,5.57,10.63,6.12,8.23,11.87,6.01
2026-04-20 01:37:23,BC_1,5.42,10.74,6.13,8.23,12.11,6.15
2026-04-20 01:37:23,BC_1,5.4,10.75,5.99,8.23,12.17,6.21
2026-04-20 01:37:24,BC_1,5.34,10.79,5.8,8.21,12.11,6.08
2026-04-20 01:37:24,BC_1,5.4,10.76,5.71,8.24,12.03,6.21
2026-04-20 01:37:25,BC_1,5.56,10.68,5.53,8.22,12.13,6.09
2026-04-20 01:37:25,BC_1,5.32,10.77,5.92,8.2,12.21,6.05
2026-04-20 01:37:25,BC_1,5.4,10.8,5.96,8.25,12.06,5.99
2026-04-20 01:37:26,BC_1,5.32,10.84,5.96,8.24,12.04,6.19
2026-04-20 01:37:26,BC_1,5.31,10.73,5.79,8.21,12.07,6.09
2026-04-20 01:37:27,BC_1,5.42,10.76,5.9,8.2,12.14,6.04
2026-04-20 01:37:27,BC_1,5.32,10.73,5.96,8.24,12.17,6.02
2026-04-20 01:37:27,BC_1,5.34,10.73,5.98,8.24,12.06,6.17
2026-04-20 01:37:28,BC_1,5.35,10.69,5.78,8.22,12.13,6.04
2026-04-20 01:37:28,BC_1,5.31,10.61,5.52,8.2,12.08,6.18
2026-04-20 01:37:29,BC_1,5.32,10.64,5.6,8.26,12.17,6.06
2026-04-20 01:37:29,BC_1,5.41,10.77,5.88,8.25,12.07,6.12
2026-04-20 01:37:29,BC_1,5.32,10.65,5.65,8.25,12.08,6.05
2026-04-20 01:37:30,BC_1,5.42,10.5,5.83,8.25,12.31,6.03
2026-04-20 01:37:30,BC_1,5.37,10.73,5.98,8.22,12.06,6.01
2026-04-20 01:37:31,BC_1,5.4,10.78,5.97,8.21,12.12,6.18
2026-04-20 01:37:31,BC_1,5.42,10.72,5.75,8.23,12.12,6.08
2026-04-20 01:37:31,BC_1,5.34,10.73,5.85,8.21,12.2,6.03
2026-04-20 01:37:32,BC_1,5.47,10.75,6.0,8.23,12.11,6.01
2026-04-20 01:37:32,BC_1,5.34,10.79,5.88,8.22,12.0,6.14
2026-04-20 01:37:33,BC_1,5.57,10.67,5.74,8.25,12.0,6.08
2026-04-20 01:37:33,BC_1,5.34,10.69,5.83,8.25,12.06,6.04
2026-04-20 01:37:33,BC_1,5.46,10.69,5.71,8.27,12.11,6.03
2026-04-20 01:37:34,BC_1,5.45,10.73,5.94,8.2,12.07,6.17
2026-04-20 01:37:34,BC_1,5.52,10.69,5.54,8.26,11.92,6.02
2026-04-20 01:37:35,BC_1,5.5,10.65,5.65,8.24,12.11,6.01
2026-04-20 01:37:35,BC_1,5.3,10.57,5.85,8.18,12.04,6.01
2026-04-20 01:37:35,BC_1,5.37,10.48,5.87,8.22,12.11,6.05
2026-04-20 01:37:36,BC_1,5.41,10.48,5.73,8.21,12.1,6.14
2026-04-20 01:37:36,BC_1,5.39,10.5,5.75,8.21,12.18,6.26
2026-04-20 01:37:37,BC_1,5.39,10.62,5.83,8.23,12.26,6.14
2026-04-20 01:37:37,BC_1,5.32,10.59,5.93,8.25,12.12,6.17
2026-04-20 01:37:37,BC_1,5.4,10.7,5.72,8.25,12.19,6.19
2026-04-20 01:37:38,BC_1,5.38,10.66,5.72,8.43,12.05,6.09
2026-04-20 01:37:38,BC_1,5.29,10.5,5.88,8.28,12.15,6.02
2026-04-20 01:37:39,BC_1,5.37,10.7,5.87,8.24,12.12,6.18
2026-04-20 01:37:39,BC_1,5.38,10.57,5.73,8.27,12.05,6.11
2026-04-20 01:37:39,BC_1,5.31,10.71,5.82,8.25,12.09,6.06
2026-04-20 01:37:40,BC_1,5.33,10.73,5.91,8.24,12.04,6.04
2026-04-20 01:37:40,BC_1,5.4,10.76,5.75,8.21,12.06,6.13
2026-04-20 01:37:40,BC_1,5.29,10.68,5.56,8.22,12.04,6.09
2026-04-20 01:37:41,BC_1,5.42,10.51,5.8,8.26,12.07,6.02
2026-04-20 01:37:41,BC_1,5.54,10.72,5.58,8.27,12.11,6.03
2026-04-20 01:37:42,BC_1,5.39,10.7,5.86,8.23,12.14,6.2
2026-04-20 01:37:42,BC_1,5.32,10.55,5.82,8.17,12.19,6.23
2026-04-20 01:37:42,BC_1,5.35,10.62,5.51,8.26,12.06,6.17
2026-04-20 01:37:43,BC_1,5.85,10.5,5.67,8.23,12.08,6.09
2026-04-20 01:37:43,BC_1,5.36,10.73,5.91,8.21,12.1,6.3
2026-04-20 01:37:44,BC_1,5.4,10.52,5.62,8.2,12.15,6.2
2026-04-20 01:37:44,BC_1,5.33,10.37,5.48,8.21,12.04,6.21
2026-04-20 01:37:45,BC_1,5.46,10.53,5.91,8.21,12.0,6.12
2026-04-20 01:37:45,BC_1,5.33,10.42,5.55,8.2,12.11,6.16
2026-04-20 01:37:45,BC_1,5.48,10.5,5.7,8.22,12.07,6.35
2026-04-20 01:37:46,BC_1,5.3,10.48,5.72,8.33,12.05,6.19
2026-04-20 01:37:46,BC_1,5.35,10.65,5.81,8.24,12.04,6.24
2026-04-20 01:37:47,BC_1,5.36,10.43,5.61,8.32,12.08,6.27
2026-04-20 01:37:47,BC_1,5.45,10.5,5.53,8.3,12.02,6.25
2026-04-20 01:37:47,BC_1,5.4,10.54,5.67,8.26,12.04,6.19
2026-04-20 01:37:48,BC_1,5.44,10.69,5.69,8.23,12.1,6.16
2026-04-20 01:37:48,BC_1,5.35,10.69,5.8,8.21,12.11,6.32
2026-04-20 01:37:49,BC_1,5.41,10.4,5.59,8.36,12.05,6.24
2026-04-20 01:37:49,BC_1,5.37,10.52,5.61,8.23,12.08,6.19
2026-04-20 01:37:49,BC_1,5.35,10.71,5.8,8.24,11.89,6.16
2026-04-20 01:37:50,BC_1,5.39,10.36,5.67,8.23,12.17,6.1
2026-04-20 01:37:50,BC_1,5.38,10.68,5.66,8.22,12.22,6.13
2026-04-20 01:37:51,BC_1,5.31,10.47,5.8,8.2,12.2,6.14
2026-04-20 01:37:51,BC_1,5.43,10.57,5.58,8.2,12.05,6.12
2026-04-20 01:37:51,BC_1,5.41,10.43,5.61,8.22,12.05,6.09
2026-04-20 01:37:52,BC_1,5.47,10.47,5.66,8.25,12.1,6.23
2026-04-20 01:37:52,BC_1,5.59,10.66,5.61,8.24,12.13,6.22
2026-04-20 01:37:53,BC_1,5.56,10.68,5.81,8.25,12.09,6.21
2026-04-20 01:37:53,BC_1,5.55,10.68,5.67,8.25,12.08,6.16
2026-04-20 01:37:53,BC_1,5.46,10.64,5.75,8.25,12.13,6.11
2026-04-20 01:37:54,BC_1,5.34,10.7,5.85,8.29,12.06,6.09
2026-04-20 01:37:54,BC_1,5.29,10.73,5.83,8.24,12.17,6.13
2026-04-20 01:37:55,BC_1,5.5,10.65,5.76,8.29,12.14,6.07
2026-04-20 01:37:55,BC_1,5.38,10.66,5.66,8.25,12.11,6.04
2026-04-20 01:37:55,BC_1,5.32,10.52,5.85,8.21,12.1,6.02
2026-04-20 01:37:56,BC_1,5.34,10.69,5.84,8.21,12.14,6.03
2026-04-20 01:37:56,BC_1,5.57,10.66,5.82,8.22,12.04,6.02
2026-04-20 01:37:57,BC_1,5.33,10.7,5.87,8.22,12.12,6.02
2026-04-20 01:37:57,BC_1,5.35,10.66,5.86,8.29,12.2,5.98
2026-04-20 01:37:57,BC_1,5.33,10.56,5.77,8.26,11.91,6.03
2026-04-20 01:37:58,BC_1,5.4,10.66,5.53,8.22,12.04,6.17
2026-04-20 01:37:58,BC_1,5.34,10.53,5.71,8.43,12.12,6.18
2026-04-20 01:37:59,BC_1,5.38,10.49,5.92,8.27,12.09,6.15
2026-04-20 01:37:59,BC_1,5.31,10.68,5.93,8.25,12.11,6.1
2026-04-20 01:37:59,BC_1,5.39,10.54,5.93,8.27,12.14,6.05
2026-04-20 01:38:00,BC_1,5.36,10.68,5.9,8.25,12.14,6.05
2026-04-20 01:38:00,BC_1,5.47,10.65,5.87,8.21,12.07,6.03
2026-04-20 01:38:01,BC_1,5.35,10.5,5.93,8.26,12.14,6.08
2026-04-20 01:38:01,BC_1,5.49,10.44,5.78,8.5,12.09,6.04
2026-04-20 01:38:01,BC_1,5.31,10.82,5.88,8.52,12.16,6.02
2026-04-20 01:38:02,BC_1,5.31,10.68,5.92,8.26,12.13,6.03
2026-04-20 01:38:02,BC_1,5.32,10.65,5.92,8.22,12.03,6.01
2026-04-20 01:38:03,BC_1,5.33,10.64,5.73,8.27,12.12,6.04
2026-04-20 01:38:03,BC_1,5.46,10.64,5.87,8.24,12.16,6.01
2026-04-20 01:38:03,BC_1,5.45,10.56,5.85,8.25,12.09,5.97
2026-04-20 01:38:04,BC_1,5.36,10.95,5.96,8.24,12.12,6.07
2026-04-20 01:38:04,BC_1,5.34,10.48,5.81,8.23,11.83,6.02
2026-04-20 01:38:05,BC_1,5.49,10.58,5.83,8.23,12.12,6.02
2026-04-20 01:38:05,BC_1,5.33,10.68,5.85,8.26,12.09,6.0
2026-04-20 01:38:05,BC_1,5.37,10.57,5.88,8.26,12.1,6.06
2026-04-20 01:38:06,BC_1,5.3,10.48,5.85,8.24,12.21,6.01
2026-04-20 01:38:06,BC_1,5.4,10.55,5.94,8.26,12.17,5.96
2026-04-20 01:38:07,BC_1,5.39,10.7,5.89,8.24,12.07,6.0
2026-04-20 01:38:07,BC_1,5.34,10.67,5.92,8.26,12.11,6.03
2026-04-20 01:38:07,BC_1,5.42,10.48,5.54,8.19,12.0,6.02
2026-04-20 01:38:08,BC_1,5.3,10.53,5.96,8.23,12.06,5.99
2026-04-20 01:38:08,BC_1,5.43,10.56,5.9,8.2,12.13,5.95
2026-04-20 01:38:08,BC_1,5.37,10.71,5.67,8.23,12.01,6.05
2026-04-20 01:38:09,BC_1,5.39,10.56,5.68,8.18,12.1,6.12
2026-04-20 01:38:09,BC_1,5.44,10.71,5.8,8.24,11.9,6.09
2026-04-20 01:38:10,BC_1,5.43,10.45,5.89,8.25,12.05,6.07
2026-04-20 01:38:10,BC_1,5.35,10.4,5.95,8.22,12.04,6.05
2026-04-20 01:38:11,BC_1,5.35,10.52,5.88,8.26,12.05,6.13
2026-04-20 01:38:11,BC_1,5.36,10.43,5.68,8.21,12.07,6.23
2026-04-20 01:38:11,BC_1,5.36,10.45,5.77,8.22,11.9,6.14
2026-04-20 01:38:12,BC_1,5.37,10.53,5.63,8.29,11.57,6.12
2026-04-20 01:38:12,BC_1,5.36,10.29,5.7,8.25,11.91,6.17
2026-04-20 01:38:13,BC_1,5.39,10.39,5.76,8.2,11.79,6.17
2026-04-20 01:38:13,BC_1,5.39,10.53,5.7,8.28,12.08,6.04
2026-04-20 01:38:13,BC_1,5.43,10.53,5.8,8.2,12.13,6.1
2026-04-20 01:38:14,BC_1,5.35,10.63,5.84,8.2,11.98,6.0
2026-04-20 01:38:14,BC_1,5.32,10.63,5.62,8.27,12.12,6.06
2026-04-20 01:38:15,BC_1,5.32,10.78,5.8,8.24,12.07,6.15
2026-04-20 01:38:15,BC_1,5.31,10.55,5.82,8.29,11.96,6.15
2026-04-20 01:38:15,BC_1,5.45,10.41,5.69,8.19,12.1,6.07
2026-04-20 01:38:16,BC_1,5.57,10.47,5.79,8.22,12.07,6.03
2026-04-20 01:38:16,BC_1,5.53,10.61,5.61,8.2,12.1,6.01
2026-04-20 01:38:17,BC_1,5.52,10.69,5.93,8.22,12.07,6.2
2026-04-20 01:38:17,BC_1,5.37,10.59,5.44,8.25,12.04,6.09
2026-04-20 01:38:17,BC_1,5.4,10.63,5.89,8.2,12.0,6.17
2026-04-20 01:38:18,BC_1,5.33,10.65,5.71,8.22,12.06,6.1
2026-04-20 01:38:18,BC_1,5.49,10.64,5.78,8.24,11.98,6.24
2026-04-20 01:38:19,BC_1,5.37,10.58,5.62,8.2,12.11,6.08
2026-04-20 01:38:19,BC_1,5.35,10.63,5.59,8.21,12.06,6.06
2026-04-20 01:38:19,BC_1,5.35,10.38,5.67,8.24,12.09,6.04
2026-04-20 01:38:28,BC_2,6.49,12.12,6.25,7.63,12.17,6.22
2026-04-20 01:38:28,BC_2,6.38,12.12,6.29,7.63,12.12,6.21
2026-04-20 01:38:29,BC_2,6.38,12.02,6.35,7.61,12.11,6.26
2026-04-20 01:38:29,BC_2,6.42,11.98,6.31,7.65,12.13,6.35
2026-04-20 01:38:30,BC_2,6.3,11.83,6.26,7.63,12.14,6.39
2026-04-20 01:38:30,BC_2,6.29,11.82,6.25,7.61,12.16,6.39
2026-04-20 01:38:30,BC_2,6.37,11.7,6.28,7.61,12.14,6.41
2026-04-20 01:38:31,BC_2,6.33,11.61,6.25,7.59,12.13,6.55
2026-04-20 01:38:31,BC_2,6.35,11.51,6.28,7.56,11.7,6.55
2026-04-20 01:38:32,BC_2,6.4,11.31,6.33,7.63,12.02,6.5
2026-04-20 01:38:32,BC_2,6.39,10.98,6.24,7.59,11.99,6.48
2026-04-20 01:38:32,BC_2,6.49,11.09,6.3,7.6,11.74,6.47
2026-04-20 01:38:33,BC_2,6.35,11.09,6.29,7.55,11.79,6.46
2026-04-20 01:38:33,BC_2,6.43,11.12,6.29,7.62,11.73,6.47
2026-04-20 01:38:34,BC_2,6.32,10.88,6.31,7.62,11.88,6.51
2026-04-20 01:38:34,BC_2,6.37,11.05,6.22,7.63,11.88,6.54
2026-04-20 01:38:34,BC_2,6.42,10.98,6.32,7.64,12.05,6.54
2026-04-20 01:38:35,BC_2,6.41,10.93,6.22,7.58,11.95,6.54
2026-04-20 01:38:35,BC_2,6.41,11.02,6.42,7.61,11.44,6.42
2026-04-20 01:38:36,BC_2,6.39,10.99,6.28,7.59,11.63,6.57
2026-04-20 01:38:36,BC_2,6.37,11.08,6.26,7.59,11.69,6.5
2026-04-20 01:38:36,BC_2,6.4,11.07,6.28,7.63,11.92,6.55
2026-04-20 01:38:37,BC_2,6.46,10.9,6.4,7.59,11.73,6.53
2026-04-20 01:38:37,BC_2,6.39,11.09,6.25,7.64,11.57,6.53
2026-04-20 01:38:38,BC_2,6.3,11.08,6.32,7.61,11.84,6.6
2026-04-20 01:38:38,BC_2,6.44,11.33,6.27,7.6,11.49,6.52
2026-04-20 01:38:38,BC_2,6.35,11.06,6.26,7.62,12.17,6.52
2026-04-20 01:38:39,BC_2,5.92,11.05,6.25,7.6,12.17,6.66
2026-04-20 01:38:39,BC_2,6.41,11.06,6.11,7.59,11.79,6.52
2026-04-20 01:38:39,BC_2,6.39,10.9,6.28,7.65,12.05,6.55
2026-04-20 01:38:40,BC_2,6.33,11.08,6.4,7.59,12.15,6.53
2026-04-20 01:38:40,BC_2,6.32,11.08,6.4,7.6,12.1,6.65
2026-04-20 01:38:41,BC_2,6.47,10.93,6.38,7.65,11.99,6.57
2026-04-20 01:38:41,BC_2,6.47,11.07,6.26,7.62,12.0,6.55
2026-04-20 01:38:41,BC_2,6.36,11.02,6.36,7.59,11.96,6.52
2026-04-20 01:38:42,BC_2,6.5,11.09,6.28,7.63,11.79,6.66
2026-04-20 01:38:42,BC_2,6.43,11.0,6.26,7.57,11.97,6.57
2026-04-20 01:38:43,BC_2,6.39,11.04,6.31,7.63,11.98,6.55
2026-04-20 01:38:43,BC_2,6.37,11.07,6.36,7.64,11.59,6.49
2026-04-20 01:38:43,BC_2,6.43,10.87,6.16,7.62,11.6,6.62
2026-04-20 01:38:44,BC_2,6.35,10.71,5.99,7.6,11.63,6.57
2026-04-20 01:38:44,BC_2,6.41,10.81,6.22,7.6,11.67,6.53
2026-04-20 01:38:45,BC_2,6.3,10.89,6.39,7.59,11.58,6.51
2026-04-20 01:38:45,BC_2,6.34,10.9,6.17,7.56,11.68,6.53
2026-04-20 01:38:45,BC_2,5.74,10.99,6.23,7.64,11.86,6.53
2026-04-20 01:38:46,BC_2,6.37,10.79,5.96,7.59,11.51,6.52
2026-04-20 01:38:46,BC_2,6.35,11.07,6.35,7.6,11.73,6.61
2026-04-20 01:38:47,BC_2,6.31,10.83,6.18,7.6,11.83,6.58
2026-04-20 01:38:47,BC_2,6.3,10.85,6.11,7.6,11.55,6.57
2026-04-20 01:38:47,BC_2,6.34,10.97,6.27,7.57,11.9,6.49
2026-04-20 01:38:48,BC_2,6.42,10.66,6.24,7.64,11.73,6.5
2026-04-20 01:38:48,BC_2,6.32,11.06,6.32,7.58,11.72,6.59
2026-04-20 01:38:49,BC_2,6.31,10.85,5.98,7.6,11.58,6.64
2026-04-20 01:38:49,BC_2,6.37,11.07,6.17,7.6,11.72,6.63
2026-04-20 01:38:49,BC_2,6.33,11.06,6.29,7.56,11.77,6.57
2026-04-20 01:38:50,BC_2,6.36,11.0,6.33,7.55,12.09,6.74
2026-04-20 01:38:50,BC_2,6.33,10.71,6.21,7.6,11.64,6.59
2026-04-20 01:38:51,BC_2,6.37,10.88,6.27,7.56,11.91,6.5
2026-04-20 01:38:51,BC_2,6.4,11.0,6.25,7.57,11.73,6.54
2026-04-20 01:38:51,BC_2,6.49,10.94,6.25,7.6,12.08,6.68
2026-04-20 01:38:52,BC_2,6.43,10.84,6.24,7.58,11.71,6.59
2026-04-20 01:38:52,BC_2,6.32,11.02,6.28,7.59,11.63,6.55
2026-04-20 01:38:53,BC_2,6.36,10.88,6.34,7.59,12.04,6.49
2026-04-20 01:38:53,BC_2,6.34,10.98,6.31,7.67,11.85,6.68
2026-04-20 01:38:53,BC_2,6.36,10.96,6.25,7.52,11.46,6.57
2026-04-20 01:38:54,BC_2,6.36,10.93,6.3,7.69,11.97,6.56
2026-04-20 01:38:54,BC_2,6.32,11.0,6.29,7.54,11.61,6.52
2026-04-20 01:38:55,BC_2,6.36,10.99,6.19,7.62,11.46,6.65
2026-04-20 01:38:55,BC_2,6.33,10.88,5.94,7.63,11.71,6.52
2026-04-20 01:38:55,BC_2,6.32,10.78,6.2,7.6,11.7,6.65
2026-04-20 01:38:56,BC_2,6.33,11.02,6.24,7.62,11.48,6.63
2026-04-20 01:38:56,BC_2,6.51,10.82,6.16,7.62,11.63,6.72
2026-04-20 01:38:57,BC_2,6.33,10.86,6.25,7.58,11.55,6.57
2026-04-20 01:38:57,BC_2,6.31,10.76,6.01,7.61,11.62,6.56
2026-04-20 01:38:57,BC_2,6.35,11.06,6.26,7.53,11.62,6.5
2026-04-20 01:38:58,BC_2,6.33,10.83,6.21,7.59,11.61,6.65
2026-04-20 01:38:58,BC_2,6.36,11.06,6.23,7.64,11.44,6.48
2026-04-20 01:38:59,BC_2,6.26,10.77,5.94,7.57,11.63,6.56
2026-04-20 01:38:59,BC_2,6.29,10.77,6.0,7.6,11.6,6.51
2026-04-20 01:38:59,BC_2,6.29,10.85,6.31,7.6,11.9,6.54
2026-04-20 01:39:00,BC_2,6.33,10.78,6.19,7.57,11.78,6.57
2026-04-20 01:39:00,BC_2,6.35,10.99,6.27,7.6,11.98,6.46
2026-04-20 01:39:01,BC_2,6.32,10.89,6.28,7.59,11.45,6.53
2026-04-20 01:39:01,BC_2,6.31,10.93,6.25,7.59,11.37,6.63
2026-04-20 01:39:01,BC_2,6.43,10.86,6.06,7.61,12.04,6.69
2026-04-20 01:39:02,BC_2,6.36,10.89,6.13,7.57,11.85,6.61
2026-04-20 01:39:02,BC_2,6.48,11.0,6.26,7.58,11.32,6.47
2026-04-20 01:39:03,BC_2,6.31,10.98,6.24,7.57,12.04,6.69
2026-04-20 01:39:03,BC_2,6.33,10.77,6.19,7.64,11.65,6.6
2026-04-20 01:39:03,BC_2,6.28,10.95,6.32,7.61,11.66,6.56
2026-04-20 01:39:04,BC_2,6.38,11.0,6.28,7.63,11.83,6.54
2026-04-20 01:39:04,BC_2,6.3,10.72,6.26,7.61,12.02,6.58
2026-04-20 01:39:05,BC_2,6.48,10.77,6.26,7.58,11.53,6.56
2026-04-20 01:39:05,BC_2,6.36,10.96,6.3,7.55,11.89,6.48
2026-04-20 01:39:05,BC_2,6.38,10.99,6.07,7.59,11.46,6.51
2026-04-20 01:39:06,BC_2,6.34,10.97,6.31,7.65,11.88,6.56
2026-04-20 01:39:06,BC_2,6.35,10.8,6.23,7.57,11.5,6.5
2026-04-20 01:39:07,BC_2,6.33,10.78,6.33,7.59,11.8,6.5
2026-04-20 01:39:07,BC_2,6.36,10.98,6.34,7.58,11.7,6.44
2026-04-20 01:39:07,BC_2,6.34,10.94,6.09,7.63,11.64,6.57
2026-04-20 01:39:08,BC_2,6.31,10.94,6.27,7.61,11.74,6.57
2026-04-20 01:39:08,BC_2,6.48,10.98,6.01,7.63,11.9,6.53
2026-04-20 01:39:08,BC_2,6.38,11.03,6.41,7.58,11.92,6.52
2026-04-20 01:39:09,BC_2,6.37,10.95,6.26,7.8,11.94,6.63
2026-04-20 01:39:09,BC_2,6.3,10.86,6.21,7.69,11.59,6.74
2026-04-20 01:39:10,BC_2,6.32,10.88,6.1,7.58,11.87,6.63
2026-04-20 01:39:10,BC_2,6.32,11.0,6.28,7.55,11.86,6.55
2026-04-20 01:39:10,BC_2,6.46,10.76,6.17,7.59,12.04,6.75
2026-04-20 01:39:11,BC_2,6.4,10.95,5.93,7.58,11.66,6.6
2026-04-20 01:39:11,BC_2,6.29,10.81,6.26,7.57,11.87,6.58
2026-04-20 01:39:12,BC_2,6.28,10.97,6.28,7.65,11.68,6.56
2026-04-20 01:39:12,BC_2,6.3,10.99,6.34,7.59,12.03,6.72
2026-04-20 01:39:12,BC_2,6.15,11.13,6.06,7.57,11.47,6.56
2026-04-20 01:39:13,BC_2,6.33,10.73,6.05,7.61,11.95,6.56
2026-04-20 01:39:13,BC_2,6.45,10.87,6.26,7.63,11.92,6.55
2026-04-20 01:39:14,BC_2,6.3,10.96,6.17,7.73,11.81,6.73
2026-04-20 01:39:14,BC_2,6.52,10.82,6.14,7.59,11.43,6.62
2026-04-20 01:39:14,BC_2,6.4,10.92,6.26,7.57,11.9,6.56
2026-04-20 01:39:15,BC_2,6.34,11.0,6.3,7.55,11.88,6.55
2026-04-20 01:39:15,BC_2,6.4,10.9,6.16,7.55,11.97,6.71
2026-04-20 01:39:16,BC_2,6.44,10.9,6.12,7.58,11.83,6.6
2026-04-20 01:39:16,BC_2,6.34,10.96,6.25,7.6,11.86,6.57
2026-04-20 01:39:16,BC_2,6.31,10.94,6.33,7.59,12.01,6.54
2026-04-20 01:39:17,BC_2,6.3,11.01,6.32,7.62,12.0,6.67
2026-04-20 01:39:17,BC_2,6.3,10.94,5.82,7.58,11.8,6.61
2026-04-20 01:39:18,BC_2,6.3,10.99,6.23,7.57,11.82,6.56
2026-04-20 01:39:18,BC_2,6.47,10.91,6.32,7.58,11.21,6.53
2026-04-20 01:39:18,BC_2,6.34,10.94,6.11,7.6,12.04,6.57
2026-04-20 01:39:19,BC_2,6.37,10.82,6.32,7.59,12.05,6.58
2026-04-20 01:39:19,BC_2,6.28,10.88,6.32,7.58,11.73,6.54
2026-04-20 01:39:20,BC_2,6.31,10.98,6.26,7.61,11.97,6.53
2026-04-20 01:39:20,BC_2,6.28,10.95,6.1,7.64,12.04,6.69
2026-04-20 01:39:20,BC_2,6.36,10.93,6.08,7.56,12.0,6.69
2026-04-20 01:39:21,BC_2,6.28,10.83,6.1,7.61,11.82,6.59
2026-04-20 01:39:21,BC_2,6.31,11.0,6.25,7.58,11.89,6.49
2026-04-20 01:39:22,BC_2,6.35,10.93,6.23,7.57,11.87,6.63
2026-04-20 01:39:22,BC_2,6.36,10.88,6.13,7.59,11.46,6.58
2026-04-20 01:39:22,BC_2,6.45,10.97,6.06,7.59,11.86,6.54
2026-04-20 01:39:23,BC_2,6.37,10.94,6.31,7.57,11.9,6.51
2026-04-20 01:39:23,BC_2,6.39,10.92,6.16,7.56,11.82,6.71
2026-04-20 01:39:23,BC_2,6.32,10.89,6.12,7.59,11.33,6.57
2026-04-20 01:39:24,BC_2,6.31,10.69,6.23,7.58,11.71,6.55
2026-04-20 01:39:24,BC_2,6.44,10.87,6.12,7.56,12.01,6.53
2026-04-20 01:39:25,BC_2,6.34,10.96,6.21,7.61,11.74,6.74
2026-04-20 01:39:25,BC_2,6.35,10.81,6.16,7.59,11.76,6.61
2026-04-20 01:39:25,BC_2,6.37,10.88,6.18,7.55,11.83,6.58
2026-04-20 01:39:26,BC_2,6.33,10.96,6.31,7.59,11.91,6.54
2026-04-20 01:39:26,BC_2,6.3,10.95,6.23,7.57,12.01,6.73
2026-04-20 01:39:27,BC_2,6.41,10.84,6.1,7.53,11.84,6.62
2026-04-20 01:39:27,BC_2,6.69,10.95,6.21,7.56,11.81,6.55
2026-04-20 01:39:27,BC_2,6.54,10.86,6.27,7.56,11.9,6.55
2026-04-20 01:39:28,BC_2,6.38,10.91,6.29,7.63,12.09,6.7
2026-04-20 01:39:28,BC_2,6.32,10.79,5.98,7.62,11.47,6.61
2026-04-20 01:39:29,BC_2,6.32,10.68,6.2,7.57,11.94,6.57
2026-04-20 01:39:29,BC_2,6.58,10.97,6.39,7.61,11.94,6.56
2026-04-20 01:39:29,BC_2,6.34,10.87,6.28,7.62,11.09,6.58
2026-04-20 01:39:30,BC_2,6.4,10.76,6.18,7.61,11.65,6.67
2026-04-20 01:39:30,BC_2,6.3,10.87,5.92,7.57,11.51,6.68
2026-04-20 01:39:31,BC_2,6.41,10.7,6.15,7.6,11.7,6.61
2026-04-20 01:39:31,BC_2,6.3,10.78,6.03,7.58,11.63,6.67
2026-04-20 01:39:31,BC_2,6.42,10.74,6.24,7.6,11.34,6.54
2026-04-20 01:39:32,BC_2,6.29,10.71,6.14,7.6,11.52,6.58
2026-04-20 01:39:32,BC_2,6.34,10.55,6.19,7.57,11.7,6.55
2026-04-20 01:39:33,BC_2,6.37,10.9,6.23,7.56,11.84,6.61
2026-04-20 01:39:33,BC_2,6.41,10.81,6.23,7.6,11.63,6.5
2026-04-20 01:39:33,BC_2,6.35,10.73,6.27,7.7,11.64,6.51
2026-04-20 01:39:34,BC_2,6.37,10.8,6.44,7.58,12.12,6.56
2026-04-20 01:39:34,BC_2,6.38,10.93,6.11,7.56,11.72,6.71
2026-04-20 01:39:35,BC_2,6.35,10.88,6.27,7.57,11.96,6.6
2026-04-20 01:39:35,BC_2,6.32,10.84,6.29,7.64,11.89,6.56
2026-04-20 01:39:35,BC_2,6.28,10.92,6.27,7.53,11.99,6.53
2026-04-20 01:39:36,BC_2,6.35,10.98,6.35,7.73,12.07,6.72
2026-04-20 01:39:36,BC_2,6.34,10.86,6.09,7.59,11.69,6.6
2026-04-20 01:39:37,BC_2,6.31,10.92,6.26,7.61,11.86,6.48
2026-04-20 01:39:37,BC_2,6.33,10.94,6.31,7.59,11.96,6.53
2026-04-20 01:39:37,BC_2,6.29,10.91,6.25,7.6,12.11,6.69
2026-04-20 01:39:38,BC_2,6.29,10.82,6.1,7.64,11.97,6.55
2026-04-20 01:39:38,BC_2,6.33,10.94,6.27,7.62,11.54,6.56
2026-04-20 01:39:39,BC_2,6.29,10.96,6.23,7.6,11.97,6.49
2026-04-20 01:39:39,BC_2,6.31,10.75,6.09,7.58,11.72,6.61
2026-04-20 01:39:39,BC_2,6.38,10.79,5.97,7.56,11.22,6.75
2026-04-20 01:39:40,BC_2,6.34,10.77,6.05,7.59,11.71,6.76
2026-04-20 01:39:40,BC_2,6.4,10.83,5.99,7.58,11.76,6.55
2026-04-20 01:39:40,BC_2,6.32,10.64,6.05,7.57,11.46,6.65
2026-04-20 01:39:41,BC_2,6.42,10.8,6.28,7.58,11.85,6.62
2026-04-20 01:39:41,BC_2,6.49,10.83,5.99,7.61,11.41,6.76
2026-04-20 01:39:42,BC_2,6.29,10.72,6.01,7.61,11.16,6.68
2026-04-20 01:39:42,BC_2,6.39,10.75,6.12,7.61,11.75,6.53
2026-04-20 01:39:42,BC_2,6.4,10.89,6.24,7.59,11.53,6.53
2026-04-20 01:39:43,BC_2,6.33,10.64,6.23,7.56,11.98,6.52
2026-04-20 01:39:43,BC_2,6.32,10.76,6.05,7.58,11.76,6.67
2026-04-20 01:39:44,BC_2,6.36,10.87,6.19,7.56,11.98,6.56
2026-04-20 01:39:44,BC_2,6.15,10.92,6.29,7.56,12.07,6.58
2026-04-20 01:39:44,BC_2,6.39,10.77,6.34,7.61,12.11,6.59
2026-04-20 01:39:45,BC_2,6.35,10.94,6.23,7.58,12.08,6.54
2026-04-20 01:39:45,BC_2,6.42,10.97,6.3,7.59,12.07,6.73
2026-04-20 01:39:46,BC_2,6.3,10.74,6.16,7.57,11.96,6.59
2026-04-20 01:39:46,BC_2,6.28,10.93,6.25,7.61,11.96,6.56
2026-04-20 01:39:46,BC_2,6.29,10.91,6.21,7.71,11.93,6.54
2026-04-20 01:39:47,BC_2,6.36,10.97,6.33,7.58,12.13,6.71
2026-04-20 01:40:10,BC_3,5.68,12.02,6.07,9.23,12.08,6.75
2026-04-20 01:40:10,BC_3,5.65,11.56,6.12,9.17,12.07,6.73
2026-04-20 01:40:10,BC_3,5.76,11.77,6.15,9.22,12.14,6.7
2026-04-20 01:40:11,BC_3,5.67,11.67,6.05,9.24,12.1,6.7
2026-04-20 01:40:11,BC_3,5.71,11.66,6.09,9.13,12.11,6.71
2026-04-20 01:40:12,BC_3,5.72,11.66,6.1,9.17,12.12,6.73
2026-04-20 01:40:12,BC_3,5.71,11.69,6.25,9.15,12.06,6.76
2026-04-20 01:40:12,BC_3,5.69,11.33,6.18,9.14,12.11,6.78
2026-04-20 01:40:13,BC_3,5.64,11.51,6.05,9.14,12.16,6.81
2026-04-20 01:40:13,BC_3,5.69,11.45,6.08,9.13,12.19,6.91
2026-04-20 01:40:14,BC_3,5.67,11.51,6.08,9.15,12.17,6.93
2026-04-20 01:40:14,BC_3,5.62,11.44,6.16,9.3,12.04,6.9
2026-04-20 01:40:14,BC_3,5.86,11.14,6.08,9.17,12.17,6.93
2026-04-20 01:40:15,BC_3,5.67,11.3,6.09,9.17,12.16,6.92
2026-04-20 01:40:15,BC_3,5.69,11.26,6.05,9.14,12.06,6.93
2026-04-20 01:40:16,BC_3,5.66,10.98,6.09,9.14,12.14,6.92
2026-04-20 01:40:16,BC_3,5.71,11.14,6.12,9.11,12.16,6.95
2026-04-20 01:40:16,BC_3,5.81,10.84,6.06,9.15,12.11,6.92
2026-04-20 01:40:17,BC_3,5.62,10.86,6.36,9.11,12.09,6.99
2026-04-20 01:40:17,BC_3,5.63,10.89,6.06,9.16,12.11,7.05
2026-04-20 01:40:18,BC_3,5.66,10.8,6.06,9.18,12.13,7.0
2026-04-20 01:40:18,BC_3,5.59,10.98,6.09,9.16,12.08,7.04
2026-04-20 01:40:18,BC_3,5.61,10.97,6.32,9.14,12.1,7.01
2026-04-20 01:40:19,BC_3,5.64,10.96,6.14,9.14,12.07,7.07
2026-04-20 01:40:19,BC_3,5.62,10.92,6.11,9.14,12.13,7.02
2026-04-20 01:40:20,BC_3,5.6,10.95,6.05,9.12,12.16,7.01
2026-04-20 01:40:20,BC_3,5.63,10.94,6.29,9.11,12.14,7.0
2026-04-20 01:40:20,BC_3,5.69,10.87,6.17,9.14,12.12,7.0
2026-04-20 01:40:21,BC_3,5.61,10.75,6.02,9.16,12.17,6.99
2026-04-20 01:40:21,BC_3,5.6,10.7,6.16,9.13,12.21,6.97
2026-04-20 01:40:22,BC_3,5.66,10.89,6.08,9.14,12.11,7.02
2026-04-20 01:40:22,BC_3,5.65,10.86,6.06,9.17,12.25,6.99
2026-04-20 01:40:22,BC_3,5.79,10.64,6.15,9.17,12.11,6.98
2026-04-20 01:40:23,BC_3,5.59,10.86,6.15,9.2,12.19,6.97
2026-04-20 01:40:23,BC_3,5.82,10.61,6.08,9.17,12.06,6.98
2026-04-20 01:40:24,BC_3,5.73,10.63,6.06,9.14,12.13,7.0
2026-04-20 01:40:24,BC_3,5.63,10.84,6.08,9.17,12.1,6.97
2026-04-20 01:40:24,BC_3,5.61,10.67,6.16,9.32,12.12,6.97
2026-04-20 01:40:25,BC_3,5.63,10.86,6.08,9.13,12.09,6.97
2026-04-20 01:40:25,BC_3,5.55,10.78,6.1,9.17,12.12,6.94
2026-04-20 01:40:26,BC_3,5.57,10.81,6.09,9.19,12.06,6.97
2026-04-20 01:40:26,BC_3,5.6,10.8,6.07,9.14,12.13,6.98
2026-04-20 01:40:26,BC_3,5.63,10.83,6.1,9.2,12.1,7.02
2026-04-20 01:40:27,BC_3,5.59,10.57,6.12,9.12,12.17,6.99
2026-04-20 01:40:27,BC_3,5.61,10.77,6.07,9.17,12.11,6.99
2026-04-20 01:40:27,BC_3,5.62,10.76,6.03,9.14,12.09,6.98
2026-04-20 01:40:28,BC_3,5.82,10.81,6.09,9.1,12.2,6.91
2026-04-20 01:40:28,BC_3,5.58,10.42,6.18,9.14,12.11,6.98
2026-04-20 01:40:29,BC_3,5.77,10.72,6.08,9.16,12.11,7.04
2026-04-20 01:40:29,BC_3,5.69,10.48,6.15,9.15,12.1,6.96
2026-04-20 01:40:29,BC_3,5.58,10.77,6.08,9.15,12.07,7.02
2026-04-20 01:40:30,BC_3,5.63,10.5,6.09,9.14,12.24,7.06
2026-04-20 01:40:30,BC_3,5.61,10.55,6.09,9.15,12.1,6.99
2026-04-20 01:40:31,BC_3,5.55,10.55,6.1,9.17,12.12,6.99
2026-04-20 01:40:31,BC_3,5.6,10.39,6.27,9.13,12.13,6.96
2026-04-20 01:40:31,BC_3,5.64,10.66,6.06,9.14,12.11,6.99
2026-04-20 01:40:32,BC_3,5.62,10.74,6.08,9.2,12.12,6.98
2026-04-20 01:40:32,BC_3,5.67,10.55,6.03,9.15,12.07,7.1
2026-04-20 01:40:33,BC_3,5.55,10.73,6.09,9.13,12.21,7.07
2026-04-20 01:40:33,BC_3,5.57,10.55,6.05,9.17,12.07,7.21
2026-04-20 01:40:34,BC_3,5.77,10.67,6.12,9.24,12.18,7.1
2026-04-20 01:40:34,BC_3,5.71,10.37,6.09,9.14,12.09,7.07
2026-04-20 01:40:34,BC_3,5.63,10.73,6.04,9.08,12.21,7.05
2026-04-20 01:40:35,BC_3,5.71,10.62,6.13,9.13,12.1,7.07
2026-04-20 01:40:35,BC_3,5.56,10.7,6.2,9.13,12.09,7.04
2026-04-20 01:40:35,BC_3,5.61,10.61,6.1,9.1,12.02,7.03
2026-04-20 01:40:36,BC_3,5.59,10.64,6.11,9.12,12.16,7.02
2026-04-20 01:40:36,BC_3,5.6,10.42,6.06,9.17,12.18,7.06
2026-04-20 01:40:37,BC_3,5.85,10.72,6.13,9.17,12.11,7.03
2026-04-20 01:40:37,BC_3,5.57,10.71,6.1,9.09,12.04,7.03
2026-04-20 01:40:37,BC_3,5.64,10.71,6.11,9.13,12.32,7.08
2026-04-20 01:40:38,BC_3,5.58,10.6,6.08,9.2,12.13,7.05
2026-04-20 01:40:38,BC_3,5.65,10.46,6.13,9.15,12.21,7.0
2026-04-20 01:40:39,BC_3,5.58,10.64,6.13,9.15,12.18,6.92
2026-04-20 01:40:39,BC_3,5.63,10.7,6.13,9.12,12.16,6.95
2026-04-20 01:40:39,BC_3,5.66,10.52,6.12,9.14,12.06,6.98
2026-04-20 01:40:40,BC_3,5.61,10.46,6.17,9.15,12.13,7.0
2026-04-20 01:40:40,BC_3,5.67,10.48,6.24,9.13,12.14,7.02
2026-04-20 01:40:41,BC_3,6.03,10.49,6.11,9.16,12.1,7.04
2026-04-20 01:40:41,BC_3,5.55,10.66,6.11,9.12,12.12,7.1
2026-04-20 01:40:41,BC_3,5.66,10.48,6.07,9.16,12.13,7.08
2026-04-20 01:40:42,BC_3,5.65,10.36,6.1,9.13,12.09,7.07
2026-04-20 01:40:42,BC_3,5.6,10.4,6.0,9.2,12.11,7.12
2026-04-20 01:40:43,BC_3,5.61,10.39,6.08,9.12,12.09,6.98
2026-04-20 01:40:43,BC_3,5.67,10.72,6.1,9.16,12.08,7.44
2026-04-20 01:40:44,BC_3,5.58,10.37,6.2,9.11,12.12,7.07
2026-04-20 01:40:44,BC_3,5.67,10.54,6.07,9.18,12.16,7.11
2026-04-20 01:40:44,BC_3,5.7,10.49,6.09,9.17,12.11,7.09
2026-04-20 01:40:45,BC_3,5.68,10.49,6.15,9.14,12.11,7.19
2026-04-20 01:40:45,BC_3,5.61,10.62,6.08,9.13,12.1,7.09
2026-04-20 01:40:46,BC_3,5.62,10.62,6.11,9.14,12.1,7.23
2026-04-20 01:40:46,BC_3,5.52,10.39,6.1,9.12,12.04,7.13
2026-04-20 01:40:46,BC_3,5.6,10.61,6.09,9.11,12.04,7.08
2026-04-20 01:40:47,BC_3,5.56,10.59,6.12,9.19,12.06,7.07
2026-04-20 01:40:47,BC_3,5.53,10.62,6.1,9.15,12.12,7.23
2026-04-20 01:40:48,BC_3,5.62,10.62,6.19,9.13,12.03,7.14
2026-04-20 01:40:48,BC_3,5.78,10.64,6.09,9.12,12.05,7.02
2026-04-20 01:40:48,BC_3,5.64,10.64,6.08,9.15,12.12,7.07
2026-04-20 01:40:49,BC_3,5.64,10.66,6.07,9.12,12.05,7.22
2026-04-20 01:40:49,BC_3,5.81,10.59,6.11,9.15,12.15,7.07
2026-04-20 01:40:50,BC_3,5.67,10.62,6.13,9.15,12.09,7.1
2026-04-20 01:40:50,BC_3,5.88,10.62,6.02,9.11,12.07,7.05
2026-04-20 01:40:50,BC_3,5.56,10.41,6.13,9.13,12.22,7.13
2026-04-20 01:40:51,BC_3,5.63,10.42,6.18,9.1,12.11,7.24
2026-04-20 01:40:51,BC_3,5.73,10.4,6.05,9.16,12.08,7.33
2026-04-20 01:40:52,BC_3,5.59,10.55,6.02,9.17,12.15,7.27
2026-04-20 01:40:52,BC_3,5.57,10.34,6.12,9.11,12.15,7.03
2026-04-20 01:40:52,BC_3,5.62,10.46,6.05,9.13,12.1,7.06
2026-04-20 01:40:53,BC_3,5.67,10.39,6.12,9.13,12.24,7.02
2026-04-20 01:40:53,BC_3,5.59,10.42,6.03,9.19,12.11,7.06
2026-04-20 01:40:54,BC_3,5.71,10.57,6.14,9.26,12.12,7.0
2026-04-20 01:40:54,BC_3,5.66,10.36,6.02,9.16,12.08,7.02
2026-04-20 01:40:54,BC_3,5.64,10.51,6.06,9.12,12.12,6.99
2026-04-20 01:40:55,BC_3,5.68,10.29,6.18,9.11,12.05,7.03
2026-04-20 01:40:55,BC_3,5.64,10.42,6.05,9.15,12.1,7.09
2026-04-20 01:40:56,BC_3,5.76,10.4,6.25,9.1,12.05,7.21
2026-04-20 01:40:56,BC_3,5.68,10.49,6.2,9.14,12.07,7.13
2026-04-20 01:40:56,BC_3,5.61,10.5,6.11,9.13,12.11,7.12
2026-04-20 01:40:57,BC_3,5.57,10.47,6.11,9.11,12.19,7.22
2026-04-20 01:40:57,BC_3,5.59,10.57,6.08,9.14,12.06,7.12
2026-04-20 01:40:58,BC_3,5.6,10.58,6.08,9.1,12.08,7.09
2026-04-20 01:40:58,BC_3,5.57,10.67,6.12,9.11,12.17,7.05
2026-04-20 01:40:58,BC_3,5.62,10.58,5.99,9.11,12.17,7.07
2026-04-20 01:40:59,BC_3,5.68,10.46,6.18,9.19,12.13,7.02
2026-04-20 01:40:59,BC_3,5.76,10.57,6.11,9.23,12.07,6.96
2026-04-20 01:41:00,BC_3,5.65,10.64,5.9,9.12,12.19,7.08
2026-04-20 01:41:00,BC_3,5.58,10.59,6.06,9.14,12.06,7.04
2026-04-20 01:41:00,BC_3,5.52,10.63,6.21,9.16,12.1,7.03
2026-04-20 01:41:01,BC_3,5.57,10.44,6.14,9.17,12.11,6.98
2026-04-20 01:41:01,BC_3,5.55,10.59,6.12,9.12,12.13,7.03
2026-04-20 01:41:02,BC_3,5.55,10.57,6.1,9.09,11.97,7.05
2026-04-20 01:41:02,BC_3,5.56,10.38,6.05,9.15,12.09,7.04
2026-04-20 01:41:02,BC_3,5.56,10.55,6.03,9.1,12.24,6.99
2026-04-20 01:41:03,BC_3,5.58,10.42,6.08,9.12,12.1,7.03
2026-04-20 01:41:03,BC_3,5.61,10.54,6.08,9.19,12.09,7.2
2026-04-20 01:41:03,BC_3,5.55,10.5,6.01,9.13,12.15,7.27
2026-04-20 01:41:04,BC_3,5.63,10.34,6.09,9.11,12.12,7.06
2026-04-20 01:41:04,BC_3,5.57,10.43,6.04,9.12,12.07,7.22
2026-04-20 01:41:05,BC_3,5.67,10.4,6.09,9.11,12.04,7.25
2026-04-20 01:41:05,BC_3,5.71,10.48,6.05,9.14,12.28,7.31
2026-04-20 01:41:06,BC_3,5.61,10.23,5.97,9.14,12.1,7.23
2026-04-20 01:41:06,BC_3,5.71,10.43,5.84,9.14,12.12,7.23
2026-04-20 01:41:06,BC_3,5.69,10.55,6.06,9.14,12.1,7.06
2026-04-20 01:41:07,BC_3,5.61,10.58,6.06,9.14,12.08,7.03
2026-04-20 01:41:07,BC_3,5.61,10.52,6.07,9.16,12.05,6.95
2026-04-20 01:41:08,BC_3,5.6,10.33,6.12,9.15,12.11,7.13
2026-04-20 01:41:08,BC_3,5.69,10.5,6.09,9.15,12.05,7.23
2026-04-20 01:41:08,BC_3,5.77,10.37,6.1,9.15,12.1,7.09
2026-04-20 01:41:09,BC_3,5.63,10.56,6.14,9.13,12.23,7.11
2026-04-20 01:41:09,BC_3,5.6,10.58,6.14,9.11,12.08,7.08
2026-04-20 01:41:10,BC_3,5.61,10.59,5.89,9.16,12.11,7.11
2026-04-20 01:41:10,BC_3,5.6,10.36,6.19,9.17,12.06,7.07
2026-04-20 01:41:10,BC_3,5.6,10.58,6.08,9.16,12.17,7.01
2026-04-20 01:41:11,BC_3,5.56,10.57,6.09,9.17,12.08,7.08
2026-04-20 01:41:11,BC_3,5.53,10.56,6.1,9.25,12.07,7.08
2026-04-20 01:41:12,BC_3,5.74,10.55,6.07,9.1,12.07,7.06
2026-04-20 01:41:12,BC_3,5.59,10.63,6.1,9.15,12.13,7.05
2026-04-20 01:41:12,BC_3,5.7,10.62,6.03,9.14,12.15,7.11
2026-04-20 01:41:13,BC_3,5.65,10.37,6.07,9.11,12.15,7.07
2026-04-20 01:41:13,BC_3,5.53,10.41,5.86,9.17,12.11,7.06
2026-04-20 01:41:14,BC_3,5.63,10.43,6.05,9.16,12.31,7.03
2026-04-20 01:41:14,BC_3,5.63,10.33,6.08,9.13,12.1,7.13
2026-04-20 01:41:14,BC_3,5.65,10.47,6.07,9.12,12.13,7.15
2026-04-20 01:41:15,BC_3,5.71,10.51,6.1,9.18,12.06,7.12
2026-04-20 01:41:15,BC_3,5.59,10.58,6.13,9.21,12.07,7.02
2026-04-20 01:41:15,BC_3,5.61,10.56,6.16,9.09,12.18,7.1
2026-04-20 01:41:16,BC_3,5.68,10.46,6.09,9.12,12.13,7.08
2026-04-20 01:41:16,BC_3,5.7,10.6,6.08,9.08,12.15,7.06
2026-04-20 01:41:17,BC_3,5.64,10.58,6.07,9.11,12.09,7.06
2026-04-20 01:41:17,BC_3,5.68,10.58,6.12,9.11,12.22,7.04
2026-04-20 01:41:17,BC_3,5.6,10.57,6.21,9.15,12.12,7.09
2026-04-20 01:41:18,BC_3,5.62,10.58,6.24,9.1,12.06,7.02
2026-04-20 01:41:18,BC_3,5.72,10.6,6.18,9.15,12.05,7.04
2026-04-20 01:41:19,BC_3,5.61,10.61,6.09,9.14,12.19,7.11
2026-04-20 01:41:19,BC_3,5.58,10.56,6.11,9.14,12.16,7.06
2026-04-20 01:41:19,BC_3,5.56,10.44,6.02,9.12,12.08,7.05
2026-04-20 01:41:20,BC_3,5.57,10.49,6.2,9.16,12.09,7.05
2026-04-20 01:41:20,BC_3,5.67,10.55,6.09,9.12,12.11,7.07
2026-04-20 01:41:21,BC_3,5.6,10.52,6.07,9.33,12.13,7.08
2026-04-20 01:41:21,BC_3,5.68,10.41,6.07,9.12,12.2,7.06
2026-04-20 01:41:21,BC_3,5.57,10.42,6.06,9.13,12.07,7.04
2026-04-20 01:41:22,BC_3,5.57,10.6,6.09,9.1,12.07,7.04
2026-04-20 01:41:22,BC_3,5.61,10.34,6.11,9.1,12.15,7.06
2026-04-20 01:41:23,BC_3,5.79,10.55,6.09,9.15,12.04,7.03
2026-04-20 01:41:23,BC_3,5.57,10.57,6.1,9.08,12.15,7.03
2026-04-20 01:41:23,BC_3,5.71,10.61,6.06,9.16,12.13,7.09
2026-04-20 01:41:24,BC_3,5.69,10.36,6.13,9.11,12.12,7.06
2026-04-20 01:41:24,BC_3,5.68,10.58,6.14,9.1,12.07,7.05
2026-04-20 01:41:25,BC_3,5.62,10.36,6.11,9.15,12.05,7.06
2026-04-20 01:41:25,BC_3,5.66,10.58,6.02,9.14,12.13,7.06
2026-04-20 01:41:25,BC_3,5.55,10.57,6.11,9.13,12.2,7.08
2026-04-20 01:41:26,BC_3,5.59,10.56,6.02,9.14,12.12,7.05
2026-04-20 01:41:26,BC_3,5.64,10.56,6.09,9.13,12.13,7.05
2026-04-20 01:41:27,BC_3,5.58,10.48,6.1,9.11,12.07,7.1
2026-04-20 01:41:27,BC_3,5.74,10.52,6.16,9.13,12.14,7.07
2026-04-20 01:41:27,BC_3,5.69,10.54,6.1,9.14,12.1,7.04
2026-04-20 01:41:28,BC_3,5.72,10.55,6.12,9.12,12.11,7.04
2026-04-20 01:41:28,BC_3,5.59,10.56,6.05,9.18,12.12,7.09
2026-04-20 01:41:29,BC_3,5.6,10.54,6.12,9.14,12.09,7.08
2026-04-20 01:41:29,BC_3,5.62,10.41,6.11,9.07,12.12,7.05
2026-04-20 01:42:24,BC_4,5.9,11.7,5.92,9.02,12.13,6.99
2026-04-20 01:42:24,BC_4,5.86,11.93,5.95,9.04,12.13,6.88
2026-04-20 01:42:25,BC_4,5.97,11.8,5.86,9.09,12.12,6.86
2026-04-20 01:42:25,BC_4,5.86,11.86,5.97,8.99,12.11,6.85
2026-04-20 01:42:26,BC_4,5.9,11.82,5.94,9.05,12.11,6.83
2026-04-20 01:42:26,BC_4,5.9,11.85,5.94,9.02,12.21,6.8
2026-04-20 01:42:26,BC_4,5.97,11.85,5.98,9.01,12.17,6.82
2026-04-20 01:42:27,BC_4,5.9,11.91,5.97,9.03,12.15,6.84
2026-04-20 01:42:27,BC_4,5.99,11.85,6.01,9.04,12.13,6.84
2026-04-20 01:42:28,BC_4,5.86,11.88,6.01,9.01,12.21,6.84
2026-04-20 01:42:28,BC_4,5.88,11.91,5.97,9.09,12.24,6.82
2026-04-20 01:42:28,BC_4,5.86,11.85,6.02,8.98,12.33,6.87
2026-04-20 01:42:29,BC_4,5.87,11.85,5.96,9.05,11.76,6.88
2026-04-20 01:42:29,BC_4,5.88,11.84,6.04,9.01,12.17,6.89
2026-04-20 01:42:30,BC_4,5.87,11.44,5.99,9.03,12.12,6.9
2026-04-20 01:42:30,BC_4,5.89,11.87,6.02,9.06,11.8,6.93
2026-04-20 01:42:30,BC_4,6.01,11.81,5.97,9.01,12.29,6.97
2026-04-20 01:42:31,BC_4,5.91,11.57,6.04,9.03,12.14,6.93
2026-04-20 01:42:31,BC_4,6.0,11.75,5.94,9.0,12.13,6.98
2026-04-20 01:42:32,BC_4,6.06,11.72,5.97,8.99,12.17,7.0
2026-04-20 01:42:32,BC_4,5.89,11.7,5.94,9.03,12.17,7.0
2026-04-20 01:42:32,BC_4,5.84,11.36,6.0,8.97,12.23,7.0
2026-04-20 01:42:33,BC_4,5.92,11.64,6.05,8.98,12.14,7.02
2026-04-20 01:42:33,BC_4,6.16,11.69,5.98,9.03,12.04,7.04
2026-04-20 01:42:34,BC_4,5.81,11.56,6.05,8.97,12.11,7.05
2026-04-20 01:42:34,BC_4,5.86,11.36,6.24,9.02,12.17,7.01
2026-04-20 01:42:34,BC_4,5.82,11.4,6.21,9.01,12.16,7.0
2026-04-20 01:42:35,BC_4,5.8,11.47,5.99,8.98,12.18,7.06
2026-04-20 01:42:35,BC_4,5.85,11.38,6.0,9.02,12.22,7.07
2026-04-20 01:42:36,BC_4,5.89,11.41,6.13,9.21,12.1,7.08
2026-04-20 01:42:36,BC_4,6.0,11.35,5.99,9.02,12.12,7.07
2026-04-20 01:42:36,BC_4,5.96,11.14,6.0,8.98,12.25,7.08
2026-04-20 01:42:37,BC_4,5.89,11.05,6.02,9.03,12.25,7.09
2026-04-20 01:42:37,BC_4,5.94,11.18,5.97,9.05,12.2,7.07
2026-04-20 01:42:38,BC_4,5.88,11.3,6.0,9.05,12.16,7.07
2026-04-20 01:42:38,BC_4,5.87,11.26,5.98,9.03,12.17,7.11
2026-04-20 01:42:38,BC_4,5.86,11.25,6.09,9.04,12.17,7.1
2026-04-20 01:42:39,BC_4,5.82,11.19,6.21,8.99,12.15,7.09
2026-04-20 01:42:39,BC_4,5.82,11.12,5.97,9.0,12.15,7.09
2026-04-20 01:42:39,BC_4,5.88,11.0,5.97,9.03,12.13,7.17
2026-04-20 01:42:40,BC_4,5.86,10.85,6.11,9.04,12.14,7.1
2026-04-20 01:42:40,BC_4,5.79,11.11,6.04,9.03,12.16,7.11
2026-04-20 01:42:41,BC_4,5.9,11.01,5.99,9.07,12.2,7.1
2026-04-20 01:42:41,BC_4,5.89,10.98,6.01,8.97,12.13,7.09
2026-04-20 01:42:41,BC_4,5.8,10.94,5.95,9.03,12.19,7.12
2026-04-20 01:42:42,BC_4,5.81,11.01,5.95,8.97,12.16,7.1
2026-04-20 01:42:42,BC_4,5.85,11.06,6.01,9.0,12.27,7.11
2026-04-20 01:42:43,BC_4,5.83,11.13,5.92,8.97,12.13,7.08
2026-04-20 01:42:43,BC_4,5.87,11.08,6.05,8.96,12.13,7.12
2026-04-20 01:42:43,BC_4,5.82,10.96,6.03,8.99,12.14,7.11
2026-04-20 01:42:44,BC_4,5.8,11.09,6.2,8.98,12.21,7.1
2026-04-20 01:42:44,BC_4,5.87,11.05,6.03,8.99,12.15,7.12
2026-04-20 01:42:45,BC_4,5.85,10.99,6.01,9.1,12.27,7.13
2026-04-20 01:42:45,BC_4,5.88,11.09,5.98,8.98,12.19,7.1
2026-04-20 01:42:45,BC_4,5.78,10.78,6.0,9.01,12.15,7.03
2026-04-20 01:42:46,BC_4,5.82,11.04,6.01,9.0,12.01,7.16
2026-04-20 01:42:46,BC_4,5.8,10.87,6.0,9.07,12.18,7.13
2026-04-20 01:42:47,BC_4,5.82,10.72,6.01,9.02,12.15,7.1
2026-04-20 01:42:47,BC_4,5.78,10.68,6.06,8.99,12.37,7.13
2026-04-20 01:42:47,BC_4,5.96,10.75,5.95,8.99,12.28,7.12
2026-04-20 01:42:48,BC_4,5.86,10.87,6.0,8.97,12.14,7.12
2026-04-20 01:42:48,BC_4,5.83,10.74,5.96,8.94,12.25,7.15
2026-04-20 01:42:49,BC_4,6.0,10.94,5.96,9.03,12.17,7.14
2026-04-20 01:42:49,BC_4,5.82,10.96,5.98,9.01,12.12,7.22
2026-04-20 01:42:49,BC_4,5.79,10.59,6.27,9.0,12.15,7.22
2026-04-20 01:42:50,BC_4,5.82,10.73,6.5,8.98,12.15,7.22
2026-04-20 01:42:50,BC_4,5.91,10.71,5.95,8.95,12.16,7.21
2026-04-20 01:42:51,BC_4,5.83,10.92,6.02,8.96,12.18,7.19
2026-04-20 01:42:51,BC_4,5.8,10.9,6.0,9.0,12.2,7.21
2026-04-20 01:42:51,BC_4,5.85,10.93,5.97,9.02,12.16,7.26
2026-04-20 01:42:52,BC_4,5.84,10.73,6.01,8.97,12.2,7.26
2026-04-20 01:42:52,BC_4,5.73,10.97,6.17,8.96,12.15,7.15
2026-04-20 01:42:53,BC_4,5.93,10.95,6.09,8.97,12.32,7.17
2026-04-20 01:42:53,BC_4,5.8,10.76,5.98,8.98,12.19,7.15
2026-04-20 01:42:53,BC_4,6.19,10.92,6.2,8.99,12.12,7.13
2026-04-20 01:42:54,BC_4,5.89,11.02,5.99,8.94,12.18,7.17
2026-04-20 01:42:54,BC_4,5.8,10.95,6.04,8.98,12.12,7.16
2026-04-20 01:42:55,BC_4,5.79,10.64,6.05,9.01,12.15,7.14
2026-04-20 01:42:55,BC_4,5.8,10.79,6.04,8.97,12.17,7.13
2026-04-20 01:42:55,BC_4,5.81,10.93,5.99,9.0,12.15,7.1
2026-04-20 01:42:56,BC_4,5.81,10.7,5.97,9.23,12.15,7.14
2026-04-20 01:42:56,BC_4,5.82,10.84,5.96,8.97,12.19,7.09
2026-04-20 01:42:57,BC_4,5.87,10.89,5.99,9.04,12.12,7.08
2026-04-20 01:42:57,BC_4,5.8,10.68,6.03,8.98,12.13,7.12
2026-04-20 01:42:57,BC_4,5.87,10.8,6.02,8.98,12.19,7.16
2026-04-20 01:42:58,BC_4,5.77,10.9,5.96,8.97,12.0,7.18
2026-04-20 01:42:58,BC_4,5.84,10.69,5.99,9.0,12.17,7.27
2026-04-20 01:42:59,BC_4,5.8,10.61,5.95,8.97,12.22,7.28
2026-04-20 01:42:59,BC_4,5.82,10.68,5.96,9.0,12.13,7.17
2026-04-20 01:42:59,BC_4,5.79,10.7,6.0,9.01,12.15,7.2
2026-04-20 01:43:00,BC_4,5.79,10.64,6.02,9.05,12.2,7.18
2026-04-20 01:43:00,BC_4,5.75,10.56,6.03,8.98,12.18,7.18
2026-04-20 01:43:01,BC_4,5.83,10.73,6.01,8.96,11.95,7.2
2026-04-20 01:43:01,BC_4,5.84,10.67,6.0,8.94,12.22,7.21
2026-04-20 01:43:02,BC_4,6.13,10.66,5.99,8.99,12.16,7.16
2026-04-20 01:43:02,BC_4,6.02,10.69,6.01,8.99,12.21,7.17
2026-04-20 01:43:02,BC_4,5.79,10.62,5.98,8.94,12.21,7.25
2026-04-20 01:43:03,BC_4,5.88,10.64,5.94,9.03,12.16,7.22
2026-04-20 01:43:03,BC_4,5.76,10.68,6.02,8.96,12.66,7.28
2026-04-20 01:43:04,BC_4,5.81,10.87,5.95,9.0,12.13,7.36
2026-04-20 01:43:04,BC_4,5.86,10.79,6.1,9.15,12.24,7.2
2026-04-20 01:43:04,BC_4,5.77,10.67,6.13,8.99,12.11,7.21
2026-04-20 01:43:05,BC_4,5.77,10.86,6.03,8.99,12.16,7.19
2026-04-20 01:43:05,BC_4,5.78,10.85,5.95,8.98,12.21,7.22
2026-04-20 01:43:05,BC_4,5.97,10.75,5.99,8.98,12.26,7.22
2026-04-20 01:43:06,BC_4,5.94,10.79,6.02,9.15,12.15,7.15
2026-04-20 01:43:06,BC_4,5.89,10.78,5.98,8.97,12.19,7.16
2026-04-20 01:43:07,BC_4,5.82,10.84,6.18,9.06,12.15,7.33
2026-04-20 01:43:07,BC_4,5.84,10.6,5.97,8.98,12.29,7.23
2026-04-20 01:43:07,BC_4,5.78,10.79,6.0,9.0,12.12,7.18
2026-04-20 01:43:08,BC_4,5.75,10.84,5.94,8.96,12.19,7.14
2026-04-20 01:43:08,BC_4,5.81,10.58,6.0,8.95,12.16,7.19
2026-04-20 01:43:09,BC_4,5.81,10.75,5.99,8.99,12.14,7.17
2026-04-20 01:43:09,BC_4,5.75,10.67,6.0,9.04,12.13,7.12
2026-04-20 01:43:10,BC_4,5.95,10.68,5.94,8.96,12.1,7.2
2026-04-20 01:43:10,BC_4,5.79,10.65,5.99,9.0,12.17,7.22
2026-04-20 01:43:10,BC_4,5.79,10.64,6.09,8.98,12.1,7.23
2026-04-20 01:43:11,BC_4,5.8,10.82,6.0,8.94,12.22,7.21
2026-04-20 01:43:11,BC_4,5.83,10.54,5.99,9.03,12.23,7.24
2026-04-20 01:43:11,BC_4,5.82,10.85,5.98,8.96,12.19,7.25
2026-04-20 01:43:12,BC_4,5.77,10.61,6.09,8.96,12.2,7.16
2026-04-20 01:43:12,BC_4,5.83,10.78,6.09,9.02,12.22,7.12
2026-04-20 01:43:13,BC_4,5.81,10.82,6.01,9.0,12.12,7.17
2026-04-20 01:43:13,BC_4,5.81,10.86,5.98,8.98,12.19,7.33
2026-04-20 01:43:13,BC_4,5.8,10.81,5.95,9.05,12.15,7.26
2026-04-20 01:43:14,BC_4,5.79,10.8,6.0,9.07,12.12,7.2
2026-04-20 01:43:14,BC_4,5.8,10.82,6.01,8.99,12.13,7.17
2026-04-20 01:43:15,BC_4,5.8,10.79,6.0,8.97,12.24,7.3
2026-04-20 01:43:15,BC_4,5.95,10.74,6.01,8.98,12.25,7.17
2026-04-20 01:43:15,BC_4,5.77,10.63,5.97,8.96,12.22,7.18
2026-04-20 01:43:16,BC_4,5.85,10.82,6.03,8.99,12.47,7.19
2026-04-20 01:43:16,BC_4,5.85,10.84,6.04,8.96,12.17,7.33
2026-04-20 01:43:17,BC_4,5.79,10.73,5.94,8.99,12.1,7.24
2026-04-20 01:43:17,BC_4,5.75,10.79,6.12,8.98,12.15,7.2
2026-04-20 01:43:17,BC_4,5.79,10.79,6.01,9.03,12.18,7.17
2026-04-20 01:43:18,BC_4,5.78,10.83,6.03,9.05,12.21,7.33
2026-04-20 01:43:18,BC_4,5.81,10.82,5.99,8.98,12.24,7.26
2026-04-20 01:43:19,BC_4,5.75,10.76,6.03,8.99,12.21,7.2
2026-04-20 01:43:19,BC_4,5.76,10.79,6.1,8.98,12.19,7.12
2026-04-20 01:43:19,BC_4,5.78,10.78,6.02,9.01,12.19,7.31
2026-04-20 01:43:20,BC_4,5.91,10.77,6.01,8.97,12.18,7.21
2026-04-20 01:43:20,BC_4,5.87,10.72,6.05,8.97,12.22,7.16
2026-04-20 01:43:21,BC_4,5.8,10.79,5.97,9.12,12.15,7.13
2026-04-20 01:43:21,BC_4,5.91,10.63,6.01,8.99,12.23,7.11
2026-04-20 01:43:21,BC_4,5.82,10.72,5.97,8.98,12.16,7.21
2026-04-20 01:43:22,BC_4,5.89,10.46,6.12,9.07,12.15,7.18
2026-04-20 01:43:22,BC_4,5.89,10.61,6.12,8.98,12.2,7.29
2026-04-20 01:43:23,BC_4,5.8,10.74,6.06,8.96,12.25,7.27
2026-04-20 01:43:23,BC_4,5.79,10.5,5.99,8.99,12.19,7.23
2026-04-20 01:43:23,BC_4,5.82,10.71,6.02,8.97,12.14,7.16
2026-04-20 01:43:24,BC_4,6.12,10.5,5.99,8.97,12.14,7.3
2026-04-20 01:43:24,BC_4,5.82,10.57,5.98,9.01,12.09,7.32
2026-04-20 01:43:25,BC_4,5.77,10.84,5.93,8.97,12.08,7.19
2026-04-20 01:43:25,BC_4,6.03,10.8,5.96,8.99,12.12,7.3
2026-04-20 01:43:25,BC_4,5.87,10.61,6.04,8.98,12.33,7.32
2026-04-20 01:43:26,BC_4,5.87,10.53,5.97,8.96,12.18,7.26
2026-04-20 01:43:26,BC_4,5.91,10.66,5.97,8.95,12.21,7.25
2026-04-20 01:43:27,BC_4,5.85,10.76,5.99,8.98,12.2,7.25
2026-04-20 01:43:27,BC_4,5.86,10.78,6.03,9.0,12.11,7.26
2026-04-20 01:43:27,BC_4,5.77,10.72,5.99,8.98,12.22,7.22
2026-04-20 01:43:28,BC_4,5.74,10.83,5.95,9.03,12.2,7.2
2026-04-20 01:43:28,BC_4,5.82,10.81,5.94,9.06,12.16,7.19
2026-04-20 01:43:29,BC_4,5.8,10.66,5.96,9.04,12.25,7.23
2026-04-20 01:43:29,BC_4,5.78,10.76,5.95,8.94,12.14,7.18
2026-04-20 01:43:29,BC_4,5.77,10.79,5.97,8.97,12.24,7.2
2026-04-20 01:43:30,BC_4,5.75,10.77,5.94,8.97,12.13,7.18
2026-04-20 01:43:30,BC_4,5.82,10.74,6.03,8.97,12.21,7.3
2026-04-20 01:43:31,BC_4,5.87,10.61,6.01,8.99,12.19,7.37
2026-04-20 01:43:31,BC_4,5.82,10.76,5.96,8.93,12.13,7.15
2026-04-20 01:43:31,BC_4,5.86,10.66,6.04,8.98,12.19,7.15
2026-04-20 01:43:32,BC_4,5.75,10.5,6.13,8.98,12.2,7.23
2026-04-20 01:43:32,BC_4,5.75,10.58,6.11,8.96,12.2,7.42
2026-04-20 01:43:33,BC_4,5.81,10.37,5.94,9.06,12.1,7.19
2026-04-20 01:43:33,BC_4,5.78,10.51,6.3,8.99,12.19,7.12
2026-04-20 01:43:33,BC_4,5.81,10.55,5.95,9.04,12.14,7.2
2026-04-20 01:43:34,BC_4,5.77,10.51,5.98,8.97,12.17,7.14
2026-04-20 01:43:34,BC_4,5.85,10.73,5.96,8.95,12.19,7.23
2026-04-20 01:43:35,BC_4,5.84,10.72,6.03,8.97,12.17,7.24
2026-04-20 01:43:35,BC_4,5.8,10.75,5.93,8.99,12.2,7.27
2026-04-20 01:43:35,BC_4,5.77,10.72,5.96,8.99,12.29,7.27
2026-04-20 01:43:36,BC_4,5.78,10.75,6.0,8.98,12.17,7.27
2026-04-20 01:43:36,BC_4,5.75,10.74,6.02,8.94,12.18,7.16
2026-04-20 01:43:37,BC_4,5.81,10.74,6.03,9.0,12.23,7.21
2026-04-20 01:43:37,BC_4,5.81,10.62,6.0,9.0,12.26,7.2
2026-04-20 01:43:37,BC_4,5.73,10.75,6.0,8.99,12.18,7.19
2026-04-20 01:43:38,BC_4,5.82,10.58,6.07,9.03,12.16,7.17
2026-04-20 01:43:38,BC_4,5.77,10.76,6.02,9.04,12.19,7.15
2026-04-20 01:43:38,BC_4,5.93,10.56,6.03,8.98,12.25,7.19
2026-04-20 01:43:39,BC_4,5.95,10.64,5.95,9.07,12.19,7.16
2026-04-20 01:43:39,BC_4,5.89,10.77,6.02,8.99,12.13,7.11
2026-04-20 01:43:40,BC_4,5.91,10.55,6.04,8.96,12.2,7.15
2026-04-20 01:43:40,BC_4,5.8,10.83,6.05,8.97,12.28,7.27
2026-04-20 01:43:40,BC_4,6.01,10.71,5.98,8.95,12.18,7.26
2026-04-20 01:43:41,BC_4,5.79,10.49,6.04,9.01,12.2,7.25
2026-04-20 01:43:41,BC_4,5.94,10.56,5.98,9.07,12.16,7.14
2026-04-20 01:43:42,BC_4,5.77,10.68,6.08,9.01,12.17,7.29
2026-04-20 01:43:42,BC_4,5.83,10.29,5.98,9.05,12.16,7.36
2026-04-20 01:43:43,BC_4,5.85,10.65,6.02,8.97,12.16,7.23
2026-04-20 01:43:43,BC_4,5.93,10.67,6.01,8.95,12.16,7.37
2026-04-20 01:43:43,BC_4,5.79,10.54,5.97,9.19,12.15,7.23
2026-04-20 01:43:52,CD_1,6.24,11.28,5.89,10.17,11.56,7.35
2026-04-20 01:43:52,CD_1,6.3,11.03,5.73,10.14,11.48,7.33
2026-04-20 01:43:52,CD_1,6.38,10.88,5.78,10.08,11.59,7.34
2026-04-20 01:43:53,CD_1,6.31,10.68,5.71,10.07,11.59,7.44
2026-04-20 01:43:53,CD_1,6.25,10.77,5.74,10.02,11.76,7.46
2026-04-20 01:43:54,CD_1,6.29,10.78,5.71,10.02,11.57,7.52
2026-04-20 01:43:54,CD_1,6.29,10.57,5.67,10.03,11.65,7.57
2026-04-20 01:43:54,CD_1,6.24,10.59,5.75,10.02,11.54,7.52
2026-04-20 01:43:55,CD_1,6.24,10.22,5.65,10.0,11.56,7.53
2026-04-20 01:43:55,CD_1,6.29,10.09,5.72,10.0,11.62,7.51
2026-04-20 01:43:56,CD_1,6.28,10.15,5.8,10.05,11.54,7.64
2026-04-20 01:43:56,CD_1,6.25,10.21,5.68,9.96,11.53,7.65
2026-04-20 01:43:56,CD_1,6.27,10.2,5.73,10.08,11.59,7.58
2026-04-20 01:43:57,CD_1,6.28,10.22,5.71,9.99,11.58,7.57
2026-04-20 01:43:57,CD_1,6.31,10.25,5.69,10.02,11.59,7.73
2026-04-20 01:43:58,CD_1,6.23,10.11,5.68,10.0,11.55,7.63
2026-04-20 01:43:58,CD_1,6.3,9.98,5.69,10.04,11.47,7.57
2026-04-20 01:43:58,CD_1,6.2,10.03,5.66,10.02,11.52,7.62
2026-04-20 01:43:59,CD_1,6.19,9.95,5.64,10.02,11.53,7.72
2026-04-20 01:43:59,CD_1,6.23,9.98,5.66,10.01,11.54,7.75
2026-04-20 01:44:00,CD_1,6.27,9.98,5.81,10.06,11.56,7.62
2026-04-20 01:44:00,CD_1,6.2,10.04,5.69,10.04,11.52,7.52
2026-04-20 01:44:00,CD_1,6.19,9.98,5.77,10.04,11.57,7.66
2026-04-20 01:44:01,CD_1,6.24,9.91,5.87,10.07,11.53,7.74
2026-04-20 01:44:01,CD_1,6.21,10.06,5.78,9.98,11.59,7.87
2026-04-20 01:44:02,CD_1,6.22,10.08,5.66,9.99,11.55,7.76
2026-04-20 01:44:02,CD_1,6.17,10.09,5.88,10.01,11.58,7.72
2026-04-20 01:44:02,CD_1,6.22,10.05,5.65,10.01,11.54,7.77
2026-04-20 01:44:03,CD_1,6.27,10.09,5.78,10.03,11.55,7.74
2026-04-20 01:44:03,CD_1,6.2,10.01,5.72,10.0,11.6,7.7
2026-04-20 01:44:04,CD_1,6.22,10.1,5.65,10.01,11.56,7.71
2026-04-20 01:44:04,CD_1,6.21,10.07,5.76,10.04,11.55,7.72
2026-04-20 01:44:04,CD_1,6.25,10.09,5.76,10.05,11.54,7.7
2026-04-20 01:44:05,CD_1,6.23,10.06,5.77,10.02,11.53,7.7
2026-04-20 01:44:05,CD_1,6.2,10.11,5.66,9.98,11.51,7.65
2026-04-20 01:44:06,CD_1,6.22,9.85,5.68,10.04,11.53,7.72
2026-04-20 01:44:06,CD_1,6.24,9.86,5.8,9.97,11.53,7.68
2026-04-20 01:44:06,CD_1,6.2,9.95,5.69,10.0,11.54,7.56
2026-04-20 01:44:07,CD_1,6.2,9.83,5.66,10.0,11.56,7.58
2026-04-20 01:44:07,CD_1,6.26,9.92,5.64,10.04,11.51,7.59
2026-04-20 01:44:08,CD_1,6.22,9.9,5.68,10.04,11.56,7.66
2026-04-20 01:44:08,CD_1,6.26,9.93,5.7,10.03,11.6,7.63
2026-04-20 01:44:08,CD_1,6.45,9.93,5.73,9.99,11.52,7.6
2026-04-20 01:44:09,CD_1,6.24,9.82,5.75,10.0,11.61,7.64
2026-04-20 01:44:09,CD_1,6.21,10.04,5.72,10.09,11.6,7.61
2026-04-20 01:44:10,CD_1,6.42,9.92,5.65,10.01,11.61,7.63
2026-04-20 01:44:10,CD_1,6.25,9.93,5.74,10.06,11.56,7.59
2026-04-20 01:44:10,CD_1,6.19,9.89,5.69,10.02,11.56,7.59
2026-04-20 01:44:11,CD_1,6.24,9.96,5.84,10.0,11.61,7.64
2026-04-20 01:44:11,CD_1,6.29,9.84,5.66,10.01,11.55,7.72
2026-04-20 01:44:12,CD_1,6.2,9.92,5.84,10.04,11.54,7.7
2026-04-20 01:44:12,CD_1,6.31,9.98,5.64,10.01,11.57,7.64
2026-04-20 01:44:12,CD_1,6.25,9.94,5.7,9.97,11.55,7.71
2026-04-20 01:44:13,CD_1,6.29,10.05,5.7,10.0,11.67,7.68
2026-04-20 01:44:13,CD_1,6.24,10.07,5.76,10.01,11.56,7.79
2026-04-20 01:44:14,CD_1,6.24,9.94,5.69,10.0,11.51,7.76
2026-04-20 01:44:14,CD_1,6.19,9.89,5.78,9.98,11.56,7.75
2026-04-20 01:44:14,CD_1,6.21,10.04,5.8,10.04,11.55,7.7
2026-04-20 01:44:15,CD_1,6.24,10.03,5.85,10.09,11.57,7.8
2026-04-20 01:44:15,CD_1,6.29,10.0,5.77,10.01,11.55,7.72
2026-04-20 01:44:16,CD_1,6.28,10.0,5.68,10.03,11.54,7.74
2026-04-20 01:44:16,CD_1,6.33,10.04,5.64,9.98,11.51,7.7
2026-04-20 01:44:16,CD_1,6.32,9.85,5.71,10.04,11.52,7.71
2026-04-20 01:44:17,CD_1,6.16,10.03,5.7,10.03,11.58,7.65
2026-04-20 01:44:17,CD_1,6.22,10.03,5.72,10.0,11.57,7.56
2026-04-20 01:44:18,CD_1,6.23,10.01,5.68,10.02,11.67,7.64
2026-04-20 01:44:18,CD_1,6.25,9.88,5.76,10.0,11.55,7.77
2026-04-20 01:44:18,CD_1,6.18,9.9,5.91,9.98,11.57,7.97
2026-04-20 01:44:19,CD_1,6.26,9.86,5.65,10.01,11.52,7.79
2026-04-20 01:44:19,CD_1,6.28,10.02,5.7,10.02,11.52,7.81
2026-04-20 01:44:20,CD_1,6.22,9.9,5.99,9.96,11.56,7.74
2026-04-20 01:44:20,CD_1,6.24,9.91,5.83,10.01,11.48,7.7
2026-04-20 01:44:20,CD_1,6.25,9.73,5.71,10.01,11.56,7.69
2026-04-20 01:44:21,CD_1,6.27,9.86,5.83,10.0,11.61,7.82
2026-04-20 01:44:21,CD_1,6.19,9.97,5.71,9.99,11.65,7.64
2026-04-20 01:44:22,CD_1,6.29,9.79,5.74,10.02,11.49,7.65
2026-04-20 01:44:22,CD_1,6.31,9.81,5.66,10.03,11.49,7.62
2026-04-20 01:44:22,CD_1,6.27,9.9,5.69,10.02,11.53,7.66
2026-04-20 01:44:23,CD_1,6.15,9.78,5.72,9.96,11.56,7.77
2026-04-20 01:44:23,CD_1,6.29,9.76,5.7,10.02,11.58,7.7
2026-04-20 01:44:24,CD_1,6.24,9.9,5.67,10.06,11.6,7.74
2026-04-20 01:44:24,CD_1,6.26,9.99,5.96,10.04,11.59,7.77
2026-04-20 01:44:24,CD_1,6.24,9.97,5.69,10.05,11.52,7.83
2026-04-20 01:44:25,CD_1,6.31,9.8,5.74,10.03,11.64,7.81
2026-04-20 01:44:25,CD_1,6.17,9.86,5.73,9.98,11.6,7.86
2026-04-20 01:44:26,CD_1,6.28,9.92,5.7,10.01,11.52,7.81
2026-04-20 01:44:26,CD_1,6.26,10.04,5.63,10.0,11.46,7.86
2026-04-20 01:44:26,CD_1,6.27,9.98,5.66,10.02,11.56,7.78
2026-04-20 01:44:27,CD_1,6.22,10.01,5.69,10.03,11.69,7.73
2026-04-20 01:44:27,CD_1,6.19,10.01,5.69,10.02,11.52,7.73
2026-04-20 01:44:28,CD_1,6.17,9.9,5.69,10.04,11.49,7.81
2026-04-20 01:44:28,CD_1,6.21,10.05,5.75,10.15,11.87,7.73
2026-04-20 01:44:28,CD_1,6.17,9.98,5.81,9.97,11.55,7.73
2026-04-20 01:44:29,CD_1,6.13,10.02,5.73,10.05,11.56,7.56
2026-04-20 01:44:29,CD_1,6.24,9.84,5.82,10.05,11.51,7.75
2026-04-20 01:44:30,CD_1,6.14,9.89,5.68,10.0,11.54,7.81
2026-04-20 01:44:30,CD_1,6.19,9.82,5.69,10.05,11.55,7.62
2026-04-20 01:44:30,CD_1,6.35,10.0,5.67,10.07,11.58,7.67
2026-04-20 01:44:31,CD_1,6.22,9.85,5.68,10.02,11.61,7.71
2026-04-20 01:44:31,CD_1,6.55,9.88,5.82,9.98,11.56,7.71
2026-04-20 01:44:32,CD_1,6.16,9.79,5.73,10.03,11.66,7.68
2026-04-20 01:44:32,CD_1,6.24,9.75,5.68,9.95,11.52,7.62
2026-04-20 01:44:32,CD_1,6.19,9.8,5.77,9.97,11.48,7.67
2026-04-20 01:44:33,CD_1,6.16,9.79,5.7,10.02,11.5,7.75
2026-04-20 01:44:33,CD_1,6.2,9.85,5.78,10.05,11.57,7.7
2026-04-20 01:44:34,CD_1,6.17,9.96,5.52,10.02,11.53,7.72
2026-04-20 01:44:34,CD_1,6.28,9.84,5.7,9.97,11.53,7.7
2026-04-20 01:44:34,CD_1,6.25,9.83,5.79,10.02,11.58,7.72
2026-04-20 01:44:35,CD_1,6.16,9.84,5.65,10.01,11.65,7.72
2026-04-20 01:44:35,CD_1,6.2,9.94,5.69,9.98,11.65,7.9
2026-04-20 01:44:36,CD_1,6.21,9.95,5.7,10.08,11.56,7.77
2026-04-20 01:44:36,CD_1,6.2,10.02,5.92,10.03,11.49,7.77
2026-04-20 01:44:36,CD_1,6.26,9.98,5.79,10.0,11.83,7.73
2026-04-20 01:44:37,CD_1,6.22,10.0,5.68,9.98,11.47,7.73
2026-04-20 01:44:37,CD_1,6.19,9.98,5.7,10.08,11.52,7.75
2026-04-20 01:44:38,CD_1,6.19,9.98,5.73,10.1,11.53,7.66
2026-04-20 01:44:38,CD_1,6.18,9.97,5.84,10.03,11.5,7.71
2026-04-20 01:44:38,CD_1,6.16,10.03,5.78,10.03,11.58,7.68
2026-04-20 01:44:39,CD_1,6.16,9.96,5.67,10.17,11.54,7.72
2026-04-20 01:44:39,CD_1,6.17,9.85,5.71,10.01,11.52,7.64
2026-04-20 01:44:40,CD_1,6.28,9.98,5.65,10.0,11.54,7.71
2026-04-20 01:44:40,CD_1,6.42,10.03,5.66,10.09,11.51,7.76
2026-04-20 01:44:40,CD_1,6.2,9.97,5.69,10.1,11.53,7.66
2026-04-20 01:44:41,CD_1,6.28,9.92,5.7,10.04,11.52,7.75
2026-04-20 01:44:41,CD_1,6.25,9.83,5.74,10.04,11.57,7.76
2026-04-20 01:44:41,CD_1,6.22,9.96,5.69,9.99,11.56,7.74
2026-04-20 01:44:42,CD_1,6.22,9.84,5.72,9.98,11.58,7.87
2026-04-20 01:44:42,CD_1,6.23,10.15,5.67,10.04,11.53,7.8
2026-04-20 01:44:43,CD_1,6.36,9.87,5.68,10.0,11.57,7.79
2026-04-20 01:44:43,CD_1,6.24,9.97,5.77,10.02,11.58,7.78
2026-04-20 01:44:44,CD_1,6.2,9.87,5.69,10.05,11.6,7.81
2026-04-20 01:44:44,CD_1,6.2,9.74,5.71,10.02,11.53,7.68
2026-04-20 01:44:44,CD_1,6.18,9.9,5.71,9.97,11.49,7.72
2026-04-20 01:44:45,CD_1,6.24,9.83,5.72,9.99,11.49,7.74
2026-04-20 01:44:45,CD_1,6.31,9.87,5.72,10.0,11.6,7.65
2026-04-20 01:44:46,CD_1,6.26,9.81,5.69,10.05,11.51,7.76
2026-04-20 01:44:46,CD_1,6.21,9.95,5.66,10.04,11.52,7.77
2026-04-20 01:44:46,CD_1,6.25,9.88,5.74,10.01,11.52,7.85
2026-04-20 01:44:47,CD_1,6.21,9.76,5.69,10.03,11.56,7.86
2026-04-20 01:44:47,CD_1,6.23,9.98,5.69,9.96,11.52,7.82
2026-04-20 01:44:48,CD_1,6.27,9.96,5.69,10.0,11.49,7.84
2026-04-20 01:44:48,CD_1,6.28,9.95,5.77,10.0,11.5,7.76
2026-04-20 01:44:48,CD_1,6.18,9.96,5.7,10.01,11.49,7.74
2026-04-20 01:44:49,CD_1,6.24,9.85,5.66,9.99,11.5,7.72
2026-04-20 01:44:49,CD_1,6.15,10.02,5.67,9.97,11.57,7.7
2026-04-20 01:44:50,CD_1,6.19,9.99,5.84,10.05,11.6,7.79
2026-04-20 01:44:50,CD_1,6.17,9.96,5.71,10.01,11.51,7.72
2026-04-20 01:44:50,CD_1,6.16,9.95,5.7,9.97,11.56,7.7
2026-04-20 01:44:51,CD_1,6.23,9.98,5.68,9.96,11.58,7.71
2026-04-20 01:44:51,CD_1,6.27,10.02,5.69,10.01,11.53,7.75
2026-04-20 01:44:52,CD_1,6.32,9.92,5.76,9.97,11.5,7.65
2026-04-20 01:44:52,CD_1,6.21,9.97,5.59,10.06,11.51,7.63
2026-04-20 01:44:52,CD_1,6.18,9.95,5.71,10.03,11.65,7.62
2026-04-20 01:44:53,CD_1,6.18,9.86,5.67,9.97,11.61,7.66
2026-04-20 01:44:53,CD_1,6.19,9.84,5.81,10.03,11.58,7.81
2026-04-20 01:44:54,CD_1,6.24,10.08,5.72,10.0,11.53,7.75
2026-04-20 01:44:54,CD_1,6.29,9.82,5.68,10.01,11.57,7.79
2026-04-20 01:44:54,CD_1,6.16,10.01,5.65,10.03,11.58,7.79
2026-04-20 01:44:55,CD_1,6.26,9.75,5.74,9.98,11.49,7.72
2026-04-20 01:44:55,CD_1,6.19,9.78,5.76,10.01,11.53,7.75
2026-04-20 01:44:56,CD_1,6.19,9.67,5.65,10.0,11.52,7.72
2026-04-20 01:44:56,CD_1,6.15,9.8,5.71,10.0,11.52,7.83
2026-04-20 01:44:56,CD_1,6.25,10.0,5.71,10.02,11.44,7.82
2026-04-20 01:44:57,CD_1,6.26,9.83,5.73,10.03,11.5,7.77
2026-04-20 01:44:57,CD_1,6.39,9.83,5.68,9.97,11.6,7.72
2026-04-20 01:44:58,CD_1,6.23,10.01,5.75,9.97,11.56,7.87
2026-04-20 01:44:58,CD_1,6.2,9.84,5.8,10.05,11.7,7.88
2026-04-20 01:44:58,CD_1,6.21,9.89,5.67,10.02,11.57,7.84
2026-04-20 01:44:59,CD_1,6.22,9.85,5.66,10.13,11.65,7.94
2026-04-20 01:44:59,CD_1,6.2,9.83,5.72,10.02,11.52,7.77
2026-04-20 01:45:00,CD_1,6.34,9.81,5.7,10.02,11.55,7.87
2026-04-20 01:45:00,CD_1,6.15,9.81,5.73,10.16,11.65,7.74
2026-04-20 01:45:00,CD_1,6.22,9.98,5.66,10.02,11.56,7.94
2026-04-20 01:45:01,CD_1,6.2,9.9,5.76,10.1,11.46,7.71
2026-04-20 01:45:01,CD_1,6.22,9.96,5.64,10.06,11.54,7.95
2026-04-20 01:45:02,CD_1,6.32,9.76,5.66,10.04,11.55,7.83
2026-04-20 01:45:02,CD_1,6.19,9.88,5.88,10.0,11.52,7.79
2026-04-20 01:45:02,CD_1,6.27,9.79,5.7,10.0,11.45,7.86
2026-04-20 01:45:03,CD_1,6.41,9.79,5.56,10.05,11.53,7.97
2026-04-20 01:45:03,CD_1,6.19,9.91,5.52,10.03,11.47,7.87
2026-04-20 01:45:04,CD_1,6.18,9.85,5.79,10.02,11.5,7.91
2026-04-20 01:45:04,CD_1,6.15,9.96,5.78,10.01,11.6,7.76
2026-04-20 01:45:04,CD_1,6.29,9.91,5.65,9.98,11.54,7.7
2026-04-20 01:45:05,CD_1,6.2,9.84,5.78,9.99,11.48,7.83
2026-04-20 01:45:05,CD_1,6.22,9.83,5.74,10.03,11.56,7.84
2026-04-20 01:45:06,CD_1,6.25,9.86,5.44,10.0,11.45,7.86
2026-04-20 01:45:06,CD_1,6.23,9.77,5.7,10.04,11.53,7.75
2026-04-20 01:45:06,CD_1,6.2,9.92,5.72,9.98,11.63,7.74
2026-04-20 01:45:07,CD_1,6.29,9.97,5.94,10.02,11.52,7.87
2026-04-20 01:45:07,CD_1,6.17,9.95,5.75,10.05,11.54,7.77
2026-04-20 01:45:08,CD_1,6.16,9.94,5.66,9.97,11.49,7.76
2026-04-20 01:45:08,CD_1,6.35,10.0,5.7,10.0,11.51,7.88
2026-04-20 01:45:08,CD_1,6.22,9.9,5.72,10.02,11.57,7.86
2026-04-20 01:45:09,CD_1,6.18,9.91,5.67,10.0,11.52,7.89
2026-04-20 01:45:09,CD_1,6.18,9.8,5.69,9.98,11.53,7.97
2026-04-20 01:45:10,CD_1,6.16,9.79,5.64,10.04,11.54,7.79
2026-04-20 01:45:10,CD_1,6.16,9.72,5.74,10.05,11.47,7.87
2026-04-20 01:45:11,CD_1,6.35,10.16,5.82,10.03,11.47,7.9
2026-04-20 01:45:11,CD_1,6.33,9.85,5.68,10.02,11.5,8.01
2026-04-20 01:45:11,CD_1,6.25,9.91,5.69,10.12,11.71,7.89
2026-04-20 01:45:22,CD_2,5.54,11.87,6.64,10.05,12.38,6.6
2026-04-20 01:45:22,CD_2,5.53,12.09,6.48,10.09,12.3,6.59
2026-04-20 01:45:23,CD_2,5.48,11.49,6.5,10.0,12.47,6.6
2026-04-20 01:45:23,CD_2,5.57,11.27,6.49,10.0,12.33,6.69
2026-04-20 01:45:24,CD_2,5.6,11.28,6.53,10.13,12.35,6.75
2026-04-20 01:45:24,CD_2,5.68,11.17,6.5,10.09,12.36,6.75
2026-04-20 01:45:24,CD_2,5.46,11.0,6.47,10.04,12.34,6.83
2026-04-20 01:45:25,CD_2,5.46,10.89,6.45,10.04,12.29,6.81
2026-04-20 01:45:25,CD_2,5.43,10.96,6.47,10.01,12.32,6.89
2026-04-20 01:45:26,CD_2,5.45,10.81,6.48,10.06,12.38,6.9
2026-04-20 01:45:26,CD_2,5.5,10.88,6.51,10.06,12.37,6.86
2026-04-20 01:45:26,CD_2,5.5,10.57,6.47,9.99,12.39,6.79
2026-04-20 01:45:27,CD_2,5.41,10.81,6.45,10.03,12.47,6.8
2026-04-20 01:45:27,CD_2,5.48,10.67,6.32,10.01,12.4,6.8
2026-04-20 01:45:28,CD_2,5.53,10.63,6.54,10.04,12.43,6.93
2026-04-20 01:45:28,CD_2,5.45,10.7,6.22,9.99,12.39,6.99
2026-04-20 01:45:29,CD_2,5.45,10.58,6.51,10.0,12.26,7.02
2026-04-20 01:45:29,CD_2,5.4,10.52,6.37,9.99,12.32,7.04
2026-04-20 01:45:29,CD_2,5.43,10.61,6.3,10.1,12.37,7.0
2026-04-20 01:45:30,CD_2,5.4,10.31,6.38,9.98,12.33,6.95
2026-04-20 01:45:30,CD_2,5.5,10.7,6.28,10.03,12.35,7.02
2026-04-20 01:45:31,CD_2,5.44,10.61,6.1,10.03,12.39,7.03
2026-04-20 01:45:31,CD_2,5.37,10.74,6.22,10.05,12.31,6.86
2026-04-20 01:45:31,CD_2,5.61,10.65,6.22,10.07,12.33,6.91
2026-04-20 01:45:32,CD_2,5.4,10.55,6.04,10.13,12.49,6.91
2026-04-20 01:45:32,CD_2,5.37,10.57,6.1,9.99,12.39,6.88
2026-04-20 01:45:33,CD_2,5.53,10.48,6.38,9.99,12.38,7.02
2026-04-20 01:45:33,CD_2,5.6,10.52,6.25,9.98,12.34,7.04
2026-04-20 01:45:33,CD_2,5.54,10.66,5.91,10.02,12.38,7.06
2026-04-20 01:45:34,CD_2,5.49,10.34,6.21,9.99,12.48,7.02
2026-04-20 01:45:34,CD_2,5.63,10.47,5.88,10.07,12.38,6.95
2026-04-20 01:45:35,CD_2,5.47,10.6,5.95,10.0,12.31,6.9
2026-04-20 01:45:35,CD_2,5.41,10.46,6.09,10.09,12.37,6.86
2026-04-20 01:45:35,CD_2,5.43,10.53,5.89,10.02,12.31,6.93
2026-04-20 01:45:36,CD_2,5.42,10.68,6.06,10.02,12.33,6.91
2026-04-20 01:45:36,CD_2,5.41,10.61,6.22,9.96,12.42,7.03
2026-04-20 01:45:37,CD_2,5.48,10.6,6.08,10.19,12.32,6.84
2026-04-20 01:45:37,CD_2,5.39,10.6,6.18,10.0,12.36,6.87
2026-04-20 01:45:37,CD_2,5.41,10.43,6.23,10.13,12.31,6.98
2026-04-20 01:45:38,CD_2,5.36,10.38,5.84,10.02,12.38,6.92
2026-04-20 01:45:38,CD_2,5.37,10.32,6.12,9.99,12.33,6.89
2026-04-20 01:45:39,CD_2,5.4,10.39,6.29,10.02,12.35,6.94
2026-04-20 01:45:39,CD_2,5.39,10.4,5.94,9.96,12.39,6.94
2026-04-20 01:45:39,CD_2,5.54,10.55,6.0,10.04,12.52,6.87
2026-04-20 01:45:40,CD_2,5.42,10.42,6.16,9.97,12.33,6.93
2026-04-20 01:45:40,CD_2,5.4,10.47,6.19,9.95,12.33,6.92
2026-04-20 01:45:41,CD_2,5.39,10.41,6.24,10.06,12.3,6.96
2026-04-20 01:45:41,CD_2,5.37,10.49,6.06,10.05,12.36,7.02
2026-04-20 01:45:41,CD_2,5.67,10.56,6.22,9.99,12.49,6.95
2026-04-20 01:45:42,CD_2,5.42,10.52,6.3,9.99,12.4,6.96
2026-04-20 01:45:42,CD_2,5.48,10.58,6.16,10.05,12.39,6.92
2026-04-20 01:45:43,CD_2,5.55,10.58,6.16,10.02,12.37,6.91
2026-04-20 01:45:43,CD_2,5.44,10.64,6.27,10.05,12.38,6.89
2026-04-20 01:45:43,CD_2,5.52,10.64,6.19,10.01,12.38,6.96
2026-04-20 01:45:44,CD_2,5.36,10.64,6.23,9.99,12.45,6.91
2026-04-20 01:45:44,CD_2,5.39,10.47,6.21,9.97,12.34,6.83
2026-04-20 01:45:45,CD_2,5.48,10.58,6.22,10.01,12.39,6.89
2026-04-20 01:45:45,CD_2,5.36,10.58,6.19,10.04,12.32,6.9
2026-04-20 01:45:45,CD_2,5.45,10.57,6.35,10.03,12.54,7.0
2026-04-20 01:45:46,CD_2,5.39,10.6,6.11,10.06,12.34,6.94
2026-04-20 01:45:46,CD_2,5.41,10.45,6.06,10.0,12.36,6.9
2026-04-20 01:45:47,CD_2,5.37,10.62,6.2,10.03,12.32,6.95
2026-04-20 01:45:47,CD_2,5.41,10.38,5.82,9.96,12.32,6.99
2026-04-20 01:45:47,CD_2,5.38,10.39,5.92,10.02,12.39,6.9
2026-04-20 01:45:48,CD_2,5.45,10.54,6.19,9.98,12.4,6.91
2026-04-20 01:45:48,CD_2,5.34,10.64,6.15,10.0,12.4,6.97
2026-04-20 01:45:49,CD_2,5.54,10.56,6.02,10.06,12.41,6.97
2026-04-20 01:45:49,CD_2,5.38,10.39,6.2,10.05,12.34,6.91
2026-04-20 01:45:49,CD_2,5.42,10.45,5.82,9.99,12.37,6.79
2026-04-20 01:45:50,CD_2,5.48,10.59,6.1,10.02,12.3,6.86
2026-04-20 01:45:50,CD_2,5.43,10.56,6.12,10.01,12.4,6.96
2026-04-20 01:45:51,CD_2,5.37,10.56,6.16,10.06,12.38,6.99
2026-04-20 01:45:51,CD_2,5.55,10.55,5.59,10.03,12.41,7.03
2026-04-20 01:45:51,CD_2,5.51,10.32,5.89,10.12,12.34,6.94
2026-04-20 01:45:52,CD_2,5.36,10.53,5.95,9.99,12.37,7.0
2026-04-20 01:45:52,CD_2,5.36,10.55,5.99,10.01,12.44,6.97
2026-04-20 01:45:53,CD_2,5.71,10.58,6.05,10.03,12.41,6.85
2026-04-20 01:45:53,CD_2,5.41,10.47,5.97,10.05,12.32,6.94
2026-04-20 01:45:53,CD_2,5.43,10.44,6.14,9.99,12.38,6.97
2026-04-20 01:45:54,CD_2,5.56,10.43,5.79,10.03,12.42,7.08
2026-04-20 01:45:54,CD_2,5.54,10.46,6.18,10.07,12.49,6.91
2026-04-20 01:45:55,CD_2,5.37,10.39,5.9,10.0,12.32,6.89
2026-04-20 01:45:55,CD_2,5.35,10.59,6.09,10.04,12.42,6.91
2026-04-20 01:45:55,CD_2,5.41,10.76,6.04,10.0,12.28,6.9
2026-04-20 01:45:56,CD_2,5.43,10.43,5.95,10.03,12.36,6.9
2026-04-20 01:45:56,CD_2,5.36,10.56,6.12,10.06,12.38,6.98
2026-04-20 01:45:57,CD_2,5.44,10.6,6.04,10.0,12.41,6.87
2026-04-20 01:45:57,CD_2,5.37,10.59,6.01,10.0,12.37,6.88
2026-04-20 01:45:57,CD_2,5.37,10.43,6.13,9.98,12.41,6.87
2026-04-20 01:45:58,CD_2,5.42,10.61,6.14,10.01,12.37,6.89
2026-04-20 01:45:58,CD_2,5.48,10.39,6.03,9.95,12.31,6.85
2026-04-20 01:45:59,CD_2,5.36,10.62,6.16,10.01,12.33,6.86
2026-04-20 01:45:59,CD_2,5.42,10.58,5.96,10.03,12.35,6.87
2026-04-20 01:45:59,CD_2,5.43,10.63,6.13,10.09,12.35,6.97
2026-04-20 01:46:00,CD_2,5.35,10.6,6.18,10.01,12.38,6.89
2026-04-20 01:46:00,CD_2,5.31,10.58,6.09,10.03,12.43,6.83
2026-04-20 01:46:01,CD_2,5.33,10.58,6.12,10.0,12.4,6.86
2026-04-20 01:46:01,CD_2,5.45,10.55,6.01,9.99,12.34,6.86
2026-04-20 01:46:01,CD_2,5.4,10.42,6.22,10.05,12.28,6.93
2026-04-20 01:46:02,CD_2,5.46,10.37,6.06,10.0,12.52,6.87
2026-04-20 01:46:02,CD_2,5.39,10.6,6.14,10.0,12.46,6.83
2026-04-20 01:46:02,CD_2,5.45,10.62,6.13,10.03,12.42,6.91
2026-04-20 01:46:03,CD_2,5.46,10.42,6.09,10.01,12.37,6.88
2026-04-20 01:46:03,CD_2,5.38,10.59,6.14,10.01,12.45,6.82
2026-04-20 01:46:04,CD_2,5.37,10.55,5.94,9.98,12.33,6.85
2026-04-20 01:46:04,CD_2,5.37,10.58,6.09,9.98,12.32,6.91
2026-04-20 01:46:04,CD_2,5.51,10.47,6.13,9.96,12.29,6.85
2026-04-20 01:46:05,CD_2,5.41,10.61,6.1,9.99,12.3,6.84
2026-04-20 01:46:05,CD_2,5.38,10.6,6.07,10.02,12.36,6.86
2026-04-20 01:46:06,CD_2,5.35,10.6,6.17,10.0,12.37,6.91
2026-04-20 01:46:06,CD_2,5.39,10.55,6.03,10.03,12.43,6.89
2026-04-20 01:46:06,CD_2,5.3,10.54,6.13,10.17,12.4,6.84
2026-04-20 01:46:07,CD_2,5.38,10.42,6.01,9.98,12.37,6.88
2026-04-20 01:46:07,CD_2,5.37,10.27,5.94,10.24,12.3,6.97
2026-04-20 01:46:08,CD_2,5.38,10.56,5.78,10.02,12.52,6.96
2026-04-20 01:46:08,CD_2,5.52,10.56,6.04,10.0,12.4,6.89
2026-04-20 01:46:08,CD_2,5.4,10.57,5.95,10.04,12.41,6.83
2026-04-20 01:46:09,CD_2,5.49,10.61,5.87,10.01,12.34,6.94
2026-04-20 01:46:09,CD_2,5.49,10.51,5.82,10.07,12.43,6.89
2026-04-20 01:46:10,CD_2,5.39,10.5,6.12,9.99,12.38,6.88
2026-04-20 01:46:10,CD_2,5.4,10.53,6.11,10.03,12.37,6.87
2026-04-20 01:46:10,CD_2,5.35,10.55,5.91,9.99,12.33,6.83
2026-04-20 01:46:11,CD_2,5.4,10.56,6.01,10.06,12.3,6.93
2026-04-20 01:46:11,CD_2,5.38,10.6,5.98,10.01,12.39,6.94
2026-04-20 01:46:12,CD_2,5.51,10.48,5.96,9.96,12.28,6.87
2026-04-20 01:46:12,CD_2,5.39,10.52,5.81,10.02,12.37,7.01
2026-04-20 01:46:12,CD_2,5.46,10.51,6.0,10.04,12.33,6.89
2026-04-20 01:46:13,CD_2,5.36,10.4,5.75,9.97,12.32,7.06
2026-04-20 01:46:13,CD_2,5.39,10.36,5.77,10.0,12.38,6.93
2026-04-20 01:46:14,CD_2,5.54,10.36,6.04,9.99,12.45,7.08
2026-04-20 01:46:14,CD_2,5.65,10.36,5.75,10.04,12.52,6.98
2026-04-20 01:46:14,CD_2,5.39,10.34,5.98,10.06,12.42,7.11
2026-04-20 01:46:15,CD_2,5.35,10.46,5.87,9.99,12.28,6.95
2026-04-20 01:46:15,CD_2,5.4,10.43,5.9,10.0,12.31,7.01
2026-04-20 01:46:16,CD_2,5.36,10.34,6.1,10.07,12.28,7.02
2026-04-20 01:46:16,CD_2,5.37,10.48,5.8,10.05,12.35,7.04
2026-04-20 01:46:16,CD_2,5.41,10.46,6.29,10.02,12.4,7.03
2026-04-20 01:46:17,CD_2,5.42,10.53,6.03,10.0,12.35,6.96
2026-04-20 01:46:17,CD_2,5.41,10.37,5.8,10.0,12.37,6.92
2026-04-20 01:46:18,CD_2,5.4,10.53,6.07,10.01,12.46,6.9
2026-04-20 01:46:18,CD_2,5.37,10.57,6.07,10.09,12.37,6.86
2026-04-20 01:46:18,CD_2,5.44,10.58,6.07,10.18,12.59,6.98
2026-04-20 01:46:19,CD_2,5.5,10.55,6.08,9.98,12.41,7.06
2026-04-20 01:46:19,CD_2,5.4,10.5,5.74,10.06,12.35,6.94
2026-04-20 01:46:20,CD_2,5.4,10.31,6.0,10.02,12.37,6.91
2026-04-20 01:46:20,CD_2,5.38,10.55,6.06,10.14,12.37,6.99
2026-04-20 01:46:20,CD_2,5.38,10.37,5.99,10.01,12.34,6.89
2026-04-20 01:46:21,CD_2,5.35,10.54,5.99,10.0,12.3,6.89
2026-04-20 01:46:21,CD_2,5.51,10.4,6.11,10.1,12.35,6.89
2026-04-20 01:46:22,CD_2,5.41,10.24,5.85,10.02,12.4,6.9
2026-04-20 01:46:22,CD_2,5.38,10.47,6.06,9.99,12.38,6.86
2026-04-20 01:46:22,CD_2,5.36,10.47,6.03,10.01,12.32,6.89
2026-04-20 01:46:23,CD_2,5.51,10.35,5.88,10.1,12.38,6.83
2026-04-20 01:46:23,CD_2,5.42,10.53,5.83,10.01,12.33,6.97
2026-04-20 01:46:24,CD_2,5.41,10.47,5.89,9.98,12.3,6.95
2026-04-20 01:46:24,CD_2,5.53,10.32,5.87,10.0,12.32,7.05
2026-04-20 01:46:24,CD_2,5.46,10.54,6.1,10.05,12.29,6.98
2026-04-20 01:46:25,CD_2,5.5,10.24,6.17,10.02,12.45,6.91
2026-04-20 01:46:25,CD_2,5.36,10.33,5.92,10.0,12.36,6.99
2026-04-20 01:46:26,CD_2,5.4,10.3,6.06,10.05,12.48,6.94
2026-04-20 01:46:26,CD_2,5.37,10.26,5.77,10.07,12.35,6.9
2026-04-20 01:46:26,CD_2,5.46,10.34,5.97,10.06,12.31,7.0
2026-04-20 01:46:27,CD_2,5.41,10.23,6.19,10.0,12.46,6.99
2026-04-20 01:46:27,CD_2,5.42,10.53,6.05,10.1,12.36,6.9
2026-04-20 01:46:28,CD_2,5.48,10.53,6.12,9.99,12.33,6.88
2026-04-20 01:46:28,CD_2,5.42,10.59,6.09,9.97,12.39,6.98
2026-04-20 01:46:28,CD_2,5.39,10.54,6.15,10.02,12.37,6.92
2026-04-20 01:46:29,CD_2,5.37,10.58,6.06,10.0,12.33,6.91
2026-04-20 01:46:29,CD_2,5.46,10.6,5.9,10.0,12.37,6.88
2026-04-20 01:46:30,CD_2,5.39,10.59,6.08,9.99,12.31,6.97
2026-04-20 01:46:30,CD_2,5.53,10.54,6.07,9.98,12.35,6.9
2026-04-20 01:46:30,CD_2,5.4,10.37,6.14,10.03,12.44,6.86
2026-04-20 01:46:31,CD_2,5.5,10.55,6.1,10.06,12.33,6.88
2026-04-20 01:46:31,CD_2,5.51,10.58,6.15,9.99,12.32,6.92
2026-04-20 01:46:32,CD_2,5.38,10.34,6.06,10.05,12.32,6.91
2026-04-20 01:46:32,CD_2,5.39,10.41,5.96,9.99,12.32,6.83
2026-04-20 01:46:32,CD_2,5.57,10.42,5.78,9.99,12.26,7.01
2026-04-20 01:46:33,CD_2,5.49,10.38,5.83,10.04,12.32,6.88
2026-04-20 01:46:33,CD_2,5.45,10.28,5.85,10.0,12.33,6.85
2026-04-20 01:46:34,CD_2,5.4,10.34,5.92,10.05,12.42,6.83
2026-04-20 01:46:34,CD_2,5.38,10.43,5.85,10.03,12.43,6.87
2026-04-20 01:46:34,CD_2,5.41,10.41,5.99,9.97,12.34,6.92
2026-04-20 01:46:35,CD_2,5.41,10.53,6.23,10.02,12.39,6.98
2026-04-20 01:46:35,CD_2,5.36,10.46,6.04,10.05,12.27,7.08
2026-04-20 01:46:36,CD_2,5.38,10.37,6.06,10.0,12.4,7.03
2026-04-20 01:46:36,CD_2,5.41,10.34,5.78,10.0,12.39,6.91
2026-04-20 01:46:36,CD_2,5.35,10.5,5.96,10.03,12.37,6.87
2026-04-20 01:46:37,CD_2,5.42,10.52,5.96,10.04,12.4,6.92
2026-04-20 01:46:37,CD_2,5.45,10.42,6.23,10.02,12.34,7.01
2026-04-20 01:46:38,CD_2,5.36,10.56,5.91,10.01,12.45,6.96
2026-04-20 01:46:38,CD_2,5.41,10.23,5.99,10.0,12.33,7.0
2026-04-20 01:46:38,CD_2,5.41,10.3,6.05,10.0,12.32,6.92
2026-04-20 01:46:39,CD_2,5.46,10.37,5.98,10.03,12.52,6.88
2026-04-20 01:46:39,CD_2,5.4,10.38,6.13,9.94,12.31,7.08
2026-04-20 01:46:40,CD_2,5.42,10.36,5.86,10.01,12.39,6.93
2026-04-20 01:46:40,CD_2,5.41,10.29,5.77,9.99,12.35,6.88
2026-04-20 01:46:40,CD_2,5.42,10.48,6.19,9.96,12.39,6.92
2026-04-20 01:46:41,CD_2,5.36,10.37,5.92,10.05,12.36,7.02
2026-04-20 01:46:41,CD_2,5.43,10.48,5.85,9.99,12.33,7.05
2026-04-20 01:46:42,CD_2,5.5,10.35,6.09,10.06,12.39,6.99
2026-04-20 01:46:50,CD_3,5.93,11.37,5.79,9.63,11.86,7.14
2026-04-20 01:46:50,CD_3,5.82,11.26,5.86,9.59,11.96,7.09
2026-04-20 01:46:51,CD_3,5.83,11.02,5.88,9.57,11.8,7.21
2026-04-20 01:46:51,CD_3,5.85,10.85,5.82,9.6,11.91,7.21
2026-04-20 01:46:52,CD_3,5.9,11.08,5.75,9.6,11.89,7.32
2026-04-20 01:46:52,CD_3,5.88,11.0,5.83,9.63,12.01,7.35
2026-04-20 01:46:52,CD_3,5.88,10.65,5.86,9.55,11.93,7.28
2026-04-20 01:46:53,CD_3,5.87,10.77,5.85,9.58,11.89,7.32
2026-04-20 01:46:53,CD_3,5.87,10.63,5.79,9.57,11.94,7.41
2026-04-20 01:46:54,CD_3,6.1,10.53,5.79,9.58,11.83,7.37
2026-04-20 01:46:54,CD_3,5.79,10.48,5.84,9.57,11.91,7.41
2026-04-20 01:46:54,CD_3,5.86,10.34,5.83,9.59,11.93,7.44
2026-04-20 01:46:55,CD_3,5.87,10.5,5.94,9.55,11.92,7.49
2026-04-20 01:46:55,CD_3,5.97,10.42,5.84,9.56,11.96,7.41
2026-04-20 01:46:56,CD_3,5.96,10.44,5.77,9.56,11.94,7.45
2026-04-20 01:46:56,CD_3,5.78,10.39,5.83,9.59,11.86,7.49
2026-04-20 01:46:56,CD_3,5.78,10.24,5.87,9.55,11.88,7.5
2026-04-20 01:46:57,CD_3,5.77,10.26,5.81,9.62,12.07,7.61
2026-04-20 01:46:57,CD_3,6.04,10.36,5.93,9.57,11.86,7.49
2026-04-20 01:46:58,CD_3,5.8,10.34,5.97,9.54,11.81,7.47
2026-04-20 01:46:58,CD_3,5.82,10.13,5.86,9.59,11.84,7.41
2026-04-20 01:46:58,CD_3,5.91,10.36,5.83,9.59,11.82,7.45
2026-04-20 01:46:59,CD_3,5.81,10.32,5.83,9.6,11.86,7.52
2026-04-20 01:46:59,CD_3,5.83,10.29,5.87,9.56,12.08,7.48
2026-04-20 01:47:00,CD_3,5.88,10.29,6.05,9.53,11.82,7.5
2026-04-20 01:47:00,CD_3,5.81,10.28,5.83,9.54,11.81,7.52
2026-04-20 01:47:00,CD_3,5.83,10.29,5.81,9.61,11.83,7.64
2026-04-20 01:47:01,CD_3,5.9,10.34,5.82,9.55,11.85,7.5
2026-04-20 01:47:01,CD_3,5.83,10.36,5.86,9.61,11.9,7.6
2026-04-20 01:47:02,CD_3,5.81,10.15,5.86,9.59,11.9,7.5
2026-04-20 01:47:02,CD_3,5.82,10.33,5.88,9.55,11.94,7.38
2026-04-20 01:47:02,CD_3,5.84,10.29,5.97,9.58,11.85,7.4
2026-04-20 01:47:03,CD_3,5.78,10.32,5.8,9.55,11.88,7.63
2026-04-20 01:47:03,CD_3,5.82,10.3,5.88,9.55,11.83,7.72
2026-04-20 01:47:04,CD_3,5.75,10.13,5.75,9.58,11.84,7.57
2026-04-20 01:47:04,CD_3,5.84,10.23,5.89,9.56,11.84,7.63
2026-04-20 01:47:04,CD_3,5.79,10.27,5.65,9.55,11.84,7.67
2026-04-20 01:47:05,CD_3,5.84,10.2,5.83,9.59,11.83,7.76
2026-04-20 01:47:05,CD_3,5.72,10.27,5.8,9.6,11.82,7.81
2026-04-20 01:47:06,CD_3,5.84,10.11,5.9,9.53,11.91,7.63
2026-04-20 01:47:06,CD_3,5.89,10.3,5.83,9.52,11.9,7.69
2026-04-20 01:47:06,CD_3,5.76,10.31,5.77,9.51,11.83,7.53
2026-04-20 01:47:07,CD_3,5.76,10.32,5.91,9.57,11.89,7.48
2026-04-20 01:47:07,CD_3,5.71,10.3,5.9,9.56,11.82,7.43
2026-04-20 01:47:08,CD_3,5.79,10.34,5.82,9.51,11.81,7.68
2026-04-20 01:47:08,CD_3,5.72,10.26,5.85,9.54,11.81,7.51
2026-04-20 01:47:08,CD_3,5.87,10.26,5.82,9.58,11.96,7.51
2026-04-20 01:47:09,CD_3,5.83,10.34,5.77,9.64,11.9,7.48
2026-04-20 01:47:09,CD_3,5.75,10.34,5.79,9.57,12.0,7.59
2026-04-20 01:47:09,CD_3,5.79,10.26,5.84,9.67,11.78,7.51
2026-04-20 01:47:10,CD_3,5.8,10.3,5.75,9.52,11.89,7.5
2026-04-20 01:47:10,CD_3,5.77,10.25,5.84,9.5,11.79,7.59
2026-04-20 01:47:11,CD_3,5.9,10.11,5.82,9.62,11.91,7.56
2026-04-20 01:47:11,CD_3,5.85,10.2,5.83,9.53,11.81,7.41
2026-04-20 01:47:12,CD_3,5.79,10.21,5.88,9.53,11.75,7.47
2026-04-20 01:47:12,CD_3,5.74,10.26,5.97,9.55,11.8,7.5
2026-04-20 01:47:12,CD_3,5.77,10.29,5.8,9.51,11.87,7.47
2026-04-20 01:47:13,CD_3,5.84,10.18,5.79,9.59,12.04,7.51
2026-04-20 01:47:13,CD_3,5.96,10.25,5.8,9.52,11.91,7.47
2026-04-20 01:47:13,CD_3,5.79,10.31,5.87,9.54,11.83,7.24
2026-04-20 01:47:14,CD_3,5.81,10.3,5.81,9.56,11.94,7.6
2026-04-20 01:47:14,CD_3,5.83,10.2,5.8,9.49,11.9,7.64
2026-04-20 01:47:15,CD_3,5.9,10.25,5.83,9.55,11.85,7.61
2026-04-20 01:47:15,CD_3,5.82,10.3,5.84,9.58,11.85,7.46
2026-04-20 01:47:15,CD_3,5.87,10.27,5.76,9.57,11.87,7.6
2026-04-20 01:47:16,CD_3,5.74,10.26,5.81,9.52,11.83,7.92
2026-04-20 01:47:16,CD_3,5.74,10.25,5.67,9.54,11.81,7.61
2026-04-20 01:47:17,CD_3,5.8,10.26,5.96,9.5,11.89,7.61
2026-04-20 01:47:17,CD_3,5.87,10.29,5.83,9.56,11.79,7.62
2026-04-20 01:47:17,CD_3,5.89,10.11,5.83,9.54,11.76,7.51
2026-04-20 01:47:18,CD_3,5.87,10.1,5.81,9.54,11.87,7.46
2026-04-20 01:47:18,CD_3,5.79,10.31,5.97,9.56,11.88,7.5
2026-04-20 01:47:19,CD_3,5.84,10.33,5.8,9.56,11.81,7.54
2026-04-20 01:47:19,CD_3,5.76,10.28,5.87,9.56,11.82,7.5
2026-04-20 01:47:19,CD_3,5.79,10.28,5.78,9.59,11.81,7.61
2026-04-20 01:47:20,CD_3,5.85,10.26,5.83,9.51,11.8,7.52
2026-04-20 01:47:20,CD_3,5.72,10.18,5.94,9.58,11.8,7.51
2026-04-20 01:47:21,CD_3,5.83,10.24,5.84,9.51,11.82,7.52
2026-04-20 01:47:21,CD_3,5.81,10.25,5.85,9.56,11.87,7.49
2026-04-20 01:47:21,CD_3,5.84,10.29,5.84,9.59,11.85,7.32
2026-04-20 01:47:22,CD_3,5.78,10.11,5.91,9.51,11.01,7.62
2026-04-20 01:47:22,CD_3,5.91,9.92,5.79,9.5,11.79,7.67
2026-04-20 01:47:23,CD_3,5.79,10.13,5.79,9.54,11.8,7.61
2026-04-20 01:47:23,CD_3,5.76,10.26,5.95,9.55,11.88,7.62
2026-04-20 01:47:23,CD_3,5.77,10.16,5.83,9.59,11.86,7.59
2026-04-20 01:47:24,CD_3,5.78,10.27,5.81,9.56,11.78,7.67
2026-04-20 01:47:24,CD_3,5.76,10.15,5.82,9.52,11.79,7.6
2026-04-20 01:47:25,CD_3,5.77,10.11,5.95,9.6,11.82,7.51
2026-04-20 01:47:25,CD_3,5.76,10.23,5.8,9.51,11.85,7.54
2026-04-20 01:47:25,CD_3,5.74,10.27,5.87,9.51,11.83,7.51
2026-04-20 01:47:26,CD_3,5.77,10.22,5.92,9.56,11.91,7.43
2026-04-20 01:47:26,CD_3,5.79,10.24,5.75,9.57,11.88,7.5
2026-04-20 01:47:27,CD_3,5.8,10.06,5.84,9.52,11.82,7.61
2026-04-20 01:47:27,CD_3,5.78,10.27,5.79,9.53,11.88,7.66
2026-04-20 01:47:28,CD_3,5.79,10.01,5.78,9.5,11.8,7.41
2026-04-20 01:47:28,CD_3,5.84,10.21,5.86,9.52,11.84,7.62
2026-04-20 01:47:28,CD_3,5.81,10.26,5.81,9.62,11.83,7.77
2026-04-20 01:47:29,CD_3,5.95,10.22,5.79,9.5,11.81,7.85
2026-04-20 01:47:29,CD_3,5.94,10.14,5.75,9.55,11.8,7.64
2026-04-20 01:47:30,CD_3,5.79,10.3,5.88,9.53,11.95,7.65
2026-04-20 01:47:30,CD_3,5.3,10.24,5.76,9.6,11.82,7.59
2026-04-20 01:47:30,CD_3,5.73,10.26,5.9,9.57,11.79,7.53
2026-04-20 01:47:31,CD_3,5.73,10.29,5.86,9.53,11.93,7.54
2026-04-20 01:47:31,CD_3,5.72,10.1,5.95,9.5,11.83,7.47
2026-04-20 01:47:31,CD_3,5.85,10.23,5.8,9.56,11.92,7.54
2026-04-20 01:47:32,CD_3,5.81,10.25,5.78,9.62,11.83,7.49
2026-04-20 01:47:32,CD_3,5.78,10.24,5.88,9.6,11.83,7.49
2026-04-20 01:47:33,CD_3,5.82,10.26,5.82,9.56,12.16,7.47
2026-04-20 01:47:33,CD_3,5.85,10.2,5.8,9.52,11.86,7.45
2026-04-20 01:47:33,CD_3,5.78,10.25,5.83,9.5,11.86,7.55
2026-04-20 01:47:34,CD_3,5.76,10.09,5.8,9.58,11.84,7.62
2026-04-20 01:47:34,CD_3,5.9,10.13,5.84,9.59,11.85,7.47
2026-04-20 01:47:35,CD_3,5.76,10.21,5.88,9.55,11.86,7.5
2026-04-20 01:47:35,CD_3,5.79,10.15,5.85,9.6,11.88,7.43
2026-04-20 01:47:36,CD_3,5.76,10.09,5.81,9.56,11.8,7.46
2026-04-20 01:47:36,CD_3,5.79,10.17,5.89,9.55,11.87,7.44
2026-04-20 01:47:36,CD_3,5.78,10.07,6.12,9.56,11.87,7.47
2026-04-20 01:47:37,CD_3,5.89,10.18,5.83,9.58,11.95,7.6
2026-04-20 01:47:37,CD_3,5.88,10.23,5.82,9.53,11.82,7.45
2026-04-20 01:47:38,CD_3,5.76,10.21,5.85,9.53,11.88,7.65
2026-04-20 01:47:38,CD_3,5.79,10.08,5.81,9.56,11.92,7.59
2026-04-20 01:47:38,CD_3,5.75,10.25,5.79,9.55,11.86,7.61
2026-04-20 01:47:39,CD_3,5.76,10.24,5.85,9.53,11.8,7.61
2026-04-20 01:47:39,CD_3,5.83,10.07,5.82,9.52,11.85,7.59
2026-04-20 01:47:40,CD_3,5.92,10.23,5.91,9.56,11.88,7.62
2026-04-20 01:47:40,CD_3,5.77,10.22,5.79,9.56,11.88,7.52
2026-04-20 01:47:40,CD_3,5.71,10.25,5.83,9.62,11.82,7.55
2026-04-20 01:47:41,CD_3,5.82,10.23,5.82,9.54,11.83,7.53
2026-04-20 01:47:41,CD_3,5.74,10.25,5.91,9.51,11.87,7.47
2026-04-20 01:47:42,CD_3,5.84,10.08,5.95,9.55,11.81,7.52
2026-04-20 01:47:42,CD_3,5.89,10.17,5.99,9.54,12.0,7.42
2026-04-20 01:47:42,CD_3,5.88,9.97,5.62,9.52,11.85,7.41
2026-04-20 01:47:43,CD_3,5.86,10.07,5.81,9.57,11.85,7.49
2026-04-20 01:47:43,CD_3,5.78,10.06,5.81,9.55,11.84,7.65
2026-04-20 01:47:44,CD_3,5.94,10.06,5.88,9.5,11.83,7.5
2026-04-20 01:47:44,CD_3,6.05,10.21,5.98,9.52,11.87,7.62
2026-04-20 01:47:44,CD_3,5.88,10.01,5.74,9.53,11.87,7.63
2026-04-20 01:47:45,CD_3,5.83,10.05,5.85,9.62,11.92,7.49
2026-04-20 01:47:45,CD_3,5.8,10.21,5.92,9.56,11.8,7.57
2026-04-20 01:47:46,CD_3,5.77,10.22,5.89,9.54,11.8,7.58
2026-04-20 01:47:46,CD_3,5.84,10.23,5.8,9.54,11.87,7.51
2026-04-20 01:47:46,CD_3,5.78,10.25,5.83,9.54,11.8,7.43
2026-04-20 01:47:47,CD_3,5.78,10.24,5.83,9.51,11.85,7.49
2026-04-20 01:47:47,CD_3,5.89,10.01,5.97,9.53,11.92,7.49
2026-04-20 01:47:48,CD_3,5.8,10.07,6.0,9.51,11.91,7.5
2026-04-20 01:47:48,CD_3,5.78,10.16,5.87,9.55,11.79,7.4
2026-04-20 01:47:48,CD_3,5.92,10.13,5.84,9.54,11.81,7.57
2026-04-20 01:47:49,CD_3,5.75,10.19,5.79,9.5,11.87,7.52
2026-04-20 01:47:49,CD_3,5.86,10.28,5.84,9.56,11.78,7.48
2026-04-20 01:47:50,CD_3,5.75,10.24,5.79,9.52,11.87,7.47
2026-04-20 01:47:50,CD_3,5.84,10.26,5.82,9.51,11.83,7.46
2026-04-20 01:47:50,CD_3,5.73,10.21,5.8,9.56,11.86,7.66
2026-04-20 01:47:51,CD_3,5.81,10.07,6.08,9.53,11.89,7.53
2026-04-20 01:47:51,CD_3,6.08,10.39,5.83,9.54,11.88,7.45
2026-04-20 01:47:52,CD_3,5.93,10.02,5.95,9.53,11.94,7.41
2026-04-20 01:47:52,CD_3,5.78,10.01,5.92,9.52,11.89,7.55
2026-04-20 01:47:52,CD_3,5.79,10.13,5.78,9.54,11.77,7.63
2026-04-20 01:47:53,CD_3,5.79,10.11,5.8,9.6,11.86,7.7
2026-04-20 01:47:53,CD_3,5.9,10.14,6.06,9.6,11.95,7.73
2026-04-20 01:47:54,CD_3,5.73,10.08,5.83,9.55,11.91,7.7
2026-04-20 01:47:54,CD_3,5.86,10.01,5.76,9.55,11.87,7.6
2026-04-20 01:47:54,CD_3,5.88,10.04,5.79,9.52,11.82,7.68
2026-04-20 01:47:55,CD_3,5.79,10.11,5.8,9.54,11.89,7.73
2026-04-20 01:47:55,CD_3,5.72,10.11,5.8,9.52,11.83,7.71
2026-04-20 01:47:56,CD_3,5.77,10.12,5.73,9.53,11.9,7.5
2026-04-20 01:47:56,CD_3,5.8,10.11,5.85,9.59,11.88,7.46
2026-04-20 01:47:56,CD_3,5.9,10.17,5.8,9.8,11.81,7.51
2026-04-20 01:47:57,CD_3,5.77,10.12,5.85,9.55,11.87,7.52
2026-04-20 01:47:57,CD_3,5.78,10.07,5.87,9.54,11.8,7.49
2026-04-20 01:47:58,CD_3,5.81,10.23,5.82,9.55,11.89,7.47
2026-04-20 01:47:58,CD_3,5.74,10.28,5.82,9.56,11.83,7.52
2026-04-20 01:47:58,CD_3,5.75,10.24,5.89,9.56,11.86,7.68
2026-04-20 01:47:59,CD_3,5.91,10.18,5.78,9.59,11.9,7.56
2026-04-20 01:47:59,CD_3,5.84,10.23,5.87,9.52,11.89,7.52
2026-04-20 01:48:00,CD_3,5.81,10.27,5.76,9.5,11.79,7.47
2026-04-20 01:48:00,CD_3,5.75,10.24,5.82,9.56,11.81,7.53
2026-04-20 01:48:00,CD_3,5.77,10.21,5.87,9.5,11.89,7.49
2026-04-20 01:48:01,CD_3,5.78,10.24,5.8,9.52,11.83,7.47
2026-04-20 01:48:01,CD_3,5.79,10.27,5.8,9.52,11.88,7.52
2026-04-20 01:48:02,CD_3,5.79,10.05,5.81,9.62,11.84,7.51
2026-04-20 01:48:02,CD_3,5.76,10.13,5.85,9.51,11.85,7.62
2026-04-20 01:48:02,CD_3,5.79,10.11,5.78,9.58,11.88,7.54
2026-04-20 01:48:03,CD_3,5.84,10.1,5.81,9.52,11.87,7.54
2026-04-20 01:48:03,CD_3,5.79,10.13,5.63,9.52,11.83,7.49
2026-04-20 01:48:04,CD_3,5.91,10.06,5.87,9.53,11.92,7.42
2026-04-20 01:48:04,CD_3,5.75,10.09,5.87,9.55,11.9,7.39
2026-04-20 01:48:04,CD_3,5.78,10.2,5.84,9.49,11.88,7.53
2026-04-20 01:48:05,CD_3,5.81,10.23,5.85,9.55,11.89,7.53
2026-04-20 01:48:05,CD_3,5.73,10.21,5.64,9.6,11.93,7.46
2026-04-20 01:48:06,CD_3,5.78,10.03,5.88,9.49,11.84,7.59
2026-04-20 01:48:06,CD_3,5.81,10.13,5.85,9.49,11.79,7.59
2026-04-20 01:48:06,CD_3,5.85,10.21,5.84,9.53,11.78,7.56
2026-04-20 01:48:07,CD_3,5.73,10.13,5.85,9.52,11.86,7.55
2026-04-20 01:48:07,CD_3,5.88,10.24,5.83,9.61,11.81,7.42
2026-04-20 01:48:08,CD_3,5.81,10.24,5.82,9.55,11.85,7.53
2026-04-20 01:48:08,CD_3,5.83,10.25,5.86,9.48,11.82,7.55
2026-04-20 01:48:09,CD_3,5.7,10.14,5.85,9.5,11.78,7.56
2026-04-20 01:48:09,CD_3,5.79,10.1,5.77,9.53,11.89,7.43
2026-04-20 01:48:09,CD_3,5.79,10.29,5.89,9.57,11.93,7.56
2026-04-20 01:48:10,CD_3,5.77,10.39,5.75,9.53,11.84,7.55
2026-04-20 01:48:15,CD_4,5.63,11.6,5.93,9.57,12.06,6.97
2026-04-20 01:48:16,CD_4,5.71,11.13,6.01,9.55,12.05,6.99
2026-04-20 01:48:16,CD_4,5.85,10.87,5.97,9.46,12.15,7.13
2026-04-20 01:48:16,CD_4,5.65,11.11,5.97,9.46,12.15,7.16
2026-04-20 01:48:17,CD_4,5.83,10.99,5.92,9.49,12.1,7.16
2026-04-20 01:48:17,CD_4,5.96,10.69,5.94,9.44,12.13,7.22
2026-04-20 01:48:18,CD_4,5.61,10.71,6.04,9.67,12.12,7.28
2026-04-20 01:48:18,CD_4,5.62,10.63,6.04,9.5,12.15,7.26
2026-04-20 01:48:18,CD_4,5.64,10.62,5.95,9.5,12.13,7.26
2026-04-20 01:48:19,CD_4,5.7,10.62,6.18,9.59,12.07,7.32
2026-04-20 01:48:19,CD_4,5.79,10.49,5.98,9.46,12.12,7.23
2026-04-20 01:48:20,CD_4,5.61,10.52,6.02,9.48,12.14,7.35
2026-04-20 01:48:20,CD_4,5.62,10.48,6.08,9.54,12.12,7.29
2026-04-20 01:48:20,CD_4,5.68,10.38,6.03,9.49,12.05,7.21
2026-04-20 01:48:21,CD_4,5.7,10.36,6.01,9.49,12.05,7.28
2026-04-20 01:48:21,CD_4,5.62,10.42,5.99,9.41,12.12,7.25
2026-04-20 01:48:22,CD_4,5.64,10.56,5.99,9.48,12.07,7.23
2026-04-20 01:48:22,CD_4,5.77,10.39,5.97,9.49,12.22,7.25
2026-04-20 01:48:22,CD_4,5.64,10.41,5.96,9.7,12.04,7.44
2026-04-20 01:48:23,CD_4,5.72,10.28,5.97,9.48,12.07,7.32
2026-04-20 01:48:23,CD_4,5.62,10.48,5.97,9.44,12.08,7.36
2026-04-20 01:48:24,CD_4,5.64,10.5,5.96,9.52,12.06,7.43
2026-04-20 01:48:24,CD_4,5.57,10.32,6.08,9.48,12.14,7.24
2026-04-20 01:48:24,CD_4,5.58,10.32,6.06,9.46,12.09,7.17
2026-04-20 01:48:25,CD_4,5.73,10.41,6.02,9.43,12.06,7.31
2026-04-20 01:48:25,CD_4,5.73,10.23,5.93,9.46,12.11,7.45
2026-04-20 01:48:26,CD_4,5.64,10.42,6.07,9.44,12.1,7.46
2026-04-20 01:48:26,CD_4,5.61,10.42,5.98,9.56,12.06,7.42
2026-04-20 01:48:26,CD_4,5.64,10.42,5.99,9.59,12.13,7.36
2026-04-20 01:48:27,CD_4,5.61,10.23,6.07,9.53,12.02,7.31
2026-04-20 01:48:27,CD_4,5.68,10.42,5.94,9.49,12.1,7.28
2026-04-20 01:48:28,CD_4,5.77,10.45,6.03,9.55,12.12,7.33
2026-04-20 01:48:28,CD_4,5.73,10.35,5.99,9.48,12.14,7.27
2026-04-20 01:48:28,CD_4,5.66,10.3,5.82,9.45,12.06,7.33
2026-04-20 01:48:29,CD_4,5.69,10.45,6.05,9.47,12.29,7.42
2026-04-20 01:48:29,CD_4,5.59,10.26,6.0,9.45,12.06,7.28
2026-04-20 01:48:30,CD_4,5.62,10.24,5.97,9.51,11.98,7.45
2026-04-20 01:48:30,CD_4,5.73,10.43,5.96,9.4,12.11,7.44
2026-04-20 01:48:30,CD_4,5.85,10.22,6.01,9.49,12.07,7.43
2026-04-20 01:48:31,CD_4,5.85,10.08,5.98,9.49,12.02,7.49
2026-04-20 01:48:31,CD_4,5.75,10.4,6.02,9.61,12.16,7.37
2026-04-20 01:48:32,CD_4,5.58,10.25,5.95,9.48,12.13,7.41
2026-04-20 01:48:32,CD_4,5.6,10.35,6.02,9.44,12.02,7.5
2026-04-20 01:48:32,CD_4,5.65,10.43,5.9,9.48,12.04,7.48
2026-04-20 01:48:33,CD_4,5.6,10.39,6.0,9.5,12.32,7.42
2026-04-20 01:48:33,CD_4,5.65,10.46,5.89,9.44,12.14,7.52
2026-04-20 01:48:34,CD_4,5.62,10.17,6.02,9.47,12.1,7.43
2026-04-20 01:48:34,CD_4,5.72,10.42,6.07,9.51,12.02,7.39
2026-04-20 01:48:34,CD_4,5.65,10.42,6.02,9.46,12.07,7.36
2026-04-20 01:48:35,CD_4,5.6,10.42,5.93,9.45,12.12,7.32
2026-04-20 01:48:35,CD_4,5.67,10.3,5.99,9.49,12.11,7.27
2026-04-20 01:48:36,CD_4,5.59,10.22,5.98,9.45,12.16,7.36
2026-04-20 01:48:36,CD_4,5.6,10.41,5.97,9.45,12.13,7.19
2026-04-20 01:48:36,CD_4,5.6,10.42,5.95,9.51,12.11,7.49
2026-04-20 01:48:37,CD_4,5.59,10.25,5.76,9.5,12.08,7.4
2026-04-20 01:48:37,CD_4,5.6,10.42,6.02,9.5,12.05,7.46
2026-04-20 01:48:38,CD_4,5.86,10.44,5.97,9.49,12.04,7.37
2026-04-20 01:48:38,CD_4,5.57,10.32,5.91,9.44,12.08,7.53
2026-04-20 01:48:38,CD_4,5.6,10.41,5.93,9.48,12.16,7.42
2026-04-20 01:48:39,CD_4,5.58,10.23,5.87,9.48,12.06,7.39
2026-04-20 01:48:39,CD_4,5.59,10.25,5.78,9.49,12.09,7.3
2026-04-20 01:48:39,CD_4,5.62,10.43,5.92,9.51,12.06,7.48
2026-04-20 01:48:40,CD_4,5.63,10.39,5.97,9.49,12.11,7.34
2026-04-20 01:48:40,CD_4,5.62,10.34,5.94,9.45,12.07,7.36
2026-04-20 01:48:41,CD_4,5.55,10.26,5.99,9.48,12.2,7.35
2026-04-20 01:48:41,CD_4,5.62,10.45,6.04,9.47,12.15,7.41
2026-04-20 01:48:41,CD_4,5.6,10.39,5.94,9.45,12.15,7.35
2026-04-20 01:48:42,CD_4,5.57,10.41,5.83,9.44,12.03,7.31
2026-04-20 01:48:42,CD_4,5.64,10.29,5.63,9.48,12.11,7.35
2026-04-20 01:48:43,CD_4,5.61,10.26,5.84,9.46,12.04,7.51
2026-04-20 01:48:43,CD_4,5.68,10.39,6.07,9.47,12.1,7.44
2026-04-20 01:48:44,CD_4,5.63,10.17,5.98,9.52,12.11,7.31
2026-04-20 01:48:44,CD_4,5.63,10.28,5.99,9.48,12.11,7.37
2026-04-20 01:48:44,CD_4,5.61,10.22,5.83,9.51,12.14,7.42
2026-04-20 01:48:45,CD_4,5.6,10.41,5.97,9.48,12.14,7.32
2026-04-20 01:48:45,CD_4,5.63,10.31,5.91,9.5,12.05,7.42
2026-04-20 01:48:46,CD_4,5.63,10.28,5.93,9.52,12.1,7.32
2026-04-20 01:48:46,CD_4,5.6,10.17,5.95,9.5,12.04,7.28
2026-04-20 01:48:46,CD_4,5.55,10.19,5.97,9.45,12.03,7.35
2026-04-20 01:48:47,CD_4,5.61,10.35,5.94,9.44,12.02,7.26
2026-04-20 01:48:47,CD_4,5.63,10.39,5.95,9.45,12.05,7.31
2026-04-20 01:48:48,CD_4,5.58,10.38,5.91,9.5,12.09,7.28
2026-04-20 01:48:48,CD_4,5.61,10.42,5.94,9.47,12.12,7.3
2026-04-20 01:48:48,CD_4,5.61,10.41,5.95,9.43,12.09,7.22
2026-04-20 01:48:49,CD_4,5.56,10.43,6.14,9.45,12.13,7.32
2026-04-20 01:48:49,CD_4,5.63,10.23,5.95,9.49,12.12,7.31
2026-04-20 01:48:50,CD_4,5.66,10.29,6.03,9.48,12.18,7.28
2026-04-20 01:48:50,CD_4,5.75,10.41,6.0,9.43,12.14,7.28
2026-04-20 01:48:50,CD_4,5.63,10.39,5.95,9.44,12.45,7.37
2026-04-20 01:48:51,CD_4,5.69,10.42,5.96,9.49,12.2,7.35
2026-04-20 01:48:51,CD_4,5.61,10.43,6.04,9.42,12.22,7.3
2026-04-20 01:48:52,CD_4,5.53,10.52,6.02,9.46,12.18,7.25
2026-04-20 01:48:52,CD_4,5.68,10.43,5.75,9.48,12.46,7.31
2026-04-20 01:48:52,CD_4,5.59,10.24,5.97,9.47,12.04,7.33
2026-04-20 01:48:53,CD_4,5.69,10.19,5.97,9.43,12.04,7.27
2026-04-20 01:48:53,CD_4,5.61,10.25,5.99,9.48,12.06,7.41
2026-04-20 01:48:54,CD_4,5.61,10.42,5.98,9.47,12.04,7.35
2026-04-20 01:48:54,CD_4,5.65,10.19,5.99,9.44,12.09,7.45
2026-04-20 01:48:55,CD_4,5.61,10.4,5.95,9.46,12.11,7.36
2026-04-20 01:48:55,CD_4,5.57,10.17,5.98,9.43,12.12,7.4
2026-04-20 01:48:55,CD_4,5.61,10.22,5.99,9.43,12.07,7.41
2026-04-20 01:48:56,CD_4,5.59,10.31,5.94,9.48,12.03,7.46
2026-04-20 01:48:56,CD_4,5.63,10.19,5.96,9.47,12.03,7.4
2026-04-20 01:48:57,CD_4,5.67,10.24,5.94,9.47,12.07,7.28
2026-04-20 01:48:57,CD_4,5.66,10.21,5.95,9.43,12.05,7.36
2026-04-20 01:48:57,CD_4,5.55,10.22,5.89,9.47,12.09,7.28
2026-04-20 01:48:58,CD_4,5.54,10.39,5.94,9.44,12.1,7.44
2026-04-20 01:48:58,CD_4,5.57,10.33,5.84,9.48,12.04,7.23
2026-04-20 01:48:59,CD_4,5.62,10.23,6.04,9.53,12.02,7.45
2026-04-20 01:48:59,CD_4,5.66,10.18,5.9,9.46,12.05,7.43
2026-04-20 01:48:59,CD_4,5.64,10.42,5.96,9.4,12.05,7.42
2026-04-20 01:49:00,CD_4,5.64,10.26,6.0,9.46,12.22,7.41
2026-04-20 01:49:00,CD_4,5.73,10.14,5.84,9.46,12.09,7.57
2026-04-20 01:49:01,CD_4,5.64,10.39,5.77,9.48,12.05,7.55
2026-04-20 01:49:01,CD_4,5.75,10.25,5.89,9.47,12.08,7.39
2026-04-20 01:49:01,CD_4,5.65,10.15,5.92,9.49,12.07,7.36
2026-04-20 01:49:02,CD_4,5.62,10.39,5.95,9.48,12.07,7.55
2026-04-20 01:49:02,CD_4,5.69,10.36,5.48,9.48,12.1,7.4
2026-04-20 01:49:03,CD_4,5.62,10.38,5.67,9.48,12.1,7.37
2026-04-20 01:49:03,CD_4,5.56,10.42,6.02,9.48,12.02,7.27
2026-04-20 01:49:03,CD_4,5.68,10.42,6.02,9.48,12.05,7.36
2026-04-20 01:49:04,CD_4,5.6,10.25,5.9,9.45,12.0,7.46
2026-04-20 01:49:04,CD_4,5.6,10.35,5.91,9.47,12.05,7.4
2026-04-20 01:49:05,CD_4,5.65,10.39,5.97,9.46,12.09,7.37
2026-04-20 01:49:05,CD_4,5.66,10.11,5.94,9.47,12.1,7.54
2026-04-20 01:49:05,CD_4,5.55,10.2,5.97,9.52,12.09,7.52
2026-04-20 01:49:06,CD_4,5.55,10.29,5.75,9.43,12.38,7.39
2026-04-20 01:49:06,CD_4,5.55,10.29,5.89,9.46,12.21,7.31
2026-04-20 01:49:07,CD_4,5.58,10.29,6.04,9.46,12.14,7.43
2026-04-20 01:49:07,CD_4,5.69,10.1,6.1,9.42,12.13,7.34
2026-04-20 01:49:07,CD_4,5.6,10.48,5.59,9.49,12.08,7.35
2026-04-20 01:49:08,CD_4,5.62,10.42,6.0,9.47,12.09,7.41
2026-04-20 01:49:08,CD_4,5.67,10.3,6.08,9.49,12.08,7.58
2026-04-20 01:49:09,CD_4,5.65,10.23,5.94,9.46,12.02,7.32
2026-04-20 01:49:09,CD_4,5.63,10.13,5.96,9.5,12.11,7.39
2026-04-20 01:49:09,CD_4,5.61,10.21,5.83,9.47,12.07,7.43
2026-04-20 01:49:10,CD_4,5.67,10.38,6.09,9.48,12.11,7.39
2026-04-20 01:49:10,CD_4,5.63,10.38,6.01,9.45,12.12,7.34
2026-04-20 01:49:11,CD_4,5.63,10.31,5.95,9.51,12.04,7.3
2026-04-20 01:49:11,CD_4,5.66,10.41,5.94,9.41,12.07,7.34
2026-04-20 01:49:11,CD_4,5.62,10.39,5.97,9.45,12.05,7.49
2026-04-20 01:49:12,CD_4,5.6,10.34,5.99,9.46,12.09,7.39
2026-04-20 01:49:12,CD_4,5.55,10.2,5.81,9.48,12.08,7.34
2026-04-20 01:49:13,CD_4,5.58,10.28,5.98,9.44,12.11,7.39
2026-04-20 01:49:13,CD_4,5.57,10.27,5.84,9.44,12.1,7.42
2026-04-20 01:49:13,CD_4,5.56,10.33,6.08,9.45,12.13,7.39
2026-04-20 01:49:14,CD_4,5.62,10.36,5.97,9.46,12.13,7.25
2026-04-20 01:49:14,CD_4,5.6,10.4,5.95,9.46,12.12,7.29
2026-04-20 01:49:15,CD_4,5.75,10.37,6.07,9.47,12.24,7.29
2026-04-20 01:49:15,CD_4,5.68,10.36,5.97,9.42,12.21,7.25
2026-04-20 01:49:15,CD_4,5.79,10.35,6.01,9.42,12.05,7.3
2026-04-20 01:49:16,CD_4,5.64,10.37,5.89,9.48,12.08,7.34
2026-04-20 01:49:16,CD_4,5.6,10.16,6.03,9.46,12.02,7.2
2026-04-20 01:49:17,CD_4,5.6,10.21,5.95,9.47,12.04,7.28
2026-04-20 01:49:17,CD_4,5.64,10.4,5.88,9.45,12.07,7.26
2026-04-20 01:49:17,CD_4,5.63,10.29,5.99,9.48,12.05,7.36
2026-04-20 01:49:18,CD_4,5.7,10.19,6.06,9.43,12.09,7.34
2026-04-20 01:49:18,CD_4,5.59,10.43,6.12,9.45,12.08,7.18
2026-04-20 01:49:19,CD_4,5.58,10.11,5.99,9.46,12.07,7.3
2026-04-20 01:49:19,CD_4,5.62,10.35,5.97,9.43,12.11,7.24
2026-04-20 01:49:19,CD_4,5.59,10.36,5.79,9.48,12.07,7.33
2026-04-20 01:49:20,CD_4,5.69,10.22,5.87,9.49,12.08,7.41
2026-04-20 01:49:20,CD_4,5.75,10.15,6.07,9.41,12.14,7.21
2026-04-20 01:49:21,CD_4,5.54,10.43,6.02,9.47,12.12,7.47
2026-04-20 01:49:21,CD_4,5.61,10.2,5.76,9.47,12.09,7.42
2026-04-20 01:49:21,CD_4,5.62,10.46,6.1,9.51,12.03,7.46
2026-04-20 01:49:22,CD_4,5.65,10.35,5.96,9.47,12.1,7.39
2026-04-20 01:49:22,CD_4,5.74,10.19,5.84,9.48,12.08,7.44
2026-04-20 01:49:23,CD_4,5.81,10.35,5.87,9.44,12.09,7.33
2026-04-20 01:49:23,CD_4,5.61,10.39,5.91,9.53,12.06,7.28
2026-04-20 01:49:23,CD_4,5.67,10.21,5.94,9.49,12.17,7.25
2026-04-20 01:49:24,CD_4,5.7,10.4,6.07,9.47,12.12,7.35
2026-04-20 01:49:24,CD_4,5.58,10.37,5.95,9.48,12.12,7.31
2026-04-20 01:49:25,CD_4,5.6,10.36,5.94,9.46,12.09,7.22
2026-04-20 01:49:25,CD_4,5.55,10.35,5.96,9.49,12.02,7.29
2026-04-20 01:49:25,CD_4,5.6,10.38,5.91,9.51,12.07,7.35
2026-04-20 01:49:26,CD_4,5.61,10.36,6.03,9.41,12.11,7.33
2026-04-20 01:49:26,CD_4,5.58,10.28,5.96,9.5,12.05,7.26
2026-04-20 01:49:27,CD_4,5.69,10.31,5.95,9.47,12.14,7.26
2026-04-20 01:49:27,CD_4,5.61,10.33,6.07,9.46,12.12,7.36
2026-04-20 01:49:27,CD_4,5.64,10.22,5.93,9.43,12.05,7.25
2026-04-20 01:49:28,CD_4,5.77,10.22,6.04,9.49,12.05,7.27
2026-04-20 01:49:28,CD_4,5.65,10.42,6.07,9.47,12.13,7.26
2026-04-20 01:49:29,CD_4,5.64,10.44,5.96,9.47,12.1,7.33
2026-04-20 01:49:29,CD_4,5.59,10.33,6.0,9.46,12.07,7.24
2026-04-20 01:49:29,CD_4,5.59,10.35,6.0,9.48,12.04,7.27
2026-04-20 01:49:30,CD_4,5.55,10.38,5.82,9.47,12.07,7.26
2026-04-20 01:49:30,CD_4,5.6,10.38,5.86,9.48,12.1,7.37
2026-04-20 01:49:31,CD_4,5.61,10.36,5.74,9.46,12.01,7.5
2026-04-20 01:49:31,CD_4,5.58,10.2,5.89,9.43,12.05,7.39
2026-04-20 01:49:31,CD_4,5.62,10.35,5.92,9.5,12.01,7.33
2026-04-20 01:49:32,CD_4,5.77,10.21,5.78,9.46,12.06,7.41
2026-04-20 01:49:32,CD_4,5.61,10.2,5.98,9.42,12.11,7.35
2026-04-20 01:49:33,CD_4,5.58,10.14,6.0,9.61,12.06,7.33
2026-04-20 01:49:33,CD_4,5.54,10.36,5.76,9.64,12.1,7.26
2026-04-20 01:49:33,CD_4,5.59,10.31,5.94,9.55,12.09,7.33
2026-04-20 01:49:34,CD_4,5.54,10.32,5.97,9.41,12.06,7.36
2026-04-20 01:49:34,CD_4,5.67,10.38,5.63,9.45,12.05,7.31
2026-04-20 01:49:35,CD_4,5.63,10.24,5.94,9.53,12.01,7.21
2026-04-20 01:49:35,CD_4,5.65,10.27,5.95,9.51,12.05,7.6
