Timestamp,Label,V_AB,V_AD,V_BC,V_CD,V_AC,V_BD
2026-04-20 00:44:03,AB_1,4.61,11.97,6.31,8.67,9.48,7.72
2026-04-20 00:44:03,AB_1,6.97,11.99,6.34,8.66,9.89,7.78
2026-04-20 00:44:04,AB_1,6.96,12.01,6.35,8.72,10.09,7.78
2026-04-20 00:44:04,AB_1,6.85,12.0,6.43,8.64,10.2,7.85
2026-04-20 00:44:04,AB_1,6.84,12.01,6.38,8.65,10.38,7.83
2026-04-20 00:44:05,AB_1,6.95,11.98,6.69,8.63,10.31,7.8
2026-04-20 00:44:05,AB_1,7.03,11.99,6.46,8.73,10.54,7.83
2026-04-20 00:44:06,AB_1,7.0,12.22,6.73,8.69,10.63,7.82
2026-04-20 00:44:06,AB_1,7.05,12.01,6.31,8.73,10.8,7.84
2026-04-20 00:44:06,AB_1,7.06,12.07,6.35,8.64,11.13,7.82
2026-04-20 00:44:07,AB_1,6.79,12.01,6.75,8.63,11.05,7.82
2026-04-20 00:44:07,AB_1,6.98,12.18,6.4,8.65,11.05,7.83
2026-04-20 00:44:08,AB_1,6.92,12.24,6.41,8.74,11.26,7.81
2026-04-20 00:44:08,AB_1,6.99,12.11,6.68,8.63,11.26,7.78
2026-04-20 00:44:08,AB_1,7.09,12.26,6.46,8.64,11.3,7.77
2026-04-20 00:44:09,AB_1,6.95,12.17,6.3,8.62,11.34,7.76
2026-04-20 00:44:09,AB_1,6.95,12.21,6.29,8.67,10.74,7.81
2026-04-20 00:44:10,AB_1,7.15,12.1,6.38,8.64,11.35,7.84
2026-04-20 00:44:10,AB_1,6.88,12.23,6.43,8.69,11.45,7.82
2026-04-20 00:44:10,AB_1,6.95,12.2,6.34,8.67,11.25,7.77
2026-04-20 00:44:11,AB_1,6.96,12.24,6.36,8.67,10.94,7.76
2026-04-20 00:44:11,AB_1,7.13,12.22,6.38,8.62,11.21,7.82
2026-04-20 00:44:11,AB_1,7.02,12.23,6.38,8.67,10.96,7.81
2026-04-20 00:44:12,AB_1,6.96,12.1,6.52,8.67,11.22,7.82
2026-04-20 00:44:12,AB_1,7.08,12.02,6.51,8.72,11.49,7.81
2026-04-20 00:44:13,AB_1,6.88,12.07,6.55,8.67,11.34,7.77
2026-04-20 00:44:13,AB_1,7.14,12.12,6.36,8.62,11.29,7.74
2026-04-20 00:44:13,AB_1,7.11,12.19,6.36,8.64,11.39,7.78
2026-04-20 00:44:14,AB_1,6.93,12.0,6.36,8.67,11.29,7.74
2026-04-20 00:44:14,AB_1,7.01,12.02,6.39,8.66,11.18,7.82
2026-04-20 00:44:15,AB_1,6.99,12.07,6.37,8.67,11.32,7.74
2026-04-20 00:44:15,AB_1,6.97,12.26,6.39,8.72,11.42,7.8
2026-04-20 00:44:15,AB_1,7.05,12.2,6.7,8.8,11.34,7.73
2026-04-20 00:44:16,AB_1,6.98,12.24,6.38,8.85,11.49,7.75
2026-04-20 00:44:16,AB_1,7.0,12.36,6.4,8.83,11.78,7.75
2026-04-20 00:44:17,AB_1,7.03,12.31,6.44,8.68,11.54,7.76
2026-04-20 00:44:17,AB_1,7.0,12.25,6.59,8.67,11.64,7.76
2026-04-20 00:44:17,AB_1,6.96,12.17,6.38,8.68,11.45,7.82
2026-04-20 00:44:18,AB_1,6.96,12.28,6.37,8.7,11.66,7.82
2026-04-20 00:44:18,AB_1,7.0,12.12,6.4,8.66,11.78,7.83
2026-04-20 00:44:19,AB_1,7.0,12.06,6.39,8.73,11.66,7.78
2026-04-20 00:44:19,AB_1,6.97,12.01,6.35,8.66,11.74,7.76
2026-04-20 00:44:19,AB_1,6.98,12.27,6.38,8.69,11.8,7.75
2026-04-20 00:44:20,AB_1,7.0,12.3,6.33,8.66,11.62,7.8
2026-04-20 00:44:20,AB_1,7.0,12.23,6.39,8.68,11.69,7.74
2026-04-20 00:44:20,AB_1,7.09,12.25,6.46,8.65,11.44,7.82
2026-04-20 00:44:21,AB_1,6.92,12.17,6.48,8.75,11.4,7.8
2026-04-20 00:44:21,AB_1,7.05,12.04,6.37,8.65,11.25,7.77
2026-04-20 00:44:22,AB_1,7.06,11.96,6.33,8.64,11.56,7.73
2026-04-20 00:44:22,AB_1,7.14,12.08,6.35,8.64,11.73,7.74
2026-04-20 00:44:22,AB_1,6.96,12.13,6.33,8.65,11.48,7.74
2026-04-20 00:44:23,AB_1,6.98,12.12,6.35,8.71,11.8,7.75
2026-04-20 00:44:23,AB_1,6.8,12.03,6.33,8.66,11.33,7.8
2026-04-20 00:44:24,AB_1,6.97,12.26,6.33,8.65,11.69,7.78
2026-04-20 00:44:24,AB_1,6.95,12.09,6.35,8.63,11.88,7.76
2026-04-20 00:44:24,AB_1,7.03,12.11,6.37,8.67,11.56,7.77
2026-04-20 00:44:25,AB_1,7.0,12.15,6.36,8.63,11.72,7.82
2026-04-20 00:44:25,AB_1,6.97,12.23,6.32,8.68,11.31,7.77
2026-04-20 00:44:26,AB_1,6.98,12.23,6.33,8.63,11.78,7.74
2026-04-20 00:44:26,AB_1,7.06,12.06,6.34,8.68,11.44,7.78
2026-04-20 00:44:26,AB_1,6.24,12.03,6.42,8.66,11.87,7.79
2026-04-20 00:44:27,AB_1,6.93,12.23,6.5,8.64,11.81,7.76
2026-04-20 00:44:27,AB_1,6.99,12.27,6.42,8.71,11.95,7.75
2026-04-20 00:44:28,AB_1,6.94,12.3,6.37,8.7,11.73,7.79
2026-04-20 00:44:28,AB_1,6.91,12.25,6.37,8.68,11.56,7.77
2026-04-20 00:44:28,AB_1,6.94,12.17,6.35,8.68,11.43,7.83
2026-04-20 00:44:29,AB_1,7.0,12.23,6.3,8.74,11.56,7.85
2026-04-20 00:44:29,AB_1,6.99,12.25,6.35,8.65,11.61,7.82
2026-04-20 00:44:30,AB_1,6.96,12.25,6.32,8.65,11.79,7.83
2026-04-20 00:44:30,AB_1,6.96,12.3,6.32,8.62,11.93,7.83
2026-04-20 00:44:30,AB_1,6.84,12.22,6.35,8.66,11.9,7.8
2026-04-20 00:44:31,AB_1,6.93,12.15,6.33,8.63,11.94,7.79
2026-04-20 00:44:31,AB_1,7.03,12.13,6.35,8.64,11.59,7.74
2026-04-20 00:44:32,AB_1,7.0,11.96,6.4,8.68,11.46,7.77
2026-04-20 00:44:32,AB_1,6.99,11.95,6.47,8.67,11.89,7.76
2026-04-20 00:44:32,AB_1,7.02,11.9,6.36,8.65,11.67,7.78
2026-04-20 00:44:33,AB_1,6.98,12.02,6.32,8.66,11.7,7.8
2026-04-20 00:44:33,AB_1,6.93,12.13,6.32,8.68,11.57,7.74
2026-04-20 00:44:33,AB_1,6.9,11.99,6.42,8.62,11.57,7.77
2026-04-20 00:44:34,AB_1,6.97,12.07,6.3,8.66,11.67,7.79
2026-04-20 00:44:34,AB_1,6.92,12.05,6.31,8.63,11.42,7.85
2026-04-20 00:44:35,AB_1,6.97,11.86,6.42,8.69,11.35,7.8
2026-04-20 00:44:35,AB_1,6.94,12.11,6.28,8.68,11.56,7.75
2026-04-20 00:44:35,AB_1,7.03,12.05,6.33,8.74,11.53,7.84
2026-04-20 00:44:36,AB_1,6.97,12.0,6.37,8.68,11.62,7.79
2026-04-20 00:44:36,AB_1,7.14,12.13,6.59,8.68,11.92,7.74
2026-04-20 00:44:37,AB_1,6.97,11.98,6.35,8.63,11.72,7.78
2026-04-20 00:44:37,AB_1,6.98,12.24,6.38,8.68,12.1,7.81
2026-04-20 00:44:37,AB_1,7.07,12.04,6.42,8.67,12.02,7.78
2026-04-20 00:44:38,AB_1,6.87,12.25,6.37,8.66,11.71,7.85
2026-04-20 00:44:38,AB_1,6.94,12.1,6.35,8.68,11.72,7.83
2026-04-20 00:44:39,AB_1,6.94,12.28,6.36,8.65,11.69,7.81
2026-04-20 00:44:39,AB_1,6.93,12.21,6.44,8.71,11.74,7.85
2026-04-20 00:44:39,AB_1,7.11,12.24,6.31,8.64,11.45,7.86
2026-04-20 00:44:40,AB_1,7.12,12.25,6.5,8.66,11.62,7.89
2026-04-20 00:44:40,AB_1,6.93,12.28,6.36,8.66,11.89,7.84
2026-04-20 00:44:41,AB_1,6.91,12.05,6.32,8.65,11.69,7.81
2026-04-20 00:44:41,AB_1,6.99,12.2,6.36,8.62,11.58,7.86
2026-04-20 00:44:41,AB_1,7.0,12.01,6.34,8.66,11.83,7.85
2026-04-20 00:44:42,AB_1,6.96,12.28,6.36,8.64,11.97,7.86
2026-04-20 00:44:42,AB_1,7.0,12.23,6.36,8.62,11.97,7.87
2026-04-20 00:44:42,AB_1,6.96,11.99,6.33,8.64,12.02,7.84
2026-04-20 00:44:43,AB_1,7.07,12.2,6.36,8.82,12.05,7.82
2026-04-20 00:44:43,AB_1,7.26,12.34,6.34,8.67,12.08,7.81
2026-04-20 00:44:44,AB_1,6.98,12.24,6.31,8.68,12.02,7.8
2026-04-20 00:44:44,AB_1,6.96,12.05,6.5,8.65,11.73,7.87
2026-04-20 00:44:44,AB_1,7.0,12.17,6.44,8.64,11.96,7.87
2026-04-20 00:44:45,AB_1,7.05,12.26,6.33,8.64,11.92,7.82
2026-04-20 00:44:45,AB_1,6.93,12.23,6.28,8.63,11.79,7.85
2026-04-20 00:44:46,AB_1,7.03,11.86,6.63,8.63,11.87,7.82
2026-04-20 00:44:46,AB_1,6.96,12.23,6.34,8.64,11.97,7.78
2026-04-20 00:44:46,AB_1,7.05,12.07,6.38,8.63,12.01,7.77
2026-04-20 00:44:47,AB_1,7.06,12.23,6.29,8.64,11.47,7.84
2026-04-20 00:44:47,AB_1,6.98,12.04,6.32,8.67,11.78,7.72
2026-04-20 00:44:48,AB_1,6.91,11.99,6.3,8.71,11.35,7.78
2026-04-20 00:44:48,AB_1,6.99,11.96,6.33,8.63,11.35,7.9
2026-04-20 00:44:48,AB_1,7.01,12.33,6.37,8.73,11.7,7.83
2026-04-20 00:44:49,AB_1,6.99,12.15,6.36,8.61,11.77,7.77
2026-04-20 00:44:49,AB_1,6.95,12.03,6.28,8.64,11.77,7.76
2026-04-20 00:44:50,AB_1,6.94,12.21,6.28,8.67,12.05,7.81
2026-04-20 00:44:50,AB_1,6.42,12.2,6.31,8.65,11.39,7.78
2026-04-20 00:44:50,AB_1,6.99,12.05,6.34,8.65,11.55,7.79
2026-04-20 00:44:51,AB_1,7.0,11.97,6.36,8.67,12.11,7.78
2026-04-20 00:44:51,AB_1,7.03,11.96,6.31,8.63,11.91,7.85
2026-04-20 00:44:52,AB_1,7.01,11.98,6.34,8.68,11.71,7.87
2026-04-20 00:44:52,AB_1,6.95,12.12,6.46,8.72,12.27,7.78
2026-04-20 00:44:52,AB_1,6.97,12.12,6.43,8.67,12.13,7.76
2026-04-20 00:44:53,AB_1,6.99,12.24,6.55,8.71,12.0,7.8
2026-04-20 00:44:53,AB_1,6.97,12.13,6.35,8.66,11.77,7.8
2026-04-20 00:44:54,AB_1,6.94,12.19,6.31,8.67,11.44,7.87
2026-04-20 00:44:54,AB_1,7.01,12.12,6.41,8.65,12.04,7.85
2026-04-20 00:44:54,AB_1,6.97,12.23,6.29,8.66,12.02,7.88
2026-04-20 00:44:55,AB_1,7.01,12.09,6.36,8.68,12.16,7.9
2026-04-20 00:44:55,AB_1,6.99,12.27,6.38,8.68,11.83,7.83
2026-04-20 00:44:55,AB_1,6.96,12.15,6.33,8.69,12.01,7.77
2026-04-20 00:44:56,AB_1,6.94,12.23,6.3,8.68,12.03,7.79
2026-04-20 00:44:56,AB_1,6.95,11.95,6.29,8.66,11.95,7.84
2026-04-20 00:44:57,AB_1,6.94,12.01,6.39,8.65,11.83,7.83
2026-04-20 00:44:57,AB_1,7.06,12.01,6.37,8.7,11.39,7.77
2026-04-20 00:44:57,AB_1,7.0,12.08,6.46,8.78,11.71,7.8
2026-04-20 00:44:58,AB_1,6.99,12.05,6.32,8.68,11.39,7.8
2026-04-20 00:44:58,AB_1,7.04,12.02,6.35,8.71,11.73,7.9
2026-04-20 00:44:59,AB_1,7.04,12.21,6.33,8.63,12.14,7.85
2026-04-20 00:44:59,AB_1,6.96,12.27,6.33,8.66,12.15,7.8
2026-04-20 00:44:59,AB_1,6.92,12.23,6.38,8.67,12.01,7.86
2026-04-20 00:45:00,AB_1,6.92,12.28,6.3,8.64,12.0,7.82
2026-04-20 00:45:00,AB_1,7.03,12.26,6.41,8.66,12.01,7.78
2026-04-20 00:45:01,AB_1,6.98,12.3,6.31,8.7,12.09,7.74
2026-04-20 00:45:01,AB_1,6.97,12.25,6.37,8.63,11.83,7.84
2026-04-20 00:45:01,AB_1,6.98,12.2,6.36,8.67,11.93,7.79
2026-04-20 00:45:02,AB_1,6.95,12.25,6.33,8.62,11.84,7.79
2026-04-20 00:45:02,AB_1,6.93,12.23,6.32,8.67,12.1,7.74
2026-04-20 00:45:03,AB_1,6.92,12.31,6.45,8.66,11.6,7.84
2026-04-20 00:45:03,AB_1,6.95,12.24,6.33,8.69,11.97,7.8
2026-04-20 00:45:03,AB_1,6.97,12.11,6.29,8.64,12.01,7.77
2026-04-20 00:45:04,AB_1,6.94,12.11,6.33,8.66,11.96,7.78
2026-04-20 00:45:04,AB_1,6.98,12.05,6.33,8.68,11.9,7.84
2026-04-20 00:45:05,AB_1,6.92,12.21,6.34,8.67,12.09,7.79
2026-04-20 00:45:05,AB_1,7.02,12.24,6.41,8.71,12.12,7.79
2026-04-20 00:45:05,AB_1,6.79,12.27,6.38,8.68,12.14,7.75
2026-04-20 00:45:06,AB_1,6.99,12.3,6.33,8.62,11.71,7.81
2026-04-20 00:45:06,AB_1,7.06,12.21,6.38,8.64,12.01,7.76
2026-04-20 00:45:07,AB_1,6.97,12.2,6.67,8.71,11.95,7.79
2026-04-20 00:45:07,AB_1,7.08,12.26,6.39,8.69,12.04,7.78
2026-04-20 00:45:07,AB_1,7.02,12.31,6.37,8.7,11.67,7.82
2026-04-20 00:45:08,AB_1,6.92,12.02,6.45,8.65,12.07,7.79
2026-04-20 00:45:08,AB_1,6.92,12.26,6.37,8.68,12.09,7.76
2026-04-20 00:45:09,AB_1,6.93,12.27,6.35,8.68,12.1,7.77
2026-04-20 00:45:09,AB_1,7.11,12.36,6.32,8.68,11.91,7.81
2026-04-20 00:45:09,AB_1,6.97,12.11,6.32,8.71,11.41,7.86
2026-04-20 00:45:10,AB_1,6.98,11.99,6.31,8.7,12.01,7.84
2026-04-20 00:45:10,AB_1,7.04,12.31,6.3,8.64,11.68,7.82
2026-04-20 00:45:11,AB_1,6.95,12.04,6.43,8.62,11.61,7.85
2026-04-20 00:45:11,AB_1,6.99,12.32,6.33,8.65,11.97,7.84
2026-04-20 00:45:11,AB_1,6.96,12.2,6.4,8.68,12.14,7.81
2026-04-20 00:45:12,AB_1,6.93,12.25,6.33,8.72,12.14,7.8
2026-04-20 00:45:12,AB_1,6.94,12.08,6.39,8.63,11.96,7.84
2026-04-20 00:45:12,AB_1,6.94,12.24,6.43,8.7,11.82,7.81
2026-04-20 00:45:13,AB_1,7.18,12.2,6.45,8.66,11.78,7.87
2026-04-20 00:45:13,AB_1,7.06,12.21,6.34,8.67,11.93,7.86
2026-04-20 00:45:14,AB_1,7.09,12.24,6.38,8.71,12.1,7.84
2026-04-20 00:45:14,AB_1,7.12,12.22,6.38,8.65,11.82,7.89
2026-04-20 00:45:14,AB_1,7.13,12.23,6.29,8.68,12.22,7.83
2026-04-20 00:45:15,AB_1,7.01,12.27,6.39,8.61,12.24,7.81
2026-04-20 00:45:15,AB_1,6.97,12.3,6.36,8.71,12.03,7.82
2026-04-20 00:45:16,AB_1,6.96,12.09,6.38,8.65,12.09,7.82
2026-04-20 00:45:16,AB_1,7.0,12.01,6.42,8.75,12.15,7.83
2026-04-20 00:45:16,AB_1,6.97,12.08,6.35,8.68,12.16,7.8
2026-04-20 00:45:17,AB_1,6.99,12.31,6.36,8.65,11.58,7.86
2026-04-20 00:45:17,AB_1,7.12,12.06,6.38,8.63,11.87,7.82
2026-04-20 00:45:18,AB_1,7.09,12.16,6.45,8.7,11.66,7.88
2026-04-20 00:45:18,AB_1,7.16,12.28,6.35,8.65,12.12,7.86
2026-04-20 00:45:18,AB_1,6.98,12.24,6.34,8.67,12.02,7.9
2026-04-20 00:45:19,AB_1,6.94,12.28,6.54,8.68,12.22,7.9
2026-04-20 00:45:19,AB_1,7.0,12.21,6.33,8.69,12.06,7.85
2026-04-20 00:45:20,AB_1,6.98,12.21,6.39,8.66,11.71,7.83
2026-04-20 00:45:20,AB_1,7.02,12.3,6.41,8.68,12.06,7.86
2026-04-20 00:45:20,AB_1,6.9,12.22,6.39,8.7,12.05,7.83
2026-04-20 00:45:21,AB_1,6.91,12.3,6.35,8.64,11.86,7.82
2026-04-20 00:45:21,AB_1,6.93,12.22,6.28,8.62,11.82,7.76
2026-04-20 00:45:41,AB_2,6.27,13.2,7.21,10.0,13.5,7.67
2026-04-20 00:45:41,AB_2,6.29,13.0,7.22,10.14,13.5,7.63
2026-04-20 00:45:41,AB_2,6.05,12.8,7.26,9.96,13.3,7.63
2026-04-20 00:45:42,AB_2,6.11,13.0,7.55,10.0,13.1,7.61
2026-04-20 00:45:42,AB_2,6.08,13.0,7.19,9.97,12.69,7.65
2026-04-20 00:45:43,AB_2,6.15,12.9,7.34,9.97,12.43,7.67
2026-04-20 00:45:43,AB_2,6.21,12.53,7.25,9.92,12.64,7.68
2026-04-20 00:45:43,AB_2,6.35,12.65,7.23,9.9,12.74,7.68
2026-04-20 00:45:44,AB_2,6.11,12.45,7.15,9.92,12.48,7.72
2026-04-20 00:45:44,AB_2,6.45,12.49,7.2,9.92,12.37,7.73
2026-04-20 00:45:45,AB_2,6.5,12.3,7.22,9.97,12.37,7.72
2026-04-20 00:45:45,AB_2,6.15,12.29,7.2,9.93,12.48,7.72
2026-04-20 00:45:45,AB_2,6.16,12.24,7.17,9.94,12.41,7.75
2026-04-20 00:45:46,AB_2,6.07,12.21,7.19,9.9,12.33,7.75
2026-04-20 00:45:46,AB_2,6.07,12.01,7.26,9.93,12.74,7.73
2026-04-20 00:45:47,AB_2,6.11,11.98,7.27,9.95,12.67,7.73
2026-04-20 00:45:47,AB_2,6.12,12.16,7.17,9.89,13.0,7.76
2026-04-20 00:45:47,AB_2,6.16,12.18,7.22,9.9,12.9,7.76
2026-04-20 00:45:48,AB_2,6.26,12.18,7.18,9.89,12.8,7.76
2026-04-20 00:45:48,AB_2,6.17,12.05,7.15,9.89,12.9,7.75
2026-04-20 00:45:49,AB_2,6.26,12.22,7.2,9.91,12.41,7.77
2026-04-20 00:45:49,AB_2,6.13,12.11,7.2,9.9,12.68,7.77
2026-04-20 00:45:49,AB_2,6.06,12.15,7.17,9.96,12.8,7.76
2026-04-20 00:45:50,AB_2,6.23,12.15,7.14,9.9,12.76,7.76
2026-04-20 00:45:50,AB_2,6.19,11.98,7.21,9.95,12.62,7.79
2026-04-20 00:45:51,AB_2,6.12,12.1,7.44,9.9,12.37,7.78
2026-04-20 00:45:51,AB_2,6.18,12.08,7.2,9.95,12.77,7.75
2026-04-20 00:45:51,AB_2,6.14,12.09,7.16,9.9,12.9,7.77
2026-04-20 00:45:52,AB_2,6.15,12.12,7.22,9.94,12.9,7.82
2026-04-20 00:45:52,AB_2,6.13,11.99,7.2,9.91,12.2,7.84
2026-04-20 00:45:53,AB_2,6.09,11.83,7.13,9.88,12.43,7.85
2026-04-20 00:45:53,AB_2,6.21,11.93,7.12,9.93,12.67,7.83
2026-04-20 00:45:53,AB_2,6.13,11.82,7.2,9.93,12.23,7.8
2026-04-20 00:45:54,AB_2,6.21,11.73,7.18,9.89,12.09,7.78
2026-04-20 00:45:54,AB_2,6.13,11.72,7.18,9.94,12.64,7.74
2026-04-20 00:45:55,AB_2,6.19,11.86,7.15,9.87,12.25,7.77
2026-04-20 00:45:55,AB_2,6.1,12.02,7.26,9.89,12.8,7.74
2026-04-20 00:45:55,AB_2,6.13,11.77,7.15,9.88,12.1,7.81
2026-04-20 00:45:56,AB_2,6.39,11.88,7.16,9.96,12.22,7.77
2026-04-20 00:45:56,AB_2,6.13,11.95,7.16,9.91,12.63,7.77
2026-04-20 00:45:57,AB_2,6.12,11.84,7.14,9.94,12.2,7.83
2026-04-20 00:45:57,AB_2,6.08,11.87,7.16,9.97,12.24,7.83
2026-04-20 00:45:57,AB_2,6.12,11.63,7.2,9.9,12.45,7.84
2026-04-20 00:45:58,AB_2,6.09,11.74,7.12,9.93,12.73,7.81
2026-04-20 00:45:58,AB_2,6.07,11.81,7.14,9.94,12.67,7.76
2026-04-20 00:45:59,AB_2,6.15,11.99,7.21,9.88,12.65,7.78
2026-04-20 00:45:59,AB_2,6.09,11.79,7.18,9.93,12.8,7.8
2026-04-20 00:45:59,AB_2,6.23,11.88,7.21,9.89,12.49,7.82
2026-04-20 00:46:00,AB_2,6.11,11.79,7.17,9.92,12.27,7.81
2026-04-20 00:46:00,AB_2,6.13,11.75,7.3,9.92,12.56,7.81
2026-04-20 00:46:01,AB_2,6.15,11.61,7.13,9.87,12.9,7.81
2026-04-20 00:46:01,AB_2,6.18,11.79,7.23,9.86,12.9,7.8
2026-04-20 00:46:01,AB_2,6.16,11.78,7.16,9.9,12.69,7.89
2026-04-20 00:46:02,AB_2,6.32,11.89,7.18,9.93,12.58,7.87
2026-04-20 00:46:02,AB_2,6.14,11.7,7.18,10.01,13.0,7.82
2026-04-20 00:46:03,AB_2,6.22,11.93,7.16,9.89,13.0,7.84
2026-04-20 00:46:03,AB_2,6.1,11.87,7.2,9.91,12.9,7.82
2026-04-20 00:46:03,AB_2,6.11,11.96,7.17,9.92,13.0,7.8
2026-04-20 00:46:04,AB_2,6.21,11.95,7.11,9.88,13.0,7.79
2026-04-20 00:46:04,AB_2,6.13,11.95,7.11,9.88,12.9,7.81
2026-04-20 00:46:04,AB_2,6.04,11.67,7.12,9.9,12.4,7.81
2026-04-20 00:46:05,AB_2,6.11,11.89,7.19,9.94,12.9,7.77
2026-04-20 00:46:05,AB_2,6.08,11.88,7.19,9.89,12.9,7.79
2026-04-20 00:46:06,AB_2,6.14,11.97,7.1,9.9,13.0,7.81
2026-04-20 00:46:06,AB_2,6.35,11.88,7.13,9.9,12.69,7.78
2026-04-20 00:46:06,AB_2,6.08,11.85,7.16,9.93,12.9,7.82
2026-04-20 00:46:07,AB_2,6.1,11.71,7.17,9.9,12.62,7.81
2026-04-20 00:46:07,AB_2,6.26,11.82,7.15,9.87,12.41,7.82
2026-04-20 00:46:08,AB_2,6.07,11.65,7.1,9.9,12.53,7.78
2026-04-20 00:46:08,AB_2,6.07,11.7,7.11,9.85,12.6,7.77
2026-04-20 00:46:08,AB_2,6.2,11.71,7.17,9.87,12.9,7.79
2026-04-20 00:46:09,AB_2,6.14,11.94,7.12,9.86,12.9,7.82
2026-04-20 00:46:09,AB_2,6.09,11.85,7.14,9.91,12.8,7.81
2026-04-20 00:46:10,AB_2,6.08,11.75,7.26,9.89,12.9,7.8
2026-04-20 00:46:10,AB_2,6.1,11.75,7.39,9.88,13.0,7.8
2026-04-20 00:46:10,AB_2,6.07,11.95,7.27,9.91,12.9,7.81
2026-04-20 00:46:11,AB_2,6.1,11.67,7.24,9.93,12.52,7.81
2026-04-20 00:46:11,AB_2,6.08,11.69,7.2,9.93,12.68,7.8
2026-04-20 00:46:12,AB_2,6.12,11.78,7.15,9.86,13.0,7.79
2026-04-20 00:46:12,AB_2,6.04,11.81,7.65,9.91,12.9,7.8
2026-04-20 00:46:12,AB_2,6.34,11.74,7.28,9.95,12.58,7.77
2026-04-20 00:46:13,AB_2,6.17,11.87,7.15,9.92,12.9,7.8
2026-04-20 00:46:13,AB_2,6.15,11.67,7.25,9.9,13.0,7.8
2026-04-20 00:46:14,AB_2,6.14,11.86,7.13,9.9,12.36,7.8
2026-04-20 00:46:14,AB_2,6.24,11.82,7.19,9.94,12.9,7.84
2026-04-20 00:46:14,AB_2,6.13,11.62,7.12,9.88,12.8,7.82
2026-04-20 00:46:15,AB_2,6.15,11.88,7.24,9.98,12.9,7.82
2026-04-20 00:46:15,AB_2,6.11,11.88,7.18,9.9,13.0,7.83
2026-04-20 00:46:16,AB_2,6.15,11.89,7.16,9.89,12.8,7.8
2026-04-20 00:46:16,AB_2,6.11,11.92,7.18,9.89,12.9,7.81
2026-04-20 00:46:16,AB_2,6.11,11.85,7.19,9.89,13.1,7.82
2026-04-20 00:46:17,AB_2,6.14,11.88,7.18,9.91,13.0,7.82
2026-04-20 00:46:17,AB_2,6.17,11.66,7.18,9.93,12.9,7.82
2026-04-20 00:46:18,AB_2,6.08,11.83,7.11,9.86,12.76,7.82
2026-04-20 00:46:18,AB_2,6.14,11.87,7.14,9.88,12.9,7.8
2026-04-20 00:46:18,AB_2,6.32,11.71,7.14,9.87,12.58,7.84
2026-04-20 00:46:19,AB_2,6.23,11.54,7.22,9.9,12.62,7.79
2026-04-20 00:46:19,AB_2,6.04,11.64,7.14,9.91,12.67,7.8
2026-04-20 00:46:20,AB_2,6.15,11.69,7.32,9.86,12.64,7.79
2026-04-20 00:46:20,AB_2,6.3,11.54,7.18,9.88,12.56,7.83
2026-04-20 00:46:20,AB_2,6.15,11.68,7.26,9.87,12.31,7.83
2026-04-20 00:46:21,AB_2,6.1,11.77,7.15,9.86,11.95,7.88
2026-04-20 00:46:21,AB_2,6.11,11.68,7.16,9.94,12.59,7.83
2026-04-20 00:46:22,AB_2,6.11,11.57,7.22,10.07,12.9,7.87
2026-04-20 00:46:22,AB_2,6.26,11.69,7.15,10.0,12.9,7.83
2026-04-20 00:46:22,AB_2,6.15,11.54,7.13,9.95,12.9,7.83
2026-04-20 00:46:23,AB_2,6.21,11.86,7.14,9.88,13.0,7.82
2026-04-20 00:46:23,AB_2,6.15,11.85,7.15,10.0,13.0,7.84
2026-04-20 00:46:23,AB_2,6.16,11.64,7.3,9.9,13.0,7.83
2026-04-20 00:46:24,AB_2,6.16,11.9,7.13,9.85,13.0,7.81
2026-04-20 00:46:24,AB_2,6.04,11.85,7.25,9.91,13.1,7.81
2026-04-20 00:46:25,AB_2,6.13,11.9,7.16,9.85,12.8,7.83
2026-04-20 00:46:25,AB_2,6.04,11.82,7.14,9.87,12.76,7.82
2026-04-20 00:46:25,AB_2,6.14,11.69,7.17,9.95,12.8,7.81
2026-04-20 00:46:26,AB_2,6.1,11.81,7.21,9.93,13.1,7.81
2026-04-20 00:46:26,AB_2,6.04,11.9,7.16,9.89,13.0,7.81
2026-04-20 00:46:27,AB_2,6.13,11.89,7.16,9.93,12.9,7.87
2026-04-20 00:46:27,AB_2,6.19,11.78,7.2,9.95,12.9,7.86
2026-04-20 00:46:27,AB_2,6.13,11.7,7.19,9.92,12.66,7.81
2026-04-20 00:46:28,AB_2,6.07,11.64,7.17,9.89,12.49,7.81
2026-04-20 00:46:28,AB_2,6.29,11.77,7.25,9.89,12.61,7.88
2026-04-20 00:46:29,AB_2,6.07,11.49,7.21,9.87,12.56,7.86
2026-04-20 00:46:29,AB_2,6.13,11.71,7.18,9.93,12.39,7.84
2026-04-20 00:46:29,AB_2,6.28,11.78,7.18,9.89,12.42,7.83
2026-04-20 00:46:30,AB_2,6.15,11.74,7.24,9.98,12.55,7.79
2026-04-20 00:46:30,AB_2,6.13,11.59,7.3,9.86,12.31,7.89
2026-04-20 00:46:31,AB_2,6.05,11.57,7.21,9.85,12.42,7.88
2026-04-20 00:46:31,AB_2,6.12,11.66,7.16,9.87,12.62,7.86
2026-04-20 00:46:31,AB_2,6.15,11.65,7.1,9.9,12.9,7.82
2026-04-20 00:46:32,AB_2,6.07,11.78,7.25,9.88,13.3,7.84
2026-04-20 00:46:32,AB_2,6.24,11.75,7.18,9.85,13.2,7.83
2026-04-20 00:46:33,AB_2,6.1,11.76,7.12,9.87,13.2,7.84
2026-04-20 00:46:33,AB_2,6.03,11.68,7.2,9.92,13.0,7.83
2026-04-20 00:46:33,AB_2,6.22,11.88,7.12,9.87,13.1,7.82
2026-04-20 00:46:34,AB_2,6.31,11.8,7.11,9.86,13.2,7.82
2026-04-20 00:46:34,AB_2,6.15,11.73,7.27,9.92,13.1,7.84
2026-04-20 00:46:35,AB_2,6.05,11.84,7.14,9.87,12.9,7.83
2026-04-20 00:46:35,AB_2,6.1,11.69,7.15,9.94,13.0,7.82
2026-04-20 00:46:35,AB_2,6.09,11.87,7.12,9.86,13.0,7.82
2026-04-20 00:46:36,AB_2,6.09,11.89,7.15,9.87,13.0,7.83
2026-04-20 00:46:36,AB_2,6.17,11.76,7.18,9.9,12.8,7.82
2026-04-20 00:46:37,AB_2,6.36,11.79,7.15,9.88,12.9,7.81
2026-04-20 00:46:37,AB_2,6.3,11.8,7.15,9.91,13.0,7.82
2026-04-20 00:46:37,AB_2,6.12,11.83,7.19,9.86,13.1,7.82
2026-04-20 00:46:38,AB_2,6.2,11.68,7.23,9.91,12.61,7.84
2026-04-20 00:46:38,AB_2,6.34,11.74,7.29,9.92,13.0,7.82
2026-04-20 00:46:39,AB_2,6.31,11.82,7.16,9.92,12.76,7.81
2026-04-20 00:46:39,AB_2,6.35,11.82,7.1,9.85,13.1,7.86
2026-04-20 00:46:39,AB_2,6.03,11.76,7.16,9.89,13.0,7.84
2026-04-20 00:46:40,AB_2,6.11,11.74,7.16,9.9,13.0,7.82
2026-04-20 00:46:40,AB_2,6.09,11.81,7.26,9.84,13.1,7.82
2026-04-20 00:46:41,AB_2,6.08,11.81,7.11,9.89,13.2,7.83
2026-04-20 00:46:41,AB_2,6.27,11.61,7.17,9.88,12.7,7.83
2026-04-20 00:46:41,AB_2,6.13,11.86,7.14,9.84,12.73,7.78
2026-04-20 00:46:42,AB_2,6.33,11.69,7.28,9.87,12.74,7.81
2026-04-20 00:46:42,AB_2,6.27,11.51,7.27,9.91,13.0,7.89
2026-04-20 00:46:43,AB_2,6.12,11.81,7.26,9.85,12.9,7.8
2026-04-20 00:46:43,AB_2,6.1,11.58,7.28,9.88,13.0,7.94
2026-04-20 00:46:43,AB_2,6.19,11.64,7.19,9.86,12.9,7.97
2026-04-20 00:46:44,AB_2,6.19,11.85,7.16,9.92,13.3,7.9
2026-04-20 00:46:44,AB_2,6.07,11.79,7.16,9.89,13.1,7.87
2026-04-20 00:46:45,AB_2,6.08,11.83,7.15,9.89,13.1,7.84
2026-04-20 00:46:45,AB_2,6.13,11.74,7.21,9.94,13.2,7.84
2026-04-20 00:46:45,AB_2,6.15,11.65,7.16,9.87,13.2,7.86
2026-04-20 00:46:46,AB_2,6.27,11.74,7.14,9.86,13.1,7.85
2026-04-20 00:46:46,AB_2,6.07,11.77,7.16,9.88,12.54,7.84
2026-04-20 00:46:47,AB_2,6.24,11.81,7.23,9.87,13.0,7.82
2026-04-20 00:46:47,AB_2,6.14,11.86,7.16,10.02,13.0,7.86
2026-04-20 00:46:47,AB_2,6.09,11.74,7.1,9.86,13.0,7.83
2026-04-20 00:46:48,AB_2,6.46,11.76,7.09,9.86,13.0,7.83
2026-04-20 00:46:48,AB_2,6.2,11.76,7.18,9.88,13.0,7.82
2026-04-20 00:46:49,AB_2,6.08,11.83,7.15,9.87,13.1,7.85
2026-04-20 00:46:49,AB_2,6.12,11.56,7.12,9.89,12.74,7.86
2026-04-20 00:46:49,AB_2,6.11,11.82,7.12,9.89,12.65,7.83
2026-04-20 00:46:50,AB_2,6.1,11.81,7.14,9.87,13.0,7.83
2026-04-20 00:46:50,AB_2,6.05,11.83,7.16,9.98,13.1,7.86
2026-04-20 00:46:51,AB_2,6.1,11.81,7.26,9.94,13.1,7.81
2026-04-20 00:46:51,AB_2,6.26,11.66,7.16,9.89,12.9,7.83
2026-04-20 00:46:51,AB_2,6.13,11.8,7.2,9.85,13.1,7.79
2026-04-20 00:46:52,AB_2,6.13,11.86,7.19,9.89,13.0,7.85
2026-04-20 00:46:52,AB_2,6.32,11.76,7.18,9.88,13.0,7.83
2026-04-20 00:46:52,AB_2,6.26,11.81,7.14,9.86,12.9,7.81
2026-04-20 00:46:53,AB_2,6.08,11.73,7.22,9.89,13.0,7.82
2026-04-20 00:46:53,AB_2,6.17,11.85,7.11,9.9,13.1,7.85
2026-04-20 00:46:54,AB_2,6.05,11.75,7.19,9.86,12.66,7.83
2026-04-20 00:46:54,AB_2,6.15,11.4,7.36,9.89,12.8,7.8
2026-04-20 00:46:54,AB_2,6.19,11.63,7.15,9.91,12.9,7.78
2026-04-20 00:46:55,AB_2,6.29,11.59,7.34,9.94,12.67,7.85
2026-04-20 00:46:55,AB_2,6.17,11.6,7.2,9.9,12.8,7.84
2026-04-20 00:46:56,AB_2,6.16,11.74,7.16,9.91,12.56,7.83
2026-04-20 00:46:56,AB_2,6.09,11.57,7.28,9.86,12.9,7.85
2026-04-20 00:46:56,AB_2,6.1,11.43,7.19,9.94,12.71,7.9
2026-04-20 00:46:57,AB_2,6.14,11.64,7.13,9.91,12.65,7.87
2026-04-20 00:46:57,AB_2,6.21,11.5,7.33,9.87,12.58,7.81
2026-04-20 00:46:58,AB_2,6.2,11.71,7.17,9.91,12.65,7.85
2026-04-20 00:46:58,AB_2,6.28,11.46,7.12,9.83,13.0,7.9
2026-04-20 00:46:58,AB_2,6.1,11.44,7.14,9.87,12.75,7.87
2026-04-20 00:46:59,AB_2,6.08,11.65,7.2,9.9,12.56,7.88
2026-04-20 00:46:59,AB_2,6.14,11.79,7.11,9.89,13.3,7.88
2026-04-20 00:47:00,AB_2,6.19,11.81,7.16,9.87,13.1,7.91
2026-04-20 00:47:51,AB_3,6.1,12.43,6.02,9.2,12.75,7.24
2026-04-20 00:47:51,AB_3,5.93,12.28,6.26,9.18,12.9,7.29
2026-04-20 00:47:52,AB_3,5.86,12.01,5.85,9.19,12.7,7.23
2026-04-20 00:47:52,AB_3,5.99,12.11,5.91,9.26,12.76,7.2
2026-04-20 00:47:52,AB_3,5.9,12.04,5.93,9.19,12.43,7.13
2026-04-20 00:47:53,AB_3,5.96,12.12,5.94,9.2,12.29,7.12
2026-04-20 00:47:53,AB_3,5.96,12.15,5.87,9.19,12.27,7.08
2026-04-20 00:47:54,AB_3,5.91,12.18,5.92,9.19,11.87,7.18
2026-04-20 00:47:54,AB_3,5.98,12.11,5.93,9.2,12.07,7.17
2026-04-20 00:47:54,AB_3,5.93,12.53,6.01,9.19,11.92,7.17
2026-04-20 00:47:55,AB_3,5.93,12.05,5.91,9.17,12.04,7.19
2026-04-20 00:47:55,AB_3,5.91,12.29,5.9,9.16,12.03,7.16
2026-04-20 00:47:56,AB_3,6.02,12.06,5.85,9.15,12.04,7.2
2026-04-20 00:47:56,AB_3,5.97,12.16,5.87,9.16,12.31,7.2
2026-04-20 00:47:56,AB_3,5.96,12.12,5.92,9.14,12.23,7.26
2026-04-20 00:47:57,AB_3,6.08,12.09,5.9,9.22,12.52,7.29
2026-04-20 00:47:57,AB_3,5.91,12.02,6.12,9.25,12.43,7.28
2026-04-20 00:47:58,AB_3,5.97,12.18,5.97,9.21,12.48,7.27
2026-04-20 00:47:58,AB_3,5.9,11.99,6.06,9.17,12.57,7.27
2026-04-20 00:47:58,AB_3,6.02,12.12,5.95,9.32,12.52,7.29
2026-04-20 00:47:59,AB_3,5.93,12.08,6.1,9.18,12.13,7.3
2026-04-20 00:47:59,AB_3,6.03,11.99,5.93,9.18,12.18,7.29
2026-04-20 00:48:00,AB_3,6.02,12.07,6.06,9.18,12.71,7.3
2026-04-20 00:48:00,AB_3,5.97,11.95,5.88,9.25,12.3,7.31
2026-04-20 00:48:00,AB_3,6.03,11.93,5.94,9.16,12.55,7.32
2026-04-20 00:48:01,AB_3,5.88,11.73,5.97,9.16,12.6,7.32
2026-04-20 00:48:01,AB_3,5.91,11.87,5.9,9.14,12.6,7.31
2026-04-20 00:48:02,AB_3,5.91,11.9,5.86,9.15,12.69,7.33
2026-04-20 00:48:02,AB_3,5.98,11.85,6.04,9.12,12.2,7.3
2026-04-20 00:48:02,AB_3,5.98,11.62,5.89,9.18,12.06,7.34
2026-04-20 00:48:03,AB_3,5.94,11.57,5.94,9.21,12.6,7.38
2026-04-20 00:48:03,AB_3,5.85,11.51,5.93,9.14,12.43,7.41
2026-04-20 00:48:04,AB_3,5.92,11.59,5.92,9.21,12.35,7.37
2026-04-20 00:48:04,AB_3,6.02,11.59,5.88,9.2,12.32,7.35
2026-04-20 00:48:04,AB_3,5.96,11.22,5.94,9.14,12.39,7.33
2026-04-20 00:48:05,AB_3,6.01,11.53,6.02,9.13,12.67,7.31
2026-04-20 00:48:05,AB_3,5.92,11.33,5.93,9.17,12.73,7.34
2026-04-20 00:48:06,AB_3,5.89,11.31,5.91,9.18,12.59,7.34
2026-04-20 00:48:06,AB_3,5.92,11.43,5.92,9.17,12.37,7.32
2026-04-20 00:48:06,AB_3,5.94,11.72,5.88,9.15,12.8,7.35
2026-04-20 00:48:07,AB_3,5.89,11.44,5.93,9.16,12.13,7.33
2026-04-20 00:48:07,AB_3,5.96,11.31,5.94,9.15,12.27,7.31
2026-04-20 00:48:08,AB_3,5.98,11.31,5.9,9.3,12.25,7.36
2026-04-20 00:48:08,AB_3,6.05,11.41,6.09,9.14,12.36,7.37
2026-04-20 00:48:08,AB_3,6.01,11.64,5.92,9.15,12.27,7.37
2026-04-20 00:48:09,AB_3,5.98,11.83,5.98,9.15,12.8,7.38
2026-04-20 00:48:09,AB_3,5.91,11.58,5.91,9.13,12.58,7.31
2026-04-20 00:48:10,AB_3,5.96,11.61,5.89,9.16,12.69,7.43
2026-04-20 00:48:10,AB_3,5.88,11.47,6.0,9.11,12.62,7.4
2026-04-20 00:48:10,AB_3,5.87,11.64,5.93,9.2,12.72,7.37
2026-04-20 00:48:11,AB_3,5.94,11.61,6.02,9.13,12.73,7.37
2026-04-20 00:48:11,AB_3,5.9,11.55,6.18,9.14,12.67,7.39
2026-04-20 00:48:12,AB_3,5.98,11.25,5.93,9.18,12.74,7.39
2026-04-20 00:48:12,AB_3,5.96,11.55,6.04,9.17,12.73,7.37
2026-04-20 00:48:12,AB_3,6.03,11.56,5.89,9.14,12.75,7.37
2026-04-20 00:48:13,AB_3,6.05,11.54,6.11,9.17,12.63,7.43
2026-04-20 00:48:13,AB_3,5.89,11.47,5.88,9.14,12.72,7.39
2026-04-20 00:48:14,AB_3,5.95,11.5,5.88,9.13,12.36,7.35
2026-04-20 00:48:14,AB_3,6.04,11.24,5.93,9.11,12.7,7.43
2026-04-20 00:48:14,AB_3,5.99,11.42,5.94,9.2,12.74,7.4
2026-04-20 00:48:15,AB_3,5.88,11.21,6.03,9.14,12.63,7.38
2026-04-20 00:48:15,AB_3,5.98,11.34,5.96,9.13,12.73,7.39
2026-04-20 00:48:16,AB_3,5.88,11.43,5.9,9.12,12.51,7.35
2026-04-20 00:48:16,AB_3,5.95,11.23,5.89,9.12,12.6,7.42
2026-04-20 00:48:16,AB_3,5.87,11.21,5.99,9.12,12.63,7.4
2026-04-20 00:48:17,AB_3,5.9,11.4,6.04,9.19,12.2,7.41
2026-04-20 00:48:17,AB_3,5.97,11.4,5.99,9.16,12.54,7.51
2026-04-20 00:48:18,AB_3,6.02,11.28,5.92,9.19,12.69,7.4
2026-04-20 00:48:18,AB_3,5.89,11.24,5.95,9.16,12.18,7.38
2026-04-20 00:48:18,AB_3,5.95,11.39,5.98,9.17,12.39,7.43
2026-04-20 00:48:19,AB_3,5.92,11.36,6.0,9.11,12.71,7.41
2026-04-20 00:48:19,AB_3,5.98,11.24,6.03,9.14,12.57,7.46
2026-04-20 00:48:20,AB_3,5.95,11.26,5.92,9.2,12.62,7.47
2026-04-20 00:48:20,AB_3,5.95,11.16,5.92,9.16,12.8,7.42
2026-04-20 00:48:20,AB_3,6.06,11.28,5.9,9.18,12.8,7.48
2026-04-20 00:48:21,AB_3,6.03,11.27,5.89,9.13,12.74,7.49
2026-04-20 00:48:21,AB_3,5.91,11.27,5.93,9.11,12.76,7.44
2026-04-20 00:48:22,AB_3,5.9,11.4,5.93,9.15,12.68,7.43
2026-04-20 00:48:22,AB_3,5.93,11.48,5.93,9.15,12.71,7.41
2026-04-20 00:48:22,AB_3,5.93,11.43,5.92,9.11,12.7,7.43
2026-04-20 00:48:23,AB_3,5.88,11.42,6.0,9.17,12.76,7.45
2026-04-20 00:48:23,AB_3,5.96,11.29,5.92,9.15,12.72,7.39
2026-04-20 00:48:24,AB_3,6.07,11.38,5.95,9.19,13.0,7.42
2026-04-20 00:48:24,AB_3,6.08,11.38,6.01,9.13,12.8,7.47
2026-04-20 00:48:24,AB_3,5.93,11.35,5.92,9.15,12.62,7.45
2026-04-20 00:48:25,AB_3,5.94,11.43,5.91,9.16,12.8,7.42
2026-04-20 00:48:25,AB_3,5.96,11.42,5.92,9.12,12.58,7.38
2026-04-20 00:48:25,AB_3,6.11,11.13,6.03,9.11,12.3,7.49
2026-04-20 00:48:26,AB_3,5.96,11.11,5.98,9.14,12.28,7.46
2026-04-20 00:48:26,AB_3,5.89,11.14,5.96,9.15,12.53,7.44
2026-04-20 00:48:27,AB_3,5.85,11.37,5.91,9.14,12.37,7.36
2026-04-20 00:48:27,AB_3,5.9,11.13,5.92,9.15,12.69,7.49
2026-04-20 00:48:27,AB_3,5.97,11.25,6.06,9.1,12.47,7.53
2026-04-20 00:48:28,AB_3,5.94,11.4,6.0,9.15,12.23,7.49
2026-04-20 00:48:28,AB_3,5.97,11.15,5.93,9.18,12.69,7.49
2026-04-20 00:48:29,AB_3,5.87,11.42,5.97,9.29,12.71,7.5
2026-04-20 00:48:29,AB_3,6.22,11.35,5.87,9.18,12.65,7.43
2026-04-20 00:48:29,AB_3,5.95,11.39,5.92,9.3,12.8,7.43
2026-04-20 00:48:30,AB_3,5.93,11.37,5.9,9.11,12.68,7.4
2026-04-20 00:48:30,AB_3,5.97,11.37,5.94,9.19,12.33,7.46
2026-04-20 00:48:31,AB_3,6.11,11.36,5.92,9.23,12.65,7.43
2026-04-20 00:48:31,AB_3,5.91,11.35,5.89,9.12,12.65,7.43
2026-04-20 00:48:31,AB_3,6.02,11.35,5.92,9.18,12.73,7.43
2026-04-20 00:48:32,AB_3,6.02,11.4,5.96,9.15,12.26,7.48
2026-04-20 00:48:32,AB_3,5.98,11.1,6.0,9.12,12.69,7.45
2026-04-20 00:48:33,AB_3,5.95,11.34,5.88,9.2,12.74,7.44
2026-04-20 00:48:33,AB_3,5.87,11.41,5.95,9.15,12.75,7.41
2026-04-20 00:48:33,AB_3,5.89,11.33,5.91,9.12,12.75,7.42
2026-04-20 00:48:34,AB_3,5.89,11.17,6.0,9.24,12.67,7.47
2026-04-20 00:48:34,AB_3,5.94,11.15,5.91,9.16,12.67,7.53
2026-04-20 00:48:35,AB_3,5.9,11.18,6.04,9.17,12.32,7.43
2026-04-20 00:48:35,AB_3,5.94,11.07,5.9,9.11,12.41,7.47
2026-04-20 00:48:35,AB_3,5.89,11.3,5.97,9.18,12.53,7.51
2026-04-20 00:48:36,AB_3,5.95,11.37,5.87,9.16,12.45,7.45
2026-04-20 00:48:36,AB_3,5.93,11.11,6.02,9.13,12.42,7.51
2026-04-20 00:48:37,AB_3,5.9,11.12,5.98,9.2,12.53,7.44
2026-04-20 00:48:37,AB_3,5.89,11.22,6.09,9.11,12.41,7.45
2026-04-20 00:48:37,AB_3,5.97,11.11,5.95,9.12,12.27,7.42
2026-04-20 00:48:38,AB_3,5.91,11.13,5.92,9.13,12.68,7.5
2026-04-20 00:48:38,AB_3,5.94,11.33,5.86,9.1,12.36,7.52
2026-04-20 00:48:39,AB_3,5.88,11.27,5.99,9.12,12.73,7.48
2026-04-20 00:48:39,AB_3,5.87,11.27,5.97,9.07,12.66,7.45
2026-04-20 00:48:39,AB_3,6.02,11.37,5.97,9.18,12.28,7.49
2026-04-20 00:48:40,AB_3,6.13,11.27,5.88,9.13,12.7,7.4
2026-04-20 00:48:40,AB_3,5.92,11.27,5.94,9.2,12.66,7.44
2026-04-20 00:48:41,AB_3,5.93,11.28,5.95,9.09,12.8,7.43
2026-04-20 00:48:41,AB_3,5.89,11.32,5.94,9.15,12.8,7.46
2026-04-20 00:48:41,AB_3,5.91,11.3,5.91,9.15,12.72,7.44
2026-04-20 00:48:42,AB_3,5.87,11.28,5.88,9.17,12.73,7.43
2026-04-20 00:48:42,AB_3,5.92,11.32,5.97,9.13,12.65,7.42
2026-04-20 00:48:43,AB_3,5.94,11.32,5.89,9.11,12.72,7.42
2026-04-20 00:48:43,AB_3,5.92,11.04,5.97,9.23,12.69,7.49
2026-04-20 00:48:43,AB_3,5.92,11.24,6.01,9.13,12.73,7.44
2026-04-20 00:48:44,AB_3,5.88,11.27,5.95,9.17,12.73,7.39
2026-04-20 00:48:44,AB_3,5.87,11.26,5.95,9.14,12.39,7.47
2026-04-20 00:48:45,AB_3,6.03,11.26,5.93,9.19,12.77,7.45
2026-04-20 00:48:45,AB_3,6.06,11.33,5.93,9.17,12.72,7.43
2026-04-20 00:48:45,AB_3,5.91,11.26,5.89,9.13,12.8,7.43
2026-04-20 00:48:46,AB_3,6.06,11.07,5.98,9.16,12.75,7.47
2026-04-20 00:48:46,AB_3,5.99,11.08,5.88,9.17,12.76,7.43
2026-04-20 00:48:47,AB_3,5.97,11.29,5.92,9.12,12.75,7.43
2026-04-20 00:48:47,AB_3,6.09,11.31,5.87,9.14,12.69,7.4
2026-04-20 00:48:47,AB_3,6.18,11.28,5.88,9.12,12.64,7.42
2026-04-20 00:48:48,AB_3,5.9,11.25,5.97,9.15,12.7,7.43
2026-04-20 00:48:48,AB_3,5.88,11.07,6.07,9.14,12.66,7.42
2026-04-20 00:48:49,AB_3,5.92,11.19,5.88,9.16,12.72,7.43
2026-04-20 00:48:49,AB_3,5.93,11.33,6.1,9.11,12.73,7.47
2026-04-20 00:48:49,AB_3,6.09,11.25,5.94,9.17,12.65,7.44
2026-04-20 00:48:50,AB_3,5.96,11.29,5.99,9.22,12.68,7.43
2026-04-20 00:48:50,AB_3,5.98,11.29,6.03,9.08,12.73,7.39
2026-04-20 00:48:51,AB_3,5.9,11.33,5.97,9.13,12.71,7.43
2026-04-20 00:48:51,AB_3,5.94,11.25,5.93,9.17,12.9,7.45
2026-04-20 00:48:51,AB_3,5.99,11.3,5.94,9.16,12.8,7.4
2026-04-20 00:48:52,AB_3,6.07,11.25,5.94,9.14,12.57,7.44
2026-04-20 00:48:52,AB_3,5.88,11.24,5.97,9.17,12.71,7.47
2026-04-20 00:48:53,AB_3,5.91,11.23,5.9,9.15,12.7,7.37
2026-04-20 00:48:53,AB_3,5.91,11.27,5.9,9.1,12.76,7.42
2026-04-20 00:48:53,AB_3,5.86,11.28,5.89,9.17,12.8,7.38
2026-04-20 00:48:54,AB_3,5.93,11.13,5.93,9.14,12.42,7.48
2026-04-20 00:48:54,AB_3,5.88,11.3,6.01,9.17,12.35,7.51
2026-04-20 00:48:55,AB_3,5.92,11.24,6.14,9.13,12.69,7.45
2026-04-20 00:48:55,AB_3,5.92,11.27,5.93,9.15,12.72,7.47
2026-04-20 00:48:55,AB_3,6.01,11.3,5.93,9.2,12.71,7.44
2026-04-20 00:48:56,AB_3,6.1,11.31,5.95,9.17,12.73,7.52
2026-04-20 00:48:56,AB_3,5.97,11.01,5.9,9.14,12.7,7.47
2026-04-20 00:48:56,AB_3,5.9,11.22,5.91,9.23,12.8,7.43
2026-04-20 00:48:57,AB_3,5.91,11.3,5.91,9.18,12.9,7.44
2026-04-20 00:48:57,AB_3,5.98,11.26,5.85,9.16,12.69,7.42
2026-04-20 00:48:58,AB_3,5.91,11.26,5.93,9.12,12.56,7.43
2026-04-20 00:48:58,AB_3,5.87,11.03,5.9,9.12,12.73,7.43
2026-04-20 00:48:58,AB_3,5.85,11.29,5.91,9.2,12.72,7.47
2026-04-20 00:48:59,AB_3,5.86,11.24,5.91,9.2,12.71,7.45
2026-04-20 00:48:59,AB_3,5.89,11.3,5.98,9.39,12.67,7.39
2026-04-20 00:49:00,AB_3,5.89,11.15,6.02,9.14,12.57,7.39
2026-04-20 00:49:00,AB_3,5.88,11.07,5.94,9.18,12.74,7.44
2026-04-20 00:49:00,AB_3,5.9,11.07,5.93,9.14,12.19,7.46
2026-04-20 00:49:01,AB_3,5.88,11.06,6.0,9.14,12.16,7.48
2026-04-20 00:49:01,AB_3,5.92,10.97,5.95,9.17,12.35,7.45
2026-04-20 00:49:02,AB_3,5.93,11.12,6.01,9.15,12.51,7.55
2026-04-20 00:49:02,AB_3,6.12,11.14,5.91,9.2,12.52,7.55
2026-04-20 00:49:02,AB_3,5.89,10.97,5.92,9.16,12.39,7.51
2026-04-20 00:49:03,AB_3,6.08,11.17,5.92,9.15,12.3,7.44
2026-04-20 00:49:03,AB_3,5.91,10.97,5.87,9.12,12.13,7.46
2026-04-20 00:49:04,AB_3,5.92,10.9,5.99,9.13,12.29,7.45
2026-04-20 00:49:04,AB_3,5.86,11.08,5.95,9.22,12.7,7.42
2026-04-20 00:49:04,AB_3,5.91,11.2,5.94,9.11,12.66,7.44
2026-04-20 00:49:05,AB_3,5.88,11.31,5.95,9.16,12.67,7.47
2026-04-20 00:49:05,AB_3,5.93,11.21,5.89,9.16,12.77,7.45
2026-04-20 00:49:06,AB_3,5.91,11.21,6.0,9.15,12.72,7.44
2026-04-20 00:49:06,AB_3,5.87,11.25,5.88,9.15,12.76,7.4
2026-04-20 00:49:06,AB_3,4.91,11.22,5.96,9.12,12.73,7.49
2026-04-20 00:49:07,AB_3,6.02,11.23,5.96,9.15,12.71,7.47
2026-04-20 00:49:07,AB_3,5.85,11.01,5.9,9.14,12.71,7.45
2026-04-20 00:49:08,AB_3,5.87,11.21,5.95,9.13,12.66,7.43
2026-04-20 00:49:08,AB_3,5.95,11.25,5.9,9.12,12.9,7.48
2026-04-20 00:49:08,AB_3,5.9,11.03,6.03,9.17,12.67,7.45
2026-04-20 00:49:09,AB_3,5.88,11.23,6.09,9.15,12.69,7.39
2026-04-20 00:49:09,AB_3,5.89,11.21,5.89,9.11,12.49,7.49
2026-04-20 00:49:10,AB_3,5.87,11.24,6.01,9.11,12.69,7.48
2026-04-20 00:49:10,AB_3,5.9,11.05,5.95,9.19,12.49,7.47
2026-04-20 00:49:27,AB_4,5.65,12.38,5.99,9.68,12.8,7.31
2026-04-20 00:49:28,AB_4,5.7,11.9,6.05,9.63,12.7,7.26
2026-04-20 00:49:28,AB_4,5.91,11.99,6.05,9.67,12.44,7.27
2026-04-20 00:49:29,AB_4,5.64,11.79,6.03,9.6,12.54,7.26
2026-04-20 00:49:29,AB_4,5.66,12.04,6.1,9.62,12.53,7.28
2026-04-20 00:49:30,AB_4,5.67,12.04,6.22,9.62,12.51,7.28
2026-04-20 00:49:30,AB_4,5.86,12.02,6.11,9.66,12.48,7.31
2026-04-20 00:49:30,AB_4,5.64,11.73,6.19,9.62,12.43,7.33
2026-04-20 00:49:31,AB_4,5.87,11.97,6.07,9.63,12.55,7.37
2026-04-20 00:49:31,AB_4,5.72,11.84,6.13,9.72,12.62,7.36
2026-04-20 00:49:31,AB_4,5.7,11.87,6.24,9.74,12.68,7.37
2026-04-20 00:49:32,AB_4,5.76,11.84,6.07,9.64,12.47,7.37
2026-04-20 00:49:32,AB_4,5.66,11.49,6.07,9.64,12.47,7.41
2026-04-20 00:49:33,AB_4,5.64,11.65,6.07,9.62,12.53,7.39
2026-04-20 00:49:33,AB_4,5.72,11.54,6.05,9.59,12.44,7.41
2026-04-20 00:49:33,AB_4,5.72,11.47,6.19,9.63,12.48,7.4
2026-04-20 00:49:34,AB_4,5.62,11.42,6.16,9.61,12.49,7.39
2026-04-20 00:49:34,AB_4,5.62,11.38,6.09,9.67,12.41,7.42
2026-04-20 00:49:35,AB_4,5.63,11.28,6.11,9.59,12.45,7.39
2026-04-20 00:49:35,AB_4,5.62,11.07,6.12,9.66,12.48,7.45
2026-04-20 00:49:35,AB_4,5.7,11.05,6.11,9.59,12.5,7.44
2026-04-20 00:49:36,AB_4,5.95,11.09,6.02,9.55,12.52,7.42
2026-04-20 00:49:36,AB_4,6.07,11.06,6.13,9.61,12.5,7.43
2026-04-20 00:49:37,AB_4,5.75,11.28,6.05,9.6,12.55,7.51
2026-04-20 00:49:37,AB_4,5.63,11.02,6.12,9.6,12.42,7.53
2026-04-20 00:49:37,AB_4,5.66,11.23,6.16,9.6,12.48,7.46
2026-04-20 00:49:38,AB_4,5.73,11.14,6.05,9.57,12.47,7.49
2026-04-20 00:49:38,AB_4,5.67,11.27,6.03,9.62,12.52,7.51
2026-04-20 00:49:39,AB_4,5.77,10.91,6.08,9.62,12.57,7.52
2026-04-20 00:49:39,AB_4,5.78,11.09,6.03,9.61,12.52,7.53
2026-04-20 00:49:39,AB_4,5.64,11.24,6.17,9.59,12.5,7.49
2026-04-20 00:49:40,AB_4,5.67,11.07,6.12,9.55,12.41,7.57
2026-04-20 00:49:40,AB_4,5.62,11.06,6.1,9.61,12.39,7.51
2026-04-20 00:49:41,AB_4,5.68,11.15,6.12,9.65,12.53,7.57
2026-04-20 00:49:41,AB_4,5.66,11.21,6.14,9.59,12.54,7.55
2026-04-20 00:49:41,AB_4,5.79,11.2,6.29,9.62,12.49,7.57
2026-04-20 00:49:42,AB_4,5.63,11.17,6.03,9.55,12.59,7.55
2026-04-20 00:49:42,AB_4,5.7,11.22,6.02,9.61,12.49,7.51
2026-04-20 00:49:43,AB_4,5.62,11.2,6.09,9.61,12.56,7.5
2026-04-20 00:49:43,AB_4,5.67,11.04,6.06,9.57,12.59,7.53
2026-04-20 00:49:43,AB_4,5.78,11.19,6.21,9.57,12.54,7.55
2026-04-20 00:49:44,AB_4,5.64,11.12,6.01,9.61,12.54,7.51
2026-04-20 00:49:44,AB_4,5.61,11.19,6.07,9.59,12.5,7.49
2026-04-20 00:49:45,AB_4,5.64,11.17,6.09,9.53,12.55,7.52
2026-04-20 00:49:45,AB_4,5.69,11.06,6.07,9.6,12.55,7.51
2026-04-20 00:49:45,AB_4,5.65,11.11,6.07,9.58,12.47,7.45
2026-04-20 00:49:46,AB_4,5.65,10.91,6.1,9.56,12.48,7.46
2026-04-20 00:49:46,AB_4,5.64,10.93,6.02,9.6,12.52,7.54
2026-04-20 00:49:47,AB_4,5.59,10.93,6.09,9.56,12.5,7.58
2026-04-20 00:49:47,AB_4,5.64,10.76,6.07,9.59,12.59,7.59
2026-04-20 00:49:47,AB_4,5.61,10.93,6.06,9.56,12.55,7.58
2026-04-20 00:49:48,AB_4,5.61,10.9,6.04,9.57,12.53,7.52
2026-04-20 00:49:48,AB_4,6.06,11.01,6.11,9.58,12.47,7.56
2026-04-20 00:49:49,AB_4,5.63,11.06,6.03,9.66,12.55,7.56
2026-04-20 00:49:49,AB_4,5.84,10.75,6.12,9.57,12.55,7.55
2026-04-20 00:49:49,AB_4,5.71,11.03,6.09,9.66,12.4,7.58
2026-04-20 00:49:50,AB_4,5.64,11.11,6.13,9.62,12.47,7.6
2026-04-20 00:49:50,AB_4,5.61,10.91,6.08,9.64,12.5,7.52
2026-04-20 00:49:51,AB_4,5.63,10.87,6.04,9.64,12.54,7.5
2026-04-20 00:49:51,AB_4,5.73,11.14,6.21,9.54,12.51,7.55
2026-04-20 00:49:51,AB_4,5.68,10.84,6.04,9.58,12.57,7.48
2026-04-20 00:49:52,AB_4,5.63,10.99,6.24,9.56,12.48,7.51
2026-04-20 00:49:52,AB_4,5.61,11.11,6.26,9.57,12.55,7.5
2026-04-20 00:49:53,AB_4,5.68,11.11,6.11,9.61,12.58,7.6
2026-04-20 00:49:53,AB_4,5.85,11.02,6.07,9.59,12.52,7.57
2026-04-20 00:49:53,AB_4,5.65,11.13,6.09,9.58,12.54,7.48
2026-04-20 00:49:54,AB_4,5.64,11.14,6.08,9.54,12.54,7.48
2026-04-20 00:49:54,AB_4,5.67,11.14,6.14,9.6,12.54,7.59
2026-04-20 00:49:55,AB_4,5.98,10.8,6.18,9.58,12.58,7.55
2026-04-20 00:49:55,AB_4,5.56,11.05,6.24,9.61,12.51,7.53
2026-04-20 00:49:55,AB_4,5.59,11.11,6.14,9.62,12.49,7.52
2026-04-20 00:49:56,AB_4,5.59,11.08,6.22,9.56,12.47,7.65
2026-04-20 00:49:56,AB_4,5.65,11.01,6.24,9.58,12.53,7.6
2026-04-20 00:49:57,AB_4,5.62,11.07,6.2,9.57,12.5,7.57
2026-04-20 00:49:57,AB_4,5.64,11.08,6.12,9.56,12.46,7.48
2026-04-20 00:49:57,AB_4,5.61,10.93,6.15,9.56,12.54,7.52
2026-04-20 00:49:58,AB_4,5.8,10.74,6.12,9.61,12.48,7.56
2026-04-20 00:49:58,AB_4,5.68,10.84,6.35,9.57,12.52,7.62
2026-04-20 00:49:59,AB_4,5.63,10.93,6.07,9.6,12.63,7.48
2026-04-20 00:49:59,AB_4,5.65,10.86,6.08,9.6,12.1,7.58
2026-04-20 00:49:59,AB_4,5.67,10.97,6.06,9.56,12.55,7.58
2026-04-20 00:50:00,AB_4,5.59,10.86,6.09,9.58,12.8,7.6
2026-04-20 00:50:00,AB_4,5.6,10.86,6.09,9.6,12.45,7.54
2026-04-20 00:50:01,AB_4,5.61,10.79,6.11,9.58,12.52,7.52
2026-04-20 00:50:01,AB_4,5.66,10.9,6.06,9.59,12.22,7.5
2026-04-20 00:50:02,AB_4,5.62,10.9,6.19,9.57,12.52,7.44
2026-04-20 00:50:02,AB_4,5.69,11.08,6.09,9.59,12.45,7.52
2026-04-20 00:50:02,AB_4,5.67,10.83,6.07,9.7,12.63,7.61
2026-04-20 00:50:03,AB_4,5.74,10.83,6.01,9.57,12.71,7.55
2026-04-20 00:50:03,AB_4,5.63,10.89,6.11,9.54,12.53,7.68
2026-04-20 00:50:04,AB_4,5.65,10.79,6.03,9.57,12.52,7.69
2026-04-20 00:50:04,AB_4,5.78,11.02,6.09,9.63,12.57,7.6
2026-04-20 00:50:04,AB_4,5.63,11.01,6.05,9.63,12.44,7.56
2026-04-20 00:50:05,AB_4,5.69,10.99,6.08,9.53,12.51,7.56
2026-04-20 00:50:05,AB_4,5.7,11.1,6.08,9.6,12.55,7.53
2026-04-20 00:50:06,AB_4,5.58,11.02,6.01,9.61,12.53,7.57
2026-04-20 00:50:06,AB_4,5.66,10.86,6.05,9.61,12.59,7.55
2026-04-20 00:50:06,AB_4,5.72,11.04,6.04,9.55,12.54,7.55
2026-04-20 00:50:07,AB_4,5.6,11.11,6.07,9.54,12.53,7.54
2026-04-20 00:50:07,AB_4,5.67,11.04,6.05,9.63,12.6,7.58
2026-04-20 00:50:07,AB_4,5.97,11.04,6.03,9.57,12.5,7.53
2026-04-20 00:50:08,AB_4,5.6,11.05,6.03,9.57,12.6,7.52
2026-04-20 00:50:08,AB_4,5.73,10.93,6.02,9.54,12.55,7.53
2026-04-20 00:50:09,AB_4,5.64,10.89,6.06,9.6,12.53,7.47
2026-04-20 00:50:09,AB_4,5.81,10.76,6.03,9.58,12.49,7.5
2026-04-20 00:50:09,AB_4,5.66,10.98,6.11,9.55,12.47,7.55
2026-04-20 00:50:10,AB_4,5.69,11.04,6.08,9.61,12.54,7.63
2026-04-20 00:50:10,AB_4,5.77,10.96,6.09,9.58,12.47,7.61
2026-04-20 00:50:11,AB_4,5.66,11.03,6.08,9.61,12.51,7.59
2026-04-20 00:50:11,AB_4,5.58,11.02,6.03,9.58,12.52,7.55
2026-04-20 00:50:11,AB_4,5.58,11.02,6.01,9.74,12.52,7.58
2026-04-20 00:50:12,AB_4,5.7,11.0,6.06,9.58,12.52,7.55
2026-04-20 00:50:12,AB_4,5.78,11.06,6.07,9.6,12.61,7.54
2026-04-20 00:50:13,AB_4,5.82,11.01,6.02,9.62,12.62,7.54
2026-04-20 00:50:13,AB_4,5.61,11.03,6.14,9.59,12.55,7.58
2026-04-20 00:50:13,AB_4,5.75,10.99,6.37,9.6,12.62,7.51
2026-04-20 00:50:14,AB_4,5.73,11.02,6.23,9.6,12.5,7.54
2026-04-20 00:50:14,AB_4,5.69,11.07,6.09,9.58,12.46,7.47
2026-04-20 00:50:15,AB_4,5.69,10.99,5.99,9.62,12.56,7.54
2026-04-20 00:50:15,AB_4,5.66,10.83,6.09,9.57,12.5,7.58
2026-04-20 00:50:15,AB_4,5.59,11.05,6.05,9.63,12.51,7.57
2026-04-20 00:50:16,AB_4,5.87,10.96,6.08,9.63,12.59,7.56
2026-04-20 00:50:16,AB_4,5.64,11.03,6.1,9.64,12.63,7.57
2026-04-20 00:50:17,AB_4,5.56,11.01,6.05,9.59,12.6,7.57
2026-04-20 00:50:17,AB_4,5.57,11.01,6.06,9.57,12.56,7.55
2026-04-20 00:50:17,AB_4,5.71,10.9,6.06,9.59,12.63,7.52
2026-04-20 00:50:18,AB_4,5.6,11.04,6.07,9.59,12.5,7.55
2026-04-20 00:50:18,AB_4,5.61,11.0,6.09,9.58,12.58,7.55
2026-04-20 00:50:19,AB_4,5.77,11.02,6.04,9.59,12.52,7.54
2026-04-20 00:50:19,AB_4,5.67,11.02,6.02,9.64,12.53,7.52
2026-04-20 00:50:19,AB_4,5.73,10.91,6.08,9.58,12.56,7.58
2026-04-20 00:50:20,AB_4,5.79,10.73,6.44,9.59,12.52,7.56
2026-04-20 00:50:20,AB_4,5.76,10.92,6.12,9.6,12.53,7.49
2026-04-20 00:50:21,AB_4,5.65,10.9,6.08,9.57,12.45,7.54
2026-04-20 00:50:21,AB_4,5.72,10.84,6.12,9.63,12.36,7.62
2026-04-20 00:50:21,AB_4,5.65,10.96,6.04,9.56,12.44,7.63
2026-04-20 00:50:22,AB_4,5.64,10.92,6.04,9.59,12.43,7.58
2026-04-20 00:50:22,AB_4,5.63,10.93,6.08,9.58,12.63,7.57
2026-04-20 00:50:23,AB_4,5.6,10.77,6.11,9.67,12.49,7.63
2026-04-20 00:50:23,AB_4,5.75,10.93,6.02,9.6,12.51,7.55
2026-04-20 00:50:23,AB_4,5.59,10.79,6.03,9.58,12.4,7.54
2026-04-20 00:50:24,AB_4,5.76,10.8,6.08,9.65,12.35,7.57
2026-04-20 00:50:24,AB_4,5.61,10.81,6.05,9.57,12.53,7.46
2026-04-20 00:50:25,AB_4,5.7,11.03,6.07,9.55,12.5,7.57
2026-04-20 00:50:25,AB_4,5.73,10.99,6.08,9.57,12.65,7.58
2026-04-20 00:50:25,AB_4,5.68,10.76,6.01,9.57,12.66,7.54
2026-04-20 00:50:26,AB_4,5.71,11.02,6.26,9.6,12.5,7.58
2026-04-20 00:50:26,AB_4,5.59,10.96,6.04,9.61,12.61,7.58
2026-04-20 00:50:27,AB_4,5.67,10.9,6.07,9.65,12.51,7.54
2026-04-20 00:50:27,AB_4,5.74,10.98,6.09,9.56,12.45,7.53
2026-04-20 00:50:27,AB_4,5.67,11.01,6.06,9.57,12.51,7.57
2026-04-20 00:50:28,AB_4,5.58,10.99,6.04,9.55,12.5,7.57
2026-04-20 00:50:28,AB_4,5.63,11.0,6.21,9.57,12.53,7.43
2026-04-20 00:50:29,AB_4,5.7,10.97,6.34,9.63,12.61,7.61
2026-04-20 00:50:29,AB_4,5.7,11.01,6.15,9.61,12.49,7.64
2026-04-20 00:50:29,AB_4,5.63,10.66,6.06,9.57,12.6,7.66
2026-04-20 00:50:30,AB_4,5.8,10.78,6.1,9.58,12.55,7.54
2026-04-20 00:50:30,AB_4,5.65,10.76,6.03,9.57,12.53,7.44
2026-04-20 00:50:31,AB_4,5.72,10.78,6.02,9.57,12.48,7.51
2026-04-20 00:50:31,AB_4,5.95,10.77,6.11,9.61,12.5,7.49
2026-04-20 00:50:31,AB_4,5.76,10.95,6.04,9.61,12.66,7.55
2026-04-20 00:50:32,AB_4,5.67,10.79,6.03,9.61,12.56,7.54
2026-04-20 00:50:32,AB_4,5.64,10.84,6.06,9.62,12.46,7.59
2026-04-20 00:50:33,AB_4,5.67,10.71,6.26,9.57,12.63,7.63
2026-04-20 00:50:33,AB_4,5.64,10.75,6.12,9.6,12.55,7.53
2026-04-20 00:50:33,AB_4,5.67,10.77,6.1,9.6,12.47,7.57
2026-04-20 00:50:34,AB_4,5.59,10.73,6.42,9.6,12.43,7.62
2026-04-20 00:50:34,AB_4,5.58,10.95,6.21,9.57,12.52,7.57
2026-04-20 00:50:35,AB_4,5.61,10.82,6.08,9.59,12.54,7.59
2026-04-20 00:50:35,AB_4,5.6,10.97,6.15,9.59,12.71,7.59
2026-04-20 00:50:35,AB_4,5.66,11.0,6.09,9.58,12.5,7.68
2026-04-20 00:50:36,AB_4,5.78,10.95,6.05,9.6,12.57,7.63
2026-04-20 00:50:36,AB_4,5.69,10.98,6.06,9.61,12.54,7.53
2026-04-20 00:50:37,AB_4,5.64,10.93,5.99,9.58,12.55,7.58
2026-04-20 00:50:37,AB_4,5.74,10.99,6.05,9.6,12.61,7.73
2026-04-20 00:50:37,AB_4,5.67,11.0,6.18,9.61,12.5,7.64
2026-04-20 00:50:38,AB_4,5.6,10.98,6.18,9.58,12.53,7.59
2026-04-20 00:50:38,AB_4,5.62,11.02,6.06,9.57,12.49,7.51
2026-04-20 00:50:38,AB_4,5.69,10.96,6.13,9.74,12.65,7.6
2026-04-20 00:50:39,AB_4,5.6,10.88,6.01,9.59,12.51,7.59
2026-04-20 00:50:39,AB_4,5.64,11.03,6.11,9.55,12.49,7.51
2026-04-20 00:50:40,AB_4,5.63,10.77,6.17,9.55,12.49,7.5
2026-04-20 00:50:40,AB_4,5.61,10.68,6.07,9.6,12.45,7.64
2026-04-20 00:50:40,AB_4,5.6,11.41,6.12,9.58,12.54,7.61
2026-04-20 00:50:41,AB_4,5.6,10.85,6.06,9.66,12.53,7.63
2026-04-20 00:50:41,AB_4,5.63,10.72,6.06,9.58,12.47,7.5
2026-04-20 00:50:42,AB_4,5.59,10.98,6.07,9.6,12.8,7.57
2026-04-20 00:50:42,AB_4,5.73,10.9,6.04,9.65,12.6,7.56
2026-04-20 00:50:43,AB_4,5.7,10.75,6.04,9.56,12.47,7.62
2026-04-20 00:50:43,AB_4,5.62,10.73,6.16,9.58,12.51,7.56
2026-04-20 00:50:43,AB_4,5.6,10.93,6.14,9.56,12.46,7.57
2026-04-20 00:50:44,AB_4,5.67,10.74,6.09,9.6,12.52,7.53
2026-04-20 00:50:44,AB_4,5.6,10.88,6.09,9.81,12.54,7.49
2026-04-20 00:50:45,AB_4,5.59,10.78,6.03,9.61,12.55,7.6
2026-04-20 00:50:45,AB_4,5.61,10.84,6.12,9.59,12.56,7.65
2026-04-20 00:50:45,AB_4,5.64,10.75,6.04,9.71,12.47,7.6
2026-04-20 00:50:46,AB_4,5.65,11.01,6.14,9.58,12.58,7.57
2026-04-20 00:50:46,AB_4,5.66,11.0,6.06,9.54,12.58,7.54
2026-04-20 00:50:47,AB_4,5.67,10.94,6.05,9.54,12.58,7.72
2026-04-20 00:50:47,AB_4,5.9,10.9,6.06,9.59,12.6,7.56
2026-04-20 00:51:01,AD_1,6.08,10.22,6.85,9.87,9.83,7.64
2026-04-20 00:51:02,AD_1,6.13,9.95,6.87,9.78,9.91,7.49
2026-04-20 00:51:02,AD_1,6.12,10.3,6.94,9.84,9.93,7.5
2026-04-20 00:51:03,AD_1,6.14,9.88,6.96,9.72,9.98,7.46
2026-04-20 00:51:03,AD_1,6.04,9.86,7.01,9.7,10.08,7.4
2026-04-20 00:51:03,AD_1,6.02,9.99,7.06,9.62,10.08,7.42
2026-04-20 00:51:04,AD_1,6.11,9.88,6.85,9.61,10.02,7.49
2026-04-20 00:51:04,AD_1,6.02,9.89,6.93,9.66,10.18,7.56
2026-04-20 00:51:05,AD_1,6.26,9.79,6.92,9.63,10.08,7.52
2026-04-20 00:51:05,AD_1,6.11,9.78,6.87,9.61,10.08,7.55
2026-04-20 00:51:05,AD_1,6.16,9.67,6.92,9.61,10.09,7.59
2026-04-20 00:51:06,AD_1,6.19,9.63,6.89,9.63,10.11,7.58
2026-04-20 00:51:06,AD_1,6.14,9.59,6.93,9.6,10.08,7.66
2026-04-20 00:51:07,AD_1,6.34,9.36,6.58,9.6,10.08,7.63
2026-04-20 00:51:07,AD_1,6.08,9.45,6.49,9.62,10.01,7.59
2026-04-20 00:51:07,AD_1,6.12,9.41,6.68,9.58,10.12,7.66
2026-04-20 00:51:08,AD_1,6.05,9.19,6.52,9.63,10.06,7.62
2026-04-20 00:51:08,AD_1,6.22,9.31,6.73,9.63,10.02,7.6
2026-04-20 00:51:09,AD_1,6.16,9.24,6.56,9.6,10.14,7.74
2026-04-20 00:51:09,AD_1,6.04,9.35,6.18,9.61,10.04,7.73
2026-04-20 00:51:09,AD_1,6.03,9.13,5.99,9.57,10.05,7.58
2026-04-20 00:51:10,AD_1,6.13,9.23,6.65,9.7,10.04,7.75
2026-04-20 00:51:10,AD_1,6.22,9.22,6.57,9.64,10.08,7.7
2026-04-20 00:51:11,AD_1,6.33,9.14,6.22,9.58,10.2,7.74
2026-04-20 00:51:11,AD_1,6.12,9.04,6.49,9.62,10.16,7.69
2026-04-20 00:51:11,AD_1,6.07,9.2,6.52,9.61,10.04,7.63
2026-04-20 00:51:12,AD_1,6.1,9.12,6.21,9.61,10.02,7.72
2026-04-20 00:51:12,AD_1,6.08,9.16,6.29,9.6,10.04,7.67
2026-04-20 00:51:13,AD_1,6.08,9.12,6.18,9.62,10.1,7.71
2026-04-20 00:51:13,AD_1,6.19,9.25,6.4,9.65,10.0,7.72
2026-04-20 00:51:13,AD_1,6.15,9.13,6.23,9.64,10.15,7.79
2026-04-20 00:51:14,AD_1,6.1,8.47,6.5,9.65,10.07,7.73
2026-04-20 00:51:14,AD_1,6.04,9.2,6.51,9.6,10.02,7.7
2026-04-20 00:51:15,AD_1,6.01,9.2,6.52,9.61,10.1,7.72
2026-04-20 00:51:15,AD_1,6.02,9.16,6.43,9.63,10.33,7.72
2026-04-20 00:51:15,AD_1,6.07,9.09,6.28,9.59,10.08,7.72
2026-04-20 00:51:16,AD_1,6.23,9.21,6.36,9.59,10.12,7.72
2026-04-20 00:51:16,AD_1,6.14,9.18,6.42,9.6,10.01,7.64
2026-04-20 00:51:17,AD_1,6.06,9.03,6.48,9.64,10.1,7.78
2026-04-20 00:51:17,AD_1,6.02,9.16,6.28,9.57,10.2,7.8
2026-04-20 00:51:17,AD_1,6.12,9.05,6.2,9.61,10.14,7.78
2026-04-20 00:51:18,AD_1,6.07,9.19,6.32,9.6,10.1,7.68
2026-04-20 00:51:18,AD_1,6.28,9.18,6.1,9.64,10.08,7.84
2026-04-20 00:51:18,AD_1,6.09,9.01,6.13,9.63,10.08,7.7
2026-04-20 00:51:19,AD_1,6.02,8.97,6.21,9.6,10.14,7.65
2026-04-20 00:51:19,AD_1,6.06,8.97,6.13,9.57,10.06,7.97
2026-04-20 00:51:20,AD_1,6.09,9.0,6.39,9.59,10.11,7.79
2026-04-20 00:51:20,AD_1,6.1,8.98,6.32,9.65,10.12,7.68
2026-04-20 00:51:21,AD_1,6.3,9.16,6.34,9.6,10.06,7.68
2026-04-20 00:51:21,AD_1,6.21,9.16,6.3,9.59,10.05,7.71
2026-04-20 00:51:21,AD_1,6.29,9.15,6.12,9.6,10.1,7.83
2026-04-20 00:51:22,AD_1,6.05,9.15,6.14,9.59,10.11,7.76
2026-04-20 00:51:22,AD_1,6.16,9.1,6.36,9.61,10.09,7.7
2026-04-20 00:51:22,AD_1,6.22,9.14,6.4,9.57,10.09,7.71
2026-04-20 00:51:23,AD_1,6.3,9.17,6.38,9.58,10.04,7.83
2026-04-20 00:51:23,AD_1,6.1,9.14,6.3,9.66,10.1,7.69
2026-04-20 00:51:24,AD_1,6.1,9.14,6.12,9.6,10.07,7.72
2026-04-20 00:51:24,AD_1,6.05,9.16,6.35,9.56,10.23,7.71
2026-04-20 00:51:24,AD_1,6.03,9.15,6.28,9.63,10.18,7.84
2026-04-20 00:51:25,AD_1,6.16,9.0,6.4,9.63,10.0,7.76
2026-04-20 00:51:25,AD_1,6.11,9.16,6.31,9.58,10.03,7.69
2026-04-20 00:51:26,AD_1,6.07,9.1,6.12,9.57,10.08,7.73
2026-04-20 00:51:26,AD_1,6.15,9.17,6.08,9.59,10.04,7.86
2026-04-20 00:51:26,AD_1,6.06,9.13,6.35,9.56,9.98,7.76
2026-04-20 00:51:27,AD_1,6.14,9.1,6.32,9.58,10.02,7.75
2026-04-20 00:51:27,AD_1,6.17,9.17,6.32,9.63,10.03,7.73
2026-04-20 00:51:28,AD_1,6.04,9.14,6.26,9.55,10.14,7.84
2026-04-20 00:51:28,AD_1,6.0,9.13,6.25,9.64,10.1,7.76
2026-04-20 00:51:28,AD_1,6.01,9.09,6.31,9.57,10.01,7.74
2026-04-20 00:51:29,AD_1,6.0,9.12,6.09,9.56,10.05,7.74
2026-04-20 00:51:29,AD_1,6.09,9.13,6.29,9.59,10.19,7.78
2026-04-20 00:51:30,AD_1,6.04,9.1,6.17,9.54,10.1,7.75
2026-04-20 00:51:30,AD_1,6.32,8.99,6.16,9.58,10.06,7.73
2026-04-20 00:51:30,AD_1,6.05,8.94,6.12,9.66,10.04,7.68
2026-04-20 00:51:31,AD_1,6.08,9.08,6.19,9.59,10.23,7.82
2026-04-20 00:51:31,AD_1,6.07,9.0,6.11,9.6,10.22,7.87
2026-04-20 00:51:32,AD_1,6.16,8.93,5.83,9.6,10.04,7.9
2026-04-20 00:51:32,AD_1,6.09,9.01,6.23,9.72,10.08,7.84
2026-04-20 00:51:32,AD_1,6.17,9.07,5.93,9.6,10.08,7.78
2026-04-20 00:51:33,AD_1,6.08,8.95,6.15,9.58,10.24,7.8
2026-04-20 00:51:33,AD_1,6.05,8.93,6.28,9.55,10.03,7.86
2026-04-20 00:51:34,AD_1,6.13,8.81,6.3,9.56,10.01,7.9
2026-04-20 00:51:34,AD_1,6.06,8.95,6.31,9.66,10.05,7.83
2026-04-20 00:51:34,AD_1,6.01,8.88,6.32,9.6,10.06,8.0
2026-04-20 00:51:35,AD_1,6.12,8.96,6.28,9.6,10.02,8.09
2026-04-20 00:51:35,AD_1,6.08,9.07,6.02,9.81,10.13,7.9
2026-04-20 00:51:36,AD_1,6.06,8.99,6.09,9.64,10.05,7.96
2026-04-20 00:51:36,AD_1,6.08,9.12,6.14,9.59,10.04,7.78
2026-04-20 00:51:36,AD_1,6.07,9.08,6.15,9.6,10.05,7.77
2026-04-20 00:51:37,AD_1,6.18,9.1,6.17,9.54,10.08,7.79
2026-04-20 00:51:37,AD_1,6.05,9.09,5.88,9.57,10.09,7.91
2026-04-20 00:51:38,AD_1,6.07,9.12,6.2,9.58,10.12,7.81
2026-04-20 00:51:38,AD_1,6.11,9.07,6.15,9.57,10.05,7.8
2026-04-20 00:51:38,AD_1,6.07,9.06,6.25,9.62,10.06,7.8
2026-04-20 00:51:39,AD_1,6.18,9.13,6.21,9.6,10.31,7.92
2026-04-20 00:51:39,AD_1,6.03,9.08,6.19,9.59,10.16,7.81
2026-04-20 00:51:40,AD_1,6.04,8.86,6.18,9.55,10.1,7.77
2026-04-20 00:51:40,AD_1,6.09,8.87,6.06,9.56,10.24,7.83
2026-04-20 00:51:40,AD_1,6.06,8.94,6.12,9.6,10.24,7.75
2026-04-20 00:51:41,AD_1,6.12,8.98,5.96,9.59,10.01,7.72
2026-04-20 00:51:41,AD_1,6.07,8.96,6.02,9.58,10.03,7.73
2026-04-20 00:51:42,AD_1,5.99,9.04,5.81,9.58,10.04,7.74
2026-04-20 00:51:42,AD_1,6.24,8.98,6.14,9.58,10.03,7.77
2026-04-20 00:51:42,AD_1,6.14,8.89,5.89,9.59,10.0,7.79
2026-04-20 00:51:43,AD_1,6.04,9.04,6.04,9.63,10.09,7.77
2026-04-20 00:51:43,AD_1,6.05,8.86,5.91,9.6,10.1,7.77
2026-04-20 00:51:44,AD_1,6.24,8.99,5.99,9.67,10.05,7.81
2026-04-20 00:51:44,AD_1,6.1,8.9,6.28,9.64,10.1,7.88
2026-04-20 00:51:44,AD_1,6.12,9.03,6.19,9.68,10.02,7.93
2026-04-20 00:51:45,AD_1,6.06,9.04,6.11,9.58,10.03,7.84
2026-04-20 00:51:45,AD_1,6.05,9.09,6.15,9.59,10.07,7.91
2026-04-20 00:51:45,AD_1,6.08,9.1,6.09,9.62,10.06,7.82
2026-04-20 00:51:46,AD_1,6.21,9.07,5.99,9.61,10.12,7.75
2026-04-20 00:51:46,AD_1,6.15,9.07,6.27,9.66,10.3,7.8
2026-04-20 00:51:47,AD_1,6.16,9.07,6.11,9.58,10.03,7.91
2026-04-20 00:51:47,AD_1,6.05,9.09,6.12,9.63,10.12,7.82
2026-04-20 00:51:47,AD_1,6.15,9.07,6.21,9.58,10.08,7.8
2026-04-20 00:51:48,AD_1,6.03,9.1,6.05,9.61,10.05,7.8
2026-04-20 00:51:48,AD_1,6.1,9.07,6.11,9.54,10.06,7.93
2026-04-20 00:51:49,AD_1,6.05,9.08,6.18,9.59,10.09,7.82
2026-04-20 00:51:49,AD_1,6.01,9.05,6.16,9.67,10.05,7.81
2026-04-20 00:51:49,AD_1,6.01,8.98,6.09,9.6,10.07,7.72
2026-04-20 00:51:50,AD_1,6.02,8.95,5.88,9.56,10.03,7.84
2026-04-20 00:51:50,AD_1,6.09,8.97,5.96,9.62,10.04,7.94
2026-04-20 00:51:51,AD_1,6.08,8.88,5.93,9.61,10.01,7.83
2026-04-20 00:51:51,AD_1,6.12,9.03,5.84,9.6,10.13,7.81
2026-04-20 00:51:51,AD_1,6.09,8.99,5.95,9.56,10.12,8.06
2026-04-20 00:51:52,AD_1,6.14,8.93,5.93,9.56,10.01,8.1
2026-04-20 00:51:52,AD_1,6.19,8.97,5.46,9.58,9.97,8.06
2026-04-20 00:51:53,AD_1,6.01,8.88,5.86,9.57,10.12,7.95
2026-04-20 00:51:53,AD_1,6.14,8.93,5.89,9.7,10.08,8.05
2026-04-20 00:51:53,AD_1,6.11,9.02,6.0,9.61,10.04,7.79
2026-04-20 00:51:54,AD_1,6.08,8.9,5.88,9.6,10.04,7.78
2026-04-20 00:51:54,AD_1,6.11,8.96,6.03,9.71,10.12,7.77
2026-04-20 00:51:55,AD_1,6.02,8.87,5.92,9.61,10.12,7.95
2026-04-20 00:51:55,AD_1,6.02,8.92,5.91,9.56,10.06,8.03
2026-04-20 00:51:55,AD_1,6.1,8.94,6.13,9.55,10.05,8.01
2026-04-20 00:51:56,AD_1,6.13,8.96,5.98,9.73,10.09,8.02
2026-04-20 00:51:56,AD_1,6.05,8.77,5.8,9.58,10.01,7.88
2026-04-20 00:51:57,AD_1,6.13,8.9,5.78,9.6,10.23,7.83
2026-04-20 00:51:57,AD_1,6.06,9.03,6.06,9.72,9.96,7.85
2026-04-20 00:51:58,AD_1,6.04,8.91,5.84,9.66,10.04,7.84
2026-04-20 00:51:58,AD_1,6.05,8.83,5.99,9.7,9.98,7.91
2026-04-20 00:51:58,AD_1,6.02,8.85,6.24,9.63,10.02,8.01
2026-04-20 00:51:59,AD_1,6.1,8.86,5.72,9.61,10.1,8.0
2026-04-20 00:51:59,AD_1,6.06,9.05,5.92,9.62,9.99,7.92
2026-04-20 00:51:59,AD_1,6.01,9.01,6.03,9.62,9.98,8.13
2026-04-20 00:52:00,AD_1,6.16,8.99,5.84,9.62,10.07,7.91
2026-04-20 00:52:00,AD_1,6.08,8.93,5.91,9.59,10.09,8.11
2026-04-20 00:52:01,AD_1,6.18,9.01,5.84,9.62,10.0,8.01
2026-04-20 00:52:01,AD_1,6.12,8.97,5.87,9.67,10.02,8.1
2026-04-20 00:52:01,AD_1,6.09,9.02,5.99,9.64,10.12,7.92
2026-04-20 00:52:02,AD_1,6.07,9.02,5.97,9.61,10.32,7.8
2026-04-20 00:52:02,AD_1,6.06,9.1,6.04,9.6,10.2,7.86
2026-04-20 00:52:03,AD_1,6.02,9.03,5.82,9.65,9.98,8.07
2026-04-20 00:52:03,AD_1,6.24,9.0,6.06,9.66,10.0,7.91
2026-04-20 00:52:03,AD_1,6.19,8.93,6.0,9.66,9.95,7.74
2026-04-20 00:52:04,AD_1,6.24,9.12,5.82,9.5,10.02,7.68
2026-04-20 00:52:04,AD_1,6.28,8.91,5.91,9.62,10.06,7.88
2026-04-20 00:52:05,AD_1,6.16,8.96,6.01,9.58,10.09,7.78
2026-04-20 00:52:05,AD_1,6.17,8.8,6.06,9.61,10.04,7.77
2026-04-20 00:52:05,AD_1,6.06,8.87,6.2,9.56,10.06,7.78
2026-04-20 00:52:06,AD_1,6.15,8.85,6.12,9.68,10.02,8.05
2026-04-20 00:52:06,AD_1,6.09,9.08,6.04,9.57,10.06,8.01
2026-04-20 00:52:07,AD_1,6.15,8.84,6.04,9.57,10.07,8.1
2026-04-20 00:52:07,AD_1,6.05,8.87,5.9,9.62,10.02,7.92
2026-04-20 00:52:07,AD_1,6.3,8.91,5.7,9.6,10.04,7.88
2026-04-20 00:52:08,AD_1,6.2,9.03,5.88,9.58,10.02,7.86
2026-04-20 00:52:08,AD_1,6.36,8.83,5.96,9.61,10.11,7.98
2026-04-20 00:52:09,AD_1,6.04,8.92,5.85,9.58,10.09,7.99
2026-04-20 00:52:09,AD_1,6.01,8.96,6.03,9.59,10.16,8.13
2026-04-20 00:52:10,AD_1,6.13,8.85,5.84,9.65,10.04,8.15
2026-04-20 00:52:10,AD_1,6.05,8.91,5.74,9.55,10.13,7.98
2026-04-20 00:52:10,AD_1,6.06,9.04,5.94,9.6,10.06,7.98
2026-04-20 00:52:11,AD_1,6.05,9.06,6.1,9.6,10.05,7.88
2026-04-20 00:52:11,AD_1,6.02,9.01,6.1,9.57,10.04,7.8
2026-04-20 00:52:12,AD_1,6.05,9.05,6.05,9.54,10.16,7.87
2026-04-20 00:52:12,AD_1,6.04,9.06,6.05,9.6,10.05,7.86
2026-04-20 00:52:12,AD_1,6.21,9.04,5.73,9.6,10.07,7.88
2026-04-20 00:52:13,AD_1,6.0,9.04,6.0,9.59,10.09,7.86
2026-04-20 00:52:13,AD_1,6.04,8.96,6.08,9.63,10.1,7.75
2026-04-20 00:52:14,AD_1,6.09,9.07,6.05,9.57,10.02,7.86
2026-04-20 00:52:14,AD_1,6.09,8.94,6.03,9.6,10.04,8.08
2026-04-20 00:52:14,AD_1,6.27,9.02,5.83,9.61,10.02,7.93
2026-04-20 00:52:15,AD_1,6.02,9.02,6.05,9.57,10.29,7.91
2026-04-20 00:52:15,AD_1,6.07,9.08,5.96,9.57,10.05,7.95
2026-04-20 00:52:15,AD_1,6.05,8.91,5.74,9.58,10.04,7.79
2026-04-20 00:52:16,AD_1,6.04,8.81,6.03,9.58,10.0,7.83
2026-04-20 00:52:16,AD_1,6.07,8.97,6.13,9.63,10.01,8.09
2026-04-20 00:52:17,AD_1,6.18,8.99,5.98,9.6,10.1,7.99
2026-04-20 00:52:17,AD_1,6.07,8.89,5.87,9.58,10.08,8.1
2026-04-20 00:52:17,AD_1,6.08,8.9,5.84,9.56,9.98,7.95
2026-04-20 00:52:18,AD_1,6.37,9.05,5.95,9.56,10.12,7.81
2026-04-20 00:52:18,AD_1,6.3,9.04,6.01,9.56,10.07,7.92
2026-04-20 00:52:19,AD_1,6.04,8.93,5.91,9.64,10.04,7.92
2026-04-20 00:52:19,AD_1,6.12,9.03,5.71,9.59,10.01,7.78
2026-04-20 00:52:19,AD_1,6.12,8.89,5.98,9.57,10.03,7.86
2026-04-20 00:52:20,AD_1,6.1,9.04,5.99,9.62,10.06,7.9
2026-04-20 00:52:20,AD_1,6.07,8.98,5.91,9.59,10.0,7.9
2026-04-20 00:52:21,AD_1,6.02,8.95,6.01,9.58,10.28,7.86
2026-04-20 00:52:34,AD_2,6.89,9.66,5.52,9.51,9.45,7.99
2026-04-20 00:52:35,AD_2,6.92,9.46,5.43,9.52,9.59,7.89
2026-04-20 00:52:35,AD_2,6.99,9.33,5.55,9.47,9.47,7.98
2026-04-20 00:52:36,AD_2,6.84,9.25,5.37,9.51,9.57,8.01
2026-04-20 00:52:36,AD_2,6.86,9.32,5.49,9.47,9.46,8.02
2026-04-20 00:52:36,AD_2,6.9,9.16,5.41,9.48,9.62,7.89
2026-04-20 00:52:37,AD_2,6.86,9.28,5.41,9.47,9.49,8.04
2026-04-20 00:52:37,AD_2,6.87,9.21,5.47,9.56,9.4,8.07
2026-04-20 00:52:38,AD_2,6.86,9.08,5.4,9.48,9.53,8.16
2026-04-20 00:52:38,AD_2,6.93,9.06,5.41,9.49,9.41,8.11
2026-04-20 00:52:38,AD_2,7.21,8.93,5.36,9.47,9.47,8.12
2026-04-20 00:52:39,AD_2,6.79,8.8,5.48,9.48,9.42,8.03
2026-04-20 00:52:39,AD_2,6.86,8.72,5.42,9.46,9.52,8.02
2026-04-20 00:52:40,AD_2,7.1,8.69,5.4,9.41,9.47,8.0
2026-04-20 00:52:40,AD_2,6.88,8.75,5.38,9.49,9.44,8.13
2026-04-20 00:52:40,AD_2,6.95,8.75,5.55,9.48,9.44,8.08
2026-04-20 00:52:41,AD_2,6.87,8.68,5.42,9.5,9.47,8.17
2026-04-20 00:52:41,AD_2,6.87,8.77,5.41,9.47,9.46,8.25
2026-04-20 00:52:42,AD_2,6.91,8.72,5.45,9.52,9.45,8.07
2026-04-20 00:52:42,AD_2,6.79,8.75,5.39,9.47,9.45,8.18
2026-04-20 00:52:42,AD_2,6.86,8.73,5.39,9.49,9.39,8.3
2026-04-20 00:52:43,AD_2,6.78,8.73,5.6,9.48,9.5,8.41
2026-04-20 00:52:43,AD_2,6.88,8.63,5.41,9.46,9.42,8.3
2026-04-20 00:52:44,AD_2,6.94,8.7,5.58,9.49,9.45,8.3
2026-04-20 00:52:44,AD_2,6.81,8.53,5.4,9.48,9.42,8.29
2026-04-20 00:52:44,AD_2,6.82,8.68,5.44,9.56,9.77,8.21
2026-04-20 00:52:45,AD_2,6.95,8.64,5.46,9.43,9.38,8.22
2026-04-20 00:52:45,AD_2,6.8,8.69,5.45,9.56,9.45,8.13
2026-04-20 00:52:46,AD_2,6.83,8.52,5.47,9.45,9.42,8.21
2026-04-20 00:52:46,AD_2,6.93,8.56,5.4,9.48,9.41,8.21
2026-04-20 00:52:46,AD_2,6.8,8.62,5.54,9.48,9.41,8.22
2026-04-20 00:52:47,AD_2,6.89,8.65,5.39,9.42,9.4,8.27
2026-04-20 00:52:47,AD_2,6.79,8.62,5.54,9.46,9.43,8.24
2026-04-20 00:52:48,AD_2,6.81,8.51,5.47,9.45,9.33,8.23
2026-04-20 00:52:48,AD_2,6.86,8.54,5.51,9.48,9.46,8.25
2026-04-20 00:52:48,AD_2,6.87,8.65,5.39,9.42,9.47,8.3
2026-04-20 00:52:49,AD_2,6.81,8.6,5.39,9.53,9.41,8.27
2026-04-20 00:52:49,AD_2,6.89,8.45,5.33,9.49,9.4,8.14
2026-04-20 00:52:49,AD_2,6.84,8.62,5.41,9.45,9.42,8.21
2026-04-20 00:52:50,AD_2,6.99,8.61,5.4,9.45,9.47,8.22
2026-04-20 00:52:50,AD_2,6.94,8.61,5.42,9.45,9.41,8.43
2026-04-20 00:52:51,AD_2,6.98,8.59,5.45,9.47,9.38,8.21
2026-04-20 00:52:51,AD_2,6.85,8.55,5.4,9.47,9.34,8.16
2026-04-20 00:52:51,AD_2,6.92,8.41,5.39,9.47,9.39,8.18
2026-04-20 00:52:52,AD_2,6.81,8.41,5.46,9.49,9.38,8.16
2026-04-20 00:52:52,AD_2,6.96,8.47,5.36,9.45,9.37,8.2
2026-04-20 00:52:53,AD_2,6.85,8.27,5.5,9.47,9.4,8.2
2026-04-20 00:52:53,AD_2,6.83,8.53,5.43,9.42,9.41,8.18
2026-04-20 00:52:53,AD_2,6.8,8.44,5.36,9.46,9.47,8.34
2026-04-20 00:52:54,AD_2,6.88,8.37,5.33,9.45,9.34,8.14
2026-04-20 00:52:54,AD_2,6.86,8.47,5.41,9.46,9.35,8.2
2026-04-20 00:52:55,AD_2,6.84,8.55,5.46,9.44,9.53,8.2
2026-04-20 00:52:55,AD_2,6.82,8.46,5.44,9.51,9.34,8.2
2026-04-20 00:52:55,AD_2,6.69,8.44,5.49,9.49,9.43,8.2
2026-04-20 00:52:56,AD_2,6.84,8.46,5.45,9.44,9.36,8.14
2026-04-20 00:52:56,AD_2,6.87,8.51,5.37,9.45,9.37,8.39
2026-04-20 00:52:57,AD_2,6.77,8.55,5.44,9.49,9.25,8.29
2026-04-20 00:52:57,AD_2,6.87,8.53,5.39,9.48,9.4,8.55
2026-04-20 00:52:57,AD_2,6.97,8.51,5.46,9.46,9.33,8.6
2026-04-20 00:52:58,AD_2,6.9,8.54,5.37,9.43,9.32,8.56
2026-04-20 00:52:58,AD_2,6.8,8.4,5.37,9.47,9.28,8.51
2026-04-20 00:52:59,AD_2,6.77,8.54,5.39,9.43,9.34,8.47
2026-04-20 00:52:59,AD_2,6.78,8.53,5.4,9.62,9.31,8.64
2026-04-20 00:52:59,AD_2,6.84,8.53,5.42,9.47,9.33,8.5
2026-04-20 00:53:00,AD_2,6.78,8.48,5.32,9.45,9.31,8.54
2026-04-20 00:53:00,AD_2,6.87,8.52,5.4,9.61,9.3,8.6
2026-04-20 00:53:01,AD_2,6.9,8.43,5.27,9.46,9.29,8.66
2026-04-20 00:53:01,AD_2,6.81,8.49,5.35,9.49,9.37,8.57
2026-04-20 00:53:01,AD_2,6.77,8.52,5.33,9.48,9.34,8.54
2026-04-20 00:53:02,AD_2,6.82,8.38,5.14,9.51,9.27,8.49
2026-04-20 00:53:02,AD_2,6.81,8.4,5.45,9.44,9.25,8.27
2026-04-20 00:53:03,AD_2,6.76,8.5,5.4,9.42,9.23,8.44
2026-04-20 00:53:03,AD_2,6.82,8.33,5.08,9.45,9.3,8.35
2026-04-20 00:53:03,AD_2,6.8,8.47,5.42,9.54,9.35,8.4
2026-04-20 00:53:04,AD_2,6.79,8.39,5.39,9.41,9.38,8.33
2026-04-20 00:53:04,AD_2,6.9,8.48,5.34,9.48,9.33,8.28
2026-04-20 00:53:05,AD_2,6.97,8.39,5.38,9.64,9.41,8.33
2026-04-20 00:53:05,AD_2,6.86,8.35,5.18,9.43,9.3,8.25
2026-04-20 00:53:05,AD_2,6.86,8.41,5.41,9.47,9.28,8.38
2026-04-20 00:53:06,AD_2,6.84,8.42,5.45,9.51,9.29,8.29
2026-04-20 00:53:06,AD_2,6.8,8.42,5.4,9.44,9.28,8.38
2026-04-20 00:53:07,AD_2,6.8,8.49,5.37,9.48,9.34,8.36
2026-04-20 00:53:07,AD_2,6.82,8.52,5.45,9.44,9.42,8.33
2026-04-20 00:53:07,AD_2,6.82,8.53,5.49,9.47,9.44,8.46
2026-04-20 00:53:08,AD_2,6.87,8.49,5.38,9.47,9.37,8.35
2026-04-20 00:53:08,AD_2,6.8,8.4,5.42,9.43,9.35,8.15
2026-04-20 00:53:09,AD_2,6.87,8.48,5.43,9.46,9.37,8.35
2026-04-20 00:53:09,AD_2,6.96,8.51,5.37,9.42,9.32,8.44
2026-04-20 00:53:09,AD_2,6.83,8.39,5.4,9.46,9.34,8.38
2026-04-20 00:53:10,AD_2,6.83,8.49,5.43,9.48,9.3,8.23
2026-04-20 00:53:10,AD_2,6.8,8.38,5.53,9.42,9.34,8.3
2026-04-20 00:53:11,AD_2,6.87,8.51,5.39,9.52,9.31,8.31
2026-04-20 00:53:11,AD_2,6.77,8.4,5.42,9.44,9.3,8.3
2026-04-20 00:53:11,AD_2,6.81,8.39,5.42,9.47,9.35,8.24
2026-04-20 00:53:12,AD_2,6.76,8.48,5.41,9.44,9.41,8.23
2026-04-20 00:53:12,AD_2,6.86,8.43,5.5,9.45,9.4,8.27
2026-04-20 00:53:13,AD_2,6.83,8.39,5.42,9.47,9.32,8.28
2026-04-20 00:53:13,AD_2,7.1,8.47,5.39,9.47,9.36,8.22
2026-04-20 00:53:13,AD_2,6.81,8.52,5.64,9.42,9.55,8.46
2026-04-20 00:53:14,AD_2,6.89,8.44,5.44,9.42,9.3,8.39
2026-04-20 00:53:14,AD_2,7.0,8.36,5.38,9.46,9.35,8.17
2026-04-20 00:53:15,AD_2,6.8,8.39,5.44,9.45,9.35,8.25
2026-04-20 00:53:15,AD_2,6.87,8.36,5.41,9.47,9.28,8.18
2026-04-20 00:53:15,AD_2,6.8,8.47,5.33,9.42,9.29,8.19
2026-04-20 00:53:16,AD_2,6.77,8.4,5.39,9.47,9.36,8.27
2026-04-20 00:53:16,AD_2,6.84,8.35,5.44,9.44,9.28,8.25
2026-04-20 00:53:17,AD_2,7.01,8.45,5.39,9.53,9.36,8.27
2026-04-20 00:53:17,AD_2,6.76,8.39,5.4,9.47,9.51,8.29
2026-04-20 00:53:17,AD_2,6.91,8.35,5.31,9.44,9.44,8.33
2026-04-20 00:53:18,AD_2,6.99,8.37,5.38,9.43,9.45,8.22
2026-04-20 00:53:18,AD_2,7.13,8.35,5.35,9.47,9.29,8.23
2026-04-20 00:53:19,AD_2,6.88,8.41,5.48,9.43,9.35,8.36
2026-04-20 00:53:19,AD_2,7.01,8.36,5.39,9.45,9.36,8.24
2026-04-20 00:53:19,AD_2,6.89,8.33,5.4,9.46,9.39,8.36
2026-04-20 00:53:20,AD_2,7.01,8.35,5.49,9.39,9.38,8.4
2026-04-20 00:53:20,AD_2,7.03,8.49,5.44,9.43,9.27,8.26
2026-04-20 00:53:21,AD_2,6.87,8.49,5.4,9.43,9.28,8.44
2026-04-20 00:53:21,AD_2,6.77,8.47,5.29,9.48,9.29,8.57
2026-04-20 00:53:21,AD_2,7.13,8.42,5.38,9.48,9.26,8.47
2026-04-20 00:53:22,AD_2,6.91,8.46,5.24,9.47,9.23,8.4
2026-04-20 00:53:22,AD_2,6.83,8.49,5.31,9.53,9.4,8.53
2026-04-20 00:53:23,AD_2,6.81,8.46,5.28,9.44,9.31,8.4
2026-04-20 00:53:23,AD_2,6.8,8.46,5.36,9.46,9.48,8.42
2026-04-20 00:53:23,AD_2,6.79,8.5,5.39,9.47,9.41,8.52
2026-04-20 00:53:24,AD_2,6.84,8.46,5.06,9.5,9.27,8.48
2026-04-20 00:53:24,AD_2,6.74,8.49,5.4,9.44,9.26,8.37
2026-04-20 00:53:25,AD_2,6.82,8.46,5.35,9.52,9.28,8.35
2026-04-20 00:53:25,AD_2,6.88,8.34,5.17,9.48,9.28,8.25
2026-04-20 00:53:25,AD_2,6.83,8.3,5.45,9.54,9.27,8.21
2026-04-20 00:53:26,AD_2,6.84,8.38,5.23,9.45,9.34,8.17
2026-04-20 00:53:26,AD_2,6.91,8.34,5.42,9.54,9.42,7.96
2026-04-20 00:53:27,AD_2,6.93,8.33,5.27,9.48,9.46,8.12
2026-04-20 00:53:27,AD_2,6.88,8.4,5.29,9.46,9.38,8.49
2026-04-20 00:53:27,AD_2,6.76,8.34,5.07,9.44,9.38,8.21
2026-04-20 00:53:28,AD_2,6.83,8.47,5.32,9.47,9.27,8.24
2026-04-20 00:53:28,AD_2,6.8,8.3,5.3,9.45,9.32,8.29
2026-04-20 00:53:29,AD_2,6.88,8.35,5.32,9.46,9.34,8.18
2026-04-20 00:53:29,AD_2,6.95,8.5,5.37,9.44,9.4,8.26
2026-04-20 00:53:29,AD_2,6.8,8.33,5.43,9.46,9.33,8.4
2026-04-20 00:53:30,AD_2,6.87,8.47,5.4,9.5,9.33,8.23
2026-04-20 00:53:30,AD_2,6.77,8.4,5.39,9.42,9.31,8.13
2026-04-20 00:53:31,AD_2,6.88,8.33,5.31,9.65,9.37,8.3
2026-04-20 00:53:31,AD_2,6.85,8.32,5.4,9.39,9.31,8.42
2026-04-20 00:53:31,AD_2,6.88,8.47,5.34,9.44,9.27,8.57
2026-04-20 00:53:32,AD_2,6.89,8.36,5.45,9.46,9.23,8.61
2026-04-20 00:53:32,AD_2,6.82,8.45,5.26,9.43,9.29,8.39
2026-04-20 00:53:33,AD_2,6.81,8.33,5.28,9.46,9.29,8.59
2026-04-20 00:53:33,AD_2,6.82,8.43,5.04,9.47,9.34,8.54
2026-04-20 00:53:33,AD_2,6.82,8.4,5.26,9.51,9.41,8.47
2026-04-20 00:53:34,AD_2,6.82,8.46,5.17,9.44,9.24,8.7
2026-04-20 00:53:34,AD_2,6.84,8.46,5.25,9.43,9.48,8.83
2026-04-20 00:53:35,AD_2,6.84,8.29,5.16,9.45,9.18,8.68
2026-04-20 00:53:35,AD_2,6.76,8.46,5.03,9.47,9.17,8.73
2026-04-20 00:53:35,AD_2,6.8,8.31,5.1,9.45,9.18,8.7
2026-04-20 00:53:36,AD_2,6.79,8.44,5.18,9.46,9.21,8.8
2026-04-20 00:53:36,AD_2,6.88,8.26,4.84,9.44,9.21,8.67
2026-04-20 00:53:37,AD_2,6.75,8.4,4.85,9.46,9.25,8.45
2026-04-20 00:53:37,AD_2,6.74,8.42,5.22,9.53,9.21,8.36
2026-04-20 00:53:37,AD_2,6.76,8.34,5.25,9.49,9.4,8.44
2026-04-20 00:53:38,AD_2,6.76,8.4,5.25,9.44,9.4,8.48
2026-04-20 00:53:38,AD_2,6.79,8.36,5.13,9.42,9.29,8.31
2026-04-20 00:53:39,AD_2,6.87,8.34,5.23,9.55,9.27,8.29
2026-04-20 00:53:39,AD_2,6.89,8.3,5.42,9.46,9.27,8.49
2026-04-20 00:53:39,AD_2,6.84,8.4,5.34,9.44,9.3,8.42
2026-04-20 00:53:40,AD_2,6.86,8.38,5.27,9.42,9.26,8.42
2026-04-20 00:53:40,AD_2,6.86,8.43,5.21,9.44,9.26,8.51
2026-04-20 00:53:41,AD_2,6.74,8.41,5.4,9.48,9.22,8.46
2026-04-20 00:53:41,AD_2,6.77,8.34,5.23,9.46,9.22,8.73
2026-04-20 00:53:41,AD_2,6.82,8.27,5.07,9.49,9.28,8.48
2026-04-20 00:53:42,AD_2,6.87,8.28,4.92,9.48,9.2,8.59
2026-04-20 00:53:42,AD_2,6.79,8.4,5.08,9.48,9.34,8.38
2026-04-20 00:53:43,AD_2,6.78,8.46,5.15,9.5,9.4,8.69
2026-04-20 00:53:43,AD_2,6.82,8.38,5.19,9.49,9.4,8.75
2026-04-20 00:53:43,AD_2,6.79,8.37,5.03,9.46,9.38,8.62
2026-04-20 00:53:44,AD_2,6.72,8.43,5.3,9.47,9.25,8.64
2026-04-20 00:53:44,AD_2,6.82,8.45,5.07,9.41,9.24,8.58
2026-04-20 00:53:45,AD_2,6.82,8.48,5.29,9.44,9.24,8.76
2026-04-20 00:53:45,AD_2,6.72,8.32,5.15,9.48,9.42,8.73
2026-04-20 00:53:45,AD_2,6.87,8.34,5.08,9.55,9.22,8.63
2026-04-20 00:53:46,AD_2,6.76,8.46,5.03,9.42,9.24,8.7
2026-04-20 00:53:46,AD_2,6.77,8.46,5.1,9.49,9.16,8.76
2026-04-20 00:53:47,AD_2,6.71,8.45,5.19,9.47,9.18,8.8
2026-04-20 00:53:47,AD_2,6.75,8.32,5.1,9.44,9.2,8.69
2026-04-20 00:53:47,AD_2,6.8,8.4,4.98,9.52,9.21,8.43
2026-04-20 00:53:48,AD_2,6.8,8.34,5.08,9.44,9.21,8.45
2026-04-20 00:53:48,AD_2,6.82,8.37,5.26,9.46,9.17,8.55
2026-04-20 00:53:49,AD_2,7.07,8.32,5.07,9.43,9.25,8.47
2026-04-20 00:53:49,AD_2,6.83,8.45,5.13,9.47,9.18,8.6
2026-04-20 00:53:49,AD_2,6.74,8.41,5.23,9.51,9.28,8.44
2026-04-20 00:53:50,AD_2,6.96,8.34,5.23,9.42,9.25,8.36
2026-04-20 00:53:50,AD_2,6.79,8.32,4.75,9.43,9.39,8.51
2026-04-20 00:53:51,AD_2,6.78,8.3,5.34,9.47,9.17,8.56
2026-04-20 00:53:51,AD_2,6.75,8.38,4.99,9.46,9.35,8.29
2026-04-20 00:53:51,AD_2,6.84,8.39,5.4,9.44,9.28,8.43
2026-04-20 00:53:52,AD_2,6.85,8.41,5.45,9.48,9.52,8.72
2026-04-20 00:53:52,AD_2,6.85,8.41,5.21,9.41,9.29,8.56
2026-04-20 00:53:53,AD_2,6.91,8.48,5.2,9.47,9.31,8.56
2026-04-20 00:53:53,AD_2,6.83,8.37,5.33,9.46,9.42,8.51
2026-04-20 00:53:53,AD_2,6.76,8.48,5.41,9.47,9.38,8.45
2026-04-20 00:53:54,AD_2,6.9,8.46,5.31,9.42,9.28,8.51
2026-04-20 00:54:06,AD_3,5.67,11.62,5.87,9.63,11.76,7.37
2026-04-20 00:54:07,AD_3,5.71,11.32,5.84,9.63,11.69,7.38
2026-04-20 00:54:07,AD_3,5.64,11.28,5.9,9.68,11.69,7.39
2026-04-20 00:54:08,AD_3,5.84,11.21,5.87,9.65,11.66,7.37
2026-04-20 00:54:08,AD_3,5.77,11.27,5.94,9.58,11.77,7.44
2026-04-20 00:54:08,AD_3,5.7,11.14,5.9,9.67,11.9,7.45
2026-04-20 00:54:09,AD_3,5.8,11.09,5.92,9.58,11.71,7.49
2026-04-20 00:54:09,AD_3,6.02,11.01,5.89,9.61,11.67,7.46
2026-04-20 00:54:09,AD_3,5.79,10.91,5.94,9.6,11.66,7.47
2026-04-20 00:54:10,AD_3,5.69,10.66,5.92,9.63,11.67,7.54
2026-04-20 00:54:10,AD_3,5.67,10.77,6.15,9.6,11.69,7.53
2026-04-20 00:54:11,AD_3,5.69,10.28,5.93,9.59,11.68,7.42
2026-04-20 00:54:11,AD_3,5.67,10.31,6.11,9.53,11.73,7.53
2026-04-20 00:54:11,AD_3,5.66,10.41,5.86,9.55,11.77,7.48
2026-04-20 00:54:12,AD_3,5.71,10.63,6.0,9.58,11.72,7.59
2026-04-20 00:54:12,AD_3,5.66,10.55,5.93,9.6,11.72,7.54
2026-04-20 00:54:13,AD_3,5.83,10.56,5.92,9.57,11.83,7.6
2026-04-20 00:54:13,AD_3,5.73,10.54,5.97,9.56,11.71,7.57
2026-04-20 00:54:13,AD_3,5.71,10.51,5.88,9.59,11.74,7.56
2026-04-20 00:54:14,AD_3,5.82,10.48,5.92,9.55,11.72,7.51
2026-04-20 00:54:14,AD_3,5.71,10.54,6.35,9.6,11.83,7.67
2026-04-20 00:54:15,AD_3,5.7,10.3,5.9,9.56,11.76,7.61
2026-04-20 00:54:15,AD_3,5.68,10.5,5.96,9.69,11.78,7.51
2026-04-20 00:54:15,AD_3,5.68,10.48,5.97,9.53,11.83,7.57
2026-04-20 00:54:16,AD_3,5.69,10.51,5.97,9.58,11.69,7.7
2026-04-20 00:54:16,AD_3,5.66,10.43,5.92,9.54,11.73,7.62
2026-04-20 00:54:17,AD_3,5.78,10.49,5.99,9.53,11.85,7.58
2026-04-20 00:54:17,AD_3,5.83,10.27,5.87,9.56,11.92,7.57
2026-04-20 00:54:17,AD_3,5.74,10.41,5.85,9.57,11.74,7.7
2026-04-20 00:54:18,AD_3,5.7,10.4,5.96,9.57,11.81,7.63
2026-04-20 00:54:18,AD_3,5.71,10.4,5.88,9.52,11.81,7.57
2026-04-20 00:54:19,AD_3,5.74,10.4,5.93,9.56,11.77,7.57
2026-04-20 00:54:19,AD_3,5.66,10.44,5.88,9.58,11.76,7.73
2026-04-20 00:54:19,AD_3,5.7,10.28,5.87,9.61,11.78,7.64
2026-04-20 00:54:20,AD_3,5.59,10.4,6.04,9.55,11.7,7.59
2026-04-20 00:54:20,AD_3,5.58,10.4,5.94,9.57,11.73,7.49
2026-04-20 00:54:21,AD_3,5.67,10.4,5.91,9.63,11.78,7.74
2026-04-20 00:54:21,AD_3,5.65,10.35,5.94,9.55,11.74,7.57
2026-04-20 00:54:21,AD_3,5.66,10.36,5.87,9.57,11.68,7.6
2026-04-20 00:54:22,AD_3,5.62,10.4,5.91,9.52,11.73,7.56
2026-04-20 00:54:22,AD_3,5.61,10.23,5.91,9.66,11.75,7.67
2026-04-20 00:54:23,AD_3,5.62,10.27,5.92,9.54,11.85,7.63
2026-04-20 00:54:23,AD_3,5.75,10.28,5.89,9.57,11.73,7.53
2026-04-20 00:54:23,AD_3,5.71,10.14,5.87,9.57,11.8,7.55
2026-04-20 00:54:24,AD_3,5.81,10.37,6.07,9.58,11.87,7.64
2026-04-20 00:54:24,AD_3,5.64,10.11,5.88,9.6,11.7,7.6
2026-04-20 00:54:25,AD_3,5.64,10.22,5.88,9.55,11.71,7.57
2026-04-20 00:54:25,AD_3,5.66,10.22,5.95,9.8,11.73,7.58
2026-04-20 00:54:25,AD_3,5.67,10.41,6.05,9.56,11.78,7.74
2026-04-20 00:54:26,AD_3,5.85,10.17,5.91,9.56,11.73,7.58
2026-04-20 00:54:26,AD_3,5.61,10.15,5.85,9.58,11.71,7.66
2026-04-20 00:54:27,AD_3,5.7,10.12,5.87,9.62,11.74,7.7
2026-04-20 00:54:27,AD_3,5.61,10.2,5.83,9.55,11.76,7.68
2026-04-20 00:54:27,AD_3,5.62,10.3,5.95,9.56,11.78,7.55
2026-04-20 00:54:28,AD_3,5.74,10.3,5.92,9.58,11.75,7.48
2026-04-20 00:54:28,AD_3,5.79,10.19,5.88,9.54,11.72,7.53
2026-04-20 00:54:29,AD_3,5.65,10.39,5.88,9.55,11.73,7.75
2026-04-20 00:54:29,AD_3,5.75,10.28,5.89,9.55,11.72,7.82
2026-04-20 00:54:29,AD_3,5.84,10.29,6.01,9.59,11.77,7.65
2026-04-20 00:54:30,AD_3,5.78,10.32,6.12,9.54,11.92,7.67
2026-04-20 00:54:30,AD_3,5.58,10.17,5.9,9.58,11.75,7.65
2026-04-20 00:54:31,AD_3,5.64,10.32,6.01,9.64,11.71,7.6
2026-04-20 00:54:31,AD_3,5.63,10.32,5.95,9.57,11.76,7.59
2026-04-20 00:54:31,AD_3,5.6,10.3,5.99,9.58,11.74,7.63
2026-04-20 00:54:32,AD_3,5.62,10.28,5.87,9.52,11.78,7.61
2026-04-20 00:54:32,AD_3,5.69,10.16,5.9,9.57,11.71,7.52
2026-04-20 00:54:33,AD_3,5.7,10.37,5.91,9.55,11.68,7.57
2026-04-20 00:54:33,AD_3,5.89,10.36,5.89,9.55,11.71,7.63
2026-04-20 00:54:33,AD_3,5.66,10.26,5.89,9.58,11.68,7.6
2026-04-20 00:54:34,AD_3,5.62,10.16,5.9,9.53,11.8,7.59
2026-04-20 00:54:34,AD_3,5.72,10.18,5.91,9.51,11.74,7.52
2026-04-20 00:54:35,AD_3,5.68,10.09,5.91,9.55,11.72,7.59
2026-04-20 00:54:35,AD_3,5.69,10.35,5.94,9.54,11.79,7.76
2026-04-20 00:54:35,AD_3,5.59,10.18,5.93,9.56,11.71,7.63
2026-04-20 00:54:36,AD_3,5.71,10.11,5.99,9.58,11.68,7.65
2026-04-20 00:54:36,AD_3,5.68,10.18,5.85,9.53,11.71,7.56
2026-04-20 00:54:37,AD_3,5.69,10.31,5.97,9.55,11.75,7.57
2026-04-20 00:54:37,AD_3,5.76,10.16,5.88,9.54,11.69,7.65
2026-04-20 00:54:37,AD_3,5.63,10.27,5.99,9.61,11.72,7.61
2026-04-20 00:54:38,AD_3,5.64,10.32,5.92,9.54,11.65,7.66
2026-04-20 00:54:38,AD_3,5.73,10.33,5.87,9.55,11.82,7.53
2026-04-20 00:54:39,AD_3,5.6,10.32,5.86,9.55,12.04,7.6
2026-04-20 00:54:39,AD_3,5.72,10.16,5.87,9.56,12.03,7.57
2026-04-20 00:54:39,AD_3,5.82,10.31,5.93,9.58,11.72,7.59
2026-04-20 00:54:40,AD_3,5.7,10.32,6.03,9.57,11.86,7.62
2026-04-20 00:54:40,AD_3,5.66,10.19,5.93,9.58,11.83,7.59
2026-04-20 00:54:41,AD_3,5.64,10.29,6.12,9.53,11.71,7.56
2026-04-20 00:54:41,AD_3,5.68,10.19,6.2,9.52,11.78,7.6
2026-04-20 00:54:41,AD_3,5.58,10.25,5.87,9.61,11.73,7.6
2026-04-20 00:54:42,AD_3,5.66,10.15,5.91,9.58,11.73,7.52
2026-04-20 00:54:42,AD_3,5.67,10.17,5.9,9.56,11.74,7.51
2026-04-20 00:54:43,AD_3,5.6,10.21,5.92,9.52,11.79,7.6
2026-04-20 00:54:43,AD_3,5.68,10.11,5.89,9.54,11.69,7.54
2026-04-20 00:54:43,AD_3,5.67,10.27,5.87,9.53,11.87,7.51
2026-04-20 00:54:44,AD_3,5.64,10.1,5.94,9.6,11.73,7.48
2026-04-20 00:54:44,AD_3,5.69,10.16,5.92,9.59,11.77,7.59
2026-04-20 00:54:45,AD_3,5.78,10.03,5.8,9.56,11.78,7.6
2026-04-20 00:54:45,AD_3,5.79,10.05,5.94,9.58,11.72,7.61
2026-04-20 00:54:45,AD_3,5.56,10.17,5.87,9.57,11.7,7.53
2026-04-20 00:54:46,AD_3,5.61,10.23,5.93,9.58,11.71,7.55
2026-04-20 00:54:46,AD_3,5.75,10.12,5.88,9.63,11.73,7.67
2026-04-20 00:54:46,AD_3,5.72,10.13,5.9,9.57,11.69,7.73
2026-04-20 00:54:47,AD_3,5.6,10.12,5.89,9.57,11.73,7.61
2026-04-20 00:54:47,AD_3,5.65,10.21,6.02,9.56,11.75,7.6
2026-04-20 00:54:48,AD_3,5.59,10.05,5.88,9.55,11.74,7.73
2026-04-20 00:54:48,AD_3,5.69,10.13,5.9,9.55,11.72,7.67
2026-04-20 00:54:48,AD_3,5.73,10.1,5.94,9.58,11.62,7.65
2026-04-20 00:54:49,AD_3,5.56,10.12,5.99,9.57,11.66,7.58
2026-04-20 00:54:49,AD_3,5.68,10.3,6.03,9.57,11.99,7.64
2026-04-20 00:54:50,AD_3,5.62,10.36,5.95,9.61,11.72,7.58
2026-04-20 00:54:50,AD_3,5.64,10.31,5.93,9.55,11.67,7.57
2026-04-20 00:54:50,AD_3,5.61,10.24,5.86,9.55,11.78,7.59
2026-04-20 00:54:51,AD_3,5.65,10.3,5.86,9.51,11.78,7.53
2026-04-20 00:54:51,AD_3,5.84,10.26,5.95,9.78,11.79,7.59
2026-04-20 00:54:52,AD_3,5.86,10.27,5.9,9.53,11.71,7.57
2026-04-20 00:54:52,AD_3,5.63,10.17,5.85,9.57,11.7,7.56
2026-04-20 00:54:52,AD_3,5.85,10.01,5.92,9.54,11.74,7.59
2026-04-20 00:54:53,AD_3,5.67,10.17,5.9,9.57,11.75,7.52
2026-04-20 00:54:53,AD_3,5.61,10.27,5.91,9.55,11.71,7.58
2026-04-20 00:54:54,AD_3,5.64,10.34,5.9,9.56,11.73,7.57
2026-04-20 00:54:54,AD_3,5.7,10.27,6.24,9.54,11.73,7.71
2026-04-20 00:54:54,AD_3,5.77,10.15,6.22,9.53,11.69,7.81
2026-04-20 00:54:55,AD_3,5.74,10.16,6.01,9.59,11.73,7.72
2026-04-20 00:54:55,AD_3,5.69,10.28,5.93,9.49,11.72,7.56
2026-04-20 00:54:56,AD_3,5.64,10.03,5.88,9.55,11.72,7.49
2026-04-20 00:54:56,AD_3,5.78,10.16,5.91,9.55,11.7,7.52
2026-04-20 00:54:56,AD_3,5.7,10.27,5.92,9.56,11.82,7.56
2026-04-20 00:54:57,AD_3,5.7,10.3,5.91,9.57,11.67,7.62
2026-04-20 00:54:57,AD_3,5.67,10.26,5.91,9.63,11.68,7.58
2026-04-20 00:54:58,AD_3,5.81,10.27,5.92,9.54,11.67,7.58
2026-04-20 00:54:58,AD_3,5.81,10.3,6.29,9.52,11.68,7.52
2026-04-20 00:54:58,AD_3,5.58,10.31,5.86,9.58,11.75,7.61
2026-04-20 00:54:59,AD_3,5.62,10.3,6.01,9.56,11.71,7.59
2026-04-20 00:54:59,AD_3,5.62,10.27,5.85,9.56,11.77,7.58
2026-04-20 00:55:00,AD_3,5.6,10.26,5.9,9.56,11.72,7.54
2026-04-20 00:55:00,AD_3,5.71,10.28,5.91,9.57,11.68,7.62
2026-04-20 00:55:00,AD_3,5.72,10.25,5.86,9.55,11.67,7.57
2026-04-20 00:55:01,AD_3,5.65,10.28,5.91,9.64,11.68,7.57
2026-04-20 00:55:01,AD_3,5.76,10.15,5.91,9.5,11.75,7.58
2026-04-20 00:55:02,AD_3,5.64,10.26,5.82,9.57,11.7,7.56
2026-04-20 00:55:02,AD_3,5.79,10.08,5.98,9.52,11.8,7.63
2026-04-20 00:55:02,AD_3,5.62,10.01,5.87,9.54,11.76,7.6
2026-04-20 00:55:03,AD_3,5.58,10.17,5.9,9.54,11.75,7.59
2026-04-20 00:55:03,AD_3,5.67,9.99,5.84,9.52,11.7,7.77
2026-04-20 00:55:04,AD_3,5.6,10.09,5.95,9.54,11.69,7.67
2026-04-20 00:55:04,AD_3,5.65,10.14,5.88,9.58,11.7,7.61
2026-04-20 00:55:04,AD_3,5.68,10.26,5.9,9.55,11.8,7.62
2026-04-20 00:55:05,AD_3,5.65,10.32,5.88,9.61,11.73,7.7
2026-04-20 00:55:05,AD_3,5.65,10.14,5.86,9.57,11.75,7.62
2026-04-20 00:55:06,AD_3,5.8,10.27,5.87,9.57,11.8,7.6
2026-04-20 00:55:06,AD_3,5.82,10.25,6.12,9.53,11.75,7.58
2026-04-20 00:55:06,AD_3,5.64,10.3,5.86,9.62,11.73,7.6
2026-04-20 00:55:07,AD_3,5.73,10.1,5.97,9.56,11.74,7.62
2026-04-20 00:55:07,AD_3,5.63,10.18,5.94,9.71,11.72,7.6
2026-04-20 00:55:08,AD_3,5.66,10.26,5.96,9.58,11.7,7.59
2026-04-20 00:55:08,AD_3,5.59,10.27,5.99,9.55,11.82,7.65
2026-04-20 00:55:08,AD_3,5.63,10.16,5.96,9.6,11.74,7.58
2026-04-20 00:55:09,AD_3,5.63,10.22,5.9,9.57,11.66,7.51
2026-04-20 00:55:09,AD_3,5.62,10.11,5.88,9.56,11.73,7.54
2026-04-20 00:55:10,AD_3,5.61,10.31,5.9,9.58,11.66,7.71
2026-04-20 00:55:10,AD_3,5.66,10.07,5.98,9.61,11.76,7.74
2026-04-20 00:55:10,AD_3,5.71,10.02,5.92,9.51,11.67,7.67
2026-04-20 00:55:11,AD_3,5.68,10.23,5.88,9.55,11.76,7.73
2026-04-20 00:55:11,AD_3,5.75,10.08,5.92,9.71,11.89,7.85
2026-04-20 00:55:12,AD_3,5.64,10.14,5.92,9.6,11.72,7.66
2026-04-20 00:55:12,AD_3,5.67,10.23,5.85,9.6,11.75,7.65
2026-04-20 00:55:12,AD_3,5.63,10.28,5.98,9.61,11.75,7.62
2026-04-20 00:55:13,AD_3,5.65,10.26,5.86,9.58,11.72,7.83
2026-04-20 00:55:13,AD_3,5.59,10.24,5.89,9.63,11.7,7.71
2026-04-20 00:55:14,AD_3,5.7,10.24,5.94,9.53,11.91,7.59
2026-04-20 00:55:14,AD_3,5.74,10.29,5.92,9.55,11.8,7.62
2026-04-20 00:55:14,AD_3,5.74,10.25,5.97,9.6,11.75,7.71
2026-04-20 00:55:15,AD_3,5.77,10.26,5.85,9.57,11.66,7.88
2026-04-20 00:55:15,AD_3,5.63,10.25,6.0,9.52,11.73,7.72
2026-04-20 00:55:16,AD_3,5.61,10.23,5.87,9.57,11.73,7.62
2026-04-20 00:55:16,AD_3,5.61,10.27,5.97,9.61,11.72,7.75
2026-04-20 00:55:16,AD_3,5.59,10.25,5.91,9.61,11.69,7.67
2026-04-20 00:55:17,AD_3,5.65,10.27,5.9,9.58,11.74,7.64
2026-04-20 00:55:17,AD_3,5.59,10.03,5.82,9.62,11.73,7.58
2026-04-20 00:55:18,AD_3,5.64,10.06,5.9,9.59,11.69,7.63
2026-04-20 00:55:18,AD_3,5.61,10.29,5.94,9.55,11.73,7.65
2026-04-20 00:55:18,AD_3,5.6,10.13,5.85,9.58,11.71,7.76
2026-04-20 00:55:19,AD_3,5.64,10.15,5.98,9.54,11.69,7.66
2026-04-20 00:55:19,AD_3,5.68,10.12,5.87,9.54,11.68,7.6
2026-04-20 00:55:20,AD_3,5.59,10.2,5.9,9.57,11.73,7.54
2026-04-20 00:55:20,AD_3,5.61,10.16,5.84,9.51,11.75,7.56
2026-04-20 00:55:20,AD_3,5.65,10.26,5.86,9.56,11.75,7.55
2026-04-20 00:55:21,AD_3,5.67,10.13,5.88,9.61,11.68,7.51
2026-04-20 00:55:21,AD_3,5.6,10.14,5.97,9.56,11.77,7.63
2026-04-20 00:55:22,AD_3,5.61,10.1,6.01,9.55,11.72,7.57
2026-04-20 00:55:22,AD_3,5.61,10.07,5.89,9.54,11.72,7.54
2026-04-20 00:55:22,AD_3,5.64,10.05,5.95,9.54,11.76,7.68
2026-04-20 00:55:23,AD_3,5.59,10.27,5.87,9.53,11.76,7.66
2026-04-20 00:55:23,AD_3,5.64,10.12,5.86,9.59,11.77,7.71
2026-04-20 00:55:24,AD_3,5.77,10.04,5.91,9.59,11.89,7.57
2026-04-20 00:55:24,AD_3,5.65,10.11,6.13,9.62,11.7,7.77
2026-04-20 00:55:24,AD_3,5.64,10.06,5.99,9.52,11.73,7.74
2026-04-20 00:55:25,AD_3,5.67,10.14,5.87,9.56,11.83,7.7
2026-04-20 00:55:25,AD_3,5.67,10.09,5.93,9.58,11.67,7.74
2026-04-20 00:55:26,AD_3,5.6,10.41,5.88,9.55,11.69,7.59
2026-04-20 00:55:39,AD_4,5.87,11.41,5.57,9.68,11.46,7.41
2026-04-20 00:55:40,AD_4,5.83,11.1,5.57,9.72,11.5,7.33
2026-04-20 00:55:40,AD_4,5.75,11.01,5.58,9.68,11.47,7.35
2026-04-20 00:55:40,AD_4,5.87,11.09,5.52,9.67,11.63,7.34
2026-04-20 00:55:41,AD_4,5.81,11.03,5.59,9.7,11.46,7.38
2026-04-20 00:55:41,AD_4,6.04,10.79,5.7,9.68,11.5,7.43
2026-04-20 00:55:41,AD_4,5.8,10.89,5.61,9.68,11.51,7.46
2026-04-20 00:55:42,AD_4,5.83,10.71,5.58,9.66,11.48,7.47
2026-04-20 00:55:42,AD_4,5.84,10.78,5.53,9.68,11.51,7.48
2026-04-20 00:55:43,AD_4,5.81,10.72,5.51,9.69,11.51,7.55
2026-04-20 00:55:43,AD_4,5.8,10.64,5.6,9.63,11.51,7.49
2026-04-20 00:55:43,AD_4,5.79,10.47,5.57,9.62,11.52,7.63
2026-04-20 00:55:44,AD_4,5.8,10.27,5.59,9.67,11.52,7.59
2026-04-20 00:55:44,AD_4,5.95,10.46,5.55,9.62,11.52,7.64
2026-04-20 00:55:45,AD_4,6.06,10.28,5.59,9.63,11.51,7.61
2026-04-20 00:55:45,AD_4,5.8,10.22,5.55,9.62,11.54,7.57
2026-04-20 00:55:46,AD_4,5.78,10.14,5.53,9.65,11.49,7.54
2026-04-20 00:55:46,AD_4,5.83,10.32,5.59,9.66,11.55,7.58
2026-04-20 00:55:46,AD_4,5.79,10.23,5.54,9.7,11.55,7.63
2026-04-20 00:55:47,AD_4,5.89,10.11,5.54,9.68,11.47,7.64
2026-04-20 00:55:47,AD_4,5.76,10.1,5.72,9.69,11.44,7.5
2026-04-20 00:55:48,AD_4,5.84,9.96,5.54,9.68,11.45,7.59
2026-04-20 00:55:48,AD_4,6.01,10.17,5.63,9.64,11.55,7.52
2026-04-20 00:55:48,AD_4,5.89,10.07,5.57,9.67,11.58,7.54
2026-04-20 00:55:49,AD_4,5.88,10.12,5.53,9.63,11.5,7.52
2026-04-20 00:55:49,AD_4,5.8,10.04,5.62,9.63,11.53,7.6
2026-04-20 00:55:50,AD_4,5.84,10.26,5.51,9.6,11.59,7.65
2026-04-20 00:55:50,AD_4,5.93,10.24,5.54,9.64,11.51,7.63
2026-04-20 00:55:50,AD_4,5.78,10.17,5.54,9.59,11.76,7.6
2026-04-20 00:55:51,AD_4,5.87,10.3,5.62,9.6,11.49,7.79
2026-04-20 00:55:51,AD_4,5.76,10.25,5.62,9.62,11.47,7.73
2026-04-20 00:55:52,AD_4,5.77,10.25,5.61,9.63,11.5,7.67
2026-04-20 00:55:52,AD_4,5.73,10.26,5.54,9.61,11.55,7.65
2026-04-20 00:55:52,AD_4,5.81,10.26,5.63,9.63,11.48,7.65
2026-04-20 00:55:53,AD_4,5.78,10.2,5.58,9.64,11.5,7.68
2026-04-20 00:55:53,AD_4,5.9,10.23,5.58,9.64,11.5,7.66
2026-04-20 00:55:54,AD_4,5.81,10.23,5.56,9.59,11.5,7.65
2026-04-20 00:55:54,AD_4,5.82,10.25,5.61,9.61,11.51,7.71
2026-04-20 00:55:54,AD_4,5.86,10.18,5.57,9.62,11.49,7.61
2026-04-20 00:55:55,AD_4,5.83,10.08,5.53,9.64,11.46,7.59
2026-04-20 00:55:55,AD_4,5.82,10.0,5.54,9.6,11.47,7.56
2026-04-20 00:55:56,AD_4,5.93,9.97,5.53,9.62,11.54,7.57
2026-04-20 00:55:56,AD_4,5.77,10.03,5.56,9.62,11.55,7.65
2026-04-20 00:55:56,AD_4,6.07,10.09,5.54,9.64,11.53,7.73
2026-04-20 00:55:57,AD_4,5.96,10.09,5.68,9.61,11.64,7.72
2026-04-20 00:55:57,AD_4,5.76,9.91,5.59,9.62,11.53,7.51
2026-04-20 00:55:58,AD_4,5.77,10.01,5.55,9.6,11.51,7.77
2026-04-20 00:55:58,AD_4,5.81,10.17,5.67,9.58,11.5,7.65
2026-04-20 00:55:58,AD_4,5.8,9.96,5.52,9.64,11.46,7.66
2026-04-20 00:55:59,AD_4,5.76,9.89,5.54,9.57,11.51,7.75
2026-04-20 00:55:59,AD_4,5.77,10.02,5.55,9.67,11.5,7.77
2026-04-20 00:56:00,AD_4,5.83,10.23,5.56,9.63,11.52,7.6
2026-04-20 00:56:00,AD_4,5.78,10.18,5.6,9.58,11.45,7.83
2026-04-20 00:56:00,AD_4,5.78,10.0,5.52,9.62,11.44,7.76
2026-04-20 00:56:01,AD_4,5.8,9.98,5.5,9.62,11.52,7.67
2026-04-20 00:56:01,AD_4,5.82,10.01,5.65,9.6,11.58,7.68
2026-04-20 00:56:02,AD_4,5.75,10.14,5.56,9.74,11.53,7.66
2026-04-20 00:56:02,AD_4,5.78,10.19,5.64,9.68,11.48,7.84
2026-04-20 00:56:02,AD_4,5.77,9.99,5.51,9.64,11.51,7.74
2026-04-20 00:56:03,AD_4,5.83,10.03,5.55,9.67,11.62,7.7
2026-04-20 00:56:03,AD_4,5.9,10.17,5.55,9.67,11.48,7.67
2026-04-20 00:56:04,AD_4,5.8,10.18,5.58,9.64,11.48,7.89
2026-04-20 00:56:04,AD_4,5.8,10.12,5.63,9.64,11.51,7.77
2026-04-20 00:56:04,AD_4,5.77,10.14,5.54,9.63,11.45,7.74
2026-04-20 00:56:05,AD_4,5.7,10.15,5.56,9.58,11.47,7.7
2026-04-20 00:56:05,AD_4,5.72,10.15,5.61,9.7,11.61,7.82
2026-04-20 00:56:06,AD_4,5.73,10.13,5.55,9.68,11.54,7.8
2026-04-20 00:56:06,AD_4,5.73,10.06,5.6,9.62,11.43,7.66
2026-04-20 00:56:06,AD_4,5.74,10.0,5.6,9.64,11.49,7.66
2026-04-20 00:56:07,AD_4,5.81,10.15,5.54,9.61,11.48,7.91
2026-04-20 00:56:07,AD_4,5.86,10.09,5.71,9.64,11.54,7.66
2026-04-20 00:56:08,AD_4,5.79,10.14,5.6,9.62,11.67,7.74
2026-04-20 00:56:08,AD_4,5.82,10.11,5.56,9.64,11.46,7.73
2026-04-20 00:56:08,AD_4,5.74,10.13,5.6,9.65,11.5,7.91
2026-04-20 00:56:09,AD_4,5.72,9.94,5.58,9.7,11.49,7.79
2026-04-20 00:56:09,AD_4,5.73,10.13,5.59,9.6,11.46,7.64
2026-04-20 00:56:09,AD_4,5.75,10.16,5.74,9.72,11.48,7.73
2026-04-20 00:56:10,AD_4,5.77,10.14,5.56,9.61,11.51,7.82
2026-04-20 00:56:10,AD_4,5.74,10.1,5.55,9.67,11.53,7.81
2026-04-20 00:56:11,AD_4,5.73,10.12,5.57,9.6,11.48,7.75
2026-04-20 00:56:11,AD_4,5.74,10.0,5.52,9.65,11.5,7.7
2026-04-20 00:56:11,AD_4,5.72,9.89,5.58,9.6,11.62,7.79
2026-04-20 00:56:12,AD_4,5.91,9.89,5.53,9.62,11.49,7.72
2026-04-20 00:56:12,AD_4,5.87,9.94,5.64,9.65,11.55,7.81
2026-04-20 00:56:13,AD_4,5.81,10.07,5.55,9.68,11.56,7.73
2026-04-20 00:56:13,AD_4,5.77,10.12,5.63,9.65,11.51,7.91
2026-04-20 00:56:13,AD_4,5.73,10.0,5.49,9.64,11.43,7.78
2026-04-20 00:56:14,AD_4,5.82,10.11,5.54,9.6,11.49,7.7
2026-04-20 00:56:14,AD_4,5.82,10.09,5.57,9.57,11.5,7.73
2026-04-20 00:56:15,AD_4,5.79,10.14,5.74,9.61,11.51,7.94
2026-04-20 00:56:15,AD_4,5.76,10.06,5.56,9.72,11.53,7.82
2026-04-20 00:56:15,AD_4,5.82,10.08,5.79,9.65,11.43,7.77
2026-04-20 00:56:16,AD_4,5.73,10.12,5.57,9.61,11.48,7.7
2026-04-20 00:56:16,AD_4,5.77,10.09,5.63,9.69,11.46,7.88
2026-04-20 00:56:17,AD_4,5.77,10.06,5.54,9.69,11.46,7.8
2026-04-20 00:56:17,AD_4,5.72,10.12,5.61,9.59,11.48,7.73
2026-04-20 00:56:17,AD_4,5.74,10.15,5.52,9.74,11.4,7.66
2026-04-20 00:56:18,AD_4,5.71,10.01,5.67,9.63,11.46,7.73
2026-04-20 00:56:18,AD_4,5.81,9.93,5.55,9.61,11.48,7.81
2026-04-20 00:56:19,AD_4,5.74,9.95,5.52,9.69,11.58,7.77
2026-04-20 00:56:19,AD_4,5.79,9.92,5.6,9.62,11.44,7.72
2026-04-20 00:56:19,AD_4,5.77,10.2,5.57,9.67,11.53,7.74
2026-04-20 00:56:20,AD_4,5.79,9.95,5.6,9.61,11.48,7.68
2026-04-20 00:56:20,AD_4,5.82,9.93,5.57,9.65,11.51,7.76
2026-04-20 00:56:21,AD_4,5.7,9.93,5.57,9.62,11.41,7.61
2026-04-20 00:56:21,AD_4,5.77,9.95,5.57,9.69,11.47,7.73
2026-04-20 00:56:21,AD_4,5.74,9.99,5.59,9.65,11.51,7.68
2026-04-20 00:56:22,AD_4,5.76,10.06,5.68,9.62,11.55,7.7
2026-04-20 00:56:22,AD_4,5.7,9.86,5.56,9.59,11.48,7.62
2026-04-20 00:56:23,AD_4,5.75,9.95,5.54,9.59,11.49,7.79
2026-04-20 00:56:23,AD_4,5.9,9.97,5.51,9.63,11.44,7.78
2026-04-20 00:56:23,AD_4,5.77,9.9,5.61,9.66,11.62,7.7
2026-04-20 00:56:24,AD_4,5.88,9.76,5.65,9.62,11.44,7.63
2026-04-20 00:56:24,AD_4,5.89,10.09,5.77,9.58,11.52,7.91
2026-04-20 00:56:25,AD_4,5.73,9.95,5.53,9.64,11.44,7.77
2026-04-20 00:56:25,AD_4,5.7,9.88,5.72,9.69,11.49,7.69
2026-04-20 00:56:25,AD_4,5.77,10.11,5.77,9.65,11.47,7.73
2026-04-20 00:56:26,AD_4,5.97,10.15,5.57,9.69,11.38,7.92
2026-04-20 00:56:26,AD_4,5.87,10.1,5.56,9.69,11.57,7.72
2026-04-20 00:56:27,AD_4,5.84,10.1,5.56,9.64,11.53,7.75
2026-04-20 00:56:27,AD_4,5.69,9.97,5.74,9.61,11.47,7.66
2026-04-20 00:56:27,AD_4,6.01,10.07,5.52,9.71,11.44,7.88
2026-04-20 00:56:28,AD_4,5.88,10.07,5.62,9.65,11.47,7.81
2026-04-20 00:56:28,AD_4,5.84,10.11,5.61,9.59,11.49,7.75
2026-04-20 00:56:29,AD_4,5.74,10.1,5.55,9.62,11.5,7.72
2026-04-20 00:56:29,AD_4,5.88,10.0,5.59,9.61,11.45,7.73
2026-04-20 00:56:29,AD_4,5.74,9.9,5.64,9.62,11.43,7.91
2026-04-20 00:56:30,AD_4,5.69,9.82,5.56,9.69,11.49,7.78
2026-04-20 00:56:30,AD_4,5.78,10.07,5.53,9.62,11.57,7.9
2026-04-20 00:56:31,AD_4,5.71,9.97,5.49,9.6,11.44,8.01
2026-04-20 00:56:31,AD_4,5.73,9.88,5.6,9.59,11.77,7.77
2026-04-20 00:56:31,AD_4,5.76,9.89,5.52,9.63,11.49,7.81
2026-04-20 00:56:32,AD_4,5.83,10.11,5.72,9.63,11.53,7.78
2026-04-20 00:56:32,AD_4,5.84,10.06,5.69,9.68,11.73,7.98
2026-04-20 00:56:33,AD_4,5.73,10.08,5.52,9.59,11.49,7.86
2026-04-20 00:56:33,AD_4,5.73,9.98,5.56,9.63,11.44,7.82
2026-04-20 00:56:33,AD_4,5.69,10.09,5.63,9.62,11.41,7.77
2026-04-20 00:56:34,AD_4,5.78,10.12,5.57,9.63,11.45,7.86
2026-04-20 00:56:34,AD_4,5.68,10.08,5.54,9.61,11.41,7.83
2026-04-20 00:56:35,AD_4,5.85,10.09,5.56,9.61,11.5,7.8
2026-04-20 00:56:35,AD_4,5.97,10.12,5.6,9.68,11.54,7.78
2026-04-20 00:56:35,AD_4,5.76,10.1,5.58,9.61,11.59,7.98
2026-04-20 00:56:36,AD_4,5.79,10.05,5.61,9.59,11.66,7.86
2026-04-20 00:56:36,AD_4,5.71,10.04,5.61,9.61,11.42,7.79
2026-04-20 00:56:36,AD_4,5.8,9.94,5.55,9.66,11.49,7.79
2026-04-20 00:56:37,AD_4,5.91,10.11,5.72,9.76,11.47,7.87
2026-04-20 00:56:37,AD_4,5.72,10.04,5.63,9.59,11.47,7.86
2026-04-20 00:56:38,AD_4,5.7,10.06,5.56,9.67,11.51,7.8
2026-04-20 00:56:38,AD_4,5.75,10.08,5.67,9.68,11.48,7.78
2026-04-20 00:56:38,AD_4,5.72,10.12,5.55,9.67,11.45,7.91
2026-04-20 00:56:39,AD_4,5.72,10.06,5.6,9.6,11.51,7.88
2026-04-20 00:56:39,AD_4,5.93,10.11,5.55,9.63,11.42,7.8
2026-04-20 00:56:40,AD_4,5.86,10.11,5.52,9.61,11.55,7.76
2026-04-20 00:56:40,AD_4,5.94,10.1,5.7,9.61,11.43,8.01
2026-04-20 00:56:40,AD_4,5.75,10.04,5.59,9.61,11.44,7.86
2026-04-20 00:56:41,AD_4,5.71,10.07,5.56,9.65,11.51,7.8
2026-04-20 00:56:41,AD_4,5.7,10.07,5.61,9.62,11.46,7.71
2026-04-20 00:56:42,AD_4,5.96,10.0,5.56,9.6,11.53,7.84
2026-04-20 00:56:42,AD_4,5.78,10.05,5.52,9.63,11.47,7.79
2026-04-20 00:56:42,AD_4,5.7,9.91,5.52,9.63,11.48,7.69
2026-04-20 00:56:43,AD_4,5.68,10.08,5.56,9.62,11.52,7.73
2026-04-20 00:56:43,AD_4,5.73,10.12,5.52,9.58,11.76,7.94
2026-04-20 00:56:44,AD_4,5.8,10.03,5.67,9.6,11.54,7.85
2026-04-20 00:56:44,AD_4,5.74,10.05,5.54,9.62,11.45,7.78
2026-04-20 00:56:44,AD_4,5.82,9.92,5.51,9.63,11.47,7.77
2026-04-20 00:56:45,AD_4,5.82,10.1,5.66,9.61,11.42,7.99
2026-04-20 00:56:45,AD_4,5.73,10.05,5.57,9.62,11.42,7.79
2026-04-20 00:56:46,AD_4,5.76,10.04,5.5,9.61,11.47,7.8
2026-04-20 00:56:46,AD_4,5.69,10.09,5.6,9.62,11.53,7.74
2026-04-20 00:56:46,AD_4,5.72,9.91,5.52,9.63,11.46,7.98
2026-04-20 00:56:47,AD_4,5.72,9.92,5.62,9.58,11.52,7.93
2026-04-20 00:56:47,AD_4,5.72,10.06,5.6,9.65,11.46,7.78
2026-04-20 00:56:48,AD_4,5.69,10.07,5.62,9.61,11.5,7.81
2026-04-20 00:56:48,AD_4,5.74,10.09,5.53,9.65,11.5,8.0
2026-04-20 00:56:48,AD_4,5.74,10.04,5.56,9.7,11.43,7.9
2026-04-20 00:56:49,AD_4,5.81,10.06,5.56,9.61,11.55,7.84
2026-04-20 00:56:49,AD_4,5.84,10.07,5.6,9.6,11.49,7.72
2026-04-20 00:56:50,AD_4,5.77,10.09,5.53,9.62,11.48,8.02
2026-04-20 00:56:50,AD_4,5.68,10.05,5.56,9.73,11.43,7.84
2026-04-20 00:56:50,AD_4,5.7,10.09,5.55,9.66,11.43,7.81
2026-04-20 00:56:51,AD_4,5.7,10.1,5.61,9.6,11.46,7.77
2026-04-20 00:56:51,AD_4,5.72,10.11,5.59,9.6,11.57,7.99
2026-04-20 00:56:51,AD_4,5.75,9.96,5.53,9.73,11.37,7.88
2026-04-20 00:56:52,AD_4,5.71,9.88,5.61,9.6,11.42,7.8
2026-04-20 00:56:52,AD_4,5.87,9.96,5.49,9.58,11.47,7.77
2026-04-20 00:56:53,AD_4,5.75,10.04,5.5,9.67,11.54,7.86
2026-04-20 00:56:53,AD_4,6.09,9.91,5.58,9.62,11.39,7.89
2026-04-20 00:56:53,AD_4,5.74,10.09,5.54,9.62,11.45,7.97
2026-04-20 00:56:54,AD_4,5.68,10.0,5.61,9.63,11.47,7.9
2026-04-20 00:56:54,AD_4,5.84,9.88,5.55,9.62,11.42,7.82
2026-04-20 00:56:55,AD_4,5.7,9.9,5.66,9.62,11.48,7.75
2026-04-20 00:56:55,AD_4,5.72,9.78,5.52,9.61,11.46,7.79
2026-04-20 00:56:56,AD_4,5.74,9.86,5.6,9.65,11.49,7.67
2026-04-20 00:56:56,AD_4,5.72,9.89,5.51,9.68,11.5,7.83
2026-04-20 00:56:56,AD_4,5.87,10.01,5.59,9.65,11.5,7.85
2026-04-20 00:56:57,AD_4,5.84,9.92,5.58,9.61,11.55,7.96
2026-04-20 00:56:57,AD_4,5.7,9.92,5.54,9.64,11.49,7.85
2026-04-20 00:56:58,AD_4,5.94,10.01,5.71,9.64,11.51,7.72
2026-04-20 00:56:58,AD_4,5.82,10.06,5.55,9.6,11.54,7.67
2026-04-20 00:56:58,AD_4,5.74,9.92,5.71,9.62,11.44,7.68
2026-04-20 00:57:09,BC_1,4.93,11.98,7.36,7.54,12.35,4.87
2026-04-20 00:57:09,BC_1,5.06,11.84,7.07,7.48,12.37,4.86
2026-04-20 00:57:09,BC_1,4.94,11.67,6.85,7.51,12.31,4.91
2026-04-20 00:57:10,BC_1,5.03,11.64,6.99,7.49,12.33,4.92
2026-04-20 00:57:10,BC_1,4.95,11.75,6.87,7.51,12.34,4.92
2026-04-20 00:57:11,BC_1,4.93,11.67,6.82,7.47,12.19,4.93
2026-04-20 00:57:11,BC_1,4.94,11.62,6.74,7.52,12.39,4.93
2026-04-20 00:57:11,BC_1,4.93,11.46,6.66,7.51,12.36,4.96
2026-04-20 00:57:12,BC_1,4.95,11.29,6.54,7.48,12.36,4.95
2026-04-20 00:57:12,BC_1,4.97,11.32,6.45,7.53,12.38,4.95
2026-04-20 00:57:13,BC_1,5.07,11.22,6.46,7.51,12.28,4.96
2026-04-20 00:57:13,BC_1,4.93,11.28,6.4,7.5,12.36,4.96
2026-04-20 00:57:13,BC_1,4.92,11.21,6.2,7.49,12.35,5.06
2026-04-20 00:57:14,BC_1,5.02,11.03,6.27,7.5,12.31,5.02
2026-04-20 00:57:14,BC_1,4.92,11.13,6.19,7.47,12.2,4.99
2026-04-20 00:57:15,BC_1,4.91,11.21,6.06,7.47,12.33,5.03
2026-04-20 00:57:15,BC_1,4.89,11.12,6.05,7.58,12.32,5.09
2026-04-20 00:57:15,BC_1,4.91,10.86,6.11,7.47,12.23,5.14
2026-04-20 00:57:16,BC_1,4.88,10.86,5.95,7.54,11.49,5.11
2026-04-20 00:57:16,BC_1,5.13,10.89,5.96,7.55,11.61,5.2
2026-04-20 00:57:17,BC_1,4.92,10.88,5.82,7.66,11.41,5.15
2026-04-20 00:57:17,BC_1,4.99,10.78,5.9,7.55,12.13,5.2
2026-04-20 00:57:17,BC_1,4.91,10.78,5.81,7.54,11.76,5.15
2026-04-20 00:57:18,BC_1,4.9,10.87,5.91,7.49,11.77,5.13
2026-04-20 00:57:18,BC_1,4.91,10.8,5.75,7.48,11.57,5.15
2026-04-20 00:57:19,BC_1,4.87,10.73,5.79,7.52,11.71,5.19
2026-04-20 00:57:19,BC_1,4.91,10.92,5.76,7.51,12.0,5.14
2026-04-20 00:57:19,BC_1,4.97,10.83,5.96,7.52,12.15,5.05
2026-04-20 00:57:20,BC_1,4.9,10.62,5.77,7.7,12.06,5.18
2026-04-20 00:57:20,BC_1,4.9,10.81,5.78,7.49,12.0,5.19
2026-04-20 00:57:21,BC_1,4.88,10.73,5.87,7.53,12.29,5.15
2026-04-20 00:57:21,BC_1,4.86,10.89,5.8,7.56,11.91,5.09
2026-04-20 00:57:22,BC_1,5.0,10.98,5.93,7.52,12.33,5.19
2026-04-20 00:57:22,BC_1,4.95,10.94,5.73,7.51,12.17,5.1
2026-04-20 00:57:22,BC_1,4.9,10.99,5.74,7.51,12.19,5.08
2026-04-20 00:57:23,BC_1,5.09,11.02,5.86,7.53,12.36,5.19
2026-04-20 00:57:23,BC_1,4.86,11.0,5.8,7.5,12.16,5.08
2026-04-20 00:57:23,BC_1,4.92,11.0,5.79,7.58,12.12,5.08
2026-04-20 00:57:24,BC_1,4.85,11.04,5.92,7.53,12.14,5.06
2026-04-20 00:57:24,BC_1,4.87,11.07,5.75,7.5,12.14,5.1
2026-04-20 00:57:25,BC_1,5.19,10.94,5.69,7.53,12.09,5.06
2026-04-20 00:57:25,BC_1,4.84,11.0,5.87,7.49,11.98,5.05
2026-04-20 00:57:25,BC_1,4.96,10.97,5.93,7.5,12.14,5.04
2026-04-20 00:57:26,BC_1,4.91,11.05,5.91,7.5,12.17,5.08
2026-04-20 00:57:26,BC_1,5.0,10.98,5.87,7.47,12.16,5.04
2026-04-20 00:57:27,BC_1,4.9,10.89,5.81,7.49,11.67,5.04
2026-04-20 00:57:27,BC_1,4.89,10.76,5.7,7.46,12.09,5.05
2026-04-20 00:57:27,BC_1,4.91,10.91,5.72,7.55,11.83,5.1
2026-04-20 00:57:28,BC_1,4.87,10.65,5.84,7.5,11.83,5.16
2026-04-20 00:57:28,BC_1,4.86,10.68,5.58,7.49,11.8,5.22
2026-04-20 00:57:29,BC_1,4.82,10.8,5.61,7.47,12.25,5.1
2026-04-20 00:57:29,BC_1,4.79,10.77,5.67,7.54,12.12,5.13
2026-04-20 00:57:29,BC_1,4.91,10.58,5.7,7.53,12.0,5.22
2026-04-20 00:57:30,BC_1,4.86,10.62,5.79,7.52,12.24,5.23
2026-04-20 00:57:30,BC_1,4.88,10.76,5.81,7.47,11.83,5.16
2026-04-20 00:57:31,BC_1,4.82,10.69,5.51,7.49,12.4,5.22
2026-04-20 00:57:31,BC_1,4.95,10.75,5.7,7.52,12.13,5.14
2026-04-20 00:57:31,BC_1,4.86,10.72,5.5,7.54,12.36,5.1
2026-04-20 00:57:32,BC_1,4.82,10.66,5.72,7.56,11.76,5.08
2026-04-20 00:57:32,BC_1,4.89,10.91,5.69,7.54,11.96,5.16
2026-04-20 00:57:33,BC_1,4.88,10.81,5.7,7.53,11.84,5.23
2026-04-20 00:57:33,BC_1,4.82,10.94,5.75,7.63,12.34,5.12
2026-04-20 00:57:33,BC_1,4.95,10.9,5.5,7.51,12.06,5.11
2026-04-20 00:57:34,BC_1,4.82,10.92,5.59,7.53,12.31,5.24
2026-04-20 00:57:34,BC_1,4.8,10.9,5.71,7.56,11.88,5.15
2026-04-20 00:57:35,BC_1,4.89,10.97,5.73,7.49,12.16,5.1
2026-04-20 00:57:35,BC_1,4.94,10.93,5.79,7.55,12.13,5.08
2026-04-20 00:57:35,BC_1,5.06,10.96,5.77,7.59,11.89,5.23
2026-04-20 00:57:36,BC_1,4.97,10.91,5.64,7.54,12.16,5.14
2026-04-20 00:57:36,BC_1,4.83,10.97,5.71,7.5,11.83,5.11
2026-04-20 00:57:37,BC_1,4.87,10.94,5.82,7.5,12.1,5.08
2026-04-20 00:57:37,BC_1,4.89,10.96,5.67,7.54,12.28,5.16
2026-04-20 00:57:37,BC_1,5.0,10.92,5.63,7.48,11.74,5.13
2026-04-20 00:57:38,BC_1,5.01,10.96,5.67,7.53,12.09,5.08
2026-04-20 00:57:38,BC_1,4.85,10.84,5.39,7.49,11.74,5.04
2026-04-20 00:57:39,BC_1,4.93,10.66,5.77,7.51,11.8,5.05
2026-04-20 00:57:39,BC_1,4.93,10.74,5.72,7.55,11.58,5.05
2026-04-20 00:57:39,BC_1,4.93,10.79,5.6,7.53,11.69,5.05
2026-04-20 00:57:40,BC_1,4.84,10.51,5.78,7.57,11.42,5.05
2026-04-20 00:57:40,BC_1,4.98,10.76,5.66,7.55,12.09,5.19
2026-04-20 00:57:41,BC_1,4.97,10.76,5.76,7.5,11.71,5.16
2026-04-20 00:57:41,BC_1,5.13,10.9,5.75,7.53,11.74,5.15
2026-04-20 00:57:41,BC_1,5.13,10.87,5.85,7.53,11.72,5.13
2026-04-20 00:57:42,BC_1,4.92,10.92,5.79,7.49,11.81,5.25
2026-04-20 00:57:42,BC_1,4.94,10.8,5.61,7.5,12.08,5.29
2026-04-20 00:57:43,BC_1,4.85,10.86,5.64,7.53,11.84,5.29
2026-04-20 00:57:43,BC_1,4.88,10.71,5.71,7.51,11.88,5.21
2026-04-20 00:57:43,BC_1,4.98,10.8,5.67,7.5,11.65,5.19
2026-04-20 00:57:44,BC_1,5.12,10.84,5.74,7.5,12.2,5.26
2026-04-20 00:57:44,BC_1,4.99,10.88,5.48,7.51,11.67,5.23
2026-04-20 00:57:45,BC_1,4.88,10.89,5.66,7.52,12.31,5.31
2026-04-20 00:57:45,BC_1,4.85,10.94,5.5,7.5,11.77,5.27
2026-04-20 00:57:45,BC_1,4.88,10.96,5.65,7.54,12.06,5.26
2026-04-20 00:57:46,BC_1,4.94,10.9,5.66,7.54,12.0,5.25
2026-04-20 00:57:46,BC_1,4.87,10.9,5.72,7.49,12.24,5.24
2026-04-20 00:57:47,BC_1,5.19,10.88,5.61,7.51,12.33,5.33
2026-04-20 00:57:47,BC_1,4.85,10.92,5.51,7.56,11.92,5.21
2026-04-20 00:57:47,BC_1,5.18,10.88,5.47,7.53,12.05,5.15
2026-04-20 00:57:48,BC_1,4.98,10.93,5.63,7.54,12.14,5.12
2026-04-20 00:57:48,BC_1,4.84,10.76,5.43,7.51,11.95,5.25
2026-04-20 00:57:49,BC_1,4.81,10.92,5.61,7.54,11.89,5.18
2026-04-20 00:57:49,BC_1,4.85,10.77,5.65,7.53,12.19,5.13
2026-04-20 00:57:49,BC_1,4.83,10.93,5.62,7.52,11.68,5.11
2026-04-20 00:57:50,BC_1,4.83,10.67,5.67,7.51,11.57,5.18
2026-04-20 00:57:50,BC_1,5.09,10.71,5.65,7.52,12.06,5.26
2026-04-20 00:57:51,BC_1,4.85,10.68,5.59,7.55,11.86,5.29
2026-04-20 00:57:51,BC_1,4.82,10.7,5.53,7.49,12.15,5.27
2026-04-20 00:57:51,BC_1,4.92,10.96,5.48,7.53,11.76,5.17
2026-04-20 00:57:52,BC_1,4.85,10.72,5.47,7.52,12.02,5.16
2026-04-20 00:57:52,BC_1,4.79,10.73,5.66,7.51,11.95,5.13
2026-04-20 00:57:53,BC_1,4.8,10.94,5.74,7.52,12.14,5.17
2026-04-20 00:57:53,BC_1,4.83,10.88,5.67,7.49,11.76,5.11
2026-04-20 00:57:53,BC_1,5.05,10.61,5.74,7.5,12.09,5.09
2026-04-20 00:57:54,BC_1,5.11,10.96,5.71,7.53,12.09,5.08
2026-04-20 00:57:54,BC_1,5.25,10.92,5.73,7.5,12.08,5.12
2026-04-20 00:57:55,BC_1,4.9,10.88,5.69,7.52,12.03,5.08
2026-04-20 00:57:55,BC_1,5.17,10.88,5.7,7.53,12.03,5.07
2026-04-20 00:57:55,BC_1,4.96,10.78,5.77,7.49,12.13,5.08
2026-04-20 00:57:56,BC_1,4.92,10.95,5.77,7.48,12.06,5.12
2026-04-20 00:57:56,BC_1,4.83,10.91,5.68,7.51,11.7,5.06
2026-04-20 00:57:57,BC_1,4.95,10.91,5.77,7.54,11.98,5.06
2026-04-20 00:57:57,BC_1,4.86,10.92,5.77,7.61,11.97,5.05
2026-04-20 00:57:57,BC_1,4.85,10.87,5.7,7.55,11.64,5.04
2026-04-20 00:57:58,BC_1,4.82,10.7,5.6,7.49,11.53,5.18
2026-04-20 00:57:58,BC_1,4.82,10.72,5.52,7.5,11.93,5.26
2026-04-20 00:57:59,BC_1,4.84,10.87,5.44,7.51,11.85,5.19
2026-04-20 00:57:59,BC_1,4.87,10.72,5.65,7.51,11.88,5.18
2026-04-20 00:57:59,BC_1,4.86,10.59,5.48,7.47,11.47,5.19
2026-04-20 00:58:00,BC_1,4.84,10.69,5.53,7.62,11.61,5.17
2026-04-20 00:58:00,BC_1,4.86,10.73,5.76,7.5,12.13,5.1
2026-04-20 00:58:01,BC_1,4.84,10.86,5.59,7.52,11.8,5.16
2026-04-20 00:58:01,BC_1,4.86,10.63,5.6,7.51,11.94,5.13
2026-04-20 00:58:01,BC_1,4.83,10.77,5.77,7.53,11.69,5.12
2026-04-20 00:58:02,BC_1,4.77,10.87,5.54,7.51,11.85,5.09
2026-04-20 00:58:02,BC_1,4.8,10.64,5.37,7.55,12.17,5.15
2026-04-20 00:58:03,BC_1,4.9,10.8,5.65,7.46,11.84,5.15
2026-04-20 00:58:03,BC_1,4.84,10.82,5.76,7.55,11.66,5.16
2026-04-20 00:58:03,BC_1,4.89,10.65,5.73,7.48,11.8,5.13
2026-04-20 00:58:04,BC_1,4.98,10.83,5.7,7.53,12.18,5.17
2026-04-20 00:58:04,BC_1,4.83,10.72,5.54,7.49,12.17,5.13
2026-04-20 00:58:05,BC_1,4.79,10.79,5.64,7.5,11.76,5.1
2026-04-20 00:58:05,BC_1,4.92,10.66,5.65,7.51,12.16,5.09
2026-04-20 00:58:05,BC_1,4.87,10.81,5.64,7.55,11.83,5.15
2026-04-20 00:58:06,BC_1,4.85,10.9,5.73,7.52,11.58,5.13
2026-04-20 00:58:06,BC_1,4.87,10.7,5.71,7.52,11.81,5.21
2026-04-20 00:58:07,BC_1,4.84,10.7,5.66,7.52,12.01,5.16
2026-04-20 00:58:07,BC_1,4.96,10.67,5.45,7.53,11.85,5.17
2026-04-20 00:58:07,BC_1,4.86,10.71,5.66,7.53,12.3,5.26
2026-04-20 00:58:08,BC_1,4.81,10.72,5.71,7.54,12.29,5.15
2026-04-20 00:58:08,BC_1,4.9,10.8,5.73,7.49,12.19,5.09
2026-04-20 00:58:09,BC_1,4.83,10.9,5.69,7.51,12.14,5.14
2026-04-20 00:58:09,BC_1,4.81,10.88,5.7,7.52,12.21,5.13
2026-04-20 00:58:09,BC_1,4.84,10.73,5.7,7.51,12.14,5.09
2026-04-20 00:58:10,BC_1,4.88,10.86,5.62,7.55,12.1,5.07
2026-04-20 00:58:10,BC_1,4.99,10.82,5.76,7.51,11.8,5.13
2026-04-20 00:58:11,BC_1,4.84,10.85,5.66,7.54,11.99,5.08
2026-04-20 00:58:11,BC_1,4.83,10.9,5.78,7.55,12.09,5.07
2026-04-20 00:58:11,BC_1,4.82,10.92,5.72,7.49,12.14,5.06
2026-04-20 00:58:12,BC_1,4.91,10.96,5.85,7.49,12.13,5.12
2026-04-20 00:58:12,BC_1,4.86,10.81,5.75,7.57,11.76,5.02
2026-04-20 00:58:13,BC_1,4.81,10.9,5.51,7.5,11.53,5.03
2026-04-20 00:58:13,BC_1,4.78,10.73,5.81,7.54,11.47,5.06
2026-04-20 00:58:13,BC_1,4.89,10.71,5.82,7.46,11.54,5.1
2026-04-20 00:58:14,BC_1,4.93,10.6,5.73,7.51,11.71,5.04
2026-04-20 00:58:14,BC_1,4.91,10.74,5.64,7.5,11.61,5.04
2026-04-20 00:58:15,BC_1,4.9,10.84,5.72,7.52,11.8,5.05
2026-04-20 00:58:15,BC_1,4.99,10.89,5.68,7.46,11.81,5.11
2026-04-20 00:58:15,BC_1,4.85,10.7,5.66,7.56,11.75,5.2
2026-04-20 00:58:16,BC_1,4.95,10.64,5.82,7.54,12.0,5.28
2026-04-20 00:58:16,BC_1,4.93,10.73,5.56,7.53,11.46,5.21
2026-04-20 00:58:17,BC_1,4.84,10.73,5.82,7.48,12.36,5.12
2026-04-20 00:58:17,BC_1,4.81,10.74,5.73,7.48,12.23,5.27
2026-04-20 00:58:17,BC_1,5.0,10.83,5.53,7.56,11.94,5.29
2026-04-20 00:58:18,BC_1,4.85,10.71,5.67,7.49,12.2,5.21
2026-04-20 00:58:18,BC_1,4.99,10.71,5.47,7.52,11.97,5.28
2026-04-20 00:58:19,BC_1,5.03,10.56,5.44,7.52,12.19,5.31
2026-04-20 00:58:19,BC_1,4.91,10.66,5.69,7.57,12.34,5.35
2026-04-20 00:58:19,BC_1,4.88,10.77,5.53,7.53,12.29,5.2
2026-04-20 00:58:20,BC_1,4.93,10.89,5.57,7.56,12.4,5.35
2026-04-20 00:58:20,BC_1,4.8,10.71,5.52,7.74,12.18,5.18
2026-04-20 00:58:21,BC_1,4.83,10.87,5.6,7.48,12.09,5.14
2026-04-20 00:58:21,BC_1,4.91,10.92,5.67,7.5,12.13,5.11
2026-04-20 00:58:21,BC_1,4.85,10.88,5.68,7.53,12.18,5.2
2026-04-20 00:58:22,BC_1,4.89,10.88,5.61,7.51,12.2,5.33
2026-04-20 00:58:22,BC_1,4.95,10.79,5.5,7.52,12.07,5.17
2026-04-20 00:58:23,BC_1,4.84,10.9,5.57,7.54,12.13,5.12
2026-04-20 00:58:23,BC_1,4.87,10.93,5.59,7.67,11.38,5.22
2026-04-20 00:58:23,BC_1,4.92,10.89,5.62,7.53,12.05,5.12
2026-04-20 00:58:24,BC_1,4.81,10.89,5.7,7.49,12.09,5.1
2026-04-20 00:58:24,BC_1,5.08,10.88,5.54,7.51,12.03,5.04
2026-04-20 00:58:25,BC_1,4.93,10.79,5.84,7.47,11.48,5.21
2026-04-20 00:58:25,BC_1,4.95,10.77,5.68,7.49,11.31,5.27
2026-04-20 00:58:25,BC_1,4.97,10.81,5.46,7.5,11.83,5.23
2026-04-20 00:58:26,BC_1,4.81,10.68,5.67,7.52,12.02,5.2
2026-04-20 00:58:26,BC_1,4.91,10.91,5.6,7.53,12.34,5.27
2026-04-20 00:58:27,BC_1,4.84,10.7,5.61,7.53,12.01,5.14
2026-04-20 00:58:27,BC_1,4.82,10.69,5.6,7.68,11.94,5.11
2026-04-20 00:58:27,BC_1,4.86,10.84,5.62,7.51,11.71,5.1
2026-04-20 00:58:28,BC_1,4.81,10.66,5.68,7.49,12.02,5.2
2026-04-20 00:58:28,BC_1,4.84,10.97,5.51,7.51,11.96,5.25
2026-04-20 00:58:36,BC_2,6.13,12.63,6.42,6.56,12.34,5.85
2026-04-20 00:58:36,BC_2,6.58,12.2,6.34,6.54,11.96,5.79
2026-04-20 00:58:37,BC_2,6.41,12.21,6.35,6.54,11.92,5.85
2026-04-20 00:58:37,BC_2,6.57,12.24,6.35,6.53,11.65,5.91
2026-04-20 00:58:37,BC_2,6.54,12.06,6.52,6.59,11.6,5.91
2026-04-20 00:58:38,BC_2,6.54,11.98,6.35,6.55,11.66,5.9
2026-04-20 00:58:38,BC_2,6.55,11.71,6.41,6.58,11.35,5.97
2026-04-20 00:58:39,BC_2,6.57,11.74,6.39,6.62,11.55,6.01
2026-04-20 00:58:39,BC_2,6.65,11.69,6.34,6.55,11.1,5.94
2026-04-20 00:58:39,BC_2,6.48,11.69,6.37,6.54,11.37,5.95
2026-04-20 00:58:40,BC_2,6.71,11.49,6.4,6.55,10.98,5.96
2026-04-20 00:58:40,BC_2,6.6,11.69,6.39,6.57,11.02,6.02
2026-04-20 00:58:41,BC_2,6.55,11.4,6.37,6.59,11.01,5.99
2026-04-20 00:58:41,BC_2,6.56,11.77,6.41,6.57,10.87,6.04
2026-04-20 00:58:41,BC_2,6.55,11.47,6.37,6.52,11.36,5.99
2026-04-20 00:58:42,BC_2,6.56,11.41,6.46,6.53,10.52,5.99
2026-04-20 00:58:42,BC_2,6.32,11.67,6.49,6.53,11.35,6.11
2026-04-20 00:58:43,BC_2,6.47,11.53,6.38,6.55,11.25,6.1
2026-04-20 00:58:43,BC_2,6.55,11.55,6.6,6.53,11.24,6.04
2026-04-20 00:58:43,BC_2,6.58,11.47,6.52,6.53,11.42,6.07
2026-04-20 00:58:44,BC_2,6.56,11.54,6.34,6.58,11.29,6.0
2026-04-20 00:58:44,BC_2,6.55,11.53,6.36,6.53,10.79,6.11
2026-04-20 00:58:45,BC_2,6.57,11.45,6.32,6.66,11.17,6.03
2026-04-20 00:58:45,BC_2,6.58,11.55,6.32,6.64,11.26,6.05
2026-04-20 00:58:45,BC_2,6.48,11.52,6.35,6.56,11.23,6.01
2026-04-20 00:58:46,BC_2,6.58,11.35,6.37,6.5,11.14,6.06
2026-04-20 00:58:46,BC_2,6.6,11.52,6.32,6.58,11.22,6.02
2026-04-20 00:58:47,BC_2,6.56,11.59,6.39,6.56,11.21,6.06
2026-04-20 00:58:47,BC_2,6.39,11.51,6.34,6.54,11.03,5.99
2026-04-20 00:58:47,BC_2,6.53,11.19,6.38,6.54,10.63,6.06
2026-04-20 00:58:48,BC_2,6.53,11.28,6.32,6.53,10.79,6.01
2026-04-20 00:58:48,BC_2,6.59,11.53,6.37,6.52,11.02,6.04
2026-04-20 00:58:49,BC_2,6.57,11.33,6.44,6.54,10.93,6.01
2026-04-20 00:58:49,BC_2,6.55,11.23,6.36,6.55,10.78,5.96
2026-04-20 00:58:49,BC_2,6.51,11.42,6.35,6.57,10.8,5.98
2026-04-20 00:58:50,BC_2,6.54,11.31,6.38,6.59,10.94,6.04
2026-04-20 00:58:50,BC_2,6.55,11.3,6.38,6.51,10.77,5.97
2026-04-20 00:58:50,BC_2,6.58,11.35,6.36,6.53,11.21,5.97
2026-04-20 00:58:51,BC_2,6.61,11.21,6.42,6.59,11.13,5.96
2026-04-20 00:58:51,BC_2,6.61,11.2,6.38,6.56,10.77,6.0
2026-04-20 00:58:52,BC_2,6.64,11.48,6.38,6.53,10.89,5.96
2026-04-20 00:58:52,BC_2,6.61,11.4,6.35,6.51,10.71,5.96
2026-04-20 00:58:52,BC_2,6.61,11.36,6.39,6.54,10.86,5.96
2026-04-20 00:58:53,BC_2,6.58,11.31,6.4,6.53,10.8,6.01
2026-04-20 00:58:53,BC_2,6.63,11.23,6.42,6.53,11.11,5.98
2026-04-20 00:58:54,BC_2,6.53,11.47,6.38,6.53,11.24,5.97
2026-04-20 00:58:54,BC_2,6.44,11.42,6.43,6.56,10.45,6.08
2026-04-20 00:58:54,BC_2,6.57,11.45,6.45,6.56,11.17,6.04
2026-04-20 00:58:55,BC_2,6.82,11.28,6.47,6.51,11.14,6.01
2026-04-20 00:58:55,BC_2,6.55,11.38,6.41,6.51,10.97,6.1
2026-04-20 00:58:56,BC_2,6.82,11.44,6.32,6.53,11.02,6.13
2026-04-20 00:58:56,BC_2,6.71,11.34,6.39,6.58,11.06,6.04
2026-04-20 00:58:56,BC_2,6.56,11.4,6.32,6.53,10.94,6.19
2026-04-20 00:58:57,BC_2,6.53,11.43,6.46,6.58,11.09,6.07
2026-04-20 00:58:57,BC_2,6.73,11.34,6.46,6.66,11.01,6.14
2026-04-20 00:58:58,BC_2,6.74,11.41,6.36,6.54,11.08,6.1
2026-04-20 00:58:58,BC_2,6.54,11.41,6.22,6.51,10.82,6.06
2026-04-20 00:58:58,BC_2,6.62,11.38,6.34,6.56,10.86,6.12
2026-04-20 00:58:59,BC_2,6.62,11.25,6.27,6.53,10.69,6.14
2026-04-20 00:58:59,BC_2,6.54,11.21,6.46,6.56,10.96,6.25
2026-04-20 00:59:00,BC_2,6.58,11.56,6.36,6.53,10.87,6.14
2026-04-20 00:59:00,BC_2,6.57,11.24,6.15,6.54,10.7,6.05
2026-04-20 00:59:00,BC_2,6.65,11.13,6.39,6.52,10.79,6.01
2026-04-20 00:59:01,BC_2,6.73,11.1,6.35,6.52,10.63,6.0
2026-04-20 00:59:01,BC_2,6.69,11.21,6.32,6.54,10.89,6.06
2026-04-20 00:59:02,BC_2,6.57,11.28,6.23,6.63,10.71,6.02
2026-04-20 00:59:02,BC_2,6.53,11.44,6.35,6.59,10.84,5.98
2026-04-20 00:59:02,BC_2,6.58,11.23,6.34,6.6,10.73,5.98
2026-04-20 00:59:03,BC_2,6.56,11.34,6.35,6.64,10.67,6.05
2026-04-20 00:59:03,BC_2,6.56,11.27,6.5,6.58,10.64,5.94
2026-04-20 00:59:04,BC_2,6.57,11.3,6.4,6.54,9.94,5.98
2026-04-20 00:59:04,BC_2,6.57,11.07,6.36,6.58,10.71,5.98
2026-04-20 00:59:04,BC_2,6.57,11.27,6.38,6.6,10.79,6.01
2026-04-20 00:59:05,BC_2,6.51,11.13,6.2,6.54,10.39,6.1
2026-04-20 00:59:05,BC_2,6.54,11.4,6.32,6.53,11.11,6.04
2026-04-20 00:59:06,BC_2,6.52,11.27,6.36,6.55,11.09,6.08
2026-04-20 00:59:06,BC_2,6.58,11.41,6.29,6.55,10.89,6.02
2026-04-20 00:59:06,BC_2,6.58,11.38,6.34,6.52,11.18,6.08
2026-04-20 00:59:07,BC_2,6.6,11.46,6.5,6.53,11.18,5.99
2026-04-20 00:59:07,BC_2,6.56,11.43,6.6,6.54,11.12,6.03
2026-04-20 00:59:08,BC_2,6.59,11.62,6.47,6.58,10.87,6.02
2026-04-20 00:59:08,BC_2,6.56,11.38,6.36,6.6,10.84,6.1
2026-04-20 00:59:08,BC_2,6.56,11.27,6.44,6.5,11.04,6.13
2026-04-20 00:59:09,BC_2,6.54,11.41,6.42,6.54,11.1,6.05
2026-04-20 00:59:09,BC_2,6.56,11.44,6.4,6.55,11.24,6.19
2026-04-20 00:59:09,BC_2,6.59,11.41,6.4,6.55,11.11,6.07
2026-04-20 00:59:10,BC_2,6.55,11.42,6.42,6.57,11.17,6.02
2026-04-20 00:59:10,BC_2,6.67,11.19,6.33,6.64,10.72,6.02
2026-04-20 00:59:11,BC_2,5.98,11.39,6.34,6.59,10.86,6.19
2026-04-20 00:59:11,BC_2,6.59,11.09,6.16,6.52,10.72,6.07
2026-04-20 00:59:11,BC_2,5.96,11.27,6.26,6.58,10.81,6.03
2026-04-20 00:59:12,BC_2,6.69,11.19,6.33,6.53,10.91,5.97
2026-04-20 00:59:12,BC_2,6.66,11.28,6.3,6.54,11.26,6.25
2026-04-20 00:59:13,BC_2,6.52,11.18,6.31,6.61,10.97,6.13
2026-04-20 00:59:13,BC_2,6.75,11.19,6.29,6.58,10.75,6.06
2026-04-20 00:59:13,BC_2,6.61,11.31,6.35,6.58,11.34,6.04
2026-04-20 00:59:14,BC_2,6.72,11.43,6.33,6.6,11.4,6.22
2026-04-20 00:59:14,BC_2,6.53,11.4,6.3,6.61,11.23,6.23
2026-04-20 00:59:15,BC_2,6.56,11.39,6.32,6.52,11.28,6.07
2026-04-20 00:59:15,BC_2,6.55,11.4,6.49,6.56,11.2,6.02
2026-04-20 00:59:15,BC_2,6.57,11.46,6.4,6.55,11.34,6.2
2026-04-20 00:59:16,BC_2,6.61,11.25,6.33,6.55,11.22,6.08
2026-04-20 00:59:16,BC_2,6.66,11.41,6.36,6.63,10.9,6.05
2026-04-20 00:59:17,BC_2,6.57,11.43,6.3,6.57,11.12,6.03
2026-04-20 00:59:17,BC_2,6.61,11.44,6.32,6.53,11.25,6.19
2026-04-20 00:59:17,BC_2,6.53,11.41,6.22,6.56,11.12,6.06
2026-04-20 00:59:18,BC_2,6.63,11.39,6.37,6.53,11.01,6.17
2026-04-20 00:59:18,BC_2,6.52,11.43,6.38,6.52,11.12,6.07
2026-04-20 00:59:19,BC_2,6.53,11.33,6.29,6.55,10.74,6.2
2026-04-20 00:59:19,BC_2,6.63,11.26,6.05,6.59,10.69,6.14
2026-04-20 00:59:19,BC_2,6.58,11.08,6.07,6.57,10.96,6.18
2026-04-20 00:59:20,BC_2,6.53,11.55,6.34,6.54,11.23,6.09
2026-04-20 00:59:20,BC_2,6.55,11.23,6.11,6.61,10.85,6.17
2026-04-20 00:59:21,BC_2,6.58,11.29,6.24,6.54,10.99,6.07
2026-04-20 00:59:21,BC_2,6.76,11.17,6.34,6.56,11.19,6.06
2026-04-20 00:59:21,BC_2,6.68,11.16,6.33,6.59,11.13,6.01
2026-04-20 00:59:22,BC_2,6.6,11.23,6.34,6.54,11.04,6.1
2026-04-20 00:59:22,BC_2,6.55,11.31,6.47,6.52,10.98,5.99
2026-04-20 00:59:23,BC_2,6.57,11.19,6.26,6.58,10.71,6.12
2026-04-20 00:59:23,BC_2,6.55,11.21,6.48,6.56,11.07,6.06
2026-04-20 00:59:23,BC_2,6.52,11.04,6.36,6.52,10.74,6.1
2026-04-20 00:59:24,BC_2,6.55,11.25,6.32,6.54,10.92,6.05
2026-04-20 00:59:24,BC_2,6.58,11.23,6.4,6.55,10.92,6.05
2026-04-20 00:59:25,BC_2,6.57,11.19,6.32,6.54,10.95,6.08
2026-04-20 00:59:25,BC_2,6.62,11.22,6.36,6.53,10.84,6.02
2026-04-20 00:59:25,BC_2,6.59,11.25,6.32,6.58,10.71,6.01
2026-04-20 00:59:26,BC_2,6.59,11.43,6.44,6.53,11.12,6.0
2026-04-20 00:59:26,BC_2,6.59,11.2,6.32,6.56,10.93,6.03
2026-04-20 00:59:27,BC_2,6.61,11.27,6.34,6.51,10.88,6.16
2026-04-20 00:59:27,BC_2,6.5,11.23,6.26,6.54,10.68,6.04
2026-04-20 00:59:27,BC_2,6.91,11.28,6.35,6.56,10.63,6.04
2026-04-20 00:59:28,BC_2,6.53,11.44,6.4,6.55,11.22,6.14
2026-04-20 00:59:28,BC_2,6.58,11.38,6.4,6.53,11.13,6.07
2026-04-20 00:59:29,BC_2,6.53,11.26,6.31,6.53,10.94,6.04
2026-04-20 00:59:29,BC_2,6.56,11.35,6.41,6.54,11.1,6.13
2026-04-20 00:59:29,BC_2,6.54,11.39,6.37,6.52,11.24,6.12
2026-04-20 00:59:30,BC_2,6.56,11.18,6.36,6.55,11.19,6.08
2026-04-20 00:59:30,BC_2,6.59,11.37,6.39,6.53,11.02,6.14
2026-04-20 00:59:31,BC_2,6.6,11.36,6.41,6.55,11.13,6.08
2026-04-20 00:59:31,BC_2,6.58,11.39,6.51,6.54,11.26,6.1
2026-04-20 00:59:31,BC_2,6.59,11.36,6.15,6.53,10.94,6.05
2026-04-20 00:59:32,BC_2,6.53,11.33,6.34,6.55,11.06,6.17
2026-04-20 00:59:32,BC_2,6.56,11.37,6.41,6.6,11.11,6.04
2026-04-20 00:59:33,BC_2,6.52,11.43,6.32,6.62,11.24,6.12
2026-04-20 00:59:33,BC_2,6.57,11.23,6.4,6.56,11.19,6.03
2026-04-20 00:59:33,BC_2,6.52,11.14,6.49,6.55,11.0,6.02
2026-04-20 00:59:34,BC_2,6.52,11.21,6.36,6.54,10.96,6.0
2026-04-20 00:59:34,BC_2,6.56,11.18,6.35,6.66,10.92,6.19
2026-04-20 00:59:34,BC_2,6.79,11.35,6.44,6.57,10.84,6.01
2026-04-20 00:59:35,BC_2,6.37,11.18,6.31,6.58,10.88,6.03
2026-04-20 00:59:35,BC_2,6.53,11.16,6.35,6.65,11.1,6.0
2026-04-20 00:59:36,BC_2,6.44,11.19,6.38,6.56,11.05,6.07
2026-04-20 00:59:36,BC_2,6.58,11.2,6.15,6.58,10.94,6.0
2026-04-20 00:59:36,BC_2,6.7,11.17,6.25,6.57,10.78,6.0
2026-04-20 00:59:37,BC_2,6.59,11.35,6.32,6.53,10.94,6.0
2026-04-20 00:59:37,BC_2,6.62,11.1,6.31,6.57,10.73,6.12
2026-04-20 00:59:38,BC_2,6.55,11.28,6.1,6.58,10.9,6.14
2026-04-20 00:59:38,BC_2,6.59,11.45,6.42,6.56,11.24,6.08
2026-04-20 00:59:38,BC_2,6.52,11.46,6.4,6.55,11.13,6.19
2026-04-20 00:59:39,BC_2,6.72,11.42,6.35,6.53,11.2,6.11
2026-04-20 00:59:39,BC_2,6.56,11.16,6.33,6.63,11.02,6.08
2026-04-20 00:59:40,BC_2,6.53,11.33,6.43,6.58,10.74,6.17
2026-04-20 00:59:40,BC_2,6.66,11.34,6.35,6.59,11.15,6.09
2026-04-20 00:59:40,BC_2,6.5,11.41,6.3,6.72,11.22,6.05
2026-04-20 00:59:41,BC_2,6.57,11.42,6.33,6.55,11.35,6.22
2026-04-20 00:59:41,BC_2,6.55,11.34,6.35,6.56,11.19,6.11
2026-04-20 00:59:42,BC_2,6.6,11.35,6.36,6.56,11.26,6.05
2026-04-20 00:59:42,BC_2,6.52,11.43,6.43,6.53,11.08,6.1
2026-04-20 00:59:42,BC_2,6.56,11.37,6.36,6.57,11.26,6.05
2026-04-20 00:59:43,BC_2,6.83,11.32,6.38,6.59,10.91,6.15
2026-04-20 00:59:43,BC_2,6.54,11.62,6.29,6.66,11.25,6.17
2026-04-20 00:59:44,BC_2,6.54,11.36,6.22,6.57,11.0,6.09
2026-04-20 00:59:44,BC_2,6.55,11.39,6.38,6.56,11.37,6.24
2026-04-20 00:59:44,BC_2,6.56,11.4,5.93,6.58,11.18,6.11
2026-04-20 00:59:45,BC_2,6.55,11.36,6.37,6.59,11.16,6.07
2026-04-20 00:59:45,BC_2,6.54,11.39,6.44,6.58,11.25,6.02
2026-04-20 00:59:46,BC_2,6.54,11.42,6.41,6.52,11.41,6.21
2026-04-20 00:59:46,BC_2,6.57,11.28,6.33,6.57,11.18,6.09
2026-04-20 00:59:46,BC_2,6.56,11.38,6.23,6.6,11.28,6.05
2026-04-20 00:59:47,BC_2,6.58,11.41,6.33,6.58,11.14,6.04
2026-04-20 00:59:47,BC_2,6.55,11.38,6.38,6.53,11.36,6.2
2026-04-20 00:59:47,BC_2,6.48,11.35,6.26,6.58,11.27,6.1
2026-04-20 00:59:48,BC_2,6.48,11.37,6.35,6.57,11.22,6.05
2026-04-20 00:59:48,BC_2,6.55,11.2,6.32,6.56,11.08,6.21
2026-04-20 00:59:49,BC_2,6.54,11.44,6.18,6.56,10.67,6.17
2026-04-20 00:59:49,BC_2,6.57,11.33,6.16,6.54,10.75,6.08
2026-04-20 00:59:49,BC_2,6.61,11.21,6.38,6.54,10.94,6.04
2026-04-20 00:59:50,BC_2,6.57,11.23,6.32,6.62,11.38,6.04
2026-04-20 00:59:50,BC_2,6.6,11.4,6.41,6.56,11.38,6.21
2026-04-20 00:59:51,BC_2,6.51,11.33,6.36,6.53,11.21,6.11
2026-04-20 00:59:51,BC_2,6.49,11.36,6.4,6.55,11.21,6.03
2026-04-20 00:59:51,BC_2,6.54,11.38,6.38,6.58,11.27,6.03
2026-04-20 00:59:52,BC_2,6.53,11.42,6.43,6.6,11.33,6.21
2026-04-20 00:59:52,BC_2,6.53,11.35,6.35,6.56,11.18,6.09
2026-04-20 00:59:53,BC_2,6.55,11.34,6.36,6.58,11.17,6.18
2026-04-20 00:59:53,BC_2,6.77,11.37,6.34,6.53,11.26,6.07
2026-04-20 00:59:53,BC_2,6.59,11.34,6.35,6.65,11.05,6.26
2026-04-20 00:59:54,BC_2,6.58,11.33,6.3,6.59,11.21,6.12
2026-04-20 00:59:54,BC_2,6.54,11.35,6.43,6.57,11.09,6.08
2026-04-20 00:59:55,BC_2,6.52,11.33,6.34,6.55,10.94,6.05
2026-04-20 01:00:07,BC_3,5.36,12.25,6.06,9.2,12.34,6.65
2026-04-20 01:00:07,BC_3,5.41,11.95,6.01,9.17,12.44,6.62
2026-04-20 01:00:07,BC_3,5.39,11.83,6.07,9.14,12.46,6.64
2026-04-20 01:00:08,BC_3,5.45,11.5,6.09,9.12,12.32,6.68
2026-04-20 01:00:08,BC_3,5.35,11.67,6.04,9.11,12.36,6.77
2026-04-20 01:00:09,BC_3,5.32,11.43,6.08,9.17,12.38,6.79
2026-04-20 01:00:09,BC_3,5.47,11.42,6.04,9.13,12.45,6.85
2026-04-20 01:00:09,BC_3,5.38,11.39,6.07,9.16,12.37,6.82
2026-04-20 01:00:10,BC_3,5.4,11.39,6.05,9.13,12.43,6.75
2026-04-20 01:00:10,BC_3,5.48,11.23,6.1,9.14,12.41,6.8
2026-04-20 01:00:11,BC_3,5.37,11.2,6.07,9.15,12.42,6.84
2026-04-20 01:00:11,BC_3,5.37,11.13,6.05,9.18,12.37,6.84
2026-04-20 01:00:11,BC_3,5.34,11.15,6.16,9.3,12.35,6.83
2026-04-20 01:00:12,BC_3,5.4,11.12,6.21,9.28,12.58,6.83
2026-04-20 01:00:12,BC_3,5.33,11.09,6.14,9.14,12.6,6.88
2026-04-20 01:00:13,BC_3,5.54,11.04,6.12,9.11,12.49,6.87
2026-04-20 01:00:13,BC_3,5.36,11.02,6.09,9.18,12.46,6.83
2026-04-20 01:00:13,BC_3,5.42,11.03,6.12,9.13,12.4,6.81
2026-04-20 01:00:14,BC_3,5.42,11.01,6.07,9.12,12.44,6.85
2026-04-20 01:00:14,BC_3,5.47,10.82,6.26,9.15,12.41,6.99
2026-04-20 01:00:15,BC_3,5.31,10.81,6.08,9.18,12.37,6.92
2026-04-20 01:00:15,BC_3,5.34,10.94,6.1,9.12,12.5,6.88
2026-04-20 01:00:15,BC_3,5.36,10.99,6.11,9.15,12.4,6.92
2026-04-20 01:00:16,BC_3,5.39,10.89,6.14,9.11,12.45,6.9
2026-04-20 01:00:16,BC_3,5.37,10.91,6.06,9.11,12.41,6.87
2026-04-20 01:00:17,BC_3,5.36,10.89,6.14,9.13,12.38,6.88
2026-04-20 01:00:17,BC_3,5.38,10.94,6.11,9.13,12.48,6.91
2026-04-20 01:00:17,BC_3,5.31,10.87,6.07,9.15,12.33,6.89
2026-04-20 01:00:18,BC_3,5.33,10.91,6.22,9.2,12.42,6.88
2026-04-20 01:00:18,BC_3,5.34,10.89,6.12,9.13,12.42,6.87
2026-04-20 01:00:18,BC_3,5.32,10.66,6.08,9.11,12.41,6.92
2026-04-20 01:00:19,BC_3,5.34,10.9,6.14,9.15,12.46,6.87
2026-04-20 01:00:19,BC_3,5.39,10.65,6.06,9.14,12.4,6.83
2026-04-20 01:00:20,BC_3,5.4,10.89,6.21,9.13,12.43,6.93
2026-04-20 01:00:20,BC_3,5.32,10.69,6.09,9.13,12.34,6.89
2026-04-20 01:00:20,BC_3,5.34,10.82,6.1,9.14,12.45,6.92
2026-04-20 01:00:21,BC_3,5.36,10.69,6.06,9.1,12.39,6.91
2026-04-20 01:00:21,BC_3,5.36,10.67,6.1,9.16,12.43,6.88
2026-04-20 01:00:22,BC_3,5.32,10.68,6.06,9.16,12.38,6.94
2026-04-20 01:00:22,BC_3,5.53,10.94,6.05,9.15,12.36,7.11
2026-04-20 01:00:23,BC_3,5.41,10.7,6.07,9.1,12.35,7.0
2026-04-20 01:00:23,BC_3,5.33,10.66,6.04,9.1,12.41,6.98
2026-04-20 01:00:23,BC_3,5.42,10.7,6.08,9.21,11.83,6.98
2026-04-20 01:00:24,BC_3,5.33,10.52,6.11,9.2,12.36,6.9
2026-04-20 01:00:24,BC_3,5.36,10.68,6.21,9.15,12.48,6.93
2026-04-20 01:00:25,BC_3,5.37,10.56,6.07,9.12,12.44,6.89
2026-04-20 01:00:25,BC_3,5.33,10.72,6.09,9.13,12.41,6.94
2026-04-20 01:00:25,BC_3,5.4,10.62,6.11,9.14,12.37,6.91
2026-04-20 01:00:26,BC_3,5.57,10.74,6.13,9.26,12.42,6.93
2026-04-20 01:00:26,BC_3,5.31,10.8,6.07,9.11,12.45,6.86
2026-04-20 01:00:26,BC_3,5.3,10.86,6.05,9.14,12.37,6.95
2026-04-20 01:00:27,BC_3,5.41,10.81,6.08,9.11,12.43,6.93
2026-04-20 01:00:27,BC_3,5.27,10.67,6.04,9.12,12.41,6.9
2026-04-20 01:00:28,BC_3,5.29,10.85,6.03,9.22,12.32,6.85
2026-04-20 01:00:28,BC_3,5.57,10.82,6.08,9.13,12.35,6.95
2026-04-20 01:00:28,BC_3,5.36,10.58,6.26,9.12,12.43,6.91
2026-04-20 01:00:29,BC_3,5.3,10.82,6.04,9.17,12.41,6.89
2026-04-20 01:00:29,BC_3,5.59,10.79,6.15,9.25,12.37,6.89
2026-04-20 01:00:30,BC_3,5.58,10.82,6.07,9.13,12.34,6.91
2026-04-20 01:00:30,BC_3,5.3,10.8,6.11,9.26,12.63,6.93
2026-04-20 01:00:30,BC_3,5.32,10.84,6.01,9.11,12.44,6.89
2026-04-20 01:00:31,BC_3,5.38,10.63,6.14,9.18,12.4,6.84
2026-04-20 01:00:31,BC_3,5.31,10.64,6.2,9.09,12.39,6.9
2026-04-20 01:00:32,BC_3,5.32,10.7,6.09,9.21,12.41,6.96
2026-04-20 01:00:32,BC_3,5.64,10.6,6.04,9.15,12.45,6.96
2026-04-20 01:00:32,BC_3,5.46,10.7,6.1,9.16,12.34,6.93
2026-04-20 01:00:33,BC_3,5.31,10.56,6.09,9.09,12.32,6.88
2026-04-20 01:00:33,BC_3,5.3,10.77,6.15,9.19,12.46,6.88
2026-04-20 01:00:34,BC_3,5.32,10.74,6.07,9.17,12.44,6.89
2026-04-20 01:00:34,BC_3,5.29,10.58,6.02,9.17,12.35,6.84
2026-04-20 01:00:34,BC_3,5.36,10.76,6.16,9.13,12.45,6.87
2026-04-20 01:00:35,BC_3,5.35,10.63,6.03,9.1,12.4,6.86
2026-04-20 01:00:35,BC_3,5.47,10.73,6.2,9.16,12.38,6.87
2026-04-20 01:00:36,BC_3,5.47,10.62,6.05,9.12,12.36,6.86
2026-04-20 01:00:36,BC_3,5.36,10.55,6.12,9.13,12.47,6.97
2026-04-20 01:00:36,BC_3,5.38,10.63,6.08,9.14,12.42,7.0
2026-04-20 01:00:37,BC_3,5.35,10.69,6.14,9.11,12.34,6.94
2026-04-20 01:00:37,BC_3,5.33,10.54,6.1,9.15,12.4,6.98
2026-04-20 01:00:38,BC_3,5.49,10.76,6.13,9.17,12.33,7.01
2026-04-20 01:00:38,BC_3,5.5,10.8,6.06,9.19,12.4,7.05
2026-04-20 01:00:38,BC_3,5.42,10.76,6.07,9.17,12.33,7.04
2026-04-20 01:00:39,BC_3,5.41,10.81,6.23,9.13,12.37,7.07
2026-04-20 01:00:39,BC_3,5.38,10.82,6.19,9.18,12.41,6.98
2026-04-20 01:00:40,BC_3,5.32,10.79,6.06,9.16,12.39,6.95
2026-04-20 01:00:40,BC_3,5.4,10.79,6.15,9.12,12.4,6.94
2026-04-20 01:00:40,BC_3,5.31,10.79,6.04,9.13,12.44,6.92
2026-04-20 01:00:41,BC_3,5.32,10.64,6.04,9.18,12.44,7.09
2026-04-20 01:00:41,BC_3,5.31,10.68,6.05,9.22,12.39,6.99
2026-04-20 01:00:42,BC_3,5.41,10.75,6.2,9.13,12.41,6.92
2026-04-20 01:00:42,BC_3,5.34,10.82,6.04,9.12,12.44,6.9
2026-04-20 01:00:42,BC_3,5.76,10.7,6.16,9.18,12.43,6.96
2026-04-20 01:00:43,BC_3,5.26,10.54,6.14,9.15,12.43,7.02
2026-04-20 01:00:43,BC_3,5.32,10.55,6.04,9.12,12.37,7.16
2026-04-20 01:00:44,BC_3,5.41,10.66,6.06,9.19,12.35,7.08
2026-04-20 01:00:44,BC_3,5.34,10.71,6.05,9.14,12.4,7.14
2026-04-20 01:00:44,BC_3,5.39,10.61,6.02,9.18,12.42,7.21
2026-04-20 01:00:45,BC_3,5.34,10.64,5.93,9.14,12.33,7.13
2026-04-20 01:00:45,BC_3,5.33,10.59,6.04,9.17,12.42,7.01
2026-04-20 01:00:46,BC_3,5.5,10.57,6.14,9.12,12.36,7.19
2026-04-20 01:00:46,BC_3,5.37,10.57,6.01,9.12,12.34,7.23
2026-04-20 01:00:47,BC_3,5.26,10.59,6.02,9.13,12.36,7.07
2026-04-20 01:00:47,BC_3,5.32,10.57,6.06,9.15,12.32,7.05
2026-04-20 01:00:47,BC_3,5.32,10.54,6.02,9.15,12.46,7.06
2026-04-20 01:00:48,BC_3,5.36,10.57,6.04,9.12,12.36,7.11
2026-04-20 01:00:48,BC_3,5.35,10.49,6.06,9.16,12.4,7.0
2026-04-20 01:00:49,BC_3,5.34,10.55,6.13,9.11,12.36,6.97
2026-04-20 01:00:49,BC_3,5.25,10.75,6.0,9.17,12.35,7.02
2026-04-20 01:00:49,BC_3,5.37,10.77,6.02,9.19,12.52,6.97
2026-04-20 01:00:50,BC_3,5.37,10.72,6.18,9.09,12.43,6.93
2026-04-20 01:00:50,BC_3,5.43,10.79,6.34,9.17,12.4,6.93
2026-04-20 01:00:51,BC_3,5.46,10.77,6.06,9.15,12.4,7.14
2026-04-20 01:00:51,BC_3,5.29,10.72,6.09,9.16,12.33,7.02
2026-04-20 01:00:51,BC_3,5.34,10.74,6.0,9.25,12.34,6.98
2026-04-20 01:00:52,BC_3,5.29,10.84,6.03,9.14,12.37,6.97
2026-04-20 01:00:52,BC_3,5.36,10.77,6.05,9.16,12.36,7.12
2026-04-20 01:00:53,BC_3,5.27,10.74,6.06,9.14,12.46,7.05
2026-04-20 01:00:53,BC_3,5.32,10.75,6.02,9.16,12.43,7.0
2026-04-20 01:00:53,BC_3,5.36,10.74,6.0,9.15,12.31,6.97
2026-04-20 01:00:54,BC_3,5.34,10.76,6.07,9.12,12.34,7.07
2026-04-20 01:00:54,BC_3,5.28,10.64,6.06,9.11,12.35,6.67
2026-04-20 01:00:55,BC_3,5.28,10.63,6.07,9.14,12.38,7.03
2026-04-20 01:00:55,BC_3,5.35,10.59,6.09,9.17,12.36,7.12
2026-04-20 01:00:55,BC_3,5.25,10.68,6.04,9.2,12.33,7.19
2026-04-20 01:00:56,BC_3,5.4,10.77,6.08,9.16,12.34,7.01
2026-04-20 01:00:56,BC_3,5.3,10.76,6.08,9.15,12.38,6.99
2026-04-20 01:00:57,BC_3,5.33,10.77,6.04,9.19,12.32,7.08
2026-04-20 01:00:57,BC_3,5.25,10.78,6.12,9.11,12.54,7.03
2026-04-20 01:00:57,BC_3,5.69,10.79,6.08,9.13,12.54,7.0
2026-04-20 01:00:58,BC_3,5.45,10.75,6.01,9.17,12.59,6.95
2026-04-20 01:00:58,BC_3,5.36,10.76,6.1,9.13,12.38,7.0
2026-04-20 01:00:58,BC_3,5.37,10.74,6.06,9.14,12.48,7.02
2026-04-20 01:00:59,BC_3,5.48,10.74,6.23,9.12,12.48,6.98
2026-04-20 01:00:59,BC_3,5.37,10.75,6.09,9.16,12.62,6.96
2026-04-20 01:01:00,BC_3,5.41,10.78,6.26,9.12,12.33,7.04
2026-04-20 01:01:00,BC_3,5.41,10.78,6.0,9.25,12.36,7.01
2026-04-20 01:01:00,BC_3,5.36,10.69,6.31,9.15,12.42,6.99
2026-04-20 01:01:01,BC_3,5.29,10.73,6.28,9.21,12.43,6.97
2026-04-20 01:01:01,BC_3,5.3,10.78,6.04,9.16,12.45,7.03
2026-04-20 01:01:02,BC_3,5.24,10.75,6.05,9.12,12.33,7.0
2026-04-20 01:01:02,BC_3,5.35,10.55,6.06,9.25,12.3,6.96
2026-04-20 01:01:02,BC_3,5.31,10.62,6.04,9.1,12.41,6.96
2026-04-20 01:01:03,BC_3,5.28,10.81,6.05,9.23,12.32,6.96
2026-04-20 01:01:03,BC_3,5.36,10.75,5.87,9.16,12.35,7.14
2026-04-20 01:01:04,BC_3,5.66,10.75,5.99,9.15,12.41,7.04
2026-04-20 01:01:04,BC_3,5.36,10.64,6.16,9.15,12.44,6.99
2026-04-20 01:01:04,BC_3,5.31,10.73,6.04,9.12,12.43,6.99
2026-04-20 01:01:05,BC_3,5.35,10.7,6.1,9.16,12.38,7.02
2026-04-20 01:01:05,BC_3,5.3,10.64,6.23,9.15,12.38,6.95
2026-04-20 01:01:06,BC_3,5.3,10.5,6.01,9.16,12.32,7.0
2026-04-20 01:01:06,BC_3,5.31,10.55,6.15,9.23,12.39,7.02
2026-04-20 01:01:06,BC_3,5.28,10.46,6.11,9.2,12.72,6.94
2026-04-20 01:01:07,BC_3,5.29,10.52,6.01,9.1,12.33,6.93
2026-04-20 01:01:07,BC_3,5.52,10.47,6.03,9.18,12.08,6.95
2026-04-20 01:01:08,BC_3,5.48,10.43,6.04,9.23,12.36,6.95
2026-04-20 01:01:08,BC_3,5.29,10.56,6.06,9.18,12.42,7.02
2026-04-20 01:01:08,BC_3,5.38,10.73,6.04,9.17,12.48,7.07
2026-04-20 01:01:09,BC_3,5.5,10.72,6.04,9.22,12.34,7.07
2026-04-20 01:01:09,BC_3,5.34,10.64,6.03,9.11,12.2,7.14
2026-04-20 01:01:10,BC_3,5.42,10.47,6.11,9.14,12.36,7.06
2026-04-20 01:01:10,BC_3,5.46,10.56,6.01,9.15,12.41,7.14
2026-04-20 01:01:10,BC_3,5.55,10.72,6.15,9.17,12.42,7.1
2026-04-20 01:01:11,BC_3,5.36,10.63,6.09,9.18,12.36,7.11
2026-04-20 01:01:11,BC_3,5.3,10.6,6.08,9.12,12.3,7.26
2026-04-20 01:01:12,BC_3,5.46,10.52,5.8,9.19,12.34,7.2
2026-04-20 01:01:12,BC_3,5.31,10.72,6.07,9.13,12.45,7.11
2026-04-20 01:01:12,BC_3,5.46,10.74,6.06,9.16,12.4,7.11
2026-04-20 01:01:13,BC_3,5.27,10.53,6.0,9.16,12.35,7.21
2026-04-20 01:01:13,BC_3,5.45,10.67,6.1,9.12,12.45,7.1
2026-04-20 01:01:14,BC_3,5.24,10.56,6.04,9.14,12.35,7.05
2026-04-20 01:01:14,BC_3,5.32,10.77,6.02,9.13,12.39,7.06
2026-04-20 01:01:14,BC_3,5.25,10.73,6.01,9.16,12.36,7.06
2026-04-20 01:01:15,BC_3,5.27,10.72,6.06,9.19,12.52,7.02
2026-04-20 01:01:15,BC_3,5.3,10.69,6.0,9.13,12.38,7.0
2026-04-20 01:01:16,BC_3,5.27,10.71,6.04,9.21,12.37,7.05
2026-04-20 01:01:16,BC_3,5.38,10.75,6.04,9.16,12.35,7.01
2026-04-20 01:01:16,BC_3,5.31,10.66,6.08,9.16,12.27,6.99
2026-04-20 01:01:17,BC_3,5.39,10.76,6.21,9.18,12.38,6.98
2026-04-20 01:01:17,BC_3,5.41,10.48,6.06,9.11,12.42,7.05
2026-04-20 01:01:18,BC_3,5.28,10.57,6.15,9.13,12.36,7.09
2026-04-20 01:01:18,BC_3,5.45,10.55,6.05,9.17,12.34,7.2
2026-04-20 01:01:18,BC_3,5.29,10.65,6.05,9.14,12.38,7.03
2026-04-20 01:01:19,BC_3,5.31,10.54,6.06,9.16,12.35,6.99
2026-04-20 01:01:19,BC_3,5.31,10.47,6.01,9.17,12.4,7.08
2026-04-20 01:01:20,BC_3,5.29,10.48,6.01,9.12,12.64,7.12
2026-04-20 01:01:20,BC_3,5.34,10.56,6.05,9.16,12.36,7.13
2026-04-20 01:01:20,BC_3,5.62,10.43,6.14,9.15,12.31,7.16
2026-04-20 01:01:21,BC_3,5.49,10.68,6.11,9.13,12.31,7.1
2026-04-20 01:01:21,BC_3,5.33,10.74,6.03,9.12,12.36,7.06
2026-04-20 01:01:22,BC_3,5.4,10.74,6.03,9.13,12.34,7.02
2026-04-20 01:01:22,BC_3,5.3,10.76,6.16,9.14,12.47,7.06
2026-04-20 01:01:22,BC_3,5.34,10.52,6.11,9.19,12.36,7.04
2026-04-20 01:01:23,BC_3,5.26,10.72,6.02,9.21,12.41,7.02
2026-04-20 01:01:23,BC_3,5.29,10.76,6.04,9.15,12.38,6.99
2026-04-20 01:01:24,BC_3,5.26,10.73,6.08,9.15,12.4,7.04
2026-04-20 01:01:24,BC_3,5.37,10.71,6.07,9.12,12.33,7.01
2026-04-20 01:01:24,BC_3,5.31,10.45,6.27,9.15,12.46,7.0
2026-04-20 01:01:25,BC_3,5.37,10.72,6.18,9.2,12.36,6.98
2026-04-20 01:01:25,BC_3,5.32,10.75,6.13,9.16,12.62,6.92
2026-04-20 01:01:26,BC_3,5.3,10.33,6.22,9.17,12.42,7.03
2026-04-20 01:01:26,BC_3,5.47,10.61,6.08,9.16,12.38,7.02
2026-04-20 01:01:39,BC_4,5.78,12.19,6.0,8.91,12.42,6.92
2026-04-20 01:01:40,BC_4,5.97,12.12,5.88,8.87,12.52,6.82
2026-04-20 01:01:40,BC_4,5.73,11.82,5.99,8.91,12.57,6.92
2026-04-20 01:01:41,BC_4,5.82,11.73,6.2,8.9,12.59,6.89
2026-04-20 01:01:41,BC_4,5.76,11.83,6.19,8.86,12.39,6.9
2026-04-20 01:01:41,BC_4,5.78,11.65,5.93,8.91,12.37,6.93
2026-04-20 01:01:42,BC_4,5.76,11.63,5.89,8.84,12.43,7.01
2026-04-20 01:01:42,BC_4,5.7,11.79,6.03,8.83,12.43,6.97
2026-04-20 01:01:43,BC_4,5.68,11.65,6.02,8.87,12.12,7.05
2026-04-20 01:01:43,BC_4,5.91,11.49,5.89,8.94,12.49,7.07
2026-04-20 01:01:43,BC_4,5.76,11.33,5.91,8.87,12.46,7.09
2026-04-20 01:01:44,BC_4,5.7,11.66,5.89,8.84,12.49,7.05
2026-04-20 01:01:44,BC_4,5.71,11.17,5.95,8.83,12.45,7.18
2026-04-20 01:01:45,BC_4,5.7,11.11,5.93,8.85,12.47,7.15
2026-04-20 01:01:45,BC_4,5.66,11.13,6.02,8.82,12.43,7.16
2026-04-20 01:01:45,BC_4,5.68,11.27,6.03,8.83,12.44,7.1
2026-04-20 01:01:46,BC_4,5.66,11.04,5.91,8.85,12.48,7.19
2026-04-20 01:01:46,BC_4,5.79,11.25,5.92,8.81,12.37,7.21
2026-04-20 01:01:47,BC_4,5.81,11.18,5.91,8.83,12.45,7.14
2026-04-20 01:01:47,BC_4,5.74,11.27,5.9,8.84,12.46,7.12
2026-04-20 01:01:47,BC_4,5.65,11.22,5.93,8.92,12.41,7.19
2026-04-20 01:01:48,BC_4,5.93,11.25,5.86,8.98,12.48,7.22
2026-04-20 01:01:48,BC_4,5.68,11.15,5.89,8.79,12.43,7.15
2026-04-20 01:01:49,BC_4,5.68,11.19,5.96,8.86,12.48,7.12
2026-04-20 01:01:49,BC_4,5.71,11.17,5.93,8.82,12.45,7.27
2026-04-20 01:01:49,BC_4,5.77,10.88,5.87,8.91,12.58,7.11
2026-04-20 01:01:50,BC_4,5.86,11.14,5.93,8.88,12.52,7.15
2026-04-20 01:01:50,BC_4,5.88,11.11,5.85,8.81,12.48,7.08
2026-04-20 01:01:51,BC_4,5.81,11.13,5.82,8.79,12.39,7.26
2026-04-20 01:01:51,BC_4,5.76,11.09,5.91,8.85,12.42,7.18
2026-04-20 01:01:51,BC_4,5.63,10.87,6.13,8.79,12.5,7.09
2026-04-20 01:01:52,BC_4,5.67,10.95,5.91,8.82,12.35,7.12
2026-04-20 01:01:52,BC_4,5.65,11.14,5.91,8.78,12.44,7.18
2026-04-20 01:01:53,BC_4,5.68,10.94,5.93,8.79,12.49,7.14
2026-04-20 01:01:53,BC_4,5.74,10.96,5.86,8.9,12.39,7.16
2026-04-20 01:01:53,BC_4,5.64,11.09,5.9,8.84,12.49,7.21
2026-04-20 01:01:54,BC_4,5.66,10.89,5.86,8.79,12.44,7.16
2026-04-20 01:01:54,BC_4,5.71,10.99,5.93,8.8,12.56,7.18
2026-04-20 01:01:55,BC_4,5.64,11.05,5.95,8.82,12.47,7.17
2026-04-20 01:01:55,BC_4,5.65,11.08,5.96,8.83,12.49,7.14
2026-04-20 01:01:55,BC_4,5.61,11.04,5.84,8.82,12.56,7.24
2026-04-20 01:01:56,BC_4,5.72,11.05,5.9,8.8,12.51,7.2
2026-04-20 01:01:56,BC_4,5.78,10.86,5.91,8.82,12.53,7.13
2026-04-20 01:01:57,BC_4,5.64,11.03,5.83,8.79,12.7,7.13
2026-04-20 01:01:57,BC_4,5.77,11.06,5.97,8.9,12.42,7.26
2026-04-20 01:01:57,BC_4,5.7,11.05,5.99,8.92,12.5,7.17
2026-04-20 01:01:58,BC_4,5.61,11.05,5.88,8.82,12.46,7.17
2026-04-20 01:01:58,BC_4,5.65,11.09,5.84,8.85,12.52,7.14
2026-04-20 01:01:59,BC_4,5.67,11.02,5.93,8.84,12.48,7.3
2026-04-20 01:01:59,BC_4,5.98,10.97,5.93,8.87,12.47,7.22
2026-04-20 01:01:59,BC_4,5.7,10.98,5.83,8.81,12.5,7.17
2026-04-20 01:02:00,BC_4,5.86,10.95,5.9,8.83,12.44,7.17
2026-04-20 01:02:00,BC_4,5.73,11.07,5.96,8.8,12.52,7.28
2026-04-20 01:02:01,BC_4,5.7,10.98,6.06,8.79,12.49,7.23
2026-04-20 01:02:01,BC_4,5.62,11.04,5.93,8.82,12.56,7.18
2026-04-20 01:02:01,BC_4,5.64,11.02,5.98,8.77,12.51,7.12
2026-04-20 01:02:02,BC_4,5.64,10.98,5.88,8.88,12.51,7.32
2026-04-20 01:02:02,BC_4,5.69,11.05,6.0,8.86,12.47,7.23
2026-04-20 01:02:02,BC_4,5.8,11.01,5.97,8.81,12.51,7.18
2026-04-20 01:02:03,BC_4,5.64,11.0,5.87,8.82,12.53,7.16
2026-04-20 01:02:03,BC_4,5.91,11.01,5.89,8.85,12.48,7.31
2026-04-20 01:02:04,BC_4,5.64,10.93,6.11,8.83,12.5,7.24
2026-04-20 01:02:04,BC_4,5.64,11.01,5.88,8.83,12.46,7.15
2026-04-20 01:02:04,BC_4,5.68,10.73,5.93,8.92,12.46,7.15
2026-04-20 01:02:05,BC_4,5.63,10.89,5.9,8.8,12.43,7.19
2026-04-20 01:02:05,BC_4,5.65,10.72,5.99,8.83,12.47,7.2
2026-04-20 01:02:06,BC_4,5.65,10.8,5.87,8.78,12.37,7.35
2026-04-20 01:02:06,BC_4,5.76,10.78,5.91,8.8,12.37,7.24
2026-04-20 01:02:06,BC_4,5.63,10.76,5.87,8.85,12.45,7.16
2026-04-20 01:02:07,BC_4,5.72,10.8,5.99,8.81,12.51,7.14
2026-04-20 01:02:07,BC_4,5.67,10.74,5.86,8.84,12.69,7.11
2026-04-20 01:02:08,BC_4,5.67,10.8,5.87,8.83,12.45,7.13
2026-04-20 01:02:08,BC_4,5.66,11.14,5.86,8.79,12.24,7.18
2026-04-20 01:02:08,BC_4,5.62,10.76,5.94,8.8,12.47,7.16
2026-04-20 01:02:09,BC_4,5.77,10.78,5.85,8.84,12.36,7.19
2026-04-20 01:02:09,BC_4,5.63,10.98,5.89,8.81,12.39,7.21
2026-04-20 01:02:10,BC_4,5.68,11.01,5.98,8.82,12.47,7.29
2026-04-20 01:02:10,BC_4,5.7,10.95,5.94,8.92,12.45,7.23
2026-04-20 01:02:10,BC_4,5.77,10.88,6.21,8.88,12.5,7.18
2026-04-20 01:02:11,BC_4,5.66,10.96,5.9,8.8,12.53,7.17
2026-04-20 01:02:11,BC_4,5.6,11.02,5.85,8.9,12.54,7.32
2026-04-20 01:02:12,BC_4,5.71,10.97,5.86,8.86,12.45,7.23
2026-04-20 01:02:12,BC_4,5.71,10.97,5.85,8.84,12.52,7.18
2026-04-20 01:02:12,BC_4,5.65,10.87,5.88,8.85,12.42,7.16
2026-04-20 01:02:13,BC_4,5.82,11.01,5.91,8.83,12.4,7.29
2026-04-20 01:02:13,BC_4,5.8,10.91,6.0,8.82,12.42,7.23
2026-04-20 01:02:14,BC_4,5.65,10.97,5.9,8.8,12.51,7.29
2026-04-20 01:02:14,BC_4,5.71,10.94,6.06,8.83,12.46,7.26
2026-04-20 01:02:14,BC_4,5.92,10.81,5.88,8.8,12.39,7.18
2026-04-20 01:02:15,BC_4,5.7,10.88,5.97,8.79,12.58,7.16
2026-04-20 01:02:15,BC_4,5.99,10.64,5.92,8.84,12.36,7.16
2026-04-20 01:02:16,BC_4,5.71,10.77,5.88,8.94,12.2,7.13
2026-04-20 01:02:16,BC_4,5.96,10.75,5.81,8.8,12.33,7.18
2026-04-20 01:02:16,BC_4,5.68,10.69,5.96,8.88,12.46,7.2
2026-04-20 01:02:17,BC_4,5.76,10.75,5.88,8.78,12.49,7.15
2026-04-20 01:02:17,BC_4,5.72,10.77,5.89,8.82,12.36,7.1
2026-04-20 01:02:18,BC_4,5.66,10.79,6.06,8.83,12.49,7.22
2026-04-20 01:02:18,BC_4,5.6,10.71,5.98,8.84,12.14,7.16
2026-04-20 01:02:18,BC_4,5.65,10.79,5.89,8.81,12.47,7.14
2026-04-20 01:02:19,BC_4,5.74,10.81,5.9,8.84,12.51,7.03
2026-04-20 01:02:19,BC_4,5.69,10.83,5.88,8.89,12.53,7.09
2026-04-20 01:02:20,BC_4,5.68,10.9,5.95,8.86,12.49,7.09
2026-04-20 01:02:20,BC_4,5.69,10.79,5.95,8.81,12.11,7.13
2026-04-20 01:02:21,BC_4,5.85,10.84,5.89,8.84,12.48,7.22
2026-04-20 01:02:21,BC_4,5.7,10.73,6.09,8.81,12.48,7.24
2026-04-20 01:02:21,BC_4,5.66,10.92,5.92,8.81,12.49,7.15
2026-04-20 01:02:22,BC_4,5.74,10.97,5.89,8.87,12.45,7.18
2026-04-20 01:02:22,BC_4,5.71,11.0,5.86,8.79,12.56,7.2
2026-04-20 01:02:22,BC_4,5.74,10.92,6.05,8.79,12.49,7.2
2026-04-20 01:02:23,BC_4,6.03,11.09,5.83,8.82,12.46,7.17
2026-04-20 01:02:23,BC_4,5.64,10.93,5.9,8.85,12.45,7.14
2026-04-20 01:02:24,BC_4,5.75,10.97,5.98,8.79,12.46,7.13
2026-04-20 01:02:24,BC_4,5.7,11.0,5.87,8.88,12.46,7.31
2026-04-20 01:02:24,BC_4,5.8,10.94,5.9,8.82,12.5,7.3
2026-04-20 01:02:25,BC_4,5.67,10.97,5.92,8.84,12.47,7.29
2026-04-20 01:02:25,BC_4,5.71,10.93,5.87,8.9,12.5,7.24
2026-04-20 01:02:26,BC_4,5.61,10.99,5.86,8.77,12.47,7.36
2026-04-20 01:02:26,BC_4,5.61,10.83,5.89,8.82,12.42,7.32
2026-04-20 01:02:26,BC_4,5.69,10.96,6.01,8.82,12.4,7.24
2026-04-20 01:02:27,BC_4,5.72,10.96,6.0,8.88,12.44,7.19
2026-04-20 01:02:27,BC_4,5.77,10.99,5.97,8.84,12.48,7.33
2026-04-20 01:02:28,BC_4,5.75,10.92,5.93,8.86,12.46,7.28
2026-04-20 01:02:28,BC_4,5.69,10.91,5.85,8.81,12.45,7.22
2026-04-20 01:02:28,BC_4,5.66,10.85,5.87,8.81,12.4,7.19
2026-04-20 01:02:29,BC_4,5.6,10.97,5.86,8.83,12.45,7.28
2026-04-20 01:02:29,BC_4,5.72,10.73,5.95,8.89,12.53,7.26
2026-04-20 01:02:30,BC_4,5.79,10.95,5.89,8.91,12.47,7.23
2026-04-20 01:02:30,BC_4,5.83,10.94,5.91,8.84,12.44,7.18
2026-04-20 01:02:30,BC_4,5.77,10.93,5.89,8.84,12.48,7.25
2026-04-20 01:02:31,BC_4,5.74,10.89,5.97,8.84,12.44,7.21
2026-04-20 01:02:31,BC_4,5.74,10.75,5.98,8.87,12.42,7.13
2026-04-20 01:02:32,BC_4,5.62,10.81,5.99,8.82,12.44,7.15
2026-04-20 01:02:32,BC_4,5.69,10.9,5.9,8.83,12.39,7.27
2026-04-20 01:02:32,BC_4,5.64,10.67,5.9,8.83,12.12,7.21
2026-04-20 01:02:33,BC_4,5.62,10.99,5.9,8.84,12.45,7.16
2026-04-20 01:02:33,BC_4,5.64,10.97,5.87,8.85,12.44,7.15
2026-04-20 01:02:34,BC_4,5.73,10.96,5.91,8.83,12.53,7.34
2026-04-20 01:02:34,BC_4,5.63,10.92,6.03,8.85,12.5,7.23
2026-04-20 01:02:34,BC_4,5.73,10.94,5.89,8.78,12.45,7.16
2026-04-20 01:02:35,BC_4,5.81,10.93,5.95,8.81,12.49,7.16
2026-04-20 01:02:35,BC_4,5.6,10.93,5.88,8.86,12.45,7.34
2026-04-20 01:02:36,BC_4,5.69,10.8,5.95,8.81,12.43,7.21
2026-04-20 01:02:36,BC_4,5.7,10.9,5.91,8.81,12.45,7.2
2026-04-20 01:02:36,BC_4,5.68,10.97,5.87,8.86,12.58,7.17
2026-04-20 01:02:37,BC_4,5.68,10.94,5.94,8.81,12.5,7.34
2026-04-20 01:02:37,BC_4,5.74,10.91,5.88,8.82,12.5,7.18
2026-04-20 01:02:37,BC_4,5.69,10.75,5.99,8.8,12.52,7.19
2026-04-20 01:02:38,BC_4,5.82,10.74,5.9,8.85,12.32,7.1
2026-04-20 01:02:38,BC_4,5.8,10.78,5.93,8.82,12.13,7.27
2026-04-20 01:02:39,BC_4,5.86,10.7,6.03,8.81,12.03,7.23
2026-04-20 01:02:39,BC_4,5.68,10.91,5.92,8.85,12.48,7.25
2026-04-20 01:02:40,BC_4,5.67,10.71,5.97,8.81,12.41,7.14
2026-04-20 01:02:40,BC_4,5.78,10.8,5.99,8.85,12.47,7.26
2026-04-20 01:02:40,BC_4,5.75,10.78,5.91,8.82,12.47,7.3
2026-04-20 01:02:41,BC_4,5.63,10.85,6.04,9.04,12.42,7.28
2026-04-20 01:02:41,BC_4,5.74,10.75,5.92,8.82,12.47,7.37
2026-04-20 01:02:42,BC_4,5.78,10.62,5.88,8.82,12.6,7.32
2026-04-20 01:02:42,BC_4,5.79,10.9,5.91,8.85,12.17,7.26
2026-04-20 01:02:42,BC_4,5.77,10.69,5.91,8.87,12.56,7.24
2026-04-20 01:02:43,BC_4,5.83,10.9,5.94,8.86,12.5,7.4
2026-04-20 01:02:43,BC_4,5.63,10.74,5.88,8.82,12.48,7.36
2026-04-20 01:02:44,BC_4,5.62,10.67,5.93,8.84,12.42,7.26
2026-04-20 01:02:44,BC_4,5.65,10.78,5.85,8.81,12.46,7.28
2026-04-20 01:02:44,BC_4,5.66,10.73,6.08,8.93,12.44,7.3
2026-04-20 01:02:45,BC_4,5.63,10.78,6.01,8.88,12.46,7.28
2026-04-20 01:02:45,BC_4,5.62,10.89,5.94,8.82,12.45,7.34
2026-04-20 01:02:46,BC_4,5.62,10.9,5.97,8.88,12.48,7.35
2026-04-20 01:02:46,BC_4,5.64,10.77,5.93,8.84,12.44,7.39
2026-04-20 01:02:46,BC_4,5.69,10.92,5.98,8.79,12.45,7.31
2026-04-20 01:02:47,BC_4,5.74,10.93,5.88,8.82,12.46,7.24
2026-04-20 01:02:47,BC_4,5.72,10.92,6.13,8.84,12.44,7.15
2026-04-20 01:02:48,BC_4,5.65,10.88,5.91,8.79,12.47,7.26
2026-04-20 01:02:48,BC_4,5.82,10.91,5.91,8.84,12.47,7.21
2026-04-20 01:02:48,BC_4,5.64,10.7,5.83,8.87,12.45,7.18
2026-04-20 01:02:49,BC_4,5.69,10.92,5.95,8.86,12.51,7.19
2026-04-20 01:02:49,BC_4,5.67,10.65,5.88,8.85,12.38,7.15
2026-04-20 01:02:50,BC_4,5.69,10.74,5.86,8.82,12.28,7.17
2026-04-20 01:02:50,BC_4,5.75,10.81,6.19,8.88,12.47,7.36
2026-04-20 01:02:50,BC_4,5.84,10.89,5.87,8.98,12.41,7.22
2026-04-20 01:02:51,BC_4,5.57,10.95,5.95,8.88,12.47,7.2
2026-04-20 01:02:51,BC_4,5.62,10.92,5.86,8.84,12.53,7.15
2026-04-20 01:02:52,BC_4,5.75,10.79,5.84,8.85,12.47,7.2
2026-04-20 01:02:52,BC_4,5.91,10.92,5.9,8.8,12.46,7.19
2026-04-20 01:02:52,BC_4,5.82,10.83,5.88,8.84,12.47,7.23
2026-04-20 01:02:53,BC_4,5.71,10.71,5.93,8.83,12.5,7.12
2026-04-20 01:02:53,BC_4,5.66,10.83,5.93,8.78,12.5,7.12
2026-04-20 01:02:53,BC_4,5.63,10.79,5.96,8.83,12.49,7.19
2026-04-20 01:02:54,BC_4,5.59,10.9,6.04,8.87,12.51,7.21
2026-04-20 01:02:54,BC_4,5.64,10.87,5.9,8.88,12.33,7.21
2026-04-20 01:02:55,BC_4,5.75,10.88,5.87,8.84,12.42,7.16
2026-04-20 01:02:55,BC_4,5.63,10.91,5.84,8.81,12.43,7.15
2026-04-20 01:02:55,BC_4,5.67,10.69,5.94,8.8,12.47,7.21
2026-04-20 01:02:56,BC_4,5.64,10.92,5.96,8.81,12.4,7.2
2026-04-20 01:02:56,BC_4,5.72,11.23,5.93,8.84,12.39,7.19
2026-04-20 01:02:57,BC_4,5.68,10.87,6.02,8.85,12.46,7.17
2026-04-20 01:02:57,BC_4,5.63,10.91,5.96,8.86,12.53,7.21
2026-04-20 01:02:57,BC_4,5.65,10.87,5.9,8.8,12.44,7.2
2026-04-20 01:02:58,BC_4,5.66,10.76,5.91,8.85,12.39,7.17
2026-04-20 01:02:58,BC_4,5.75,10.76,5.9,8.83,12.56,7.17
2026-04-20 01:02:59,BC_4,5.65,10.94,5.9,8.87,12.51,7.18
2026-04-20 01:03:11,CD_1,6.49,10.64,5.29,10.86,11.23,7.89
2026-04-20 01:03:11,CD_1,6.5,10.42,5.26,10.87,11.38,7.85
2026-04-20 01:03:11,CD_1,6.85,10.33,5.32,10.85,11.32,7.85
2026-04-20 01:03:12,CD_1,6.48,10.1,5.44,10.8,11.32,7.91
2026-04-20 01:03:12,CD_1,6.52,9.99,5.35,10.83,11.31,7.85
2026-04-20 01:03:13,CD_1,6.6,10.1,5.32,10.84,11.34,7.98
2026-04-20 01:03:13,CD_1,6.83,9.91,5.36,10.81,11.27,7.96
2026-04-20 01:03:13,CD_1,6.45,9.98,5.34,10.87,11.49,8.02
2026-04-20 01:03:14,CD_1,6.45,9.96,5.44,10.81,11.27,8.02
2026-04-20 01:03:14,CD_1,6.47,9.78,5.71,10.83,11.31,8.14
2026-04-20 01:03:15,CD_1,6.49,9.69,5.68,10.83,11.35,8.09
2026-04-20 01:03:15,CD_1,6.49,9.63,5.37,10.82,11.3,8.11
2026-04-20 01:03:15,CD_1,6.77,9.61,5.37,10.88,11.34,8.05
2026-04-20 01:03:16,CD_1,6.51,9.72,5.27,10.76,11.32,8.08
2026-04-20 01:03:16,CD_1,6.54,9.57,5.33,10.81,11.3,8.38
2026-04-20 01:03:17,CD_1,6.45,9.61,5.33,10.81,11.34,8.18
2026-04-20 01:03:17,CD_1,6.55,9.56,5.48,10.76,11.37,8.17
2026-04-20 01:03:17,CD_1,6.54,9.75,5.3,10.79,11.36,8.2
2026-04-20 01:03:18,CD_1,6.5,9.69,5.32,10.76,11.29,8.14
2026-04-20 01:03:18,CD_1,6.64,9.55,5.3,10.81,11.26,8.17
2026-04-20 01:03:19,CD_1,6.45,9.71,5.4,10.81,11.3,8.17
2026-04-20 01:03:19,CD_1,6.53,9.73,5.26,10.88,11.3,8.16
2026-04-20 01:03:19,CD_1,6.42,9.69,5.33,10.83,11.29,8.18
2026-04-20 01:03:20,CD_1,6.5,9.58,5.32,10.9,11.27,8.13
2026-04-20 01:03:20,CD_1,6.42,9.7,5.26,10.75,11.24,8.21
2026-04-20 01:03:21,CD_1,6.43,9.64,5.41,10.8,11.32,8.16
2026-04-20 01:03:21,CD_1,6.47,9.72,5.36,10.82,11.35,8.15
2026-04-20 01:03:21,CD_1,6.42,9.67,5.37,10.87,11.24,8.21
2026-04-20 01:03:22,CD_1,6.43,9.69,5.26,10.79,11.31,8.08
2026-04-20 01:03:22,CD_1,6.49,9.67,5.52,10.82,11.28,8.15
2026-04-20 01:03:23,CD_1,6.52,9.67,5.37,10.8,11.28,8.25
2026-04-20 01:03:23,CD_1,6.56,9.56,5.31,10.8,11.26,8.21
2026-04-20 01:03:23,CD_1,6.53,9.64,5.27,10.83,11.3,8.04
2026-04-20 01:03:24,CD_1,6.39,9.52,5.27,10.79,11.26,8.14
2026-04-20 01:03:24,CD_1,6.51,9.49,5.33,10.76,11.22,8.2
2026-04-20 01:03:25,CD_1,6.63,9.62,5.31,10.76,11.3,8.29
2026-04-20 01:03:25,CD_1,6.5,9.48,5.29,10.78,11.33,8.13
2026-04-20 01:03:25,CD_1,6.4,9.48,5.27,10.73,11.3,8.15
2026-04-20 01:03:26,CD_1,6.52,9.42,5.48,10.78,11.28,8.13
2026-04-20 01:03:26,CD_1,6.44,9.47,5.26,10.83,11.27,8.28
2026-04-20 01:03:27,CD_1,6.6,9.49,5.32,10.81,11.25,8.22
2026-04-20 01:03:27,CD_1,6.49,9.36,5.33,10.82,11.21,8.26
2026-04-20 01:03:27,CD_1,6.48,9.43,5.49,10.82,11.31,8.15
2026-04-20 01:03:28,CD_1,6.38,9.51,5.42,10.85,11.32,8.12
2026-04-20 01:03:28,CD_1,6.48,9.46,5.61,10.77,11.34,8.14
2026-04-20 01:03:29,CD_1,6.42,9.52,5.3,10.8,11.24,8.16
2026-04-20 01:03:29,CD_1,6.59,9.47,5.3,10.9,11.25,8.28
2026-04-20 01:03:29,CD_1,6.49,9.54,5.43,10.79,11.27,8.24
2026-04-20 01:03:30,CD_1,6.44,9.5,5.38,10.78,11.25,8.24
2026-04-20 01:03:30,CD_1,6.49,9.49,5.25,10.8,11.18,8.34
2026-04-20 01:03:31,CD_1,6.53,9.58,5.43,10.79,11.3,8.19
2026-04-20 01:03:31,CD_1,6.44,9.6,5.37,10.79,11.33,8.2
2026-04-20 01:03:31,CD_1,6.42,9.57,5.33,10.83,11.24,8.19
2026-04-20 01:03:32,CD_1,6.51,9.61,5.28,10.81,11.26,8.2
2026-04-20 01:03:32,CD_1,6.53,9.6,5.3,10.82,11.33,8.26
2026-04-20 01:03:33,CD_1,6.4,9.58,5.41,10.87,11.25,8.2
2026-04-20 01:03:33,CD_1,6.51,9.61,5.3,10.8,11.32,8.2
2026-04-20 01:03:33,CD_1,6.49,9.59,5.47,10.76,11.26,8.26
2026-04-20 01:03:34,CD_1,6.47,9.6,5.33,10.81,11.28,8.1
2026-04-20 01:03:34,CD_1,6.55,9.63,5.32,10.79,11.24,8.22
2026-04-20 01:03:35,CD_1,6.84,9.59,5.26,10.79,11.35,8.18
2026-04-20 01:03:35,CD_1,6.77,9.63,5.35,10.8,11.25,8.06
2026-04-20 01:03:35,CD_1,6.5,9.45,5.44,10.81,11.2,8.15
2026-04-20 01:03:36,CD_1,6.6,9.44,5.36,10.75,11.21,8.21
2026-04-20 01:03:36,CD_1,6.42,9.4,5.26,10.79,11.22,8.17
2026-04-20 01:03:37,CD_1,6.5,9.49,5.27,10.91,11.22,8.16
2026-04-20 01:03:37,CD_1,6.47,9.42,5.32,10.81,11.19,8.1
2026-04-20 01:03:37,CD_1,6.56,9.57,5.34,10.79,11.18,8.12
2026-04-20 01:03:38,CD_1,6.48,9.45,5.31,10.81,11.2,8.08
2026-04-20 01:03:38,CD_1,6.43,9.41,5.31,10.78,11.2,8.3
2026-04-20 01:03:39,CD_1,6.48,9.43,5.36,10.84,11.18,8.25
2026-04-20 01:03:39,CD_1,6.43,9.42,5.32,10.81,11.3,8.2
2026-04-20 01:03:39,CD_1,6.49,9.54,5.36,10.82,11.24,8.2
2026-04-20 01:03:40,CD_1,6.48,9.45,5.32,10.87,11.16,8.14
2026-04-20 01:03:40,CD_1,6.45,9.5,5.36,10.74,11.19,8.12
2026-04-20 01:03:41,CD_1,6.45,9.51,5.31,10.75,11.28,8.08
2026-04-20 01:03:41,CD_1,6.5,9.46,5.36,10.82,11.16,8.2
2026-04-20 01:03:41,CD_1,6.49,9.37,5.29,10.86,11.24,8.21
2026-04-20 01:03:42,CD_1,6.48,9.5,5.68,10.8,11.21,8.25
2026-04-20 01:03:42,CD_1,6.42,9.58,5.32,10.84,11.26,8.22
2026-04-20 01:03:43,CD_1,6.43,9.61,5.44,10.89,11.44,8.13
2026-04-20 01:03:43,CD_1,6.39,9.6,5.38,10.8,11.42,8.2
2026-04-20 01:03:43,CD_1,6.45,9.57,5.32,10.88,11.33,8.29
2026-04-20 01:03:44,CD_1,6.38,9.56,5.3,10.76,11.24,8.28
2026-04-20 01:03:44,CD_1,6.41,9.58,5.26,10.88,11.15,8.25
2026-04-20 01:03:45,CD_1,6.46,9.48,5.26,10.79,11.19,8.31
2026-04-20 01:03:45,CD_1,6.45,9.56,5.3,10.78,11.12,8.27
2026-04-20 01:03:45,CD_1,6.51,9.57,5.46,10.77,11.18,8.26
2026-04-20 01:03:46,CD_1,6.41,9.51,5.32,10.78,11.24,8.22
2026-04-20 01:03:46,CD_1,6.49,9.56,5.26,10.85,11.23,8.24
2026-04-20 01:03:47,CD_1,6.44,9.5,5.31,10.8,11.21,8.18
2026-04-20 01:03:47,CD_1,6.39,9.58,5.32,10.8,11.19,8.12
2026-04-20 01:03:47,CD_1,6.41,9.44,5.31,10.77,11.24,8.14
2026-04-20 01:03:48,CD_1,6.51,9.51,5.37,10.77,11.32,8.21
2026-04-20 01:03:48,CD_1,6.46,9.36,5.35,10.78,11.2,8.3
2026-04-20 01:03:49,CD_1,6.52,9.36,5.27,10.78,11.27,8.22
2026-04-20 01:03:49,CD_1,6.39,9.45,5.35,10.74,11.24,8.25
2026-04-20 01:03:49,CD_1,6.38,9.53,5.32,10.82,11.18,8.25
2026-04-20 01:03:50,CD_1,6.41,9.47,5.32,10.8,11.2,8.23
2026-04-20 01:03:50,CD_1,6.42,9.42,5.35,10.84,11.26,8.22
2026-04-20 01:03:51,CD_1,6.46,9.49,5.39,10.83,11.22,8.23
2026-04-20 01:03:51,CD_1,6.39,9.45,5.39,10.84,11.18,8.32
2026-04-20 01:03:51,CD_1,6.62,9.44,5.31,10.79,11.41,8.32
2026-04-20 01:03:52,CD_1,6.63,9.46,5.32,10.82,11.24,8.23
2026-04-20 01:03:52,CD_1,6.63,9.45,5.27,10.79,11.21,8.22
2026-04-20 01:03:53,CD_1,6.38,9.61,5.3,10.86,11.25,8.11
2026-04-20 01:03:53,CD_1,6.41,9.43,5.36,10.76,11.33,8.33
2026-04-20 01:03:53,CD_1,6.47,9.54,5.44,10.81,11.23,8.26
2026-04-20 01:03:54,CD_1,6.34,9.57,5.32,10.8,11.26,8.22
2026-04-20 01:03:54,CD_1,6.42,9.58,5.38,10.81,11.2,8.37
2026-04-20 01:03:55,CD_1,6.42,9.6,5.31,10.84,11.23,8.14
2026-04-20 01:03:55,CD_1,6.42,9.49,5.36,10.79,11.12,8.26
2026-04-20 01:03:55,CD_1,6.36,9.56,5.33,10.79,11.19,8.26
2026-04-20 01:03:56,CD_1,6.47,9.56,5.31,10.79,11.18,8.36
2026-04-20 01:03:56,CD_1,6.39,9.58,5.39,10.8,11.41,8.25
2026-04-20 01:03:57,CD_1,6.43,9.62,5.37,10.96,11.28,8.23
2026-04-20 01:03:57,CD_1,6.4,9.57,5.38,10.79,11.22,8.25
2026-04-20 01:03:57,CD_1,6.39,9.55,5.33,10.78,11.25,8.25
2026-04-20 01:03:58,CD_1,6.46,9.45,5.29,10.83,11.2,8.28
2026-04-20 01:03:58,CD_1,6.37,9.47,5.29,10.75,11.16,8.24
2026-04-20 01:03:59,CD_1,6.43,9.5,5.26,10.78,11.11,8.09
2026-04-20 01:03:59,CD_1,6.41,9.54,5.31,10.78,11.28,8.22
2026-04-20 01:03:59,CD_1,6.38,9.38,5.27,10.82,11.18,8.19
2026-04-20 01:04:00,CD_1,6.35,9.46,5.35,10.76,11.19,8.29
2026-04-20 01:04:00,CD_1,6.42,9.42,5.3,10.88,11.18,8.35
2026-04-20 01:04:01,CD_1,6.49,9.47,5.32,10.81,11.16,8.36
2026-04-20 01:04:01,CD_1,6.37,9.41,5.32,10.83,11.21,8.27
2026-04-20 01:04:01,CD_1,6.52,9.41,5.32,10.78,11.13,8.25
2026-04-20 01:04:02,CD_1,6.53,9.53,5.31,10.84,11.22,8.19
2026-04-20 01:04:02,CD_1,6.48,9.38,5.28,10.76,11.18,8.42
2026-04-20 01:04:03,CD_1,6.52,9.33,5.37,10.77,11.13,8.49
2026-04-20 01:04:03,CD_1,6.39,9.38,5.43,10.76,11.17,8.29
2026-04-20 01:04:03,CD_1,6.41,9.45,5.33,10.83,11.28,8.38
2026-04-20 01:04:04,CD_1,6.52,9.49,5.54,10.82,11.33,8.36
2026-04-20 01:04:04,CD_1,6.42,9.42,5.31,10.83,11.23,8.36
2026-04-20 01:04:05,CD_1,6.59,9.37,5.3,10.79,11.22,8.28
2026-04-20 01:04:05,CD_1,6.45,9.52,5.28,10.85,11.18,8.28
2026-04-20 01:04:05,CD_1,6.41,9.55,5.38,10.78,11.14,8.48
2026-04-20 01:04:06,CD_1,6.55,9.48,5.38,10.81,11.21,8.37
2026-04-20 01:04:06,CD_1,6.33,9.52,5.38,10.8,11.17,8.31
2026-04-20 01:04:07,CD_1,6.38,9.58,5.4,10.75,11.19,8.22
2026-04-20 01:04:07,CD_1,6.43,9.55,5.34,10.77,11.17,8.41
2026-04-20 01:04:07,CD_1,6.66,9.38,5.24,10.82,11.22,8.33
2026-04-20 01:04:08,CD_1,6.49,9.54,5.27,10.85,11.2,8.29
2026-04-20 01:04:08,CD_1,6.46,9.46,5.36,10.78,11.22,8.3
2026-04-20 01:04:09,CD_1,6.41,9.59,5.33,10.83,11.22,8.38
2026-04-20 01:04:09,CD_1,6.37,9.55,5.31,10.79,11.2,8.34
2026-04-20 01:04:09,CD_1,6.37,9.34,5.78,10.79,11.18,8.29
2026-04-20 01:04:10,CD_1,6.39,9.42,5.37,10.81,11.18,8.11
2026-04-20 01:04:10,CD_1,6.56,9.53,5.37,10.8,11.19,8.28
2026-04-20 01:04:11,CD_1,6.4,9.3,5.32,10.82,11.23,8.12
2026-04-20 01:04:11,CD_1,6.56,9.48,5.29,10.8,11.18,8.27
2026-04-20 01:04:11,CD_1,6.52,9.51,5.29,10.8,11.27,8.15
2026-04-20 01:04:12,CD_1,6.39,9.54,5.34,10.81,11.27,8.31
2026-04-20 01:04:12,CD_1,6.41,9.43,5.3,10.76,11.22,8.33
2026-04-20 01:04:13,CD_1,6.39,9.41,5.3,10.84,11.27,8.29
2026-04-20 01:04:13,CD_1,6.41,9.46,5.34,10.83,11.18,8.29
2026-04-20 01:04:13,CD_1,6.39,9.45,5.44,10.78,11.18,8.39
2026-04-20 01:04:14,CD_1,6.45,9.41,5.47,10.84,11.21,8.44
2026-04-20 01:04:14,CD_1,6.38,9.38,5.37,10.79,11.17,8.19
2026-04-20 01:04:15,CD_1,6.57,9.35,5.39,10.79,11.14,8.26
2026-04-20 01:04:15,CD_1,6.38,9.48,5.3,10.78,11.26,8.16
2026-04-20 01:04:15,CD_1,6.54,9.62,5.26,10.78,11.19,8.27
2026-04-20 01:04:16,CD_1,6.43,9.54,5.27,10.75,11.26,8.21
2026-04-20 01:04:16,CD_1,6.53,9.53,5.33,10.78,11.18,8.33
2026-04-20 01:04:17,CD_1,6.39,9.35,5.28,10.8,11.27,8.19
2026-04-20 01:04:17,CD_1,6.38,9.5,5.31,10.77,11.14,8.24
2026-04-20 01:04:17,CD_1,6.36,9.51,5.36,10.82,11.29,8.24
2026-04-20 01:04:18,CD_1,6.41,9.56,5.34,10.8,11.16,8.12
2026-04-20 01:04:18,CD_1,6.48,9.4,5.34,10.79,11.2,8.28
2026-04-20 01:04:19,CD_1,6.38,9.53,5.56,10.8,11.19,8.26
2026-04-20 01:04:19,CD_1,6.62,9.55,5.28,10.85,11.15,8.25
2026-04-20 01:04:19,CD_1,6.38,9.55,5.32,10.77,11.22,8.33
2026-04-20 01:04:20,CD_1,6.44,9.51,5.34,10.77,11.37,8.28
2026-04-20 01:04:20,CD_1,6.35,9.41,5.33,10.75,11.19,8.17
2026-04-20 01:04:21,CD_1,6.37,9.36,5.28,10.81,11.16,8.26
2026-04-20 01:04:21,CD_1,6.36,9.56,5.38,10.82,11.2,8.33
2026-04-20 01:04:21,CD_1,6.49,9.51,5.29,10.77,11.19,8.3
2026-04-20 01:04:22,CD_1,6.45,9.54,5.31,10.79,11.15,8.18
2026-04-20 01:04:22,CD_1,6.74,9.42,5.3,10.77,11.18,8.27
2026-04-20 01:04:23,CD_1,6.71,9.53,5.5,10.8,11.2,8.24
2026-04-20 01:04:23,CD_1,6.43,9.54,5.39,10.8,11.18,8.11
2026-04-20 01:04:23,CD_1,6.42,9.52,5.75,10.78,11.24,8.25
2026-04-20 01:04:24,CD_1,6.36,9.53,5.37,10.77,11.46,8.24
2026-04-20 01:04:24,CD_1,6.43,9.51,5.62,10.85,11.45,8.33
2026-04-20 01:04:25,CD_1,6.4,9.5,5.33,10.82,11.23,8.28
2026-04-20 01:04:25,CD_1,6.4,9.5,5.38,10.77,11.19,8.18
2026-04-20 01:04:25,CD_1,6.53,9.51,5.36,10.82,11.26,8.14
2026-04-20 01:04:26,CD_1,6.42,9.51,5.33,10.74,11.2,8.26
2026-04-20 01:04:26,CD_1,6.41,9.35,5.29,10.81,11.22,8.29
2026-04-20 01:04:27,CD_1,6.38,9.48,5.29,10.77,11.15,8.15
2026-04-20 01:04:27,CD_1,6.56,9.45,5.3,10.77,11.19,8.19
2026-04-20 01:04:27,CD_1,6.4,9.35,5.6,10.77,11.21,8.18
2026-04-20 01:04:28,CD_1,6.47,9.53,5.36,11.0,11.21,8.36
2026-04-20 01:04:28,CD_1,6.48,9.48,5.28,10.8,11.2,8.4
2026-04-20 01:04:28,CD_1,6.37,9.45,5.34,10.76,11.22,8.31
2026-04-20 01:04:29,CD_1,6.33,9.53,5.34,10.86,11.13,8.18
2026-04-20 01:04:29,CD_1,6.38,9.55,5.34,10.78,11.2,8.48
2026-04-20 01:04:30,CD_1,6.37,9.49,5.33,10.83,11.18,8.39
2026-04-20 01:04:30,CD_1,6.47,9.52,5.27,10.77,11.23,8.3
2026-04-20 01:04:48,CD_2,5.08,12.12,6.71,10.72,12.8,6.4
2026-04-20 01:04:49,CD_2,5.06,11.56,6.97,10.73,12.9,6.37
2026-04-20 01:04:49,CD_2,5.1,11.33,6.69,10.8,12.7,6.44
2026-04-20 01:04:49,CD_2,5.14,11.68,6.77,10.68,12.72,6.41
2026-04-20 01:04:50,CD_2,5.16,11.65,6.75,10.7,12.75,6.46
2026-04-20 01:04:50,CD_2,5.12,11.37,6.73,10.73,12.66,6.44
2026-04-20 01:04:51,CD_2,5.1,11.53,6.75,10.69,12.75,6.44
2026-04-20 01:04:51,CD_2,5.06,11.48,6.7,10.73,12.7,6.48
2026-04-20 01:04:51,CD_2,5.08,11.38,6.74,10.69,12.73,6.55
2026-04-20 01:04:52,CD_2,5.09,11.07,6.69,10.71,12.8,6.49
2026-04-20 01:04:52,CD_2,5.08,11.16,6.73,10.68,12.76,6.59
2026-04-20 01:04:52,CD_2,5.05,11.06,6.67,10.67,12.8,6.56
2026-04-20 01:04:53,CD_2,5.13,11.08,6.61,10.71,12.8,6.6
2026-04-20 01:04:53,CD_2,5.5,11.1,6.42,10.68,12.69,6.56
2026-04-20 01:04:54,CD_2,5.37,11.01,6.58,10.66,12.69,6.53
2026-04-20 01:04:54,CD_2,5.09,10.78,6.44,10.7,12.7,6.52
2026-04-20 01:04:54,CD_2,5.43,10.96,6.65,10.67,12.71,6.6
2026-04-20 01:04:55,CD_2,5.21,11.03,6.56,10.66,12.77,6.62
2026-04-20 01:04:55,CD_2,5.17,10.96,6.0,10.72,12.75,6.64
2026-04-20 01:04:56,CD_2,5.02,10.91,6.39,10.71,12.9,6.65
2026-04-20 01:04:56,CD_2,5.2,10.7,6.43,10.71,12.76,6.59
2026-04-20 01:04:56,CD_2,5.1,10.93,6.32,10.69,12.75,6.59
2026-04-20 01:04:57,CD_2,5.15,10.57,6.41,10.67,12.72,6.54
2026-04-20 01:04:57,CD_2,5.04,10.69,6.08,10.65,12.74,6.56
2026-04-20 01:04:58,CD_2,5.0,10.67,6.15,10.69,12.72,6.61
2026-04-20 01:04:58,CD_2,5.12,10.95,6.18,10.7,12.66,6.71
2026-04-20 01:04:58,CD_2,5.28,10.87,6.28,10.69,12.77,6.63
2026-04-20 01:04:59,CD_2,5.01,10.76,6.28,10.69,12.7,6.56
2026-04-20 01:04:59,CD_2,4.99,10.94,6.1,10.69,12.75,6.66
2026-04-20 01:05:00,CD_2,5.04,10.74,6.27,10.75,12.74,6.68
2026-04-20 01:05:00,CD_2,5.31,11.39,6.3,10.73,12.8,6.65
2026-04-20 01:05:00,CD_2,5.07,10.9,6.26,10.68,12.73,6.61
2026-04-20 01:05:01,CD_2,5.11,10.87,6.23,10.66,12.72,6.67
2026-04-20 01:05:01,CD_2,5.01,10.86,6.26,10.7,12.8,6.62
2026-04-20 01:05:02,CD_2,5.01,10.83,6.26,10.69,12.74,6.57
2026-04-20 01:05:02,CD_2,4.96,10.86,6.33,10.66,12.69,6.59
2026-04-20 01:05:02,CD_2,4.96,10.83,6.32,10.68,12.7,6.62
2026-04-20 01:05:03,CD_2,5.16,10.83,6.21,10.68,12.8,6.6
2026-04-20 01:05:03,CD_2,5.07,10.61,6.29,10.63,12.75,6.6
2026-04-20 01:05:04,CD_2,5.22,10.83,5.87,10.7,12.72,6.57
2026-04-20 01:05:04,CD_2,5.09,10.88,6.24,10.65,12.7,6.65
2026-04-20 01:05:04,CD_2,5.03,10.81,6.24,10.68,12.68,6.66
2026-04-20 01:05:05,CD_2,4.99,10.75,6.2,10.65,12.73,6.56
2026-04-20 01:05:05,CD_2,4.97,10.82,6.22,10.64,12.72,6.59
2026-04-20 01:05:06,CD_2,5.01,10.84,6.1,10.79,12.74,6.65
2026-04-20 01:05:06,CD_2,5.03,10.66,6.23,10.65,13.0,6.61
2026-04-20 01:05:06,CD_2,4.93,10.78,6.19,10.7,12.72,6.6
2026-04-20 01:05:07,CD_2,5.1,10.79,6.28,10.62,12.71,6.59
2026-04-20 01:05:07,CD_2,5.18,10.81,6.19,10.65,12.75,6.66
2026-04-20 01:05:08,CD_2,5.02,10.76,5.91,10.67,12.74,6.6
2026-04-20 01:05:08,CD_2,5.02,10.6,6.22,10.69,12.76,6.58
2026-04-20 01:05:08,CD_2,5.0,10.66,6.17,10.72,12.76,6.54
2026-04-20 01:05:09,CD_2,5.22,10.62,6.04,10.67,12.9,6.66
2026-04-20 01:05:09,CD_2,5.1,10.74,6.14,10.68,12.72,6.67
2026-04-20 01:05:10,CD_2,5.01,10.56,5.67,10.66,13.0,6.67
2026-04-20 01:05:10,CD_2,5.15,10.8,5.95,10.69,12.72,6.7
2026-04-20 01:05:10,CD_2,5.0,10.84,6.19,10.7,12.74,6.66
2026-04-20 01:05:11,CD_2,5.01,10.8,6.06,10.71,12.75,6.6
2026-04-20 01:05:11,CD_2,5.06,10.8,6.15,10.67,12.75,6.61
2026-04-20 01:05:12,CD_2,5.06,10.8,6.14,10.72,12.76,6.59
2026-04-20 01:05:12,CD_2,4.92,10.82,5.83,10.66,12.7,6.67
2026-04-20 01:05:12,CD_2,4.97,10.81,6.12,10.68,12.8,6.63
2026-04-20 01:05:13,CD_2,5.0,10.8,6.11,10.66,12.76,6.58
2026-04-20 01:05:13,CD_2,4.96,10.78,6.09,10.67,12.69,6.53
2026-04-20 01:05:14,CD_2,5.01,10.71,6.2,10.67,12.74,6.58
2026-04-20 01:05:14,CD_2,5.27,10.76,6.18,10.64,12.8,6.55
2026-04-20 01:05:14,CD_2,5.28,10.6,6.05,10.67,12.72,6.58
2026-04-20 01:05:15,CD_2,5.27,10.71,6.2,10.61,12.77,6.59
2026-04-20 01:05:15,CD_2,5.13,10.79,6.13,10.63,12.72,6.66
2026-04-20 01:05:16,CD_2,5.2,10.77,6.11,10.71,12.76,6.6
2026-04-20 01:05:16,CD_2,4.99,10.74,6.08,10.66,12.71,6.6
2026-04-20 01:05:16,CD_2,5.0,10.76,5.94,10.66,12.75,6.6
2026-04-20 01:05:17,CD_2,5.12,10.63,5.92,10.63,12.72,6.67
2026-04-20 01:05:17,CD_2,4.95,10.59,6.1,10.68,12.9,6.54
2026-04-20 01:05:18,CD_2,5.02,10.77,6.07,10.66,12.7,6.61
2026-04-20 01:05:18,CD_2,4.97,10.8,6.12,10.64,12.8,6.61
2026-04-20 01:05:18,CD_2,4.99,10.83,5.79,10.65,12.8,6.68
2026-04-20 01:05:19,CD_2,5.08,10.76,6.13,10.64,12.74,6.63
2026-04-20 01:05:19,CD_2,4.97,10.57,5.92,10.64,12.73,6.58
2026-04-20 01:05:20,CD_2,4.97,10.55,5.88,10.63,12.69,6.59
2026-04-20 01:05:20,CD_2,5.04,10.65,5.83,10.67,12.76,6.64
2026-04-20 01:05:20,CD_2,4.98,10.72,6.02,10.69,12.73,6.74
2026-04-20 01:05:21,CD_2,5.07,10.42,6.04,10.67,12.8,6.66
2026-04-20 01:05:21,CD_2,4.94,10.58,5.81,10.64,12.73,6.6
2026-04-20 01:05:21,CD_2,4.96,10.52,6.13,10.67,12.75,6.67
2026-04-20 01:05:22,CD_2,5.03,10.34,5.81,10.7,12.71,6.65
2026-04-20 01:05:22,CD_2,4.94,10.61,5.75,10.65,12.75,6.78
2026-04-20 01:05:23,CD_2,4.97,10.7,5.74,10.61,12.8,6.71
2026-04-20 01:05:23,CD_2,5.09,10.7,5.89,10.85,12.69,6.66
2026-04-20 01:05:23,CD_2,5.11,10.61,5.93,10.69,12.8,6.63
2026-04-20 01:05:24,CD_2,5.06,10.51,5.75,10.64,12.76,6.62
2026-04-20 01:05:24,CD_2,5.05,10.67,5.9,10.7,12.7,6.6
2026-04-20 01:05:25,CD_2,5.14,10.54,6.04,10.85,12.8,6.64
2026-04-20 01:05:25,CD_2,5.01,10.75,5.78,10.66,12.73,6.79
2026-04-20 01:05:25,CD_2,5.08,10.76,5.89,10.65,12.8,6.66
2026-04-20 01:05:26,CD_2,4.95,10.75,5.98,10.64,12.77,6.66
2026-04-20 01:05:26,CD_2,4.98,10.74,6.0,10.67,12.71,6.72
2026-04-20 01:05:27,CD_2,4.99,10.76,6.0,10.65,12.8,6.65
2026-04-20 01:05:27,CD_2,4.94,10.67,5.95,10.63,12.73,6.64
2026-04-20 01:05:27,CD_2,5.06,10.76,5.97,10.7,12.73,6.63
2026-04-20 01:05:28,CD_2,4.97,10.73,5.87,10.65,12.69,6.71
2026-04-20 01:05:28,CD_2,4.96,10.71,6.07,10.66,12.8,6.63
2026-04-20 01:05:29,CD_2,4.98,10.65,6.04,10.69,12.69,6.62
2026-04-20 01:05:29,CD_2,5.07,10.75,5.98,10.67,12.71,6.62
2026-04-20 01:05:29,CD_2,4.99,10.76,6.07,10.72,12.8,6.7
2026-04-20 01:05:30,CD_2,4.98,10.71,6.03,10.64,12.75,6.65
2026-04-20 01:05:30,CD_2,5.01,10.72,5.95,10.66,12.9,6.64
2026-04-20 01:05:31,CD_2,4.95,10.55,5.77,10.61,12.75,6.6
2026-04-20 01:05:31,CD_2,4.99,10.42,6.03,10.69,12.73,6.72
2026-04-20 01:05:31,CD_2,4.97,10.64,6.14,10.66,12.76,6.66
2026-04-20 01:05:32,CD_2,5.24,10.68,6.01,10.72,12.69,6.64
2026-04-20 01:05:32,CD_2,5.08,10.74,6.04,10.69,12.8,6.75
2026-04-20 01:05:33,CD_2,5.17,10.73,5.71,10.67,12.7,6.76
2026-04-20 01:05:33,CD_2,5.0,10.51,5.95,10.61,12.8,6.66
2026-04-20 01:05:33,CD_2,4.98,10.72,5.93,10.63,12.67,6.65
2026-04-20 01:05:34,CD_2,4.93,10.74,5.98,10.68,12.77,6.65
2026-04-20 01:05:34,CD_2,4.98,10.76,5.77,10.67,12.74,6.71
2026-04-20 01:05:35,CD_2,4.92,10.5,5.95,10.66,12.77,6.66
2026-04-20 01:05:35,CD_2,5.14,10.68,5.98,10.73,12.75,6.64
2026-04-20 01:05:35,CD_2,5.03,10.74,6.0,10.65,12.8,6.64
2026-04-20 01:05:36,CD_2,4.94,10.77,5.77,10.67,12.8,6.71
2026-04-20 01:05:36,CD_2,5.15,10.62,5.96,10.61,12.76,6.64
2026-04-20 01:05:37,CD_2,4.93,10.49,5.97,10.65,12.8,6.75
2026-04-20 01:05:37,CD_2,5.07,10.72,5.96,10.66,12.76,6.67
2026-04-20 01:05:37,CD_2,4.98,10.73,5.93,10.69,12.72,6.66
2026-04-20 01:05:38,CD_2,4.96,10.51,5.9,10.63,12.72,6.68
2026-04-20 01:05:38,CD_2,4.96,10.7,5.9,10.64,12.73,6.61
2026-04-20 01:05:39,CD_2,4.97,10.72,5.92,10.67,12.69,6.65
2026-04-20 01:05:39,CD_2,4.99,10.73,5.95,10.63,12.7,6.74
2026-04-20 01:05:39,CD_2,5.0,10.66,5.72,10.68,12.8,6.63
2026-04-20 01:05:40,CD_2,5.08,10.73,6.01,10.66,12.8,6.64
2026-04-20 01:05:40,CD_2,5.13,10.73,5.95,10.65,12.74,6.63
2026-04-20 01:05:40,CD_2,4.97,10.68,5.8,10.66,12.73,6.66
2026-04-20 01:05:41,CD_2,5.0,10.64,5.75,10.64,12.75,6.61
2026-04-20 01:05:41,CD_2,4.94,10.61,5.97,10.61,12.71,6.65
2026-04-20 01:05:42,CD_2,4.96,10.71,5.77,10.65,12.9,6.68
2026-04-20 01:05:42,CD_2,5.17,10.68,5.84,10.69,12.8,6.71
2026-04-20 01:05:43,CD_2,5.03,10.56,6.05,10.64,12.8,6.65
2026-04-20 01:05:43,CD_2,4.96,10.41,5.77,10.6,12.8,6.61
2026-04-20 01:05:43,CD_2,4.94,10.55,5.78,10.65,12.75,6.64
2026-04-20 01:05:44,CD_2,4.97,10.73,5.95,10.71,12.8,6.73
2026-04-20 01:05:44,CD_2,5.28,10.66,5.72,10.69,12.74,6.72
2026-04-20 01:05:44,CD_2,5.09,10.75,5.89,10.62,12.75,6.67
2026-04-20 01:05:45,CD_2,4.97,10.65,5.75,10.6,12.71,6.66
2026-04-20 01:05:45,CD_2,5.12,10.5,6.11,10.72,12.7,6.73
2026-04-20 01:05:46,CD_2,4.99,10.67,5.89,10.62,12.9,6.67
2026-04-20 01:05:46,CD_2,5.01,10.71,5.74,10.67,12.8,6.62
2026-04-20 01:05:46,CD_2,4.97,10.71,5.96,10.65,12.74,6.65
2026-04-20 01:05:47,CD_2,5.13,10.75,5.77,10.67,12.77,6.73
2026-04-20 01:05:47,CD_2,5.0,10.57,5.92,10.75,13.2,6.67
2026-04-20 01:05:48,CD_2,5.02,10.71,5.94,10.64,12.8,6.64
2026-04-20 01:05:48,CD_2,5.02,10.72,5.94,10.65,12.76,6.62
2026-04-20 01:05:48,CD_2,5.21,10.65,6.04,10.68,12.73,6.69
2026-04-20 01:05:49,CD_2,5.01,10.7,5.96,10.67,12.9,6.65
2026-04-20 01:05:49,CD_2,4.94,10.62,5.97,10.67,12.8,6.65
2026-04-20 01:05:50,CD_2,4.96,10.73,5.87,10.62,12.74,6.58
2026-04-20 01:05:50,CD_2,5.04,10.65,5.82,10.63,12.73,6.7
2026-04-20 01:05:50,CD_2,4.98,10.8,5.73,10.68,12.73,6.74
2026-04-20 01:05:51,CD_2,5.05,10.6,5.9,10.6,13.1,6.78
2026-04-20 01:05:51,CD_2,4.97,10.67,5.88,10.59,12.74,6.76
2026-04-20 01:05:52,CD_2,5.03,10.72,5.86,10.67,12.69,6.72
2026-04-20 01:05:52,CD_2,5.0,10.52,5.95,10.63,12.76,6.64
2026-04-20 01:05:52,CD_2,5.04,10.46,5.89,10.66,12.77,6.68
2026-04-20 01:05:53,CD_2,4.95,10.5,5.81,10.61,12.75,6.67
2026-04-20 01:05:53,CD_2,4.93,10.57,5.75,10.65,12.8,6.62
2026-04-20 01:05:54,CD_2,5.0,10.43,6.21,10.64,12.77,6.69
2026-04-20 01:05:54,CD_2,4.92,10.69,5.66,10.68,12.8,6.63
2026-04-20 01:05:54,CD_2,5.01,10.69,5.93,10.64,12.7,6.61
2026-04-20 01:05:55,CD_2,5.05,10.57,5.79,10.66,12.8,6.73
2026-04-20 01:05:55,CD_2,5.06,10.54,5.77,10.67,12.8,6.65
2026-04-20 01:05:56,CD_2,4.97,10.66,5.7,10.64,12.8,6.62
2026-04-20 01:05:56,CD_2,5.04,10.69,5.61,10.68,12.76,6.6
2026-04-20 01:05:56,CD_2,5.08,10.45,5.89,10.64,12.72,6.71
2026-04-20 01:05:57,CD_2,4.99,10.73,5.66,10.69,12.73,6.63
2026-04-20 01:05:57,CD_2,4.93,10.53,5.96,10.64,12.8,6.62
2026-04-20 01:05:58,CD_2,4.97,10.7,5.72,10.66,12.71,6.6
2026-04-20 01:05:58,CD_2,4.99,10.73,5.94,10.68,12.76,6.73
2026-04-20 01:05:58,CD_2,5.07,10.5,5.92,10.63,12.72,6.67
2026-04-20 01:05:59,CD_2,4.97,10.69,5.9,10.66,12.74,6.6
2026-04-20 01:05:59,CD_2,5.11,10.53,5.78,10.66,12.74,6.79
2026-04-20 01:06:00,CD_2,4.93,10.28,5.74,10.68,12.74,6.72
2026-04-20 01:06:00,CD_2,5.01,10.65,5.84,10.59,12.8,6.71
2026-04-20 01:06:00,CD_2,4.92,10.68,5.87,10.63,12.8,6.68
2026-04-20 01:06:01,CD_2,4.96,10.7,5.82,10.61,12.71,6.66
2026-04-20 01:06:01,CD_2,4.97,10.58,5.84,10.75,12.8,6.74
2026-04-20 01:06:02,CD_2,4.96,10.68,5.92,10.67,12.9,6.68
2026-04-20 01:06:02,CD_2,4.98,10.66,5.93,10.63,12.8,6.62
2026-04-20 01:06:02,CD_2,5.13,10.51,5.68,10.75,12.75,6.64
2026-04-20 01:06:03,CD_2,5.17,10.73,5.87,10.67,12.73,6.75
2026-04-20 01:06:03,CD_2,4.98,10.67,5.89,10.59,12.7,6.66
2026-04-20 01:06:04,CD_2,5.01,10.71,5.87,10.66,12.9,6.65
2026-04-20 01:06:04,CD_2,4.95,10.69,5.99,10.63,12.75,6.64
2026-04-20 01:06:04,CD_2,4.98,10.68,5.9,10.63,12.72,6.72
2026-04-20 01:06:05,CD_2,4.93,10.62,5.94,10.67,12.69,6.65
2026-04-20 01:06:05,CD_2,4.98,10.4,5.66,10.73,12.8,6.57
2026-04-20 01:06:06,CD_2,5.24,10.46,6.14,10.64,12.72,6.66
2026-04-20 01:06:06,CD_2,4.94,10.47,5.84,10.67,12.8,6.63
2026-04-20 01:06:06,CD_2,4.97,10.42,6.07,10.68,12.74,6.66
2026-04-20 01:06:07,CD_2,5.11,10.64,5.91,10.66,12.72,6.65
2026-04-20 01:06:07,CD_2,5.11,10.65,6.03,10.64,12.72,6.64
2026-04-20 01:06:49,CD_3,5.81,11.59,5.54,9.92,11.89,7.42
2026-04-20 01:06:50,CD_3,5.66,11.38,5.53,9.91,11.85,7.35
2026-04-20 01:06:50,CD_3,5.74,11.32,5.58,9.87,11.83,7.29
2026-04-20 01:06:50,CD_3,5.72,11.32,5.55,9.9,11.89,7.29
2026-04-20 01:06:51,CD_3,5.94,11.3,5.61,9.9,11.9,7.3
2026-04-20 01:06:51,CD_3,5.81,11.28,5.55,9.89,11.97,7.22
2026-04-20 01:06:52,CD_3,5.78,11.32,5.62,9.88,11.91,7.29
2026-04-20 01:06:52,CD_3,5.81,11.15,5.54,9.95,11.85,7.45
2026-04-20 01:06:52,CD_3,5.8,10.96,5.53,9.93,11.93,7.43
2026-04-20 01:06:53,CD_3,5.72,10.95,5.6,9.91,11.84,7.42
2026-04-20 01:06:53,CD_3,5.73,10.94,5.72,9.88,11.91,7.31
2026-04-20 01:06:54,CD_3,5.83,10.91,5.62,9.86,11.84,7.37
2026-04-20 01:06:54,CD_3,5.76,10.96,5.56,9.91,11.8,7.35
2026-04-20 01:06:54,CD_3,5.73,11.1,5.51,9.9,12.06,7.43
2026-04-20 01:06:55,CD_3,5.78,10.62,5.66,9.85,11.82,7.45
2026-04-20 01:06:55,CD_3,5.72,10.85,5.55,9.89,11.88,7.49
2026-04-20 01:06:56,CD_3,5.74,10.64,5.61,9.86,11.91,7.41
2026-04-20 01:06:56,CD_3,5.69,10.63,5.56,9.87,11.84,7.47
2026-04-20 01:06:56,CD_3,5.75,10.63,5.51,9.98,11.89,7.48
2026-04-20 01:06:57,CD_3,5.7,10.55,5.53,9.87,11.89,7.41
2026-04-20 01:06:57,CD_3,5.68,10.77,5.57,9.9,11.85,7.44
2026-04-20 01:06:58,CD_3,5.73,10.76,5.6,9.87,11.91,7.44
2026-04-20 01:06:58,CD_3,5.69,10.78,5.63,9.86,11.88,7.53
2026-04-20 01:06:58,CD_3,5.72,10.67,5.53,9.88,11.94,7.51
2026-04-20 01:06:59,CD_3,5.84,10.68,5.51,9.93,11.86,7.51
2026-04-20 01:06:59,CD_3,5.83,10.7,5.53,9.88,11.97,7.47
2026-04-20 01:07:00,CD_3,5.86,10.72,5.5,9.9,12.11,7.48
2026-04-20 01:07:00,CD_3,5.91,10.43,5.79,9.87,11.85,7.53
2026-04-20 01:07:00,CD_3,5.71,10.62,5.66,9.88,11.86,7.53
2026-04-20 01:07:01,CD_3,5.74,10.66,5.73,9.85,11.92,7.5
2026-04-20 01:07:01,CD_3,5.69,10.65,5.59,9.86,11.84,7.54
2026-04-20 01:07:02,CD_3,5.74,10.58,5.55,9.89,11.87,7.53
2026-04-20 01:07:02,CD_3,5.78,10.53,5.54,9.91,11.94,7.52
2026-04-20 01:07:02,CD_3,5.76,10.62,5.53,9.94,11.88,7.53
2026-04-20 01:07:03,CD_3,5.85,10.58,5.61,9.94,11.9,7.52
2026-04-20 01:07:03,CD_3,5.84,10.33,5.55,9.99,11.89,7.45
2026-04-20 01:07:04,CD_3,5.75,10.47,5.57,9.98,12.05,7.56
2026-04-20 01:07:04,CD_3,5.92,10.45,5.56,9.85,11.83,7.56
2026-04-20 01:07:04,CD_3,5.69,10.49,5.56,9.87,11.86,7.51
2026-04-20 01:07:05,CD_3,5.64,10.5,5.78,9.89,11.91,7.6
2026-04-20 01:07:05,CD_3,5.67,10.36,5.7,9.84,11.87,7.43
2026-04-20 01:07:06,CD_3,5.68,10.33,5.56,9.87,12.02,7.54
2026-04-20 01:07:06,CD_3,5.73,10.52,5.6,9.9,11.87,7.53
2026-04-20 01:07:06,CD_3,5.69,10.5,5.58,9.88,11.84,7.51
2026-04-20 01:07:07,CD_3,5.87,10.21,5.58,9.82,11.86,7.53
2026-04-20 01:07:07,CD_3,5.63,10.36,5.62,9.88,11.83,7.46
2026-04-20 01:07:08,CD_3,5.73,10.53,5.73,9.92,11.79,7.7
2026-04-20 01:07:08,CD_3,5.8,10.49,5.61,9.96,11.83,7.64
2026-04-20 01:07:08,CD_3,5.66,10.49,5.59,9.86,11.87,7.58
2026-04-20 01:07:09,CD_3,5.61,10.51,5.58,9.92,11.85,7.57
2026-04-20 01:07:09,CD_3,5.66,10.53,5.55,9.86,11.89,7.58
2026-04-20 01:07:10,CD_3,5.62,10.43,5.62,9.89,11.81,7.51
2026-04-20 01:07:10,CD_3,5.68,10.39,5.59,9.9,11.97,7.6
2026-04-20 01:07:10,CD_3,5.76,10.5,5.55,9.97,11.92,7.56
2026-04-20 01:07:11,CD_3,5.86,10.56,5.5,9.86,11.89,7.61
2026-04-20 01:07:11,CD_3,5.74,10.46,5.59,9.84,11.87,7.57
2026-04-20 01:07:12,CD_3,5.76,10.42,5.62,9.88,11.86,7.52
2026-04-20 01:07:12,CD_3,5.8,10.44,5.59,9.87,11.82,7.57
2026-04-20 01:07:12,CD_3,5.7,10.48,5.68,9.92,11.8,7.63
2026-04-20 01:07:13,CD_3,5.68,10.36,5.74,9.87,11.88,7.58
2026-04-20 01:07:13,CD_3,5.64,10.32,5.62,9.89,11.85,7.61
2026-04-20 01:07:14,CD_3,5.7,10.2,5.54,9.83,11.92,7.6
2026-04-20 01:07:14,CD_3,5.73,10.24,5.55,9.88,11.93,7.52
2026-04-20 01:07:14,CD_3,5.83,10.42,5.58,9.87,11.81,7.48
2026-04-20 01:07:15,CD_3,5.64,10.29,5.52,9.8,12.0,7.48
2026-04-20 01:07:15,CD_3,5.78,10.18,5.57,9.84,11.85,7.61
2026-04-20 01:07:16,CD_3,5.66,10.02,5.57,9.85,11.93,7.68
2026-04-20 01:07:16,CD_3,5.73,10.25,5.51,9.92,11.82,7.62
2026-04-20 01:07:16,CD_3,5.62,10.43,5.57,9.9,11.83,7.61
2026-04-20 01:07:17,CD_3,5.61,10.43,5.79,9.85,11.79,7.54
2026-04-20 01:07:17,CD_3,5.68,10.3,5.62,9.97,11.85,7.69
2026-04-20 01:07:18,CD_3,5.71,10.54,5.62,9.89,11.86,7.54
2026-04-20 01:07:18,CD_3,5.73,10.19,5.66,9.85,11.79,7.55
2026-04-20 01:07:18,CD_3,5.67,10.36,5.88,9.9,11.87,7.49
2026-04-20 01:07:19,CD_3,5.69,10.22,5.53,9.96,11.86,7.62
2026-04-20 01:07:19,CD_3,5.67,10.4,5.58,9.83,11.79,7.63
2026-04-20 01:07:20,CD_3,5.66,10.24,5.67,9.88,11.85,7.64
2026-04-20 01:07:20,CD_3,5.71,10.21,5.64,9.9,11.86,7.61
2026-04-20 01:07:21,CD_3,5.67,10.37,5.57,9.84,11.9,7.7
2026-04-20 01:07:21,CD_3,5.66,10.38,5.53,9.9,11.86,7.73
2026-04-20 01:07:21,CD_3,5.67,10.41,5.62,9.9,11.85,7.73
2026-04-20 01:07:22,CD_3,5.62,10.26,5.6,9.89,11.97,7.72
2026-04-20 01:07:22,CD_3,5.72,10.22,5.56,9.84,11.84,7.57
2026-04-20 01:07:23,CD_3,5.77,10.37,5.55,9.9,11.81,7.62
2026-04-20 01:07:23,CD_3,5.69,10.36,5.53,9.85,12.03,7.63
2026-04-20 01:07:23,CD_3,5.63,10.28,5.64,9.89,12.09,7.66
2026-04-20 01:07:24,CD_3,5.67,10.23,5.55,9.83,11.79,7.62
2026-04-20 01:07:24,CD_3,5.6,10.24,5.54,9.87,11.88,7.54
2026-04-20 01:07:24,CD_3,5.71,10.34,5.6,9.87,11.78,7.6
2026-04-20 01:07:25,CD_3,5.67,10.46,5.63,9.87,11.79,7.64
2026-04-20 01:07:25,CD_3,5.62,10.37,5.56,9.88,11.84,7.57
2026-04-20 01:07:26,CD_3,5.66,10.3,5.54,9.9,11.79,7.54
2026-04-20 01:07:26,CD_3,5.61,10.32,5.56,9.9,11.89,7.66
2026-04-20 01:07:26,CD_3,5.67,10.13,5.73,9.92,11.9,7.64
2026-04-20 01:07:27,CD_3,5.66,10.24,5.54,9.86,11.83,7.63
2026-04-20 01:07:27,CD_3,5.65,10.33,5.55,9.88,11.81,7.65
2026-04-20 01:07:28,CD_3,5.7,10.38,5.54,9.95,11.84,7.7
2026-04-20 01:07:28,CD_3,5.61,10.17,5.58,9.95,11.83,7.72
2026-04-20 01:07:28,CD_3,5.86,10.18,5.63,9.86,11.81,7.54
2026-04-20 01:07:29,CD_3,5.74,10.63,5.51,9.84,11.88,7.55
2026-04-20 01:07:29,CD_3,5.79,10.22,5.5,9.86,11.78,7.77
2026-04-20 01:07:30,CD_3,5.66,10.14,5.55,9.83,11.82,7.64
2026-04-20 01:07:30,CD_3,5.69,10.12,5.57,9.89,11.85,7.57
2026-04-20 01:07:31,CD_3,5.66,10.25,5.55,9.84,11.86,7.58
2026-04-20 01:07:31,CD_3,5.66,9.93,5.57,9.85,11.9,7.58
2026-04-20 01:07:31,CD_3,5.63,10.19,5.53,9.83,11.89,7.66
2026-04-20 01:07:32,CD_3,5.65,10.11,5.52,9.85,11.85,7.54
2026-04-20 01:07:32,CD_3,5.65,10.29,5.51,9.84,11.9,7.65
2026-04-20 01:07:32,CD_3,5.89,10.35,5.51,9.84,11.83,7.62
2026-04-20 01:07:33,CD_3,5.91,10.39,5.59,9.83,11.84,7.67
2026-04-20 01:07:33,CD_3,5.65,10.3,5.7,9.8,11.88,7.66
2026-04-20 01:07:34,CD_3,5.8,10.27,5.61,9.92,11.9,7.63
2026-04-20 01:07:34,CD_3,5.79,10.32,5.69,9.89,11.87,7.61
2026-04-20 01:07:34,CD_3,5.67,10.35,5.81,9.85,11.87,7.67
2026-04-20 01:07:35,CD_3,5.76,10.33,5.65,9.87,11.86,7.68
2026-04-20 01:07:35,CD_3,5.65,10.17,5.6,9.86,11.8,7.52
2026-04-20 01:07:36,CD_3,5.67,10.35,5.74,9.87,11.81,7.61
2026-04-20 01:07:36,CD_3,5.62,10.34,5.74,9.86,11.8,7.62
2026-04-20 01:07:36,CD_3,5.67,10.34,5.51,9.88,11.79,7.63
2026-04-20 01:07:37,CD_3,5.72,10.35,5.55,9.84,12.01,7.57
2026-04-20 01:07:37,CD_3,5.63,10.17,5.53,9.83,11.8,7.68
2026-04-20 01:07:38,CD_3,5.65,10.19,5.6,9.84,11.87,7.68
2026-04-20 01:07:38,CD_3,5.69,10.16,5.78,9.86,11.8,7.84
2026-04-20 01:07:38,CD_3,5.77,10.12,5.83,9.83,11.87,7.82
2026-04-20 01:07:39,CD_3,5.71,10.32,5.73,9.86,11.81,7.73
2026-04-20 01:07:39,CD_3,5.7,10.2,5.54,9.87,11.9,7.75
2026-04-20 01:07:40,CD_3,5.65,10.12,5.53,9.89,11.83,7.71
2026-04-20 01:07:40,CD_3,5.62,10.31,5.6,9.88,11.87,7.66
2026-04-20 01:07:40,CD_3,5.58,10.22,5.52,9.89,11.86,7.66
2026-04-20 01:07:41,CD_3,5.65,10.33,5.64,9.86,11.8,7.65
2026-04-20 01:07:41,CD_3,5.79,10.3,5.5,9.84,11.88,7.66
2026-04-20 01:07:42,CD_3,5.84,10.32,5.52,9.86,11.83,7.64
2026-04-20 01:07:42,CD_3,5.7,10.29,5.59,9.83,11.81,7.63
2026-04-20 01:07:42,CD_3,5.7,10.34,5.55,9.88,11.94,7.68
2026-04-20 01:07:43,CD_3,5.68,10.33,5.68,9.85,11.94,7.67
2026-04-20 01:07:43,CD_3,5.84,10.28,5.63,9.87,11.83,7.66
2026-04-20 01:07:44,CD_3,5.92,10.34,5.61,9.86,11.86,7.63
2026-04-20 01:07:44,CD_3,5.77,10.34,5.58,9.88,11.86,7.68
2026-04-20 01:07:44,CD_3,5.6,10.21,5.57,9.83,11.83,7.79
2026-04-20 01:07:45,CD_3,5.6,10.12,5.59,9.88,11.83,7.73
2026-04-20 01:07:45,CD_3,5.62,10.31,5.65,9.9,11.79,7.58
2026-04-20 01:07:46,CD_3,5.77,10.35,5.56,9.99,11.83,7.66
2026-04-20 01:07:46,CD_3,5.76,10.29,5.51,9.87,11.83,7.66
2026-04-20 01:07:46,CD_3,5.65,10.17,5.62,9.83,11.9,7.59
2026-04-20 01:07:47,CD_3,5.66,10.33,5.55,9.84,11.8,7.62
2026-04-20 01:07:47,CD_3,5.76,10.36,5.61,9.89,11.81,7.67
2026-04-20 01:07:47,CD_3,5.68,10.33,5.57,9.87,11.85,7.69
2026-04-20 01:07:48,CD_3,5.7,10.29,5.55,9.9,11.95,7.62
2026-04-20 01:07:48,CD_3,5.67,10.33,5.53,9.91,11.8,7.58
2026-04-20 01:07:49,CD_3,5.65,10.1,5.68,9.86,11.79,7.67
2026-04-20 01:07:49,CD_3,5.68,10.04,5.67,9.85,11.88,7.6
2026-04-20 01:07:49,CD_3,5.66,10.17,5.59,9.9,11.84,7.65
2026-04-20 01:07:50,CD_3,5.63,10.13,5.52,9.84,11.79,7.58
2026-04-20 01:07:50,CD_3,5.67,10.31,5.53,9.85,11.79,7.67
2026-04-20 01:07:51,CD_3,5.72,10.15,5.57,9.86,11.85,7.76
2026-04-20 01:07:51,CD_3,5.66,10.24,5.66,9.88,11.8,7.81
2026-04-20 01:07:51,CD_3,5.64,10.16,5.61,9.88,11.81,7.77
2026-04-20 01:07:52,CD_3,5.62,10.15,5.95,9.9,11.84,7.67
2026-04-20 01:07:52,CD_3,5.67,10.12,5.57,9.85,11.78,7.7
2026-04-20 01:07:53,CD_3,5.63,10.14,5.54,9.89,11.81,7.72
2026-04-20 01:07:53,CD_3,5.72,10.3,5.56,9.84,11.84,7.61
2026-04-20 01:07:54,CD_3,5.66,10.26,5.63,9.91,11.8,7.77
2026-04-20 01:07:54,CD_3,5.81,10.31,6.03,9.86,11.86,7.72
2026-04-20 01:07:54,CD_3,5.69,10.17,5.57,9.86,11.79,7.68
2026-04-20 01:07:55,CD_3,5.74,10.16,5.53,9.88,11.85,7.61
2026-04-20 01:07:55,CD_3,5.66,10.28,6.03,9.89,11.84,7.71
2026-04-20 01:07:56,CD_3,5.66,10.28,5.53,9.87,11.79,7.66
2026-04-20 01:07:56,CD_3,5.7,10.31,5.54,9.84,11.8,7.65
2026-04-20 01:07:56,CD_3,5.73,10.34,5.63,9.86,11.85,7.64
2026-04-20 01:07:57,CD_3,5.61,10.38,5.54,9.9,11.84,7.71
2026-04-20 01:07:57,CD_3,5.64,10.28,5.62,9.88,11.86,7.63
2026-04-20 01:07:58,CD_3,5.65,10.33,5.68,9.85,11.81,7.55
2026-04-20 01:07:58,CD_3,5.6,10.3,5.59,9.89,11.83,7.63
2026-04-20 01:07:58,CD_3,5.66,10.34,5.58,9.84,11.79,7.61
2026-04-20 01:07:59,CD_3,5.67,10.28,5.54,9.94,11.85,7.65
2026-04-20 01:07:59,CD_3,5.6,10.31,5.6,9.86,11.79,7.63
2026-04-20 01:07:59,CD_3,5.59,10.33,5.54,9.85,11.82,7.61
2026-04-20 01:08:00,CD_3,5.62,10.32,5.57,9.83,11.93,7.61
2026-04-20 01:08:00,CD_3,5.79,10.17,5.52,9.87,11.84,7.82
2026-04-20 01:08:01,CD_3,5.65,10.11,5.51,9.84,11.86,7.67
2026-04-20 01:08:01,CD_3,5.92,10.26,5.58,9.83,12.07,7.57
2026-04-20 01:08:01,CD_3,5.63,10.04,5.55,9.89,11.85,7.65
2026-04-20 01:08:02,CD_3,5.62,10.22,5.69,9.86,11.77,7.56
2026-04-20 01:08:02,CD_3,5.68,10.26,5.66,9.91,11.82,7.7
2026-04-20 01:08:03,CD_3,5.62,10.07,5.59,9.95,11.77,7.55
2026-04-20 01:08:03,CD_3,5.63,10.22,5.56,9.89,11.83,7.77
2026-04-20 01:08:04,CD_3,5.99,10.09,5.62,9.92,11.94,7.8
2026-04-20 01:08:04,CD_3,5.59,10.27,5.64,9.85,11.82,7.79
2026-04-20 01:08:04,CD_3,5.82,10.23,5.62,9.85,11.95,7.81
2026-04-20 01:08:05,CD_3,5.61,10.3,5.55,9.93,11.86,7.86
2026-04-20 01:08:05,CD_3,5.68,10.13,5.58,9.85,11.74,7.71
2026-04-20 01:08:06,CD_3,5.65,10.29,5.68,9.84,11.76,7.63
2026-04-20 01:08:06,CD_3,5.68,10.33,5.57,9.82,11.77,7.66
2026-04-20 01:08:06,CD_3,5.63,10.33,5.72,9.84,11.85,7.84
2026-04-20 01:08:07,CD_3,5.6,10.25,5.59,9.89,11.81,7.71
2026-04-20 01:08:07,CD_3,5.61,10.02,5.64,9.86,11.87,7.57
2026-04-20 01:08:08,CD_3,5.56,10.26,5.66,9.84,11.98,7.73
2026-04-20 01:08:08,CD_3,5.64,10.29,5.53,9.95,11.95,8.01
2026-04-20 01:08:08,CD_3,5.73,10.07,5.55,9.83,11.81,7.67
2026-04-20 01:08:09,CD_3,5.76,10.08,5.57,9.91,12.33,7.68
2026-04-20 01:08:21,CD_4,5.45,12.08,5.97,9.76,12.28,6.94
2026-04-20 01:08:21,CD_4,5.49,11.83,5.98,9.73,12.2,6.98
2026-04-20 01:08:22,CD_4,5.51,11.36,5.82,9.75,12.27,7.03
2026-04-20 01:08:22,CD_4,5.53,11.59,5.85,9.73,12.4,7.02
2026-04-20 01:08:22,CD_4,5.46,11.32,5.82,9.75,12.27,7.08
2026-04-20 01:08:23,CD_4,5.4,11.21,5.79,9.71,12.2,7.13
2026-04-20 01:08:23,CD_4,5.38,11.01,5.81,9.71,12.23,7.07
2026-04-20 01:08:23,CD_4,5.38,11.17,5.84,9.72,12.33,7.09
2026-04-20 01:08:24,CD_4,5.4,11.31,5.84,9.73,12.22,7.25
2026-04-20 01:08:24,CD_4,5.44,10.9,5.87,9.7,12.39,7.21
2026-04-20 01:08:25,CD_4,5.47,10.73,5.84,9.69,12.28,7.23
2026-04-20 01:08:25,CD_4,5.47,11.0,5.88,9.73,12.25,7.23
2026-04-20 01:08:26,CD_4,5.44,10.62,5.77,9.74,12.29,7.13
2026-04-20 01:08:26,CD_4,5.56,10.9,5.86,9.74,12.22,7.23
2026-04-20 01:08:26,CD_4,5.37,10.68,5.89,9.73,12.3,7.16
2026-04-20 01:08:27,CD_4,5.44,10.73,5.83,9.68,12.22,7.35
2026-04-20 01:08:27,CD_4,5.36,10.66,5.96,9.76,12.25,7.32
2026-04-20 01:08:28,CD_4,5.47,10.7,5.95,9.72,12.26,7.3
2026-04-20 01:08:28,CD_4,5.39,10.86,5.9,9.68,12.29,7.23
2026-04-20 01:08:28,CD_4,5.59,10.82,5.85,9.68,12.27,7.23
2026-04-20 01:08:29,CD_4,5.38,10.56,5.85,9.68,12.23,7.24
2026-04-20 01:08:29,CD_4,5.28,10.79,5.86,9.68,12.27,7.33
2026-04-20 01:08:30,CD_4,5.35,10.79,5.87,9.72,12.28,7.37
2026-04-20 01:08:30,CD_4,5.34,10.77,5.77,9.73,12.25,7.33
2026-04-20 01:08:30,CD_4,5.35,10.8,5.82,9.81,12.25,7.27
2026-04-20 01:08:31,CD_4,5.34,10.65,5.8,9.71,12.46,7.14
2026-04-20 01:08:31,CD_4,5.38,10.65,5.96,9.72,12.33,7.25
2026-04-20 01:08:32,CD_4,5.47,10.74,5.84,9.69,12.23,7.34
2026-04-20 01:08:32,CD_4,5.5,10.77,5.89,9.74,12.3,7.31
2026-04-20 01:08:32,CD_4,5.33,10.53,5.82,9.7,12.23,7.23
2026-04-20 01:08:33,CD_4,5.47,10.77,5.88,9.73,12.35,7.23
2026-04-20 01:08:33,CD_4,5.39,10.81,5.82,9.69,12.33,7.28
2026-04-20 01:08:34,CD_4,5.37,10.54,6.08,9.66,12.27,7.22
2026-04-20 01:08:34,CD_4,5.36,10.71,5.88,9.67,12.33,7.36
2026-04-20 01:08:34,CD_4,5.31,10.73,5.82,9.73,12.33,7.37
2026-04-20 01:08:35,CD_4,5.33,10.6,5.82,9.69,12.31,7.21
2026-04-20 01:08:35,CD_4,5.45,10.53,5.88,9.69,12.24,7.21
2026-04-20 01:08:36,CD_4,5.33,10.53,5.98,9.71,12.32,7.25
2026-04-20 01:08:36,CD_4,5.39,10.55,5.9,9.67,12.24,7.38
2026-04-20 01:08:37,CD_4,5.3,10.64,5.83,9.8,12.3,7.24
2026-04-20 01:08:37,CD_4,5.37,10.73,6.02,9.68,12.21,7.22
2026-04-20 01:08:37,CD_4,5.31,10.55,5.84,9.71,12.25,7.28
2026-04-20 01:08:38,CD_4,5.34,10.71,5.83,9.69,12.45,7.43
2026-04-20 01:08:38,CD_4,5.3,10.37,5.86,9.65,12.34,7.4
2026-04-20 01:08:39,CD_4,5.36,10.68,6.14,9.7,12.21,7.3
2026-04-20 01:08:39,CD_4,5.52,10.73,5.85,9.71,12.32,7.3
2026-04-20 01:08:39,CD_4,5.32,10.57,6.01,9.71,12.26,7.33
2026-04-20 01:08:40,CD_4,5.3,10.73,5.89,9.74,12.23,7.37
2026-04-20 01:08:40,CD_4,5.36,10.66,5.82,9.66,12.37,7.36
2026-04-20 01:08:41,CD_4,5.31,10.71,5.79,9.72,12.22,7.33
2026-04-20 01:08:41,CD_4,5.5,10.73,5.85,9.69,12.23,7.29
2026-04-20 01:08:41,CD_4,5.41,10.62,5.94,9.72,12.33,7.52
2026-04-20 01:08:42,CD_4,5.42,10.65,5.98,9.68,12.23,7.56
2026-04-20 01:08:42,CD_4,5.65,10.57,5.88,9.7,12.25,7.46
2026-04-20 01:08:43,CD_4,5.43,10.58,5.93,9.71,12.31,7.38
2026-04-20 01:08:43,CD_4,5.47,10.7,5.84,9.7,12.23,7.39
2026-04-20 01:08:43,CD_4,5.31,10.53,5.81,9.7,12.27,7.34
2026-04-20 01:08:44,CD_4,5.29,10.66,5.86,9.67,12.31,7.29
2026-04-20 01:08:44,CD_4,5.28,10.66,5.84,9.73,12.23,7.34
2026-04-20 01:08:45,CD_4,5.4,10.53,6.18,9.71,12.25,7.26
2026-04-20 01:08:45,CD_4,5.39,10.62,5.9,9.67,12.44,7.28
2026-04-20 01:08:45,CD_4,5.31,10.7,6.02,9.81,12.29,7.28
2026-04-20 01:08:46,CD_4,5.41,10.73,5.84,9.71,12.28,7.32
2026-04-20 01:08:46,CD_4,5.33,10.47,5.98,9.72,12.23,7.29
2026-04-20 01:08:47,CD_4,5.33,10.69,5.96,9.7,12.23,7.28
2026-04-20 01:08:47,CD_4,5.33,10.65,5.91,9.72,12.26,7.28
2026-04-20 01:08:47,CD_4,5.31,10.43,5.82,9.73,12.26,7.29
2026-04-20 01:08:48,CD_4,5.33,10.42,5.79,9.71,12.3,7.37
2026-04-20 01:08:48,CD_4,5.34,10.48,5.81,9.7,12.24,7.43
2026-04-20 01:08:49,CD_4,5.32,10.69,5.81,9.73,12.23,7.26
2026-04-20 01:08:49,CD_4,5.35,10.49,5.9,9.7,12.29,7.34
2026-04-20 01:08:49,CD_4,5.38,10.59,5.91,9.74,12.3,7.39
2026-04-20 01:08:50,CD_4,5.29,10.5,5.83,9.68,12.32,7.4
2026-04-20 01:08:50,CD_4,5.42,10.62,5.78,9.74,12.35,7.33
2026-04-20 01:08:51,CD_4,5.34,10.67,5.82,9.73,12.31,7.36
2026-04-20 01:08:51,CD_4,5.32,10.65,5.86,9.71,12.25,7.31
2026-04-20 01:08:51,CD_4,5.31,10.66,5.82,9.74,12.23,7.31
2026-04-20 01:08:52,CD_4,5.29,10.69,5.82,9.68,12.29,7.28
2026-04-20 01:08:52,CD_4,5.28,10.66,5.83,9.73,12.23,7.37
2026-04-20 01:08:53,CD_4,5.3,10.64,5.82,9.67,12.24,7.38
2026-04-20 01:08:53,CD_4,5.38,10.64,6.13,9.68,12.22,7.53
2026-04-20 01:08:53,CD_4,5.35,10.43,5.87,9.76,12.27,7.51
2026-04-20 01:08:54,CD_4,5.5,10.47,5.84,9.76,12.25,7.48
2026-04-20 01:08:54,CD_4,5.3,10.56,5.87,9.75,12.26,7.33
2026-04-20 01:08:55,CD_4,5.29,10.67,5.73,9.66,12.2,7.29
2026-04-20 01:08:55,CD_4,5.31,10.56,5.84,9.69,12.27,7.24
2026-04-20 01:08:55,CD_4,5.41,10.45,5.92,9.76,12.29,7.27
2026-04-20 01:08:56,CD_4,5.28,10.5,5.86,9.7,12.22,7.18
2026-04-20 01:08:56,CD_4,5.4,10.5,5.85,9.69,12.28,7.18
2026-04-20 01:08:57,CD_4,5.33,10.31,5.81,9.71,12.23,7.36
2026-04-20 01:08:57,CD_4,5.32,10.48,5.85,9.68,12.28,7.22
2026-04-20 01:08:57,CD_4,5.36,10.54,5.82,9.72,12.27,7.21
2026-04-20 01:08:58,CD_4,5.29,10.42,5.84,9.75,12.24,7.22
2026-04-20 01:08:58,CD_4,5.43,10.5,5.86,9.67,12.27,7.2
2026-04-20 01:08:59,CD_4,5.55,10.61,5.87,9.77,12.24,7.41
2026-04-20 01:08:59,CD_4,5.33,10.5,5.82,9.73,12.4,7.44
2026-04-20 01:08:59,CD_4,5.34,10.54,5.85,9.71,12.35,7.44
2026-04-20 01:09:00,CD_4,5.37,10.47,5.87,9.69,12.25,7.36
2026-04-20 01:09:00,CD_4,5.29,10.56,5.82,9.74,12.29,7.33
2026-04-20 01:09:01,CD_4,5.25,10.31,5.85,9.72,12.17,7.47
2026-04-20 01:09:01,CD_4,5.31,10.41,6.04,9.82,12.15,7.47
2026-04-20 01:09:01,CD_4,5.32,10.58,5.85,9.71,12.25,7.45
2026-04-20 01:09:02,CD_4,5.44,10.43,5.92,9.82,12.22,7.35
2026-04-20 01:09:02,CD_4,5.38,10.59,5.85,9.66,12.22,7.41
2026-04-20 01:09:03,CD_4,5.37,10.5,5.97,9.71,12.21,7.37
2026-04-20 01:09:03,CD_4,5.51,10.49,5.81,9.92,12.22,7.27
2026-04-20 01:09:03,CD_4,5.24,10.48,5.78,9.67,12.28,7.39
2026-04-20 01:09:04,CD_4,5.33,10.5,5.86,9.7,12.27,7.45
2026-04-20 01:09:04,CD_4,5.3,10.64,5.83,9.7,12.27,7.39
2026-04-20 01:09:05,CD_4,5.23,10.66,5.87,9.73,12.23,7.34
2026-04-20 01:09:05,CD_4,5.29,10.62,5.87,9.73,12.19,7.5
2026-04-20 01:09:05,CD_4,5.32,10.43,5.8,9.72,12.19,7.48
2026-04-20 01:09:06,CD_4,5.6,10.46,5.84,9.74,12.26,7.35
2026-04-20 01:09:06,CD_4,5.28,10.55,5.79,9.76,12.27,7.36
2026-04-20 01:09:07,CD_4,5.29,10.65,5.87,9.74,12.27,7.38
2026-04-20 01:09:07,CD_4,5.24,10.65,5.96,9.71,12.24,7.33
2026-04-20 01:09:07,CD_4,5.27,10.54,5.97,9.74,12.29,7.31
2026-04-20 01:09:08,CD_4,5.44,10.65,5.92,9.68,12.3,7.32
2026-04-20 01:09:08,CD_4,5.44,10.61,5.91,9.68,12.29,7.39
2026-04-20 01:09:09,CD_4,5.42,10.61,5.89,9.69,12.32,7.42
2026-04-20 01:09:09,CD_4,5.32,10.64,5.81,9.72,12.45,7.35
2026-04-20 01:09:10,CD_4,5.29,10.83,5.91,9.72,12.34,7.39
2026-04-20 01:09:10,CD_4,5.33,10.65,5.98,9.67,12.28,7.27
2026-04-20 01:09:10,CD_4,5.42,10.65,5.85,9.67,12.29,7.26
2026-04-20 01:09:11,CD_4,5.33,10.63,5.86,9.72,12.24,7.31
2026-04-20 01:09:11,CD_4,5.37,10.64,5.83,9.68,12.37,7.32
2026-04-20 01:09:11,CD_4,5.33,10.65,5.85,9.74,12.35,7.32
2026-04-20 01:09:12,CD_4,5.3,10.62,5.81,9.77,12.22,7.3
2026-04-20 01:09:12,CD_4,5.22,10.67,5.87,9.73,12.31,7.24
2026-04-20 01:09:13,CD_4,5.43,10.63,5.81,9.72,12.28,7.32
2026-04-20 01:09:13,CD_4,5.33,10.63,5.89,9.67,12.26,7.31
2026-04-20 01:09:13,CD_4,5.33,10.41,5.81,9.81,12.36,7.24
2026-04-20 01:09:14,CD_4,5.3,10.62,5.8,9.69,12.25,7.26
2026-04-20 01:09:14,CD_4,5.29,10.67,5.77,9.7,12.29,7.31
2026-04-20 01:09:15,CD_4,5.38,10.45,6.0,9.7,12.26,7.4
2026-04-20 01:09:15,CD_4,5.44,10.6,5.86,9.72,12.24,7.42
2026-04-20 01:09:15,CD_4,5.44,10.32,6.01,9.69,12.24,7.3
2026-04-20 01:09:16,CD_4,5.35,10.67,5.94,9.7,12.49,7.36
2026-04-20 01:09:16,CD_4,5.29,10.63,5.81,9.75,12.29,7.46
2026-04-20 01:09:17,CD_4,5.3,10.64,5.85,9.71,12.34,7.39
2026-04-20 01:09:17,CD_4,5.24,10.55,5.85,9.69,12.22,7.27
2026-04-20 01:09:17,CD_4,5.25,10.68,5.79,9.74,12.43,7.39
2026-04-20 01:09:18,CD_4,5.39,10.63,5.98,9.72,12.23,7.36
2026-04-20 01:09:18,CD_4,5.31,10.66,6.06,9.81,12.24,7.31
2026-04-20 01:09:19,CD_4,5.29,10.4,5.77,9.66,12.27,7.3
2026-04-20 01:09:19,CD_4,5.36,10.48,6.0,9.7,12.19,7.33
2026-04-20 01:09:19,CD_4,5.45,10.59,5.95,9.8,12.21,7.29
2026-04-20 01:09:20,CD_4,5.29,10.61,6.12,9.74,12.24,7.32
2026-04-20 01:09:20,CD_4,5.28,10.6,5.87,9.74,12.26,7.21
2026-04-20 01:09:21,CD_4,5.25,10.6,5.78,9.7,12.33,7.35
2026-04-20 01:09:21,CD_4,5.29,10.63,5.78,9.74,12.25,7.33
2026-04-20 01:09:21,CD_4,5.43,10.56,5.89,9.68,12.23,7.31
2026-04-20 01:09:22,CD_4,5.55,10.68,5.88,9.71,12.25,7.3
2026-04-20 01:09:22,CD_4,5.47,10.65,5.78,9.74,12.3,7.33
2026-04-20 01:09:23,CD_4,5.33,10.64,5.83,9.71,12.2,7.32
2026-04-20 01:09:23,CD_4,5.38,10.48,5.8,9.69,12.27,7.28
2026-04-20 01:09:23,CD_4,5.31,10.64,5.82,9.79,12.26,7.28
2026-04-20 01:09:24,CD_4,5.28,10.65,5.92,9.7,12.23,7.34
2026-04-20 01:09:24,CD_4,5.34,10.63,5.86,9.67,12.2,7.38
2026-04-20 01:09:25,CD_4,5.28,10.59,5.83,9.76,12.28,7.3
2026-04-20 01:09:25,CD_4,5.31,10.63,5.9,9.7,12.26,7.28
2026-04-20 01:09:25,CD_4,5.32,10.61,5.85,9.67,12.26,7.34
2026-04-20 01:09:26,CD_4,5.28,10.62,5.79,9.7,12.25,7.24
2026-04-20 01:09:26,CD_4,5.47,10.57,5.9,9.73,12.35,7.2
2026-04-20 01:09:27,CD_4,5.38,10.42,5.8,9.73,12.31,7.37
2026-04-20 01:09:27,CD_4,5.37,10.43,5.84,9.71,12.27,7.35
2026-04-20 01:09:27,CD_4,5.37,10.55,5.88,9.65,12.23,7.43
2026-04-20 01:09:28,CD_4,5.31,10.61,5.85,9.8,12.26,7.37
2026-04-20 01:09:28,CD_4,5.4,10.6,5.81,9.74,12.25,7.46
2026-04-20 01:09:29,CD_4,5.24,10.59,5.8,9.71,12.27,7.44
2026-04-20 01:09:29,CD_4,5.41,10.62,5.86,9.7,12.31,7.35
2026-04-20 01:09:29,CD_4,5.33,10.59,5.79,9.67,12.23,7.3
2026-04-20 01:09:30,CD_4,5.29,10.61,5.87,9.7,12.25,7.29
2026-04-20 01:09:30,CD_4,5.29,10.62,6.07,9.68,12.33,7.36
2026-04-20 01:09:31,CD_4,5.28,10.62,5.87,9.7,12.38,7.25
2026-04-20 01:09:31,CD_4,5.25,10.48,5.85,9.69,12.23,7.31
2026-04-20 01:09:31,CD_4,5.4,10.63,5.83,9.67,12.23,7.24
2026-04-20 01:09:32,CD_4,5.36,10.68,5.8,9.88,12.21,7.3
2026-04-20 01:09:32,CD_4,5.29,10.62,5.78,9.72,12.24,7.33
2026-04-20 01:09:33,CD_4,5.35,10.56,5.99,9.69,12.3,7.47
2026-04-20 01:09:33,CD_4,5.34,10.46,5.89,9.67,12.24,7.43
2026-04-20 01:09:33,CD_4,5.34,10.5,5.77,9.7,12.28,7.44
2026-04-20 01:09:34,CD_4,5.56,10.62,5.85,9.69,12.22,7.5
2026-04-20 01:09:34,CD_4,5.56,10.38,5.78,9.73,12.31,7.39
2026-04-20 01:09:35,CD_4,5.32,10.25,5.86,9.73,12.29,7.3
2026-04-20 01:09:35,CD_4,5.27,10.61,5.83,9.72,12.25,7.37
2026-04-20 01:09:35,CD_4,5.33,10.5,5.92,9.66,12.28,7.28
2026-04-20 01:09:36,CD_4,5.64,10.38,5.87,9.69,12.23,7.49
2026-04-20 01:09:36,CD_4,5.28,10.41,5.84,9.69,12.55,7.35
2026-04-20 01:09:37,CD_4,5.35,10.72,5.83,9.7,12.45,7.38
2026-04-20 01:09:37,CD_4,5.35,10.59,5.85,9.64,12.52,7.36
2026-04-20 01:09:37,CD_4,5.36,10.41,5.92,9.76,12.19,7.3
2026-04-20 01:09:38,CD_4,5.35,10.58,5.81,9.67,12.27,7.29
2026-04-20 01:09:38,CD_4,5.29,10.58,5.96,9.65,12.45,7.31
2026-04-20 01:09:39,CD_4,5.38,10.61,6.16,9.68,12.25,7.29
2026-04-20 01:09:39,CD_4,5.49,10.42,6.0,9.68,12.28,7.39
2026-04-20 01:09:39,CD_4,5.38,10.37,5.83,9.68,12.28,7.41
2026-04-20 01:09:40,CD_4,5.3,10.59,5.83,9.7,12.2,7.45
2026-04-20 01:09:40,CD_4,5.29,10.63,5.86,9.67,12.52,7.44
2026-04-20 01:09:41,CD_4,5.46,10.57,5.95,9.69,12.23,7.38
