Timestamp,Label,V_AD,V_AB,V_BC,V_CD,V_AC,V_BD
2026-04-12 21:11:29,AB_1,13.9,6.79,14.8,7.75,14.3,14.1
2026-04-12 21:11:29,AB_1,13.4,6.89,14.4,8.41,14.7,14.1
2026-04-12 21:11:29,AB_1,13.4,6.95,14.2,8.55,14.9,14.1
2026-04-12 21:11:30,AB_1,13.4,6.95,14.3,9.02,15.1,14.1
2026-04-12 21:11:30,AB_1,13.4,6.98,14.2,9.01,15.2,14.1
2026-04-12 21:11:30,AB_1,13.4,6.88,14.2,8.73,15.3,14.1
2026-04-12 21:11:31,AB_1,13.4,6.9,14.1,8.61,15.4,14.0
2026-04-12 21:11:31,AB_1,13.3,6.91,14.1,8.48,15.4,14.1
2026-04-12 21:11:31,AB_1,13.4,6.9,14.1,8.52,15.4,14.1
2026-04-12 21:11:32,AB_1,13.4,6.9,14.1,8.85,15.6,14.1
2026-04-12 21:11:32,AB_1,13.3,6.95,14.1,9.06,15.8,14.1
2026-04-12 21:11:32,AB_1,13.3,6.52,14.1,8.96,15.8,14.1
2026-04-12 21:11:33,AB_1,13.4,6.95,14.1,9.04,15.9,14.1
2026-04-12 21:11:33,AB_1,13.4,6.99,14.1,9.24,16.2,14.1
2026-04-12 21:11:34,AB_1,13.5,6.78,14.1,8.79,16.0,14.1
2026-04-12 21:11:34,AB_1,13.5,6.88,14.0,8.47,16.0,14.1
2026-04-12 21:11:34,AB_1,13.6,6.83,14.1,8.46,16.3,14.2
2026-04-12 21:11:35,AB_1,13.7,6.79,14.1,8.48,16.4,14.1
2026-04-12 21:11:35,AB_1,13.6,6.89,14.1,8.46,16.1,14.1
2026-04-12 21:11:35,AB_1,13.7,6.87,14.1,8.91,16.3,14.1
2026-04-12 21:11:36,AB_1,13.6,6.85,14.0,9.12,16.4,14.1
2026-04-12 21:11:36,AB_1,13.5,6.9,14.0,9.24,16.5,14.0
2026-04-12 21:11:36,AB_1,13.5,6.93,14.0,9.24,16.5,14.0
2026-04-12 21:11:37,AB_1,13.4,6.89,14.0,9.03,16.4,14.1
2026-04-12 21:11:37,AB_1,13.4,6.9,14.0,8.61,16.2,14.1
2026-04-12 21:11:38,AB_1,13.4,6.78,14.0,8.79,16.3,14.1
2026-04-12 21:11:38,AB_1,13.4,6.94,14.0,8.94,16.3,14.0
2026-04-12 21:11:38,AB_1,13.4,6.91,14.0,8.93,16.3,14.1
2026-04-12 21:11:39,AB_1,13.4,6.91,14.0,8.93,16.3,14.1
2026-04-12 21:11:39,AB_1,13.4,6.94,14.0,8.95,16.4,14.1
2026-04-12 21:11:39,AB_1,13.4,6.91,14.0,8.63,16.1,14.1
2026-04-12 21:11:40,AB_1,13.3,6.96,14.0,8.97,16.2,14.0
2026-04-12 21:11:40,AB_1,13.3,6.92,14.0,8.66,16.1,14.1
2026-04-12 21:11:40,AB_1,13.3,6.96,14.0,8.91,16.1,14.0
2026-04-12 21:11:41,AB_1,13.1,7.01,14.0,9.31,15.8,14.1
2026-04-12 21:11:41,AB_1,13.1,7.05,14.1,9.39,16.2,14.1
2026-04-12 21:11:41,AB_1,13.2,6.97,14.1,9.16,16.0,14.1
2026-04-12 21:11:42,AB_1,13.2,7.02,14.0,8.83,16.1,14.2
2026-04-12 21:11:42,AB_1,13.1,7.01,14.1,8.85,16.2,14.2
2026-04-12 21:11:43,AB_1,13.1,7.02,14.1,9.22,16.1,14.1
2026-04-12 21:11:43,AB_1,13.0,7.06,14.1,9.53,16.1,14.1
2026-04-12 21:11:43,AB_1,13.0,6.99,14.1,9.2,16.0,14.1
2026-04-12 21:11:44,AB_1,13.0,7.05,14.0,8.91,15.8,14.1
2026-04-12 21:11:44,AB_1,13.0,7.09,13.9,9.32,15.9,13.9
2026-04-12 21:11:44,AB_1,12.8,7.12,13.9,9.45,15.9,14.0
2026-04-12 21:11:45,AB_1,12.9,7.07,14.0,9.36,16.2,14.1
2026-04-12 21:11:45,AB_1,13.1,7.08,14.2,9.63,16.2,14.1
2026-04-12 21:11:45,AB_1,13.1,7.01,14.1,9.11,16.0,14.2
2026-04-12 21:11:46,AB_1,13.1,7.06,14.0,9.18,16.0,14.0
2026-04-12 21:11:46,AB_1,12.9,7.0,13.9,9.12,16.0,13.9
2026-04-12 21:11:46,AB_1,12.9,6.97,13.9,9.03,16.1,14.0
2026-04-12 21:11:47,AB_1,13.0,7.05,13.9,8.82,15.9,14.0
2026-04-12 21:11:47,AB_1,13.1,7.03,14.0,8.88,16.2,14.2
2026-04-12 21:11:48,AB_1,13.2,6.98,14.1,8.85,16.3,14.3
2026-04-12 21:11:48,AB_1,13.6,6.89,14.1,9.01,16.4,14.2
2026-04-12 21:11:48,AB_1,13.3,6.87,14.1,8.92,16.4,14.2
2026-04-12 21:11:49,AB_1,13.3,6.98,14.1,8.79,15.9,14.2
2026-04-12 21:11:49,AB_1,13.2,7.0,14.1,9.11,16.2,14.1
2026-04-12 21:11:49,AB_1,13.1,7.05,14.0,9.3,16.1,14.0
2026-04-12 21:11:50,AB_1,13.0,6.92,13.9,8.89,16.2,14.0
2026-04-12 21:11:50,AB_1,13.0,7.07,13.9,9.31,16.1,13.9
2026-04-12 21:11:50,AB_1,13.0,7.08,13.9,9.42,16.0,13.9
2026-04-12 21:11:51,AB_1,13.0,7.09,13.9,9.54,16.3,14.0
2026-04-12 21:11:51,AB_1,12.9,7.11,13.9,9.44,16.1,13.9
2026-04-12 21:11:51,AB_1,13.0,7.0,13.9,9.19,16.1,14.1
2026-04-12 21:11:52,AB_1,13.3,6.99,14.0,9.16,16.4,13.9
2026-04-12 21:11:52,AB_1,13.0,7.14,13.8,9.59,15.9,13.9
2026-04-12 21:11:53,AB_1,12.9,7.07,13.8,9.68,16.1,13.9
2026-04-12 21:11:53,AB_1,12.9,7.15,13.8,9.63,16.0,13.8
2026-04-12 21:11:53,AB_1,12.8,7.13,13.8,9.62,16.2,13.9
2026-04-12 21:11:54,AB_1,12.9,7.13,13.8,9.73,16.1,13.9
2026-04-12 21:11:54,AB_1,12.9,7.11,13.9,9.78,16.2,14.0
2026-04-12 21:11:54,AB_1,13.1,7.07,14.1,9.29,16.3,14.2
2026-04-12 21:11:55,AB_1,13.4,6.99,14.1,8.9,16.4,14.3
2026-04-12 21:11:55,AB_1,13.4,6.98,14.3,9.42,16.6,14.4
2026-04-12 21:11:55,AB_1,13.4,7.02,14.3,9.37,16.4,14.3
2026-04-12 21:11:56,AB_1,13.3,7.01,14.2,9.67,16.4,14.2
2026-04-12 21:11:56,AB_1,13.2,6.92,14.1,9.22,16.3,14.2
2026-04-12 21:11:56,AB_1,13.2,7.05,14.1,9.26,16.1,14.0
2026-04-12 21:11:57,AB_1,13.1,6.95,14.0,8.94,16.1,14.0
2026-04-12 21:11:57,AB_1,13.1,7.09,13.8,9.41,16.1,13.9
2026-04-12 21:11:58,AB_1,12.9,7.09,13.9,9.41,16.2,13.9
2026-04-12 21:11:58,AB_1,12.9,7.13,13.8,9.6,16.1,13.8
2026-04-12 21:11:58,AB_1,13.0,7.06,13.9,9.52,16.4,13.9
2026-04-12 21:11:59,AB_1,13.2,7.01,13.9,9.7,16.4,14.0
2026-04-12 21:11:59,AB_1,13.3,6.97,14.0,9.59,16.8,14.0
2026-04-12 21:11:59,AB_1,13.5,6.96,14.0,9.64,16.8,14.0
2026-04-12 21:12:00,AB_1,13.5,6.95,14.0,9.58,16.9,14.0
2026-04-12 21:12:00,AB_1,13.5,6.82,14.0,9.15,16.9,14.1
2026-04-12 21:12:00,AB_1,13.7,6.88,14.1,8.96,16.9,14.2
2026-04-12 21:12:01,AB_1,13.8,6.85,14.1,9.28,16.8,14.1
2026-04-12 21:12:01,AB_1,13.8,6.87,14.1,9.43,17.2,14.3
2026-04-12 21:12:01,AB_1,13.9,6.88,14.2,9.03,17.1,14.3
2026-04-12 21:12:02,AB_1,13.9,6.83,14.1,8.89,17.0,14.2
2026-04-12 21:12:02,AB_1,13.8,6.78,14.1,8.97,16.9,14.1
2026-04-12 21:12:02,AB_1,13.8,6.75,14.1,8.75,17.0,14.2
2026-04-12 21:12:03,AB_1,13.8,6.76,14.1,8.69,17.1,14.3
2026-04-12 21:12:03,AB_1,13.9,6.78,14.1,9.07,17.0,14.2
2026-04-12 21:12:04,AB_1,13.8,6.59,14.1,8.85,16.9,14.3
2026-04-12 21:12:04,AB_1,13.8,6.83,14.1,9.17,16.9,14.2
2026-04-12 21:12:04,AB_1,13.7,6.89,14.1,9.26,17.0,14.2
2026-04-12 21:12:05,AB_1,13.7,6.85,14.2,9.37,17.0,14.2
2026-04-12 21:12:05,AB_1,13.6,6.89,14.1,9.45,16.8,14.1
2026-04-12 21:12:05,AB_1,13.6,6.73,14.1,8.98,16.8,14.3
2026-04-12 21:12:06,AB_1,13.7,6.83,14.1,8.77,16.9,14.3
2026-04-12 21:12:06,AB_1,13.7,6.84,14.1,9.19,17.0,14.2
2026-04-12 21:12:06,AB_1,13.7,6.71,14.1,8.95,16.9,14.3
2026-04-12 21:12:07,AB_1,13.8,6.83,14.1,8.68,16.7,14.3
2026-04-12 21:12:07,AB_1,13.8,6.69,14.1,8.53,16.9,14.3
2026-04-12 21:12:07,AB_1,13.8,6.81,14.1,8.85,16.8,14.2
2026-04-12 21:12:08,AB_1,13.8,6.68,14.1,8.63,16.9,14.3
2026-04-12 21:12:08,AB_1,13.8,6.81,14.1,9.01,16.8,14.2
2026-04-12 21:12:09,AB_1,13.8,6.86,14.1,9.17,17.0,14.1
2026-04-12 21:12:09,AB_1,13.7,6.84,14.1,9.33,16.8,14.1
2026-04-12 21:12:09,AB_1,13.8,6.85,14.2,9.16,17.1,14.2
2026-04-12 21:12:10,AB_1,13.7,6.84,14.0,9.34,17.0,14.1
2026-04-12 21:12:10,AB_1,13.7,6.92,14.1,9.26,17.1,14.1
2026-04-12 21:12:10,AB_1,13.7,6.87,14.1,9.35,16.7,14.1
2026-04-12 21:12:11,AB_1,13.7,6.9,14.0,9.53,17.1,14.1
2026-04-12 21:12:11,AB_1,13.7,6.71,14.0,9.06,16.9,14.1
2026-04-12 21:12:11,AB_1,13.8,6.77,14.1,8.71,17.1,14.3
2026-04-12 21:12:12,AB_1,13.8,6.83,14.0,9.0,16.8,14.1
2026-04-12 21:12:12,AB_1,13.7,6.9,14.0,9.27,17.0,14.0
2026-04-12 21:12:12,AB_1,13.7,6.86,14.0,9.34,16.8,14.0
2026-04-12 21:12:13,AB_1,13.6,6.9,13.9,9.29,17.0,14.0
2026-04-12 21:12:13,AB_1,13.7,6.77,14.0,9.01,16.9,14.1
2026-04-12 21:12:14,AB_1,13.7,6.85,14.0,9.17,17.0,14.0
2026-04-12 21:12:14,AB_1,13.6,6.83,14.0,8.93,16.8,14.2
2026-04-12 21:12:14,AB_1,13.7,6.83,14.0,9.16,16.9,14.0
2026-04-12 21:12:15,AB_1,13.5,6.82,13.9,8.95,16.7,14.0
2026-04-12 21:12:15,AB_1,13.4,6.92,13.9,9.21,16.4,14.0
2026-04-12 21:12:15,AB_1,13.2,6.97,13.8,9.34,16.4,13.9
2026-04-12 21:12:16,AB_1,13.1,7.08,13.8,9.43,16.4,13.8
2026-04-12 21:12:16,AB_1,12.9,7.07,13.8,9.6,16.0,13.8
2026-04-12 21:12:16,AB_1,12.8,6.99,13.7,9.18,16.2,13.9
2026-04-12 21:12:17,AB_1,13.2,6.92,13.9,9.31,16.6,13.9
2026-04-12 21:12:17,AB_1,13.4,6.85,14.0,9.0,16.7,14.1
2026-04-12 21:12:17,AB_1,13.7,6.79,14.1,8.78,17.0,14.2
2026-04-12 21:12:18,AB_1,13.9,6.81,14.0,9.01,16.9,14.1
2026-04-12 21:12:18,AB_1,13.7,6.73,14.1,8.71,17.0,14.2
2026-04-12 21:12:19,AB_1,13.8,6.81,14.0,9.02,16.9,14.2
2026-04-12 21:12:19,AB_1,13.9,6.79,14.1,8.8,17.0,14.3
2026-04-12 21:12:19,AB_1,13.9,6.74,14.2,8.92,17.3,14.2
2026-04-12 21:12:20,AB_1,13.9,6.79,14.2,8.77,16.9,14.2
2026-04-12 21:12:20,AB_1,13.8,6.8,14.1,9.04,17.0,14.2
2026-04-12 21:12:20,AB_1,13.6,6.76,14.1,8.79,16.6,14.3
2026-04-12 21:12:21,AB_1,13.6,6.74,14.1,8.68,16.7,14.3
2026-04-12 21:12:21,AB_1,13.6,6.85,14.2,8.71,16.6,14.4
2026-04-12 21:12:21,AB_1,13.5,6.89,14.2,8.68,16.7,14.5
2026-04-12 21:12:22,AB_1,13.5,6.92,14.3,8.88,16.5,14.4
2026-04-12 21:12:22,AB_1,13.5,6.94,14.3,9.33,16.6,14.4
2026-04-12 21:12:22,AB_1,13.5,6.94,14.4,9.37,16.8,14.5
2026-04-12 21:12:23,AB_1,13.6,6.94,14.4,9.44,16.7,14.4
2026-04-12 21:12:23,AB_1,13.5,6.77,14.4,9.05,16.9,14.6
2026-04-12 21:12:24,AB_1,13.7,6.85,14.4,9.35,16.9,14.5
2026-04-12 21:12:24,AB_1,13.6,6.95,14.4,9.47,16.8,14.4
2026-04-12 21:12:24,AB_1,13.6,6.91,14.4,9.53,16.6,14.4
2026-04-12 21:12:25,AB_1,13.5,6.94,14.3,9.2,16.7,14.5
2026-04-12 21:12:25,AB_1,13.6,6.88,14.4,8.86,16.5,14.5
2026-04-12 21:12:25,AB_1,13.6,6.9,14.4,9.29,16.7,14.4
2026-04-12 21:12:26,AB_1,13.6,6.91,14.3,9.42,16.7,14.3
2026-04-12 21:12:26,AB_1,13.6,6.83,14.3,9.07,16.6,14.5
2026-04-12 21:12:26,AB_1,13.6,6.85,14.4,8.89,16.7,14.5
2026-04-12 21:12:27,AB_1,13.7,6.92,14.4,8.9,16.8,14.5
2026-04-12 21:12:27,AB_1,13.6,6.83,14.4,8.9,16.9,14.6
2026-04-12 21:12:28,AB_1,13.7,6.72,14.4,8.78,16.6,14.5
2026-04-12 21:12:28,AB_1,13.6,6.87,14.3,8.98,16.7,14.4
2026-04-12 21:12:28,AB_1,13.5,6.89,14.2,9.19,16.8,14.2
2026-04-12 21:12:29,AB_1,13.5,6.86,14.1,8.9,16.6,14.2
2026-04-12 21:12:29,AB_1,13.5,6.82,14.1,8.84,16.6,14.2
2026-04-12 21:12:29,AB_1,13.5,6.89,14.0,8.88,16.4,14.1
2026-04-12 21:12:30,AB_1,13.4,6.95,14.0,9.25,16.7,14.0
2026-04-12 21:12:30,AB_1,13.3,6.88,13.9,9.25,16.5,13.8
2026-04-12 21:12:30,AB_1,13.1,7.02,13.9,9.31,16.6,13.9
2026-04-12 21:12:31,AB_1,13.3,6.8,14.1,8.94,16.7,13.9
2026-04-12 21:12:31,AB_1,13.5,6.9,14.0,8.72,16.8,14.1
2026-04-12 21:12:31,AB_1,13.6,6.73,14.0,8.58,16.6,14.0
2026-04-12 21:12:32,AB_1,13.5,6.81,13.9,8.58,16.5,14.1
2026-04-12 21:12:32,AB_1,13.5,6.83,14.0,8.51,16.3,13.9
2026-04-12 21:12:33,AB_1,13.1,6.96,13.8,8.61,16.0,13.9
2026-04-12 21:12:33,AB_1,12.9,6.98,13.8,8.71,15.9,13.9
2026-04-12 21:12:33,AB_1,13.1,6.99,13.7,9.02,16.2,13.8
2026-04-12 21:12:34,AB_1,12.9,7.04,13.8,9.27,16.3,14.0
2026-04-12 21:12:34,AB_1,13.4,6.71,14.2,8.9,16.8,14.1
2026-04-12 21:12:34,AB_1,13.2,7.09,13.8,8.95,16.1,14.1
2026-04-12 21:12:35,AB_1,13.3,6.91,14.1,9.36,16.8,14.2
2026-04-12 21:12:35,AB_1,13.4,6.76,14.1,9.08,16.9,14.4
2026-04-12 21:12:35,AB_1,13.7,6.85,13.8,8.92,16.1,13.8
2026-04-12 21:12:36,AB_1,12.8,6.88,13.7,8.82,16.0,13.8
2026-04-12 21:12:36,AB_1,12.9,7.03,13.8,9.11,16.4,13.9
2026-04-12 21:12:37,AB_1,13.0,7.07,13.9,8.84,16.3,14.0
2026-04-12 21:12:37,AB_1,13.2,6.99,14.0,8.97,16.4,14.2
2026-04-12 21:12:37,AB_1,13.2,6.94,14.2,8.96,16.3,14.3
2026-04-12 21:12:38,AB_1,13.2,6.93,14.2,8.74,16.3,14.4
2026-04-12 21:12:38,AB_1,13.6,6.88,14.4,9.12,16.7,14.5
2026-04-12 21:12:38,AB_1,13.6,6.77,14.4,8.92,16.5,14.5
2026-04-12 21:12:39,AB_1,13.7,6.87,14.4,9.1,16.9,14.5
2026-04-12 21:12:39,AB_1,13.6,6.92,14.4,9.36,16.9,14.5
2026-04-12 21:12:39,AB_1,13.7,6.92,14.4,9.41,16.7,14.5
2026-04-12 21:12:40,AB_1,13.6,6.94,14.4,9.56,16.9,14.4
2026-04-12 21:12:46,AB_2,14.0,6.56,14.0,9.0,17.5,14.2
2026-04-12 21:12:46,AB_2,14.0,6.7,14.0,8.91,17.3,14.1
2026-04-12 21:12:46,AB_2,13.9,6.55,14.0,8.84,17.2,14.1
2026-04-12 21:12:47,AB_2,13.9,6.72,14.0,9.08,17.4,14.0
2026-04-12 21:12:47,AB_2,13.9,6.73,13.9,9.26,17.6,14.1
2026-04-12 21:12:47,AB_2,13.8,6.76,14.0,9.16,17.4,14.1
2026-04-12 21:12:48,AB_2,13.9,6.78,13.9,9.21,17.4,14.0
2026-04-12 21:12:48,AB_2,13.8,6.57,14.0,8.89,17.4,14.2
2026-04-12 21:12:48,AB_2,14.0,6.69,13.9,9.04,17.5,14.0
2026-04-12 21:12:49,AB_2,13.9,6.63,14.0,8.95,17.4,14.1
2026-04-12 21:12:49,AB_2,13.9,6.54,14.0,8.78,17.4,14.1
2026-04-12 21:12:50,AB_2,14.0,6.66,13.9,8.56,17.2,14.1
2026-04-12 21:12:50,AB_2,13.9,6.65,13.9,8.41,17.1,14.1
2026-04-12 21:12:50,AB_2,14.0,6.63,14.0,8.42,17.3,14.2
2026-04-12 21:12:51,AB_2,14.2,6.58,13.7,8.52,17.2,13.6
2026-04-12 21:12:51,AB_2,13.7,6.62,13.4,8.34,17.0,13.5
2026-04-12 21:12:51,AB_2,13.7,6.59,13.5,8.41,17.2,13.7
2026-04-12 21:12:52,AB_2,13.9,6.58,13.5,8.28,17.1,13.7
2026-04-12 21:12:52,AB_2,13.9,6.65,13.4,8.55,16.9,13.6
2026-04-12 21:12:52,AB_2,13.7,6.69,13.4,8.56,16.9,13.4
2026-04-12 21:12:53,AB_2,13.7,6.71,13.3,8.9,17.1,13.5
2026-04-12 21:12:53,AB_2,13.7,6.57,13.3,8.53,17.1,13.5
2026-04-12 21:12:53,AB_2,13.8,6.63,13.3,8.36,16.9,13.4
2026-04-12 21:12:54,AB_2,13.6,6.56,13.2,8.24,16.9,13.5
2026-04-12 21:12:54,AB_2,13.7,6.63,13.4,8.17,17.1,13.7
2026-04-12 21:12:55,AB_2,13.9,6.65,13.5,8.65,17.2,13.7
2026-04-12 21:12:55,AB_2,13.8,6.72,13.7,8.64,17.1,13.8
2026-04-12 21:12:55,AB_2,14.0,6.49,13.7,8.61,17.4,13.9
2026-04-12 21:12:56,AB_2,14.0,6.73,13.7,8.82,17.4,13.8
2026-04-12 21:12:56,AB_2,14.0,6.69,13.8,8.92,17.4,13.9
2026-04-12 21:12:56,AB_2,13.9,6.69,13.7,9.02,17.2,13.8
2026-04-12 21:12:57,AB_2,14.0,6.71,13.7,8.67,17.2,13.9
2026-04-12 21:12:57,AB_2,14.1,6.63,13.7,8.43,17.2,13.9
2026-04-12 21:12:57,AB_2,14.1,6.68,13.7,8.48,17.4,13.9
2026-04-12 21:12:58,AB_2,14.1,6.65,13.6,8.82,17.3,13.7
2026-04-12 21:12:58,AB_2,13.9,6.63,13.6,8.44,17.4,13.8
2026-04-12 21:12:59,AB_2,13.9,6.6,13.6,8.38,17.1,13.7
2026-04-12 21:12:59,AB_2,13.8,6.63,13.4,8.59,17.0,13.5
2026-04-12 21:12:59,AB_2,13.7,6.61,13.3,8.48,17.1,13.6
2026-04-12 21:13:00,AB_2,13.8,6.67,13.4,8.18,17.0,13.6
2026-04-12 21:13:00,AB_2,13.8,6.59,13.4,8.17,17.1,13.6
2026-04-12 21:13:00,AB_2,13.8,6.64,13.4,8.12,16.9,13.6
2026-04-12 21:13:01,AB_2,13.8,6.63,13.3,8.48,17.1,13.4
2026-04-12 21:13:01,AB_2,13.6,6.5,13.4,8.39,17.0,13.6
2026-04-12 21:13:01,AB_2,13.7,6.69,13.4,8.54,16.9,13.5
2026-04-12 21:13:02,AB_2,13.6,6.57,13.5,8.51,17.1,13.7
2026-04-12 21:13:02,AB_2,13.7,6.58,13.5,8.41,17.1,13.7
2026-04-12 21:13:02,AB_2,13.8,6.67,13.5,8.65,16.9,13.6
2026-04-12 21:13:03,AB_2,13.7,6.72,13.5,8.89,17.1,13.7
2026-04-12 21:13:03,AB_2,13.7,6.62,13.6,8.64,17.0,13.8
2026-04-12 21:13:04,AB_2,13.8,6.73,13.6,8.81,17.2,13.7
2026-04-12 21:13:04,AB_2,13.7,6.77,13.6,9.06,17.0,13.9
2026-04-12 21:13:04,AB_2,13.7,6.67,13.8,8.88,17.1,14.0
2026-04-12 21:13:05,AB_2,13.9,6.69,13.9,8.65,17.2,14.1
2026-04-12 21:13:05,AB_2,13.9,6.72,14.0,8.54,17.1,14.2
2026-04-12 21:13:05,AB_2,13.9,6.65,14.0,8.32,17.1,14.2
2026-04-12 21:13:06,AB_2,14.0,6.7,14.0,8.78,17.1,14.1
2026-04-12 21:13:06,AB_2,13.8,6.6,14.0,8.71,17.1,14.2
2026-04-12 21:13:06,AB_2,13.9,6.68,14.0,8.49,16.9,14.1
2026-04-12 21:13:07,AB_2,13.8,6.77,13.9,8.9,17.1,14.0
2026-04-12 21:13:07,AB_2,13.8,6.59,14.0,8.57,16.9,14.1
2026-04-12 21:13:08,AB_2,13.9,6.69,14.0,8.75,17.1,14.0
2026-04-12 21:13:08,AB_2,13.8,6.66,14.0,8.62,17.2,14.2
2026-04-12 21:13:08,AB_2,13.9,6.65,14.0,8.49,17.0,14.2
2026-04-12 21:13:09,AB_2,14.0,6.7,14.0,8.7,17.3,14.2
2026-04-12 21:13:09,AB_2,13.9,6.75,14.0,9.07,16.8,14.1
2026-04-12 21:13:09,AB_2,13.8,6.81,14.0,9.15,17.1,14.1
2026-04-12 21:13:10,AB_2,13.8,6.81,14.0,9.16,17.2,14.1
2026-04-12 21:13:10,AB_2,13.8,6.58,14.0,8.69,17.2,14.2
2026-04-12 21:13:10,AB_2,13.9,6.65,14.0,8.57,17.1,14.2
2026-04-12 21:13:11,AB_2,14.0,6.73,14.1,8.97,17.4,14.1
2026-04-12 21:13:11,AB_2,13.9,6.54,14.0,8.72,17.3,14.3
2026-04-12 21:13:11,AB_2,14.0,6.73,14.1,8.95,17.3,14.2
2026-04-12 21:13:12,AB_2,13.9,6.6,14.1,8.64,17.2,14.3
2026-04-12 21:13:12,AB_2,14.0,6.71,14.0,8.98,17.2,14.1
2026-04-12 21:13:12,AB_2,13.9,6.76,13.9,9.07,17.1,14.1
2026-04-12 21:13:13,AB_2,13.9,6.58,14.0,8.7,17.1,14.0
2026-04-12 21:13:13,AB_2,14.0,6.6,13.9,8.44,17.0,14.0
2026-04-12 21:13:14,AB_2,13.9,6.63,13.8,8.39,17.2,13.9
2026-04-12 21:13:14,AB_2,13.9,6.71,13.7,8.78,17.4,13.8
2026-04-12 21:13:14,AB_2,13.9,6.52,13.7,8.49,17.2,13.9
2026-04-12 21:13:15,AB_2,14.1,6.62,13.6,8.65,17.3,13.8
2026-04-12 21:13:15,AB_2,14.0,6.72,13.6,8.88,17.2,13.7
2026-04-12 21:13:15,AB_2,14.0,6.73,13.6,9.0,17.1,13.7
2026-04-12 21:13:16,AB_2,14.0,6.45,13.6,8.62,17.4,13.9
2026-04-12 21:13:16,AB_2,14.1,6.56,13.7,8.41,17.4,14.0
2026-04-12 21:13:16,AB_2,14.2,6.68,13.7,8.7,17.5,13.8
2026-04-12 21:13:17,AB_2,14.0,6.58,13.6,8.45,17.4,13.9
2026-04-12 21:13:17,AB_2,14.0,6.65,13.6,8.2,17.4,13.9
2026-04-12 21:13:18,AB_2,14.1,6.49,13.8,8.17,17.3,14.0
2026-04-12 21:13:18,AB_2,14.0,6.59,13.5,8.18,17.1,13.7
2026-04-12 21:13:18,AB_2,14.0,6.64,13.4,8.5,17.2,13.6
2026-04-12 21:13:19,AB_2,13.8,6.68,13.5,8.73,17.0,13.7
2026-04-12 21:13:19,AB_2,13.8,6.68,13.7,8.36,17.4,14.0
2026-04-12 21:13:19,AB_2,14.2,6.56,13.8,8.41,17.4,14.0
2026-04-12 21:13:20,AB_2,14.2,6.6,13.8,8.24,17.5,14.1
2026-04-12 21:13:20,AB_2,14.2,6.61,13.8,8.64,17.4,13.9
2026-04-12 21:13:20,AB_2,14.2,6.49,14.0,8.46,17.4,14.0
2026-04-12 21:13:21,AB_2,14.2,6.64,13.5,8.63,17.3,13.8
2026-04-12 21:13:21,AB_2,14.0,6.48,13.7,8.35,17.2,13.8
2026-04-12 21:13:21,AB_2,14.2,6.68,13.6,8.57,17.3,13.7
2026-04-12 21:13:22,AB_2,13.8,6.6,13.5,8.39,17.1,13.7
2026-04-12 21:13:22,AB_2,13.9,6.7,13.5,8.66,17.1,13.7
2026-04-12 21:13:23,AB_2,13.8,6.63,13.9,8.39,17.3,14.2
2026-04-12 21:13:23,AB_2,14.0,6.69,13.9,8.85,17.4,14.1
2026-04-12 21:13:23,AB_2,13.9,6.75,14.0,9.11,17.0,14.0
2026-04-12 21:13:24,AB_2,13.8,6.56,13.9,8.53,17.3,14.0
2026-04-12 21:13:24,AB_2,13.9,6.66,13.9,8.52,17.1,14.2
2026-04-12 21:13:24,AB_2,14.0,6.7,14.0,8.86,17.2,14.0
2026-04-12 21:13:25,AB_2,13.8,6.63,13.9,8.63,17.2,14.2
2026-04-12 21:13:25,AB_2,14.0,6.69,14.0,8.31,17.2,14.2
2026-04-12 21:13:25,AB_2,14.0,6.71,13.9,8.83,17.1,14.0
2026-04-12 21:13:26,AB_2,13.9,6.74,13.9,9.06,17.3,14.0
2026-04-12 21:13:26,AB_2,13.8,6.73,13.9,8.95,17.2,14.0
2026-04-12 21:13:26,AB_2,13.8,6.72,13.9,8.66,17.1,14.1
2026-04-12 21:13:27,AB_2,13.9,6.69,13.9,8.81,17.2,14.0
2026-04-12 21:13:27,AB_2,13.8,6.55,13.9,8.68,17.2,14.1
2026-04-12 21:13:28,AB_2,14.0,6.75,13.9,8.99,17.3,14.0
2026-04-12 21:13:28,AB_2,13.9,6.76,13.9,9.1,17.2,13.9
2026-04-12 21:13:28,AB_2,13.8,6.6,13.9,8.75,17.1,14.1
2026-04-12 21:13:29,AB_2,14.0,6.74,13.9,9.07,17.0,14.0
2026-04-12 21:13:29,AB_2,13.8,6.61,13.9,8.85,17.2,14.1
2026-04-12 21:13:29,AB_2,13.9,6.69,13.9,8.94,17.1,14.1
2026-04-12 21:13:30,AB_2,13.9,6.65,14.1,8.5,17.3,14.2
2026-04-12 21:13:30,AB_2,14.0,6.62,14.0,8.5,17.3,14.2
2026-04-12 21:13:30,AB_2,14.0,6.71,14.1,8.73,17.2,14.3
2026-04-12 21:13:31,AB_2,13.9,6.66,14.1,8.63,17.3,14.2
2026-04-12 21:13:31,AB_2,13.9,6.75,14.0,8.85,17.1,14.1
2026-04-12 21:13:32,AB_2,13.9,6.53,14.1,8.73,17.1,14.2
2026-04-12 21:13:32,AB_2,13.9,6.72,14.0,8.93,17.1,14.2
2026-04-12 21:13:32,AB_2,13.9,6.65,14.0,8.72,17.2,14.2
2026-04-12 21:13:33,AB_2,14.0,6.73,14.1,8.98,17.1,14.2
2026-04-12 21:13:33,AB_2,13.9,6.61,14.0,8.71,17.1,14.1
2026-04-12 21:13:33,AB_2,13.8,6.74,13.9,8.54,17.0,14.2
2026-04-12 21:13:34,AB_2,14.0,6.75,14.1,9.0,17.4,14.2
2026-04-12 21:13:34,AB_2,13.9,6.76,14.1,9.12,17.2,14.1
2026-04-12 21:13:34,AB_2,13.9,6.67,14.1,8.88,17.3,14.3
2026-04-12 21:13:35,AB_2,14.0,6.72,14.1,8.62,17.2,14.3
2026-04-12 21:13:35,AB_2,14.0,6.71,14.1,8.82,16.7,14.1
2026-04-12 21:13:35,AB_2,13.9,6.69,14.1,8.58,17.0,14.2
2026-04-12 21:13:36,AB_2,14.0,6.7,14.1,8.47,17.0,14.2
2026-04-12 21:13:36,AB_2,13.9,6.65,14.0,8.35,17.1,14.1
2026-04-12 21:13:37,AB_2,13.9,6.7,14.0,8.82,16.7,14.0
2026-04-12 21:13:37,AB_2,13.8,6.74,13.9,8.93,16.9,14.0
2026-04-12 21:13:37,AB_2,13.8,6.62,13.9,8.56,17.2,14.1
2026-04-12 21:13:38,AB_2,14.0,6.72,13.9,8.89,17.2,13.9
2026-04-12 21:13:38,AB_2,13.8,6.61,13.7,8.5,17.2,13.9
2026-04-12 21:13:38,AB_2,13.9,6.64,13.7,8.39,17.1,13.9
2026-04-12 21:13:39,AB_2,13.9,6.66,13.7,8.67,17.2,13.8
2026-04-12 21:13:39,AB_2,13.8,6.54,13.7,8.51,17.2,13.9
2026-04-12 21:13:39,AB_2,13.9,6.69,13.6,8.71,17.2,13.5
2026-04-12 21:13:40,AB_2,13.6,6.65,13.3,8.77,17.1,13.4
2026-04-12 21:13:40,AB_2,13.6,6.61,13.3,8.41,17.0,13.6
2026-04-12 21:13:41,AB_2,13.7,6.71,13.3,8.88,17.0,13.5
2026-04-12 21:13:41,AB_2,13.6,6.75,13.4,8.91,17.2,13.5
2026-04-12 21:13:41,AB_2,13.7,6.58,13.3,8.43,16.9,13.5
2026-04-12 21:13:42,AB_2,13.7,6.67,13.3,8.37,16.5,13.3
2026-04-12 21:13:42,AB_2,13.6,6.58,13.8,8.55,17.3,14.1
2026-04-12 21:13:42,AB_2,14.0,6.6,13.3,8.06,16.8,13.3
2026-04-12 21:13:43,AB_2,13.6,6.64,13.2,8.09,16.8,13.2
2026-04-12 21:13:43,AB_2,13.6,6.56,13.3,8.26,17.0,13.4
2026-04-12 21:13:43,AB_2,13.7,6.55,13.4,8.26,17.0,13.7
2026-04-12 21:13:44,AB_2,13.9,6.64,13.9,8.35,17.3,14.2
2026-04-12 21:13:44,AB_2,14.0,6.67,13.9,8.66,17.3,14.1
2026-04-12 21:13:44,AB_2,13.9,6.59,14.0,8.57,17.2,14.3
2026-04-12 21:13:45,AB_2,14.1,6.63,14.2,8.47,17.4,14.4
2026-04-12 21:13:45,AB_2,14.1,6.66,14.1,8.47,17.1,14.2
2026-04-12 21:13:46,AB_2,14.0,6.67,14.0,8.73,17.1,14.1
2026-04-12 21:13:46,AB_2,13.8,6.61,14.0,8.49,17.0,14.1
2026-04-12 21:13:46,AB_2,13.9,6.73,14.0,8.41,17.1,14.4
2026-04-12 21:13:47,AB_2,14.2,6.58,14.3,8.18,17.3,14.3
2026-04-12 21:13:47,AB_2,14.1,6.57,13.9,8.26,17.1,14.2
2026-04-12 21:13:47,AB_2,13.9,6.65,13.9,8.73,17.3,14.1
2026-04-12 21:13:48,AB_2,13.9,6.74,13.9,8.92,17.2,13.9
2026-04-12 21:13:48,AB_2,13.8,6.67,13.9,8.63,17.2,14.2
2026-04-12 21:13:48,AB_2,14.0,6.69,13.9,8.77,17.3,13.9
2026-04-12 21:13:49,AB_2,13.8,6.71,13.7,8.57,17.0,13.8
2026-04-12 21:13:49,AB_2,13.8,6.68,13.5,8.52,17.0,13.6
2026-04-12 21:13:50,AB_2,13.7,6.75,13.5,8.89,17.0,13.6
2026-04-12 21:13:50,AB_2,13.6,6.56,13.6,8.62,17.1,13.8
2026-04-12 21:13:50,AB_2,13.8,6.66,13.5,8.78,16.9,13.6
2026-04-12 21:13:51,AB_2,13.6,6.74,13.5,8.96,17.0,13.6
2026-04-12 21:13:51,AB_2,13.7,6.58,13.5,8.51,17.1,13.7
2026-04-12 21:13:51,AB_2,13.8,6.71,13.6,8.82,17.1,13.7
2026-04-12 21:13:52,AB_2,13.7,6.74,13.6,8.85,17.0,13.7
2026-04-12 21:13:52,AB_2,13.7,6.75,13.6,9.03,17.1,13.7
2026-04-12 21:13:52,AB_2,13.7,6.54,13.6,8.7,17.2,13.8
2026-04-12 21:13:53,AB_2,13.9,6.69,13.6,8.8,17.1,13.7
2026-04-12 21:13:53,AB_2,13.8,6.73,13.7,8.91,17.2,13.9
2026-04-12 21:13:53,AB_2,13.9,6.64,13.8,8.62,17.2,13.9
2026-04-12 21:13:54,AB_2,14.0,6.6,13.7,8.47,17.3,13.9
2026-04-12 21:13:54,AB_2,14.0,6.63,13.7,8.33,16.8,13.8
2026-04-12 21:13:55,AB_2,14.0,6.66,13.6,8.56,17.3,13.7
2026-04-12 21:13:55,AB_2,13.7,6.69,13.4,8.85,17.0,13.4
2026-04-12 21:13:55,AB_2,13.6,6.74,13.2,8.96,17.2,13.3
2026-04-12 21:13:56,AB_2,13.5,6.73,13.1,8.86,16.9,13.1
2026-04-12 21:13:56,AB_2,13.4,6.6,13.0,8.51,17.1,13.4
2026-04-12 21:13:56,AB_2,13.7,6.71,13.4,8.85,17.0,13.6
2026-04-12 21:13:57,AB_2,13.6,6.73,13.6,9.12,16.8,13.7
2026-04-12 21:13:57,AB_2,13.7,6.58,13.7,8.71,17.0,13.9
2026-04-12 21:14:04,AB_3,14.5,6.43,14.4,8.92,18.1,14.5
2026-04-12 21:14:04,AB_3,14.3,6.52,14.3,8.81,17.9,14.6
2026-04-12 21:14:04,AB_3,14.3,6.48,14.3,8.73,17.8,14.5
2026-04-12 21:14:05,AB_3,14.3,6.57,14.3,8.94,17.8,14.5
2026-04-12 21:14:05,AB_3,14.2,6.45,14.3,8.75,17.8,14.5
2026-04-12 21:14:05,AB_3,14.2,6.49,14.3,8.44,17.6,14.5
2026-04-12 21:14:06,AB_3,14.3,6.57,14.3,8.58,17.6,14.6
2026-04-12 21:14:06,AB_3,14.3,6.56,14.3,8.8,17.7,14.4
2026-04-12 21:14:06,AB_3,14.2,6.66,14.2,8.89,17.6,14.4
2026-04-12 21:14:07,AB_3,14.2,6.58,14.6,8.91,17.5,14.7
2026-04-12 21:14:07,AB_3,14.1,6.58,14.4,9.02,17.4,14.5
2026-04-12 21:14:07,AB_3,14.1,6.65,14.3,9.2,17.5,14.5
2026-04-12 21:14:08,AB_3,14.0,6.74,14.4,9.25,17.6,14.4
2026-04-12 21:14:08,AB_3,14.0,6.77,14.3,9.29,17.5,14.5
2026-04-12 21:14:09,AB_3,14.0,6.52,14.4,9.07,17.2,14.5
2026-04-12 21:14:09,AB_3,14.0,6.69,14.4,8.77,17.2,14.5
2026-04-12 21:14:09,AB_3,14.1,6.61,14.4,8.71,17.5,14.6
2026-04-12 21:14:10,AB_3,14.1,6.66,14.4,8.95,17.4,14.5
2026-04-12 21:14:10,AB_3,14.0,6.74,14.4,9.15,17.6,14.5
2026-04-12 21:14:10,AB_3,14.0,6.52,14.4,8.9,17.5,14.6
2026-04-12 21:14:11,AB_3,14.1,6.71,14.4,9.05,17.4,14.5
2026-04-12 21:14:11,AB_3,14.1,6.75,14.4,9.25,17.4,14.5
2026-04-12 21:14:11,AB_3,14.0,6.61,14.4,8.92,17.5,14.6
2026-04-12 21:14:12,AB_3,14.1,6.67,14.4,8.89,17.2,14.5
2026-04-12 21:14:12,AB_3,14.0,6.75,14.4,9.24,17.4,14.5
2026-04-12 21:14:12,AB_3,14.0,6.59,14.4,8.84,17.5,14.6
2026-04-12 21:14:13,AB_3,14.2,6.71,14.4,9.12,17.5,14.4
2026-04-12 21:14:13,AB_3,14.0,6.64,14.2,9.23,17.2,14.3
2026-04-12 21:14:14,AB_3,14.0,6.62,14.3,8.85,17.4,14.5
2026-04-12 21:14:14,AB_3,14.1,6.63,14.3,8.74,17.4,14.5
2026-04-12 21:14:14,AB_3,14.1,6.65,14.3,8.92,17.3,14.4
2026-04-12 21:14:15,AB_3,14.0,6.64,14.3,8.67,17.4,14.5
2026-04-12 21:14:15,AB_3,14.1,6.59,14.3,8.54,17.4,14.6
2026-04-12 21:14:15,AB_3,14.2,6.62,14.3,8.96,17.5,14.5
2026-04-12 21:14:16,AB_3,14.2,6.69,14.3,9.1,17.6,14.5
2026-04-12 21:14:16,AB_3,14.1,6.55,14.4,8.89,17.5,14.6
2026-04-12 21:14:16,AB_3,14.3,6.57,14.4,8.5,17.5,14.6
2026-04-12 21:14:17,AB_3,14.3,6.62,14.4,8.9,17.6,14.6
2026-04-12 21:14:17,AB_3,14.3,6.43,14.5,8.65,17.8,14.7
2026-04-12 21:14:17,AB_3,14.4,6.59,14.5,8.85,17.6,14.6
2026-04-12 21:14:18,AB_3,14.3,6.64,14.5,9.11,17.7,14.6
2026-04-12 21:14:18,AB_3,14.3,6.68,14.5,9.23,17.7,14.6
2026-04-12 21:14:19,AB_3,14.3,6.64,14.5,9.4,17.8,14.6
2026-04-12 21:14:19,AB_3,14.3,6.69,14.5,9.27,16.6,14.7
2026-04-12 21:14:19,AB_3,14.3,6.66,14.6,9.32,17.5,14.6
2026-04-12 21:14:20,AB_3,14.3,6.7,14.6,9.58,17.8,14.6
2026-04-12 21:14:20,AB_3,14.3,6.64,14.6,8.89,17.7,14.7
2026-04-12 21:14:20,AB_3,14.3,6.59,14.5,8.61,17.6,14.8
2026-04-12 21:14:21,AB_3,14.4,6.54,14.6,9.0,17.6,14.7
2026-04-12 21:14:21,AB_3,14.2,6.55,14.5,8.8,17.6,14.8
2026-04-12 21:14:21,AB_3,14.3,6.64,14.6,9.0,17.6,14.7
2026-04-12 21:14:22,AB_3,14.2,6.71,14.5,9.22,17.3,14.6
2026-04-12 21:14:22,AB_3,14.1,6.59,14.5,8.9,17.6,14.7
2026-04-12 21:14:22,AB_3,14.2,6.47,14.5,8.78,17.4,14.8
2026-04-12 21:14:23,AB_3,14.2,6.62,14.5,8.53,17.3,14.7
2026-04-12 21:14:23,AB_3,14.1,6.69,14.5,9.0,17.4,14.7
2026-04-12 21:14:24,AB_3,14.0,6.73,14.5,9.06,17.3,14.6
2026-04-12 21:14:24,AB_3,14.0,6.77,14.4,9.23,17.2,14.5
2026-04-12 21:14:24,AB_3,13.9,6.59,14.4,8.92,17.0,14.5
2026-04-12 21:14:25,AB_3,14.0,6.78,14.4,9.26,17.5,14.4
2026-04-12 21:14:25,AB_3,14.0,6.68,14.4,8.82,17.4,14.5
2026-04-12 21:14:25,AB_3,14.1,6.69,14.3,8.61,17.2,14.5
2026-04-12 21:14:26,AB_3,14.1,6.6,14.4,8.58,17.3,14.6
2026-04-12 21:14:26,AB_3,14.2,6.58,14.4,8.37,17.3,14.6
2026-04-12 21:14:26,AB_3,14.2,6.52,14.4,8.54,17.4,14.7
2026-04-12 21:14:27,AB_3,14.2,6.63,14.5,8.91,17.3,14.6
2026-04-12 21:14:27,AB_3,14.1,6.64,14.5,9.12,17.4,14.6
2026-04-12 21:14:28,AB_3,14.0,6.65,14.5,8.68,17.3,14.7
2026-04-12 21:14:28,AB_3,14.2,6.6,14.5,8.61,17.4,14.7
2026-04-12 21:14:28,AB_3,14.2,6.6,14.5,8.98,17.6,14.6
2026-04-12 21:14:29,AB_3,14.1,6.73,14.4,9.15,17.4,14.5
2026-04-12 21:14:29,AB_3,14.1,6.47,14.4,8.91,17.5,14.7
2026-04-12 21:14:29,AB_3,14.2,6.61,14.5,8.68,17.3,14.7
2026-04-12 21:14:30,AB_3,14.2,6.61,14.5,8.9,17.5,14.6
2026-04-12 21:14:30,AB_3,14.2,6.53,14.5,8.6,17.5,14.7
2026-04-12 21:14:30,AB_3,14.3,6.48,14.5,8.6,17.6,14.7
2026-04-12 21:14:31,AB_3,14.3,6.57,14.5,9.05,17.5,14.7
2026-04-12 21:14:31,AB_3,14.3,6.65,14.5,9.11,17.8,14.7
2026-04-12 21:14:31,AB_3,14.3,6.31,14.6,8.83,17.7,14.7
2026-04-12 21:14:32,AB_3,14.4,6.56,14.6,8.51,17.6,14.7
2026-04-12 21:14:32,AB_3,14.3,6.64,14.5,8.83,17.7,14.7
2026-04-12 21:14:33,AB_3,14.4,6.57,14.6,8.65,17.7,14.8
2026-04-12 21:14:33,AB_3,14.3,6.58,14.6,8.59,17.8,14.8
2026-04-12 21:14:33,AB_3,14.4,6.53,14.6,8.83,17.5,14.7
2026-04-12 21:14:34,AB_3,14.3,6.61,14.5,9.03,17.6,14.7
2026-04-12 21:14:34,AB_3,14.3,6.62,14.5,8.76,17.6,14.8
2026-04-12 21:14:34,AB_3,14.4,6.6,14.5,8.96,17.6,14.7
2026-04-12 21:14:35,AB_3,14.2,6.63,14.5,9.17,17.7,14.6
2026-04-12 21:14:35,AB_3,14.2,6.71,14.5,9.26,17.6,14.6
2026-04-12 21:14:35,AB_3,14.2,6.48,14.5,9.01,17.6,14.7
2026-04-12 21:14:36,AB_3,14.3,6.57,14.5,8.7,17.3,14.7
2026-04-12 21:14:36,AB_3,14.2,6.65,14.5,9.05,17.3,14.6
2026-04-12 21:14:37,AB_3,14.1,6.58,14.4,8.69,17.4,14.7
2026-04-12 21:14:37,AB_3,14.2,6.67,14.4,9.06,17.3,14.5
2026-04-12 21:14:37,AB_3,14.0,6.69,14.4,9.12,17.4,14.5
2026-04-12 21:14:38,AB_3,14.0,6.71,14.4,9.1,17.5,14.5
2026-04-12 21:14:38,AB_3,14.1,6.68,14.4,9.16,17.5,14.6
2026-04-12 21:14:38,AB_3,14.2,6.59,14.5,8.72,17.1,14.6
2026-04-12 21:14:39,AB_3,14.2,6.68,14.5,9.09,17.3,14.6
2026-04-12 21:14:39,AB_3,14.1,6.57,14.5,8.7,17.4,14.6
2026-04-12 21:14:39,AB_3,14.2,6.64,14.4,8.48,17.5,14.7
2026-04-12 21:14:40,AB_3,14.3,6.64,14.4,8.91,17.5,14.5
2026-04-12 21:14:40,AB_3,14.1,6.51,14.3,8.67,17.5,14.6
2026-04-12 21:14:40,AB_3,14.2,6.67,14.4,9.01,17.3,14.6
2026-04-12 21:14:41,AB_3,14.1,6.7,14.5,9.11,17.4,14.6
2026-04-12 21:14:41,AB_3,14.0,6.73,14.5,9.34,17.4,14.6
2026-04-12 21:14:42,AB_3,14.0,6.76,14.5,9.4,17.5,14.5
2026-04-12 21:14:42,AB_3,14.0,6.74,14.4,9.09,17.4,14.5
2026-04-12 21:14:42,AB_3,14.0,6.56,14.4,8.92,17.4,14.6
2026-04-12 21:14:43,AB_3,14.1,6.67,14.4,9.25,17.3,14.5
2026-04-12 21:14:43,AB_3,14.0,6.54,14.4,8.9,17.6,14.6
2026-04-12 21:14:43,AB_3,14.2,6.67,14.4,9.15,17.5,14.5
2026-04-12 21:14:44,AB_3,14.1,6.56,14.3,8.81,17.4,14.5
2026-04-12 21:14:44,AB_3,14.0,6.65,14.3,8.52,17.4,14.5
2026-04-12 21:14:44,AB_3,14.1,6.57,14.4,8.5,17.4,14.6
2026-04-12 21:14:45,AB_3,14.2,6.55,14.4,8.49,17.3,14.7
2026-04-12 21:14:45,AB_3,14.2,6.61,14.4,8.84,17.5,14.6
2026-04-12 21:14:46,AB_3,14.1,6.69,14.4,9.05,17.4,14.6
2026-04-12 21:14:46,AB_3,14.1,6.67,14.5,9.16,17.4,14.6
2026-04-12 21:14:46,AB_3,14.1,6.71,14.5,9.25,17.5,14.6
2026-04-12 21:14:47,AB_3,14.1,6.73,14.4,9.22,17.7,14.5
2026-04-12 21:14:47,AB_3,14.1,6.72,14.3,9.25,17.4,14.4
2026-04-12 21:14:47,AB_3,14.0,6.77,14.3,9.38,17.6,14.4
2026-04-12 21:14:48,AB_3,14.0,6.54,14.4,9.02,17.4,14.6
2026-04-12 21:14:48,AB_3,14.2,6.64,14.4,9.02,17.5,14.6
2026-04-12 21:14:48,AB_3,14.1,6.72,14.5,9.32,17.5,14.6
2026-04-12 21:14:49,AB_3,14.1,6.79,14.5,9.31,17.6,14.6
2026-04-12 21:14:49,AB_3,14.1,6.53,14.6,8.93,17.7,14.7
2026-04-12 21:14:49,AB_3,14.2,6.69,14.6,8.78,17.5,14.8
2026-04-12 21:14:50,AB_3,14.3,6.63,14.5,9.0,17.4,14.6
2026-04-12 21:14:50,AB_3,14.2,6.59,14.5,8.63,17.4,14.6
2026-04-12 21:14:50,AB_3,14.2,6.51,14.5,8.66,17.6,14.7
2026-04-12 21:14:51,AB_3,14.3,6.63,14.5,8.97,17.6,14.6
2026-04-12 21:14:51,AB_3,14.2,6.55,14.5,8.66,17.5,14.7
2026-04-12 21:14:52,AB_3,14.3,6.38,14.5,8.72,17.7,14.8
2026-04-12 21:14:52,AB_3,14.4,6.59,14.5,8.77,17.6,14.7
2026-04-12 21:14:52,AB_3,14.3,6.45,14.6,8.71,17.6,14.8
2026-04-12 21:14:53,AB_3,14.4,6.57,14.5,9.01,17.7,14.7
2026-04-12 21:14:53,AB_3,14.2,6.66,14.5,9.26,17.4,14.6
2026-04-12 21:14:53,AB_3,14.0,6.77,14.5,9.16,17.4,14.6
2026-04-12 21:14:54,AB_3,14.0,6.78,14.5,9.35,17.2,14.6
2026-04-12 21:14:54,AB_3,13.9,6.6,14.5,9.12,17.4,14.7
2026-04-12 21:14:54,AB_3,14.1,6.67,14.5,8.8,17.3,14.5
2026-04-12 21:14:55,AB_3,14.1,6.71,14.4,9.06,17.4,14.3
2026-04-12 21:14:55,AB_3,14.0,6.5,14.2,8.7,17.4,14.5
2026-04-12 21:14:55,AB_3,14.1,6.67,14.3,8.89,17.2,14.5
2026-04-12 21:14:56,AB_3,14.0,6.66,14.4,9.05,17.2,14.5
2026-04-12 21:14:56,AB_3,13.9,6.71,14.4,9.14,17.3,14.7
2026-04-12 21:14:57,AB_3,14.1,6.52,14.5,8.71,17.6,14.7
2026-04-12 21:14:57,AB_3,14.3,6.57,14.6,8.6,17.4,14.8
2026-04-12 21:14:57,AB_3,14.4,6.59,14.6,8.83,17.7,14.7
2026-04-12 21:14:58,AB_3,14.2,6.61,14.5,9.15,17.6,14.7
2026-04-12 21:14:58,AB_3,14.3,6.62,14.5,9.21,17.7,14.7
2026-04-12 21:14:58,AB_3,14.2,6.47,14.6,8.83,17.6,14.7
2026-04-12 21:14:59,AB_3,14.4,6.65,14.5,9.05,17.7,14.7
2026-04-12 21:14:59,AB_3,14.3,6.49,14.6,8.81,17.9,14.8
2026-04-12 21:14:59,AB_3,14.4,6.64,14.6,8.58,17.6,14.8
2026-04-12 21:15:00,AB_3,14.4,6.57,14.5,8.89,17.6,14.7
2026-04-12 21:15:00,AB_3,14.3,6.68,14.5,9.22,17.7,14.6
2026-04-12 21:15:01,AB_3,14.2,6.68,14.5,9.24,17.6,14.6
2026-04-12 21:15:01,AB_3,14.2,6.69,14.5,9.26,17.7,14.6
2026-04-12 21:15:01,AB_3,14.2,6.75,14.5,9.47,17.6,14.6
2026-04-12 21:15:02,AB_3,14.2,6.49,14.5,8.87,17.6,14.7
2026-04-12 21:15:02,AB_3,14.3,6.53,14.5,8.69,17.3,14.7
2026-04-12 21:15:02,AB_3,14.3,6.62,14.5,8.97,17.5,14.5
2026-04-12 21:15:03,AB_3,14.0,6.71,14.4,9.25,17.4,14.4
2026-04-12 21:15:03,AB_3,14.0,6.59,14.3,8.83,17.2,14.6
2026-04-12 21:15:03,AB_3,14.1,6.69,14.4,8.97,17.4,14.6
2026-04-12 21:15:04,AB_3,14.1,6.66,14.4,8.71,17.4,14.6
2026-04-12 21:15:04,AB_3,14.2,6.63,14.4,8.85,17.5,14.5
2026-04-12 21:15:04,AB_3,14.0,6.52,14.4,8.8,17.1,14.6
2026-04-12 21:15:05,AB_3,14.1,6.65,14.4,9.01,17.4,14.5
2026-04-12 21:15:05,AB_3,14.0,6.69,14.3,9.14,17.4,14.4
2026-04-12 21:15:05,AB_3,14.0,6.74,14.3,9.29,17.3,14.4
2026-04-12 21:15:06,AB_3,14.0,6.75,14.3,9.39,17.3,14.4
2026-04-12 21:15:06,AB_3,14.0,6.6,14.4,8.87,17.4,14.6
2026-04-12 21:15:07,AB_3,14.1,6.69,14.3,9.05,17.5,14.5
2026-04-12 21:15:07,AB_3,14.0,6.51,14.4,8.75,17.4,14.5
2026-04-12 21:15:07,AB_3,14.1,6.63,14.4,8.66,17.4,14.6
2026-04-12 21:15:08,AB_3,14.1,6.66,14.4,8.57,17.5,14.6
2026-04-12 21:15:08,AB_3,14.2,6.63,14.5,8.52,17.3,14.7
2026-04-12 21:15:08,AB_3,14.2,6.6,14.4,8.52,17.5,14.7
2026-04-12 21:15:09,AB_3,14.2,6.63,14.4,8.84,17.3,14.6
2026-04-12 21:15:09,AB_3,14.1,6.69,14.4,9.08,17.3,14.5
2026-04-12 21:15:09,AB_3,13.9,6.7,14.4,9.01,17.4,14.5
2026-04-12 21:15:10,AB_3,14.0,6.7,14.4,9.14,17.4,14.4
2026-04-12 21:15:10,AB_3,14.0,6.76,14.4,9.31,17.4,14.5
2026-04-12 21:15:11,AB_3,14.0,6.44,14.4,8.98,17.3,14.5
2026-04-12 21:15:11,AB_3,14.0,6.57,14.5,8.86,17.4,14.7
2026-04-12 21:15:11,AB_3,14.0,6.69,14.5,8.7,17.2,14.7
2026-04-12 21:15:12,AB_3,14.1,6.63,14.5,8.48,17.4,14.8
2026-04-12 21:15:12,AB_3,14.2,6.65,14.6,8.9,17.5,14.7
2026-04-12 21:15:12,AB_3,14.0,6.72,14.5,8.74,17.3,14.7
2026-04-12 21:15:13,AB_3,14.0,6.62,14.5,8.63,17.2,14.7
2026-04-12 21:15:13,AB_3,14.1,6.63,14.4,8.47,17.1,14.7
2026-04-12 21:15:13,AB_3,14.1,6.61,14.4,8.42,17.3,14.6
2026-04-12 21:15:14,AB_3,14.1,6.62,14.3,8.72,17.4,14.4
2026-04-12 21:15:14,AB_3,14.0,6.5,14.3,8.5,17.3,14.5
2026-04-12 21:15:14,AB_3,14.1,6.64,14.2,8.79,17.3,14.4
2026-04-12 21:15:15,AB_3,14.0,6.43,14.3,8.63,17.4,14.5
2026-04-12 21:15:26,AB_4,14.6,6.42,14.5,8.54,18.3,14.8
2026-04-12 21:15:27,AB_4,14.5,6.48,14.5,9.01,18.2,14.7
2026-04-12 21:15:27,AB_4,14.3,6.3,14.4,8.95,18.1,14.7
2026-04-12 21:15:28,AB_4,14.5,6.33,14.5,8.73,18.2,14.8
2026-04-12 21:15:28,AB_4,14.5,6.47,14.4,8.89,18.0,14.6
2026-04-12 21:15:28,AB_4,14.3,6.55,14.4,9.04,18.0,14.6
2026-04-12 21:15:29,AB_4,14.3,6.57,14.4,9.16,18.0,14.6
2026-04-12 21:15:29,AB_4,14.3,6.54,14.3,8.96,18.1,14.5
2026-04-12 21:15:29,AB_4,14.3,6.4,14.4,8.84,17.9,14.6
2026-04-12 21:15:30,AB_4,14.4,6.55,14.3,8.88,17.9,14.5
2026-04-12 21:15:30,AB_4,14.3,6.55,14.4,9.29,18.0,14.5
2026-04-12 21:15:30,AB_4,14.3,6.42,14.4,8.83,17.8,14.6
2026-04-12 21:15:31,AB_4,14.3,6.53,14.4,9.02,17.9,14.5
2026-04-12 21:15:31,AB_4,14.3,6.41,14.4,8.81,17.6,14.6
2026-04-12 21:15:31,AB_4,14.3,6.31,14.3,8.71,17.7,14.5
2026-04-12 21:15:32,AB_4,14.4,6.47,14.5,8.55,17.8,14.7
2026-04-12 21:15:32,AB_4,14.4,6.56,14.4,8.88,17.7,14.5
2026-04-12 21:15:33,AB_4,14.3,6.56,14.4,9.08,17.8,14.5
2026-04-12 21:15:33,AB_4,14.3,6.67,14.3,9.3,17.8,14.5
2026-04-12 21:15:33,AB_4,14.2,6.7,14.3,9.11,17.8,14.5
2026-04-12 21:15:34,AB_4,14.3,6.69,14.3,9.38,17.7,14.4
2026-04-12 21:15:34,AB_4,14.2,6.53,14.3,8.78,17.9,14.5
2026-04-12 21:15:34,AB_4,14.3,6.58,14.3,8.72,17.6,14.5
2026-04-12 21:15:35,AB_4,14.4,6.59,14.2,8.82,18.0,14.4
2026-04-12 21:15:35,AB_4,14.3,6.55,14.2,8.52,17.9,14.5
2026-04-12 21:15:35,AB_4,14.5,6.59,14.2,8.91,17.8,14.3
2026-04-12 21:15:36,AB_4,14.3,6.7,14.2,9.06,17.8,14.3
2026-04-12 21:15:36,AB_4,14.3,6.7,14.2,9.27,17.6,14.3
2026-04-12 21:15:36,AB_4,14.2,6.67,14.2,9.18,17.8,14.3
2026-04-12 21:15:37,AB_4,14.2,6.6,14.2,8.59,17.6,14.4
2026-04-12 21:15:37,AB_4,14.3,6.47,14.3,8.73,17.8,14.5
2026-04-12 21:15:38,AB_4,14.3,6.44,14.3,8.68,17.5,14.5
2026-04-12 21:15:38,AB_4,14.3,6.59,14.3,8.69,17.6,14.4
2026-04-12 21:15:38,AB_4,14.1,6.45,14.3,8.72,17.5,14.5
2026-04-12 21:15:39,AB_4,14.2,6.49,14.2,8.53,17.6,14.5
2026-04-12 21:15:39,AB_4,14.2,6.62,14.2,8.88,17.5,14.3
2026-04-12 21:15:39,AB_4,14.1,6.46,14.2,8.57,17.5,14.4
2026-04-12 21:15:40,AB_4,14.3,6.64,14.2,8.64,17.6,14.3
2026-04-12 21:15:40,AB_4,14.1,6.4,14.2,8.54,17.5,14.4
2026-04-12 21:15:40,AB_4,14.3,6.61,14.2,8.94,17.7,14.3
2026-04-12 21:15:41,AB_4,14.2,6.68,14.1,9.11,17.8,14.3
2026-04-12 21:15:41,AB_4,14.2,6.52,14.2,8.82,17.8,14.4
2026-04-12 21:15:41,AB_4,14.4,6.63,14.2,8.92,17.7,14.3
2026-04-12 21:15:42,AB_4,14.3,6.43,14.3,8.78,17.8,14.5
2026-04-12 21:15:42,AB_4,14.4,6.54,14.2,8.34,17.4,14.5
2026-04-12 21:15:43,AB_4,14.4,6.52,14.3,8.24,17.6,14.5
2026-04-12 21:15:43,AB_4,14.5,6.46,14.4,8.41,17.8,14.6
2026-04-12 21:15:43,AB_4,14.4,6.52,14.3,8.31,17.6,14.6
2026-04-12 21:15:44,AB_4,14.5,6.57,14.4,8.67,17.9,14.6
2026-04-12 21:15:44,AB_4,14.3,6.58,14.4,8.99,17.9,14.5
2026-04-12 21:15:44,AB_4,14.3,6.66,14.4,9.07,17.8,14.6
2026-04-12 21:15:45,AB_4,14.3,6.63,14.4,9.13,17.8,14.6
2026-04-12 21:15:45,AB_4,14.3,6.49,14.5,8.81,17.9,14.7
2026-04-12 21:15:45,AB_4,14.5,6.56,14.5,8.64,17.7,14.8
2026-04-12 21:15:46,AB_4,14.5,6.58,14.5,8.84,17.9,14.6
2026-04-12 21:15:46,AB_4,14.4,6.59,14.5,8.99,17.5,14.6
2026-04-12 21:15:46,AB_4,14.3,6.48,14.5,8.78,17.8,14.7
2026-04-12 21:15:47,AB_4,14.5,6.55,14.5,8.46,17.7,14.8
2026-04-12 21:15:47,AB_4,14.5,6.46,14.5,8.38,17.7,14.6
2026-04-12 21:15:48,AB_4,14.3,6.59,14.3,8.42,17.7,14.6
2026-04-12 21:15:48,AB_4,14.4,6.34,14.4,8.3,17.5,14.6
2026-04-12 21:15:48,AB_4,14.3,6.46,14.3,8.4,17.5,14.5
2026-04-12 21:15:49,AB_4,14.2,6.54,14.3,8.32,17.2,14.5
2026-04-12 21:15:49,AB_4,14.3,6.44,14.3,8.29,17.7,14.6
2026-04-12 21:15:49,AB_4,14.3,6.55,14.4,8.35,17.5,14.6
2026-04-12 21:15:50,AB_4,14.2,6.58,14.3,8.65,17.5,14.4
2026-04-12 21:15:50,AB_4,14.1,6.45,14.2,8.41,17.7,14.5
2026-04-12 21:15:50,AB_4,14.3,6.52,14.3,8.43,17.5,14.6
2026-04-12 21:15:51,AB_4,14.3,6.57,14.3,8.6,17.6,14.5
2026-04-12 21:15:51,AB_4,14.2,6.6,14.3,8.72,17.4,14.5
2026-04-12 21:15:52,AB_4,14.2,6.64,14.4,9.15,17.7,14.5
2026-04-12 21:15:52,AB_4,14.3,6.64,14.4,8.99,17.9,14.6
2026-04-12 21:15:52,AB_4,14.3,6.43,14.5,8.89,17.7,14.6
2026-04-12 21:15:53,AB_4,14.3,6.65,14.5,9.12,17.8,14.6
2026-04-12 21:15:53,AB_4,14.3,6.67,14.5,9.17,17.7,14.6
2026-04-12 21:15:53,AB_4,14.3,6.72,14.5,9.21,17.6,14.6
2026-04-12 21:15:54,AB_4,14.4,6.58,14.5,8.83,17.8,14.5
2026-04-12 21:15:54,AB_4,14.4,6.54,14.4,8.71,17.7,14.7
2026-04-12 21:15:54,AB_4,14.5,6.59,14.4,8.9,17.7,14.5
2026-04-12 21:15:55,AB_4,14.3,6.69,14.3,9.08,17.5,14.4
2026-04-12 21:15:55,AB_4,14.3,6.54,14.3,8.69,17.7,14.5
2026-04-12 21:15:55,AB_4,14.4,6.64,14.3,8.54,17.7,14.5
2026-04-12 21:15:56,AB_4,14.4,6.5,14.3,8.41,17.7,14.5
2026-04-12 21:15:56,AB_4,14.4,6.44,14.3,8.4,17.6,14.5
2026-04-12 21:15:57,AB_4,14.4,6.51,14.3,8.28,17.6,14.6
2026-04-12 21:15:57,AB_4,14.5,6.4,14.4,8.33,17.6,14.6
2026-04-12 21:15:57,AB_4,14.4,6.55,14.3,8.68,17.5,14.4
2026-04-12 21:15:58,AB_4,14.3,6.58,14.2,8.81,17.8,14.3
2026-04-12 21:15:58,AB_4,14.3,6.64,14.2,9.1,17.7,14.3
2026-04-12 21:15:58,AB_4,14.2,6.6,14.2,8.91,17.7,14.3
2026-04-12 21:15:59,AB_4,14.2,6.7,14.2,9.22,17.7,14.3
2026-04-12 21:15:59,AB_4,14.2,6.5,14.2,8.72,17.7,14.4
2026-04-12 21:15:59,AB_4,14.2,6.59,14.2,8.6,17.4,14.4
2026-04-12 21:16:00,AB_4,14.2,6.49,14.3,8.39,17.6,14.5
2026-04-12 21:16:00,AB_4,14.2,6.62,14.3,8.57,17.6,14.5
2026-04-12 21:16:00,AB_4,14.3,6.6,14.2,8.78,17.4,14.4
2026-04-12 21:16:01,AB_4,14.0,6.59,14.2,8.66,17.4,14.5
2026-04-12 21:16:01,AB_4,14.2,6.56,14.3,8.45,17.3,14.4
2026-04-12 21:16:02,AB_4,14.2,6.6,14.2,8.52,17.6,14.3
2026-04-12 21:16:02,AB_4,14.1,6.47,14.1,8.56,17.5,14.4
2026-04-12 21:16:02,AB_4,14.2,6.58,14.2,8.31,17.5,14.5
2026-04-12 21:16:03,AB_4,14.3,6.58,14.2,8.76,17.5,14.3
2026-04-12 21:16:03,AB_4,14.2,6.48,14.2,8.56,17.6,14.4
2026-04-12 21:16:03,AB_4,14.3,6.58,14.2,8.39,17.6,14.5
2026-04-12 21:16:04,AB_4,14.4,6.56,14.2,8.06,17.4,14.5
2026-04-12 21:16:04,AB_4,14.4,6.56,14.2,8.2,17.7,14.5
2026-04-12 21:16:04,AB_4,14.3,6.42,14.2,8.23,17.6,14.5
2026-04-12 21:16:05,AB_4,14.5,6.48,14.3,8.26,17.6,14.6
2026-04-12 21:16:05,AB_4,14.5,6.56,14.3,8.57,17.7,14.4
2026-04-12 21:16:06,AB_4,14.3,6.61,14.3,8.99,17.5,14.4
2026-04-12 21:16:06,AB_4,14.3,6.53,14.3,8.61,17.8,14.5
2026-04-12 21:16:06,AB_4,14.4,6.59,14.3,8.41,17.4,14.5
2026-04-12 21:16:07,AB_4,14.3,6.59,14.3,8.81,17.7,14.4
2026-04-12 21:16:07,AB_4,14.3,6.5,14.3,8.59,17.7,14.5
2026-04-12 21:16:07,AB_4,14.4,6.47,14.4,8.3,17.7,14.6
2026-04-12 21:16:08,AB_4,14.4,6.58,14.3,8.71,17.8,14.5
2026-04-12 21:16:08,AB_4,14.3,6.5,14.3,8.62,17.6,14.6
2026-04-12 21:16:08,AB_4,14.4,6.58,14.3,8.76,17.7,14.4
2026-04-12 21:16:09,AB_4,14.3,6.67,14.3,8.99,17.7,14.5
2026-04-12 21:16:09,AB_4,14.3,6.64,14.4,9.07,17.7,14.5
2026-04-12 21:16:09,AB_4,14.3,6.67,14.4,9.2,17.7,14.5
2026-04-12 21:16:10,AB_4,14.3,6.53,14.4,8.83,17.6,14.6
2026-04-12 21:16:10,AB_4,14.4,6.59,14.5,8.79,17.8,14.7
2026-04-12 21:16:11,AB_4,14.4,6.61,14.5,9.03,17.7,14.6
2026-04-12 21:16:11,AB_4,14.3,6.47,14.5,8.74,17.5,14.8
2026-04-12 21:16:11,AB_4,14.5,6.52,14.6,8.46,17.7,14.8
2026-04-12 21:16:12,AB_4,14.5,6.58,14.5,8.78,17.5,14.7
2026-04-12 21:16:12,AB_4,14.4,6.45,14.5,8.55,17.9,14.7
2026-04-12 21:16:12,AB_4,14.5,6.5,14.5,8.55,17.7,14.8
2026-04-12 21:16:13,AB_4,14.5,6.53,14.4,8.86,17.7,14.6
2026-04-12 21:16:13,AB_4,14.3,6.59,14.4,9.0,17.8,14.5
2026-04-12 21:16:13,AB_4,14.3,6.41,14.4,8.69,17.6,14.6
2026-04-12 21:16:14,AB_4,14.3,6.6,14.4,8.46,17.6,14.7
2026-04-12 21:16:14,AB_4,14.4,6.58,14.3,8.83,17.6,14.5
2026-04-12 21:16:15,AB_4,14.2,6.48,14.4,8.64,17.6,14.6
2026-04-12 21:16:15,AB_4,14.3,6.5,14.3,8.46,17.6,14.6
2026-04-12 21:16:15,AB_4,14.3,6.43,14.3,8.43,17.6,14.6
2026-04-12 21:16:16,AB_4,14.3,6.56,14.3,8.7,17.5,14.5
2026-04-12 21:16:16,AB_4,14.2,6.57,14.3,8.49,17.6,14.5
2026-04-12 21:16:16,AB_4,14.3,6.59,14.3,8.79,17.5,14.4
2026-04-12 21:16:17,AB_4,14.1,6.64,14.2,9.01,17.4,14.3
2026-04-12 21:16:17,AB_4,14.0,6.69,14.2,9.18,17.5,14.3
2026-04-12 21:16:17,AB_4,14.0,6.7,14.2,9.05,17.5,14.3
2026-04-12 21:16:18,AB_4,14.0,6.74,14.1,9.29,17.3,14.3
2026-04-12 21:16:18,AB_4,14.1,6.55,14.2,8.7,17.6,14.4
2026-04-12 21:16:18,AB_4,14.2,6.69,14.2,9.02,17.5,14.3
2026-04-12 21:16:19,AB_4,14.1,6.7,14.2,9.06,17.5,14.3
2026-04-12 21:16:19,AB_4,14.1,6.47,14.2,8.78,17.5,14.4
2026-04-12 21:16:20,AB_4,14.2,6.61,14.2,8.52,17.5,14.5
2026-04-12 21:16:20,AB_4,14.3,6.64,14.2,8.95,17.7,14.4
2026-04-12 21:16:20,AB_4,14.1,6.5,14.2,8.53,17.3,14.4
2026-04-12 21:16:21,AB_4,14.2,6.54,14.2,8.47,17.5,14.5
2026-04-12 21:16:21,AB_4,14.3,6.6,14.3,8.43,17.2,14.5
2026-04-12 21:16:21,AB_4,14.3,6.57,14.3,8.01,17.6,14.6
2026-04-12 21:16:22,AB_4,14.3,6.59,14.2,8.67,17.6,14.4
2026-04-12 21:16:22,AB_4,14.2,6.65,14.2,8.81,17.8,14.4
2026-04-12 21:16:22,AB_4,14.2,6.48,14.2,8.71,17.5,14.4
2026-04-12 21:16:23,AB_4,14.2,6.61,14.2,8.96,17.6,14.4
2026-04-12 21:16:23,AB_4,14.2,6.72,14.2,9.19,17.5,14.3
2026-04-12 21:16:23,AB_4,14.2,6.62,14.3,8.58,17.6,14.5
2026-04-12 21:16:24,AB_4,14.3,6.63,14.2,9.01,17.6,14.4
2026-04-12 21:16:24,AB_4,14.2,6.56,14.3,8.64,17.6,14.5
2026-04-12 21:16:25,AB_4,14.3,6.49,14.3,8.51,17.6,14.5
2026-04-12 21:16:25,AB_4,14.3,6.46,14.3,8.39,17.4,14.5
2026-04-12 21:16:25,AB_4,14.4,6.56,14.3,8.72,17.6,14.4
2026-04-12 21:16:26,AB_4,14.2,6.63,14.2,8.98,17.5,14.4
2026-04-12 21:16:26,AB_4,14.2,6.52,14.3,8.67,17.7,14.5
2026-04-12 21:16:26,AB_4,14.3,6.62,14.2,8.92,17.5,14.4
2026-04-12 21:16:27,AB_4,14.2,6.64,14.2,9.04,17.5,14.4
2026-04-12 21:16:27,AB_4,14.2,6.66,14.2,8.63,17.5,14.5
2026-04-12 21:16:27,AB_4,14.3,6.57,14.2,8.44,17.7,14.5
2026-04-12 21:16:28,AB_4,14.4,6.58,14.3,8.45,17.5,14.5
2026-04-12 21:16:28,AB_4,14.4,6.5,14.3,8.21,17.6,14.5
2026-04-12 21:16:29,AB_4,14.4,6.55,14.3,8.33,17.6,14.6
2026-04-12 21:16:29,AB_4,14.4,6.55,14.3,8.48,17.5,14.4
2026-04-12 21:16:29,AB_4,14.3,6.48,14.3,8.46,17.7,14.5
2026-04-12 21:16:30,AB_4,14.3,6.58,14.3,8.73,17.6,14.4
2026-04-12 21:16:30,AB_4,14.2,6.64,14.2,8.97,17.6,14.4
2026-04-12 21:16:30,AB_4,14.2,6.43,14.3,8.7,17.6,14.5
2026-04-12 21:16:31,AB_4,14.3,6.62,14.3,8.83,17.7,14.4
2026-04-12 21:16:31,AB_4,14.2,6.56,14.3,8.54,17.3,14.4
2026-04-12 21:16:31,AB_4,14.3,6.56,14.3,8.34,17.4,14.5
2026-04-12 21:16:32,AB_4,14.3,6.59,14.3,8.84,17.3,14.4
2026-04-12 21:16:32,AB_4,14.2,6.49,14.3,8.66,17.7,14.5
2026-04-12 21:16:32,AB_4,14.3,6.6,14.2,8.77,17.2,14.4
2026-04-12 21:16:33,AB_4,14.2,6.66,14.2,8.89,17.6,14.4
2026-04-12 21:16:33,AB_4,14.1,6.52,14.2,8.74,17.7,14.5
2026-04-12 21:16:34,AB_4,14.3,6.56,14.3,8.35,17.6,14.5
2026-04-12 21:16:34,AB_4,14.3,6.6,14.3,8.87,17.5,14.5
2026-04-12 21:16:34,AB_4,14.2,6.68,14.3,9.08,17.6,14.4
2026-04-12 21:16:35,AB_4,14.1,6.69,14.3,9.19,17.3,14.3
2026-04-12 21:16:35,AB_4,14.1,6.68,14.2,9.09,17.5,14.5
2026-04-12 21:16:35,AB_4,14.2,6.66,14.3,8.78,17.7,14.5
2026-04-12 21:16:36,AB_4,14.2,6.63,14.3,8.9,17.5,14.4
2026-04-12 21:16:36,AB_4,14.2,6.5,14.3,8.74,17.5,14.5
2026-04-12 21:16:36,AB_4,14.2,6.57,14.3,8.42,17.5,14.5
2026-04-12 21:16:37,AB_4,14.3,6.58,14.2,8.71,17.7,14.3
2026-04-12 21:16:37,AB_4,14.3,6.57,14.2,8.56,17.7,14.5
2026-04-12 21:16:37,AB_4,14.3,6.57,14.2,8.9,17.5,14.4
2026-04-12 21:16:38,AB_4,14.3,6.66,14.2,8.97,17.6,14.4
2026-04-12 21:16:43,AD_1,15.0,6.63,14.5,8.97,18.8,14.8
2026-04-12 21:16:43,AD_1,14.9,6.64,14.5,8.73,18.3,14.7
2026-04-12 21:16:44,AD_1,14.9,6.68,14.4,8.62,18.2,14.7
2026-04-12 21:16:44,AD_1,14.9,6.64,14.5,8.65,18.4,14.8
2026-04-12 21:16:44,AD_1,15.0,6.69,14.4,8.87,18.4,14.7
2026-04-12 21:16:45,AD_1,14.8,6.76,14.4,8.95,18.4,14.6
2026-04-12 21:16:45,AD_1,14.8,6.87,14.4,9.17,18.1,14.6
2026-04-12 21:16:45,AD_1,14.7,6.69,14.4,8.78,18.2,14.7
2026-04-12 21:16:46,AD_1,14.9,6.8,14.4,9.0,18.1,14.6
2026-04-12 21:16:46,AD_1,14.8,6.79,14.4,9.05,18.3,14.5
2026-04-12 21:16:46,AD_1,14.7,6.89,14.4,9.38,18.2,14.5
2026-04-12 21:16:47,AD_1,14.7,6.87,14.4,9.34,18.3,14.5
2026-04-12 21:16:47,AD_1,14.7,6.69,14.4,9.13,18.0,14.6
2026-04-12 21:16:48,AD_1,14.8,6.79,14.4,8.93,18.4,14.5
2026-04-12 21:16:48,AD_1,14.7,6.66,14.4,8.91,18.1,14.7
2026-04-12 21:16:48,AD_1,14.9,6.77,14.4,8.98,18.3,14.5
2026-04-12 21:16:49,AD_1,14.7,6.85,14.4,9.29,18.1,14.5
2026-04-12 21:16:49,AD_1,14.7,6.91,14.4,9.05,18.2,14.5
2026-04-12 21:16:49,AD_1,14.7,6.76,14.4,8.94,18.0,14.5
2026-04-12 21:16:50,AD_1,14.8,6.74,14.4,8.58,18.1,14.7
2026-04-12 21:16:50,AD_1,14.9,6.72,14.4,8.55,18.2,14.7
2026-04-12 21:16:50,AD_1,14.9,6.69,14.4,8.6,18.2,14.7
2026-04-12 21:16:51,AD_1,15.0,6.78,14.4,8.82,18.1,14.5
2026-04-12 21:16:51,AD_1,14.8,6.83,14.4,8.56,18.3,14.7
2026-04-12 21:16:51,AD_1,14.9,6.78,14.4,8.73,18.0,14.5
2026-04-12 21:16:52,AD_1,14.7,6.73,14.3,9.06,18.2,14.4
2026-04-12 21:16:52,AD_1,14.7,6.89,14.2,9.11,18.2,14.4
2026-04-12 21:16:53,AD_1,14.7,6.81,14.2,9.19,18.1,14.2
2026-04-12 21:16:53,AD_1,14.7,6.85,14.1,9.11,18.3,14.2
2026-04-12 21:16:53,AD_1,14.9,6.68,14.1,8.74,18.3,14.4
2026-04-12 21:16:54,AD_1,14.9,6.8,14.1,8.5,18.3,14.4
2026-04-12 21:16:54,AD_1,14.9,6.78,14.1,8.93,18.1,14.3
2026-04-12 21:16:54,AD_1,14.8,6.83,14.0,8.89,18.1,14.1
2026-04-12 21:16:55,AD_1,14.7,6.8,14.0,9.09,18.1,14.1
2026-04-12 21:16:55,AD_1,14.7,6.8,14.1,8.64,18.2,14.3
2026-04-12 21:16:55,AD_1,14.8,6.74,14.1,8.54,17.9,14.3
2026-04-12 21:16:56,AD_1,14.7,6.55,14.1,8.53,18.1,14.4
2026-04-12 21:16:56,AD_1,14.8,6.69,14.0,8.82,18.3,14.2
2026-04-12 21:16:56,AD_1,14.7,6.76,14.0,8.91,18.2,14.3
2026-04-12 21:16:57,AD_1,14.8,6.77,14.1,8.53,18.2,14.3
2026-04-12 21:16:57,AD_1,14.8,6.66,14.1,8.38,18.1,14.4
2026-04-12 21:16:58,AD_1,14.9,6.74,14.1,8.58,18.3,14.3
2026-04-12 21:16:58,AD_1,14.7,6.82,14.1,8.95,17.8,14.2
2026-04-12 21:16:58,AD_1,14.7,6.65,14.1,8.66,18.2,14.3
2026-04-12 21:16:59,AD_1,14.8,6.7,14.1,8.78,18.0,14.2
2026-04-12 21:16:59,AD_1,14.7,6.84,14.1,9.04,18.3,14.2
2026-04-12 21:16:59,AD_1,14.7,6.61,14.1,8.72,18.0,14.3
2026-04-12 21:17:00,AD_1,14.8,6.79,14.1,8.77,18.2,14.3
2026-04-12 21:17:00,AD_1,14.7,6.83,14.1,9.03,17.8,14.2
2026-04-12 21:17:00,AD_1,14.7,6.8,14.2,9.05,18.0,14.3
2026-04-12 21:17:01,AD_1,14.7,6.74,14.2,8.91,18.1,14.4
2026-04-12 21:17:01,AD_1,14.7,6.85,14.2,9.06,18.1,14.3
2026-04-12 21:17:02,AD_1,14.7,6.62,14.2,8.51,18.2,14.4
2026-04-12 21:17:02,AD_1,14.8,6.75,14.1,8.93,18.3,14.3
2026-04-12 21:17:02,AD_1,14.7,6.8,14.1,9.14,18.1,14.3
2026-04-12 21:17:03,AD_1,14.7,6.86,14.2,8.94,18.2,14.4
2026-04-12 21:17:03,AD_1,14.8,6.69,14.3,8.69,18.1,14.5
2026-04-12 21:17:03,AD_1,14.8,6.76,14.3,8.51,17.9,14.4
2026-04-12 21:17:04,AD_1,14.8,6.6,14.2,8.51,18.1,14.5
2026-04-12 21:17:04,AD_1,14.9,6.74,14.2,8.83,18.0,14.4
2026-04-12 21:17:04,AD_1,14.7,6.81,14.2,8.78,18.3,14.3
2026-04-12 21:17:05,AD_1,14.7,6.82,14.2,8.95,18.3,14.3
2026-04-12 21:17:05,AD_1,14.7,6.82,14.2,8.9,18.1,14.3
2026-04-12 21:17:05,AD_1,14.7,6.63,14.2,8.81,17.9,14.5
2026-04-12 21:17:06,AD_1,14.8,6.82,14.2,8.8,18.0,14.3
2026-04-12 21:17:06,AD_1,14.7,6.79,14.3,8.64,18.1,14.5
2026-04-12 21:17:07,AD_1,14.8,6.67,14.3,8.45,18.0,14.6
2026-04-12 21:17:07,AD_1,14.8,6.79,14.3,8.95,18.0,14.5
2026-04-12 21:17:07,AD_1,14.7,6.61,14.3,8.69,18.1,14.7
2026-04-12 21:17:08,AD_1,14.8,6.79,14.3,8.85,18.0,14.5
2026-04-12 21:17:08,AD_1,14.7,6.67,14.3,8.69,18.0,14.6
2026-04-12 21:17:08,AD_1,14.8,6.81,14.4,8.54,18.0,14.8
2026-04-12 21:17:09,AD_1,14.7,6.46,14.6,8.56,17.9,14.7
2026-04-12 21:17:09,AD_1,14.9,6.7,14.4,8.37,18.0,14.8
2026-04-12 21:17:09,AD_1,14.8,6.61,14.6,8.49,17.9,14.7
2026-04-12 21:17:10,AD_1,14.8,6.79,14.4,8.89,17.9,14.6
2026-04-12 21:17:10,AD_1,14.7,6.78,14.5,9.17,17.9,14.6
2026-04-12 21:17:10,AD_1,14.6,6.88,14.4,9.17,17.6,14.6
2026-04-12 21:17:11,AD_1,14.5,6.85,14.5,9.26,18.0,14.6
2026-04-12 21:17:11,AD_1,14.6,6.71,14.5,8.92,18.0,14.7
2026-04-12 21:17:12,AD_1,14.8,6.8,14.5,8.91,18.0,14.7
2026-04-12 21:17:12,AD_1,14.8,6.68,14.5,8.56,17.9,14.7
2026-04-12 21:17:12,AD_1,14.7,6.71,14.5,8.97,18.1,14.7
2026-04-12 21:17:13,AD_1,14.7,6.85,14.5,9.11,18.2,14.6
2026-04-12 21:17:13,AD_1,14.8,6.94,14.5,9.07,18.1,14.6
2026-04-12 21:17:13,AD_1,14.6,6.88,14.4,9.36,17.9,14.6
2026-04-12 21:17:14,AD_1,14.7,6.92,14.4,8.72,18.2,14.6
2026-04-12 21:17:14,AD_1,14.8,6.9,14.5,9.15,17.9,14.6
2026-04-12 21:17:14,AD_1,14.7,6.64,14.5,8.74,18.1,14.7
2026-04-12 21:17:15,AD_1,14.9,6.83,14.5,8.54,18.2,14.8
2026-04-12 21:17:15,AD_1,14.9,6.78,14.5,8.5,18.1,14.7
2026-04-12 21:17:16,AD_1,14.9,6.56,14.4,8.42,17.8,14.7
2026-04-12 21:17:16,AD_1,15.0,6.79,14.4,8.86,18.1,14.6
2026-04-12 21:17:16,AD_1,14.9,6.86,14.3,9.02,18.3,14.4
2026-04-12 21:17:17,AD_1,14.9,6.9,14.2,9.08,18.1,14.4
2026-04-12 21:17:17,AD_1,14.9,6.89,14.3,8.95,18.3,14.4
2026-04-12 21:17:17,AD_1,14.9,6.86,14.3,8.72,18.2,14.5
2026-04-12 21:17:18,AD_1,15.0,6.81,14.2,8.66,18.3,14.5
2026-04-12 21:17:18,AD_1,15.0,6.7,14.3,8.48,18.4,14.5
2026-04-12 21:17:18,AD_1,15.1,6.8,14.2,8.65,18.5,14.5
2026-04-12 21:17:19,AD_1,15.1,6.84,14.2,8.85,18.2,14.4
2026-04-12 21:17:19,AD_1,15.0,6.68,14.2,8.47,18.4,14.4
2026-04-12 21:17:19,AD_1,15.1,6.85,14.1,8.73,18.5,14.3
2026-04-12 21:17:20,AD_1,15.0,6.75,14.1,8.51,18.4,14.3
2026-04-12 21:17:20,AD_1,15.2,6.89,14.0,8.61,18.6,14.2
2026-04-12 21:17:21,AD_1,15.1,6.9,14.1,8.54,18.6,14.3
2026-04-12 21:17:21,AD_1,15.2,6.83,14.0,8.65,18.3,14.3
2026-04-12 21:17:21,AD_1,14.9,6.91,14.1,8.63,18.2,14.4
2026-04-12 21:17:22,AD_1,15.0,6.8,14.2,8.82,18.3,14.3
2026-04-12 21:17:22,AD_1,14.8,6.88,14.1,9.04,18.4,14.2
2026-04-12 21:17:22,AD_1,14.9,6.96,14.1,9.01,18.4,14.3
2026-04-12 21:17:23,AD_1,14.9,6.87,14.1,9.14,18.3,14.2
2026-04-12 21:17:23,AD_1,14.8,6.75,14.2,8.73,18.2,14.3
2026-04-12 21:17:23,AD_1,14.8,6.8,14.2,8.7,18.3,14.3
2026-04-12 21:17:24,AD_1,14.8,6.81,14.2,8.62,18.2,14.4
2026-04-12 21:17:24,AD_1,14.9,6.7,14.3,8.36,18.2,14.5
2026-04-12 21:17:24,AD_1,14.9,6.76,14.2,8.87,18.0,14.4
2026-04-12 21:17:25,AD_1,14.7,6.82,14.2,8.87,18.2,14.3
2026-04-12 21:17:25,AD_1,14.7,6.88,14.2,8.99,18.0,14.3
2026-04-12 21:17:26,AD_1,14.7,6.87,14.2,9.16,18.2,14.3
2026-04-12 21:17:26,AD_1,14.7,6.6,14.2,8.87,18.1,14.4
2026-04-12 21:17:26,AD_1,14.7,6.71,14.1,9.02,18.1,14.2
2026-04-12 21:17:27,AD_1,14.7,6.69,14.1,8.72,18.2,14.3
2026-04-12 21:17:27,AD_1,14.8,6.81,14.1,8.87,18.0,14.3
2026-04-12 21:17:27,AD_1,14.6,6.57,14.1,8.72,17.6,14.3
2026-04-12 21:17:28,AD_1,14.7,6.78,14.1,8.93,18.0,14.2
2026-04-12 21:17:28,AD_1,14.6,6.8,14.1,9.03,18.0,14.2
2026-04-12 21:17:28,AD_1,14.6,6.84,14.1,8.99,18.0,14.3
2026-04-12 21:17:29,AD_1,14.7,6.63,14.2,8.44,17.9,14.3
2026-04-12 21:17:29,AD_1,14.7,6.63,14.1,8.51,18.0,14.3
2026-04-12 21:17:29,AD_1,14.8,6.7,14.1,8.33,18.1,14.4
2026-04-12 21:17:30,AD_1,14.8,6.7,14.2,8.66,18.0,14.3
2026-04-12 21:17:30,AD_1,14.7,6.75,14.1,8.33,18.0,14.4
2026-04-12 21:17:31,AD_1,14.8,6.72,14.1,8.82,18.0,14.3
2026-04-12 21:17:31,AD_1,14.7,6.77,14.1,8.99,18.1,14.2
2026-04-12 21:17:31,AD_1,14.6,6.75,14.1,8.99,18.1,14.2
2026-04-12 21:17:32,AD_1,14.6,6.67,14.1,8.78,18.2,14.4
2026-04-12 21:17:32,AD_1,14.8,6.73,14.2,8.66,18.2,14.5
2026-04-12 21:17:32,AD_1,14.8,6.75,14.3,8.4,17.9,14.7
2026-04-12 21:17:33,AD_1,14.8,6.75,14.4,8.7,18.1,14.6
2026-04-12 21:17:33,AD_1,14.7,6.61,14.4,8.67,18.0,14.7
2026-04-12 21:17:33,AD_1,14.8,6.77,14.5,8.52,17.9,14.7
2026-04-12 21:17:34,AD_1,14.7,6.8,14.5,8.56,17.9,14.7
2026-04-12 21:17:34,AD_1,14.8,6.73,14.5,8.55,18.0,14.7
2026-04-12 21:17:35,AD_1,14.6,6.68,14.5,8.56,17.8,14.8
2026-04-12 21:17:35,AD_1,14.8,6.76,14.5,8.76,17.9,14.6
2026-04-12 21:17:35,AD_1,14.7,6.83,14.5,8.96,18.1,14.6
2026-04-12 21:17:36,AD_1,14.6,6.84,14.5,9.18,17.7,14.6
2026-04-12 21:17:36,AD_1,14.6,6.91,14.4,9.16,17.9,14.6
2026-04-12 21:17:36,AD_1,14.6,6.89,14.5,9.37,17.7,14.6
2026-04-12 21:17:37,AD_1,14.6,6.9,14.5,9.44,18.1,14.5
2026-04-12 21:17:37,AD_1,14.6,6.88,14.4,9.38,18.1,14.5
2026-04-12 21:17:37,AD_1,14.6,6.9,14.4,8.83,18.0,14.6
2026-04-12 21:17:38,AD_1,14.7,6.79,14.4,8.96,18.1,14.5
2026-04-12 21:17:38,AD_1,14.6,6.89,14.3,9.32,18.2,14.4
2026-04-12 21:17:38,AD_1,14.7,6.71,14.3,8.87,18.1,14.6
2026-04-12 21:17:39,AD_1,14.8,6.74,14.4,8.6,18.1,14.6
2026-04-12 21:17:39,AD_1,14.8,6.78,14.4,8.82,18.1,14.5
2026-04-12 21:17:40,AD_1,14.7,6.52,14.3,8.62,18.0,14.6
2026-04-12 21:17:40,AD_1,14.9,6.66,14.3,8.46,18.0,14.7
2026-04-12 21:17:40,AD_1,14.9,6.75,14.4,8.71,18.1,14.5
2026-04-12 21:17:41,AD_1,14.8,6.59,14.3,8.6,18.1,14.6
2026-04-12 21:17:41,AD_1,14.8,6.71,14.4,8.92,18.2,14.5
2026-04-12 21:17:41,AD_1,14.7,6.74,14.4,8.7,18.0,14.5
2026-04-12 21:17:42,AD_1,14.8,6.81,14.3,9.0,18.1,14.5
2026-04-12 21:17:42,AD_1,14.7,6.82,14.3,9.17,18.1,14.4
2026-04-12 21:17:42,AD_1,14.7,6.64,14.3,8.71,18.1,14.6
2026-04-12 21:17:43,AD_1,14.8,6.83,14.3,9.0,18.2,14.5
2026-04-12 21:17:43,AD_1,14.7,6.85,14.3,9.07,18.2,14.4
2026-04-12 21:17:43,AD_1,14.7,6.63,14.3,8.81,18.1,14.6
2026-04-12 21:17:44,AD_1,14.8,6.84,14.3,8.99,18.1,14.5
2026-04-12 21:17:44,AD_1,14.7,6.86,14.3,9.15,18.1,14.4
2026-04-12 21:17:44,AD_1,14.7,6.64,14.3,8.9,18.0,14.6
2026-04-12 21:17:45,AD_1,14.8,6.8,14.4,8.49,17.8,14.5
2026-04-12 21:17:45,AD_1,14.8,6.75,14.4,8.46,18.0,14.6
2026-04-12 21:17:46,AD_1,14.9,6.67,14.4,8.33,18.1,14.6
2026-04-12 21:17:46,AD_1,14.9,6.66,14.4,8.34,17.9,14.7
2026-04-12 21:17:46,AD_1,14.9,6.61,14.4,8.25,17.9,14.6
2026-04-12 21:17:47,AD_1,14.8,6.66,14.4,8.38,18.0,14.7
2026-04-12 21:17:47,AD_1,14.9,6.71,14.4,8.52,18.1,14.6
2026-04-12 21:17:47,AD_1,14.8,6.67,14.4,8.61,18.1,14.6
2026-04-12 21:17:48,AD_1,14.8,6.72,14.4,8.64,18.2,14.5
2026-04-12 21:17:48,AD_1,14.7,6.79,14.3,9.09,18.1,14.5
2026-04-12 21:17:48,AD_1,14.7,6.85,14.4,8.98,18.2,14.5
2026-04-12 21:17:49,AD_1,14.7,6.62,14.4,8.8,18.1,14.6
2026-04-12 21:17:49,AD_1,14.8,6.79,14.4,8.86,18.1,14.5
2026-04-12 21:17:50,AD_1,14.7,6.62,14.4,8.77,18.0,14.5
2026-04-12 21:17:50,AD_1,14.7,6.76,14.4,8.69,17.9,14.6
2026-04-12 21:17:50,AD_1,14.8,6.71,14.4,8.52,18.1,14.6
2026-04-12 21:17:51,AD_1,14.8,6.75,14.3,8.79,18.0,14.5
2026-04-12 21:17:51,AD_1,14.7,6.81,14.3,9.0,18.1,14.4
2026-04-12 21:17:51,AD_1,14.8,6.62,14.2,8.65,17.9,14.4
2026-04-12 21:17:52,AD_1,14.7,6.74,14.2,8.71,17.9,14.3
2026-04-12 21:17:52,AD_1,14.7,6.72,14.2,8.64,18.1,14.5
2026-04-12 21:17:52,AD_1,14.8,6.62,14.2,8.42,18.0,14.4
2026-04-12 21:17:53,AD_1,14.8,6.71,14.1,8.49,18.1,14.3
2026-04-12 21:17:53,AD_1,14.7,6.77,14.1,8.91,18.2,14.2
2026-04-12 21:17:53,AD_1,14.6,6.79,14.1,9.14,18.1,14.2
2026-04-12 21:17:54,AD_1,14.6,6.86,14.1,9.01,18.0,14.2
2026-04-12 21:17:54,AD_1,14.6,6.82,14.1,9.13,17.9,14.2
2026-04-12 21:18:07,AD_2,15.1,6.73,14.8,9.25,18.8,15.1
2026-04-12 21:18:07,AD_2,15.0,6.66,14.8,8.97,18.6,15.0
2026-04-12 21:18:08,AD_2,15.0,6.87,14.8,9.33,18.6,15.0
2026-04-12 21:18:08,AD_2,14.8,6.77,14.8,9.09,18.4,15.0
2026-04-12 21:18:09,AD_2,15.0,6.86,14.7,9.32,18.7,15.0
2026-04-12 21:18:09,AD_2,15.0,7.02,14.8,9.42,18.7,14.9
2026-04-12 21:18:09,AD_2,14.9,7.05,14.7,9.31,18.3,14.9
2026-04-12 21:18:10,AD_2,14.9,6.94,14.8,9.17,18.5,15.0
2026-04-12 21:18:10,AD_2,15.0,6.97,14.7,9.33,18.4,14.9
2026-04-12 21:18:10,AD_2,14.8,6.94,14.7,9.56,18.2,14.8
2026-04-12 21:18:11,AD_2,14.7,6.8,14.7,9.28,18.4,14.9
2026-04-12 21:18:11,AD_2,14.9,6.89,14.7,8.97,18.0,15.0
2026-04-12 21:18:11,AD_2,14.9,6.85,14.8,8.69,18.2,15.0
2026-04-12 21:18:12,AD_2,14.9,6.84,14.7,8.85,18.4,15.0
2026-04-12 21:18:12,AD_2,14.8,6.76,14.7,8.69,18.1,15.0
2026-04-12 21:18:13,AD_2,14.8,6.79,14.7,8.8,18.3,14.9
2026-04-12 21:18:13,AD_2,14.9,6.76,14.7,8.7,18.0,15.0
2026-04-12 21:18:13,AD_2,14.8,6.72,14.6,8.85,18.2,14.8
2026-04-12 21:18:14,AD_2,14.7,6.78,14.7,8.95,18.2,14.9
2026-04-12 21:18:14,AD_2,14.8,6.84,14.7,8.75,18.2,15.0
2026-04-12 21:18:14,AD_2,14.9,6.88,14.7,8.76,18.4,14.9
2026-04-12 21:18:15,AD_2,14.8,6.85,14.6,9.17,18.2,14.7
2026-04-12 21:18:15,AD_2,14.7,6.92,14.6,9.4,18.2,14.8
2026-04-12 21:18:15,AD_2,14.8,6.76,14.7,9.05,18.2,14.8
2026-04-12 21:18:16,AD_2,14.8,6.89,14.6,9.1,18.2,14.8
2026-04-12 21:18:16,AD_2,14.7,6.93,14.6,9.41,18.2,14.8
2026-04-12 21:18:16,AD_2,14.7,6.77,14.6,9.07,18.2,14.8
2026-04-12 21:18:17,AD_2,14.7,6.82,14.7,8.91,18.0,14.9
2026-04-12 21:18:17,AD_2,14.9,6.85,14.6,9.17,18.2,14.8
2026-04-12 21:18:18,AD_2,14.7,6.7,14.7,8.78,18.0,14.9
2026-04-12 21:18:18,AD_2,14.8,6.79,14.7,8.59,18.1,14.8
2026-04-12 21:18:18,AD_2,14.9,6.74,14.7,8.65,18.1,15.0
2026-04-12 21:18:19,AD_2,14.9,6.83,14.6,8.85,18.2,14.8
2026-04-12 21:18:19,AD_2,14.8,6.82,14.6,9.13,18.1,14.8
2026-04-12 21:18:19,AD_2,14.7,6.89,14.6,9.24,18.0,14.8
2026-04-12 21:18:20,AD_2,14.7,6.83,14.6,9.16,18.0,14.7
2026-04-12 21:18:20,AD_2,14.6,6.73,14.6,8.93,18.1,14.8
2026-04-12 21:18:20,AD_2,14.8,6.82,14.6,9.05,18.1,14.7
2026-04-12 21:18:21,AD_2,14.6,6.7,14.6,8.93,17.7,14.8
2026-04-12 21:18:21,AD_2,14.6,6.82,14.7,9.19,18.1,14.8
2026-04-12 21:18:21,AD_2,14.7,6.9,14.6,8.85,18.0,14.9
2026-04-12 21:18:22,AD_2,14.8,6.74,14.7,8.84,18.1,14.9
2026-04-12 21:18:22,AD_2,14.8,6.76,14.6,8.53,18.0,14.9
2026-04-12 21:18:23,AD_2,14.8,6.76,14.6,8.87,18.1,14.8
2026-04-12 21:18:23,AD_2,14.7,6.62,14.6,8.7,18.0,14.9
2026-04-12 21:18:23,AD_2,14.8,6.79,14.6,8.56,17.9,14.8
2026-04-12 21:18:24,AD_2,14.8,6.74,14.6,8.74,18.0,14.9
2026-04-12 21:18:24,AD_2,14.8,6.79,14.6,8.94,18.1,14.8
2026-04-12 21:18:24,AD_2,14.7,6.69,14.6,8.88,18.1,14.9
2026-04-12 21:18:25,AD_2,14.9,6.84,14.6,8.69,18.2,14.9
2026-04-12 21:18:25,AD_2,14.9,6.82,14.6,8.89,18.2,14.8
2026-04-12 21:18:25,AD_2,14.8,6.88,14.6,9.09,18.1,14.7
2026-04-12 21:18:26,AD_2,14.7,6.91,14.6,9.25,18.1,14.7
2026-04-12 21:18:26,AD_2,14.7,6.99,14.6,9.32,18.0,14.8
2026-04-12 21:18:27,AD_2,14.7,6.81,14.7,9.11,18.3,14.9
2026-04-12 21:18:27,AD_2,14.9,6.97,14.6,9.17,18.1,14.8
2026-04-12 21:18:27,AD_2,14.7,6.76,14.6,9.04,18.0,14.8
2026-04-12 21:18:28,AD_2,14.7,6.82,14.6,9.2,17.8,14.7
2026-04-12 21:18:28,AD_2,14.6,6.92,14.6,9.44,18.2,14.8
2026-04-12 21:18:28,AD_2,14.8,7.01,14.6,9.35,18.2,14.7
2026-04-12 21:18:29,AD_2,14.7,6.99,14.6,9.35,17.9,14.7
2026-04-12 21:18:29,AD_2,14.7,6.86,14.6,8.97,18.1,14.8
2026-04-12 21:18:29,AD_2,14.7,6.88,14.6,9.0,18.0,14.8
2026-04-12 21:18:30,AD_2,14.7,6.86,14.6,8.75,18.0,14.8
2026-04-12 21:18:30,AD_2,14.8,6.77,14.7,8.69,18.2,14.9
2026-04-12 21:18:30,AD_2,14.8,6.84,14.6,8.99,17.9,14.8
2026-04-12 21:18:31,AD_2,14.7,6.93,14.6,9.3,18.1,14.8
2026-04-12 21:18:31,AD_2,14.7,6.95,14.6,9.37,18.2,14.7
2026-04-12 21:18:31,AD_2,14.7,6.68,14.6,9.06,18.0,14.8
2026-04-12 21:18:32,AD_2,14.8,6.9,14.6,9.27,18.0,14.8
2026-04-12 21:18:32,AD_2,14.7,6.95,14.6,9.37,18.2,14.7
2026-04-12 21:18:33,AD_2,14.6,6.76,14.6,8.98,18.0,14.9
2026-04-12 21:18:33,AD_2,14.8,6.9,14.6,9.23,18.0,14.8
2026-04-12 21:18:33,AD_2,14.7,6.93,14.6,9.31,18.1,14.7
2026-04-12 21:18:34,AD_2,14.6,6.95,14.6,9.39,18.1,14.7
2026-04-12 21:18:34,AD_2,14.6,6.96,14.6,9.57,18.0,14.7
2026-04-12 21:18:34,AD_2,14.6,6.82,14.6,9.24,18.0,14.8
2026-04-12 21:18:35,AD_2,14.7,6.91,14.6,9.32,18.0,14.7
2026-04-12 21:18:35,AD_2,14.6,6.96,14.6,9.4,18.0,14.7
2026-04-12 21:18:35,AD_2,14.7,6.91,14.7,9.03,18.2,14.8
2026-04-12 21:18:36,AD_2,14.8,6.96,14.6,9.4,18.1,14.8
2026-04-12 21:18:36,AD_2,14.7,6.96,14.6,9.08,18.0,14.9
2026-04-12 21:18:36,AD_2,14.8,6.93,14.6,9.06,18.2,14.8
2026-04-12 21:18:37,AD_2,14.7,6.8,14.7,9.04,18.0,14.9
2026-04-12 21:18:37,AD_2,14.8,6.94,14.7,9.14,18.1,14.8
2026-04-12 21:18:38,AD_2,14.8,6.97,14.7,8.99,18.2,14.9
2026-04-12 21:18:38,AD_2,14.9,6.87,14.7,8.75,18.2,15.0
2026-04-12 21:18:38,AD_2,14.9,6.93,14.7,9.08,18.2,14.8
2026-04-12 21:18:39,AD_2,14.8,6.98,14.7,9.31,18.1,14.8
2026-04-12 21:18:39,AD_2,14.8,6.89,14.7,9.17,18.3,14.8
2026-04-12 21:18:39,AD_2,14.8,7.06,14.7,9.46,18.1,14.8
2026-04-12 21:18:40,AD_2,14.8,7.07,14.7,9.42,18.1,14.7
2026-04-12 21:18:40,AD_2,14.7,6.82,14.7,9.02,18.2,14.9
2026-04-12 21:18:40,AD_2,14.9,6.98,14.6,9.09,18.2,14.8
2026-04-12 21:18:41,AD_2,14.8,6.93,14.7,8.83,18.0,14.8
2026-04-12 21:18:41,AD_2,14.9,6.93,14.7,8.66,18.0,14.9
2026-04-12 21:18:41,AD_2,14.9,6.87,14.7,8.83,18.0,14.8
2026-04-12 21:18:42,AD_2,14.8,6.91,14.7,9.23,18.2,14.8
2026-04-12 21:18:42,AD_2,14.8,6.85,14.7,8.92,18.0,14.9
2026-04-12 21:18:43,AD_2,14.9,6.92,14.7,8.7,18.0,15.0
2026-04-12 21:18:43,AD_2,14.8,6.9,14.7,9.0,18.1,14.8
2026-04-12 21:18:43,AD_2,14.7,6.93,14.7,9.19,18.1,14.8
2026-04-12 21:18:44,AD_2,14.7,6.89,14.7,8.96,18.2,14.9
2026-04-12 21:18:44,AD_2,14.8,6.9,14.7,8.74,18.1,15.0
2026-04-12 21:18:44,AD_2,14.9,6.92,14.7,9.02,18.2,14.9
2026-04-12 21:18:45,AD_2,14.8,7.0,14.7,9.25,18.1,14.8
2026-04-12 21:18:45,AD_2,14.7,7.04,14.7,9.39,18.2,14.8
2026-04-12 21:18:45,AD_2,14.8,6.88,14.7,9.05,18.1,15.0
2026-04-12 21:18:46,AD_2,14.8,7.02,14.7,9.28,18.2,14.9
2026-04-12 21:18:46,AD_2,14.8,6.88,14.7,9.03,18.0,15.0
2026-04-12 21:18:46,AD_2,14.9,6.96,14.8,8.76,18.0,15.0
2026-04-12 21:18:47,AD_2,14.9,6.89,14.8,8.78,18.2,15.0
2026-04-12 21:18:47,AD_2,14.9,6.92,14.8,8.78,18.1,15.1
2026-04-12 21:18:48,AD_2,14.9,7.0,14.8,8.98,18.0,14.9
2026-04-12 21:18:48,AD_2,14.8,6.88,14.8,8.85,18.1,15.0
2026-04-12 21:18:48,AD_2,14.9,7.0,14.7,9.05,18.1,14.9
2026-04-12 21:18:49,AD_2,14.8,6.9,14.8,9.01,18.1,15.0
2026-04-12 21:18:49,AD_2,14.9,7.01,14.7,8.9,18.1,14.9
2026-04-12 21:18:49,AD_2,14.8,6.81,14.8,8.89,18.0,15.0
2026-04-12 21:18:50,AD_2,14.9,7.02,14.8,8.71,18.1,15.0
2026-04-12 21:18:50,AD_2,14.9,6.96,14.8,8.76,18.1,15.1
2026-04-12 21:18:50,AD_2,14.9,6.9,14.8,8.6,17.8,15.1
2026-04-12 21:18:51,AD_2,14.9,6.92,14.7,8.97,18.0,14.9
2026-04-12 21:18:51,AD_2,14.7,6.95,14.7,9.21,18.1,14.8
2026-04-12 21:18:52,AD_2,14.7,6.95,14.7,8.97,18.0,14.9
2026-04-12 21:18:52,AD_2,14.7,6.95,14.7,8.84,17.8,14.9
2026-04-12 21:18:52,AD_2,14.9,6.95,14.8,8.82,17.9,15.0
2026-04-12 21:18:53,AD_2,14.9,7.05,14.8,9.17,17.9,14.9
2026-04-12 21:18:53,AD_2,14.9,6.94,14.8,8.81,18.0,15.0
2026-04-12 21:18:53,AD_2,15.0,7.09,14.8,9.22,18.2,15.0
2026-04-12 21:18:54,AD_2,15.0,7.06,14.8,8.92,18.2,15.0
2026-04-12 21:18:54,AD_2,15.1,7.12,14.8,9.22,18.3,15.0
2026-04-12 21:18:54,AD_2,15.0,7.02,14.8,8.91,18.4,15.1
2026-04-12 21:18:55,AD_2,15.2,7.15,14.8,9.18,18.2,14.9
2026-04-12 21:18:55,AD_2,15.0,7.16,14.8,8.91,18.4,15.1
2026-04-12 21:18:55,AD_2,15.1,7.07,14.8,8.87,18.1,15.1
2026-04-12 21:18:56,AD_2,15.1,7.01,14.8,8.67,18.1,15.0
2026-04-12 21:18:56,AD_2,15.1,7.0,14.7,8.86,18.2,14.9
2026-04-12 21:18:57,AD_2,14.9,6.86,14.7,8.91,18.2,14.9
2026-04-12 21:18:57,AD_2,14.9,6.79,14.7,8.71,18.0,14.9
2026-04-12 21:18:57,AD_2,14.9,6.69,14.6,8.64,17.7,14.7
2026-04-12 21:18:58,AD_2,14.7,6.79,14.6,8.64,17.9,14.8
2026-04-12 21:18:58,AD_2,14.8,6.83,14.6,8.61,18.0,14.9
2026-04-12 21:18:58,AD_2,14.9,6.89,14.6,8.96,17.9,14.8
2026-04-12 21:18:59,AD_2,14.7,6.74,14.6,8.73,18.1,14.9
2026-04-12 21:18:59,AD_2,14.8,6.77,14.6,8.67,18.1,14.9
2026-04-12 21:18:59,AD_2,14.9,6.7,14.6,8.66,17.9,14.9
2026-04-12 21:19:00,AD_2,14.9,6.86,14.6,8.8,18.0,14.7
2026-04-12 21:19:00,AD_2,14.7,6.72,14.6,8.73,17.9,14.8
2026-04-12 21:19:01,AD_2,14.8,6.77,14.6,8.55,18.1,14.9
2026-04-12 21:19:01,AD_2,14.9,6.74,14.6,8.48,17.9,14.9
2026-04-12 21:19:01,AD_2,14.8,6.82,14.6,8.86,18.1,14.8
2026-04-12 21:19:02,AD_2,14.7,6.88,14.6,8.72,18.1,14.9
2026-04-12 21:19:02,AD_2,14.8,6.79,14.6,8.45,17.9,14.9
2026-04-12 21:19:02,AD_2,14.9,6.83,14.6,8.83,18.1,14.8
2026-04-12 21:19:03,AD_2,14.7,6.74,14.6,8.74,17.8,14.9
2026-04-12 21:19:03,AD_2,14.8,6.68,14.6,8.5,17.9,14.9
2026-04-12 21:19:03,AD_2,14.8,6.68,14.6,8.64,18.0,14.8
2026-04-12 21:19:04,AD_2,14.7,6.83,14.6,9.01,18.0,14.7
2026-04-12 21:19:04,AD_2,14.6,6.61,14.6,8.81,18.0,14.9
2026-04-12 21:19:05,AD_2,14.8,6.8,14.6,8.64,17.9,14.9
2026-04-12 21:19:05,AD_2,14.8,6.84,14.6,8.87,18.1,14.8
2026-04-12 21:19:05,AD_2,14.8,6.8,14.7,8.9,18.1,14.9
2026-04-12 21:19:06,AD_2,14.8,6.83,14.7,8.58,17.9,14.9
2026-04-12 21:19:06,AD_2,14.9,6.87,14.7,8.91,18.1,14.9
2026-04-12 21:19:06,AD_2,14.8,6.92,14.7,8.64,17.8,15.0
2026-04-12 21:19:07,AD_2,14.9,6.96,14.7,8.9,18.1,14.8
2026-04-12 21:19:07,AD_2,14.8,6.84,14.7,8.61,18.1,15.0
2026-04-12 21:19:07,AD_2,14.9,6.91,14.8,8.59,18.0,15.0
2026-04-12 21:19:08,AD_2,14.9,6.89,14.7,8.59,18.1,15.0
2026-04-12 21:19:08,AD_2,14.9,6.9,14.7,8.69,18.1,15.0
2026-04-12 21:19:09,AD_2,14.9,6.78,14.7,8.41,18.1,15.0
2026-04-12 21:19:09,AD_2,15.0,6.92,14.7,8.9,18.0,14.9
2026-04-12 21:19:09,AD_2,14.8,6.8,14.7,8.65,18.2,15.0
2026-04-12 21:19:10,AD_2,14.9,6.95,14.7,8.98,17.9,14.9
2026-04-12 21:19:10,AD_2,14.8,6.79,14.7,8.72,18.1,15.0
2026-04-12 21:19:10,AD_2,14.9,6.94,14.8,8.66,18.2,15.0
2026-04-12 21:19:11,AD_2,15.0,6.95,14.7,8.93,18.1,14.9
2026-04-12 21:19:11,AD_2,14.7,6.97,14.7,8.99,18.0,14.9
2026-04-12 21:19:11,AD_2,14.8,6.99,14.7,9.19,18.1,14.8
2026-04-12 21:19:12,AD_2,14.8,7.05,14.7,9.53,18.1,14.8
2026-04-12 21:19:12,AD_2,14.8,7.07,14.6,9.2,18.3,14.7
2026-04-12 21:19:12,AD_2,14.7,7.06,14.7,9.52,17.9,14.8
2026-04-12 21:19:13,AD_2,14.8,7.09,14.6,9.46,18.0,14.7
2026-04-12 21:19:13,AD_2,14.7,6.88,14.7,9.23,18.0,14.9
2026-04-12 21:19:14,AD_2,14.9,7.05,14.7,9.15,17.7,14.8
2026-04-12 21:19:14,AD_2,14.8,7.04,14.6,9.48,18.0,14.8
2026-04-12 21:19:14,AD_2,14.8,6.99,14.7,8.96,18.0,14.9
2026-04-12 21:19:15,AD_2,14.9,6.92,14.7,9.18,18.0,14.8
2026-04-12 21:19:15,AD_2,14.8,6.97,14.7,9.36,18.1,14.8
2026-04-12 21:19:15,AD_2,14.8,7.0,14.7,8.9,17.9,14.8
2026-04-12 21:19:16,AD_2,14.8,6.9,14.7,9.09,18.1,14.8
2026-04-12 21:19:16,AD_2,14.8,6.79,14.7,9.0,18.1,14.9
2026-04-12 21:19:16,AD_2,14.9,6.93,14.7,8.79,18.0,15.0
2026-04-12 21:19:17,AD_2,14.9,6.93,14.8,8.68,18.0,15.0
2026-04-12 21:19:17,AD_2,14.9,6.98,14.7,8.97,18.0,14.8
2026-04-12 21:19:18,AD_2,14.8,6.97,14.7,8.74,17.9,15.0
2026-04-12 21:19:18,AD_2,14.9,6.97,14.7,9.03,18.0,14.8
2026-04-12 21:19:18,AD_2,14.8,7.04,14.7,9.37,18.2,14.8
2026-04-12 21:19:19,AD_2,14.7,7.05,14.7,9.41,18.0,14.8
2026-04-12 21:19:23,AD_3,14.7,6.53,14.5,9.17,18.3,14.6
2026-04-12 21:19:23,AD_3,14.5,6.52,14.5,8.97,18.2,14.7
2026-04-12 21:19:23,AD_3,14.6,6.62,14.4,9.16,18.1,14.6
2026-04-12 21:19:24,AD_3,14.4,6.57,14.4,8.96,18.2,14.7
2026-04-12 21:19:24,AD_3,14.6,6.63,14.4,9.03,18.2,14.6
2026-04-12 21:19:24,AD_3,14.5,6.67,14.4,9.3,18.1,14.5
2026-04-12 21:19:25,AD_3,14.4,6.76,14.4,9.38,18.0,14.6
2026-04-12 21:19:25,AD_3,14.5,6.64,14.6,9.02,18.8,14.9
2026-04-12 21:19:26,AD_3,15.8,6.85,14.5,8.79,18.3,14.9
2026-04-12 21:19:26,AD_3,14.9,6.54,14.5,9.18,17.4,14.6
2026-04-12 21:19:26,AD_3,14.1,6.53,14.4,8.79,18.0,14.4
2026-04-12 21:19:27,AD_3,14.7,6.67,14.5,9.05,17.5,14.7
2026-04-12 21:19:27,AD_3,14.1,6.52,14.3,9.23,17.9,14.5
2026-04-12 21:19:27,AD_3,14.5,6.53,14.3,8.96,17.8,14.6
2026-04-12 21:19:28,AD_3,14.4,6.6,14.6,8.76,17.9,14.6
2026-04-12 21:19:28,AD_3,14.5,6.5,14.3,8.34,17.4,14.6
2026-04-12 21:19:28,AD_3,14.5,6.45,14.5,8.56,17.7,14.7
2026-04-12 21:19:29,AD_3,14.5,6.52,14.4,8.41,17.9,14.6
2026-04-12 21:19:29,AD_3,14.6,6.55,14.4,8.77,17.6,14.6
2026-04-12 21:19:30,AD_3,14.4,6.55,14.4,8.6,17.8,14.6
2026-04-12 21:19:30,AD_3,14.6,6.65,14.4,9.0,17.8,14.6
2026-04-12 21:19:30,AD_3,14.4,6.37,14.4,8.77,17.8,14.6
2026-04-12 21:19:31,AD_3,14.5,6.58,14.4,8.51,17.5,14.7
2026-04-12 21:19:31,AD_3,14.5,6.56,14.5,8.56,17.7,14.7
2026-04-12 21:19:31,AD_3,14.6,6.58,14.4,8.3,17.8,14.7
2026-04-12 21:19:32,AD_3,14.6,6.6,14.4,8.78,17.7,14.6
2026-04-12 21:19:32,AD_3,14.4,6.44,14.4,8.44,17.9,14.7
2026-04-12 21:19:32,AD_3,14.5,6.63,14.4,8.85,17.8,14.6
2026-04-12 21:19:33,AD_3,14.4,6.67,14.4,8.77,17.8,14.7
2026-04-12 21:19:33,AD_3,14.5,6.63,14.4,8.73,17.6,14.5
2026-04-12 21:19:33,AD_3,14.4,6.64,14.4,9.18,17.7,14.5
2026-04-12 21:19:34,AD_3,14.4,6.72,14.4,9.33,17.9,14.5
2026-04-12 21:19:34,AD_3,14.4,6.45,14.4,8.86,17.8,14.6
2026-04-12 21:19:35,AD_3,14.5,6.66,14.4,8.84,17.7,14.5
2026-04-12 21:19:35,AD_3,14.5,6.69,14.4,8.77,17.8,14.6
2026-04-12 21:19:35,AD_3,14.6,6.63,14.5,8.64,17.6,14.6
2026-04-12 21:19:36,AD_3,14.5,6.6,14.4,8.39,18.0,14.7
2026-04-12 21:19:36,AD_3,14.6,6.71,14.4,9.0,17.9,14.6
2026-04-12 21:19:36,AD_3,14.5,6.74,14.4,9.23,17.9,14.5
2026-04-12 21:19:37,AD_3,14.5,6.78,14.3,9.03,17.9,14.5
2026-04-12 21:19:37,AD_3,14.6,6.77,14.4,9.18,17.9,14.5
2026-04-12 21:19:37,AD_3,14.5,6.59,14.4,8.87,17.8,14.7
2026-04-12 21:19:38,AD_3,14.6,6.75,14.5,8.62,18.1,14.7
2026-04-12 21:19:38,AD_3,14.7,6.69,14.4,8.34,17.8,14.7
2026-04-12 21:19:39,AD_3,14.7,6.63,14.4,8.73,17.9,14.5
2026-04-12 21:19:39,AD_3,14.5,6.59,14.3,8.68,17.6,14.5
2026-04-12 21:19:39,AD_3,14.6,6.66,14.2,8.77,17.9,14.3
2026-04-12 21:19:40,AD_3,14.4,6.72,14.2,9.06,17.7,14.3
2026-04-12 21:19:40,AD_3,14.4,6.73,14.2,9.1,17.9,14.3
2026-04-12 21:19:40,AD_3,14.4,6.66,14.2,9.06,17.3,14.3
2026-04-12 21:19:41,AD_3,14.4,6.65,14.3,9.13,17.7,14.4
2026-04-12 21:19:41,AD_3,14.4,6.58,14.3,8.91,17.8,14.5
2026-04-12 21:19:41,AD_3,14.5,6.68,14.4,8.97,17.9,14.5
2026-04-12 21:19:42,AD_3,14.4,6.72,14.4,9.33,17.5,14.5
2026-04-12 21:19:42,AD_3,14.3,6.7,14.4,9.31,17.8,14.5
2026-04-12 21:19:42,AD_3,14.3,6.52,14.5,9.05,17.8,14.7
2026-04-12 21:19:43,AD_3,14.5,6.6,14.5,8.95,17.8,14.6
2026-04-12 21:19:43,AD_3,14.4,6.69,14.5,9.34,17.7,14.5
2026-04-12 21:19:44,AD_3,14.3,6.69,14.5,9.34,17.7,14.5
2026-04-12 21:19:44,AD_3,14.3,6.56,14.5,9.03,17.7,14.7
2026-04-12 21:19:44,AD_3,14.4,6.64,14.5,9.2,17.8,14.6
2026-04-12 21:19:45,AD_3,14.3,6.71,14.5,9.38,17.8,14.6
2026-04-12 21:19:45,AD_3,14.3,6.52,14.5,9.03,17.8,14.7
2026-04-12 21:19:45,AD_3,14.4,6.67,14.5,9.21,17.8,14.6
2026-04-12 21:19:46,AD_3,14.4,6.68,14.5,9.19,17.7,14.6
2026-04-12 21:19:46,AD_3,14.3,6.7,14.5,9.37,17.6,14.6
2026-04-12 21:19:46,AD_3,14.4,6.62,14.5,8.93,17.7,14.7
2026-04-12 21:19:47,AD_3,14.4,6.62,14.5,9.31,17.7,14.6
2026-04-12 21:19:47,AD_3,14.4,6.46,14.5,8.83,17.8,14.7
2026-04-12 21:19:47,AD_3,14.5,6.63,14.5,9.19,17.6,14.6
2026-04-12 21:19:48,AD_3,14.4,6.72,14.5,9.07,17.9,14.6
2026-04-12 21:19:48,AD_3,14.4,6.77,14.5,9.41,17.7,14.5
2026-04-12 21:19:48,AD_3,14.4,6.78,14.5,9.36,17.9,14.5
2026-04-12 21:19:49,AD_3,14.4,6.77,14.5,9.54,17.8,14.5
2026-04-12 21:19:49,AD_3,14.4,6.78,14.5,9.48,17.5,14.5
2026-04-12 21:19:50,AD_3,14.5,6.69,14.5,9.12,17.9,14.6
2026-04-12 21:19:50,AD_3,14.5,6.69,14.5,8.88,17.9,14.7
2026-04-12 21:19:50,AD_3,14.6,6.74,14.4,9.06,17.7,14.5
2026-04-12 21:19:51,AD_3,14.5,6.55,14.4,8.81,17.9,14.6
2026-04-12 21:19:51,AD_3,14.6,6.75,14.4,9.1,17.9,14.4
2026-04-12 21:19:51,AD_3,14.5,6.74,14.3,8.96,17.7,14.4
2026-04-12 21:19:52,AD_3,14.4,6.68,14.2,8.61,17.6,14.3
2026-04-12 21:19:52,AD_3,14.5,6.59,14.3,8.67,17.8,14.5
2026-04-12 21:19:52,AD_3,14.5,6.6,14.2,8.52,17.8,14.5
2026-04-12 21:19:53,AD_3,14.5,6.65,14.2,8.65,17.6,14.4
2026-04-12 21:19:53,AD_3,14.4,6.49,14.3,8.68,17.9,14.6
2026-04-12 21:19:54,AD_3,14.5,6.43,14.4,8.48,17.8,14.6
2026-04-12 21:19:54,AD_3,14.5,6.58,14.4,8.46,17.6,14.7
2026-04-12 21:19:54,AD_3,14.6,6.48,14.4,8.42,17.8,14.7
2026-04-12 21:19:55,AD_3,14.5,6.57,14.4,8.8,17.8,14.6
2026-04-12 21:19:55,AD_3,14.4,6.64,14.4,9.0,17.8,14.5
2026-04-12 21:19:55,AD_3,14.4,6.49,14.4,8.56,17.7,14.7
2026-04-12 21:19:56,AD_3,14.5,6.64,14.4,8.9,17.7,14.5
2026-04-12 21:19:56,AD_3,14.4,6.56,14.4,8.66,17.6,14.6
2026-04-12 21:19:56,AD_3,14.5,6.6,14.4,8.44,18.0,14.7
2026-04-12 21:19:57,AD_3,14.5,6.6,14.4,8.86,17.9,14.6
2026-04-12 21:19:57,AD_3,14.4,6.61,14.4,8.57,17.6,14.6
2026-04-12 21:19:57,AD_3,14.5,6.58,14.5,8.48,17.7,14.7
2026-04-12 21:19:58,AD_3,14.6,6.42,14.5,8.5,17.7,14.7
2026-04-12 21:19:58,AD_3,14.6,6.55,14.4,8.76,17.9,14.6
2026-04-12 21:19:59,AD_3,14.5,6.51,14.5,8.64,17.7,14.7
2026-04-12 21:19:59,AD_3,14.6,6.62,14.4,8.9,17.7,14.6
2026-04-12 21:19:59,AD_3,14.4,6.69,14.4,9.04,17.9,14.6
2026-04-12 21:20:00,AD_3,14.4,6.69,14.4,9.2,17.7,14.5
2026-04-12 21:20:00,AD_3,14.4,6.72,14.4,9.39,17.9,14.5
2026-04-12 21:20:00,AD_3,14.4,6.74,14.4,9.3,17.7,14.5
2026-04-12 21:20:01,AD_3,14.4,6.7,14.4,9.41,17.7,14.5
2026-04-12 21:20:01,AD_3,14.4,6.75,14.4,9.44,18.0,14.5
2026-04-12 21:20:01,AD_3,14.4,6.75,14.4,9.3,17.7,14.5
2026-04-12 21:20:02,AD_3,14.4,6.61,14.5,8.99,17.9,14.6
2026-04-12 21:20:02,AD_3,14.5,6.63,14.5,8.8,17.8,14.7
2026-04-12 21:20:02,AD_3,14.5,6.62,14.4,8.71,17.9,14.6
2026-04-12 21:20:03,AD_3,14.4,6.58,14.5,8.39,17.6,14.6
2026-04-12 21:20:03,AD_3,14.5,6.54,14.4,8.54,17.8,14.6
2026-04-12 21:20:04,AD_3,14.6,6.58,14.5,8.56,17.8,14.7
2026-04-12 21:20:04,AD_3,14.6,6.51,14.4,8.5,17.8,14.7
2026-04-12 21:20:04,AD_3,14.6,6.6,14.5,8.32,17.9,14.7
2026-04-12 21:20:05,AD_3,14.6,6.53,14.4,8.38,17.9,14.7
2026-04-12 21:20:05,AD_3,14.6,6.55,14.5,8.32,17.8,14.7
2026-04-12 21:20:05,AD_3,14.6,6.57,14.4,8.54,17.8,14.6
2026-04-12 21:20:06,AD_3,14.5,6.67,14.4,8.94,17.8,14.5
2026-04-12 21:20:06,AD_3,14.5,6.53,14.4,8.72,17.7,14.7
2026-04-12 21:20:06,AD_3,14.6,6.64,14.4,8.83,17.8,14.5
2026-04-12 21:20:07,AD_3,14.5,6.55,14.4,8.78,17.9,14.7
2026-04-12 21:20:07,AD_3,14.6,6.51,14.4,8.54,17.8,14.7
2026-04-12 21:20:07,AD_3,14.6,6.62,14.4,8.72,17.9,14.6
2026-04-12 21:20:08,AD_3,14.5,6.62,14.4,9.01,17.8,14.5
2026-04-12 21:20:08,AD_3,14.4,6.45,14.4,8.66,17.9,14.7
2026-04-12 21:20:09,AD_3,14.5,6.53,14.5,8.49,17.7,14.7
2026-04-12 21:20:09,AD_3,14.6,6.63,14.4,8.79,17.8,14.6
2026-04-12 21:20:09,AD_3,14.5,6.5,14.5,8.63,18.0,14.7
2026-04-12 21:20:10,AD_3,14.6,6.61,14.4,8.82,17.8,14.6
2026-04-12 21:20:10,AD_3,14.4,6.37,14.5,8.7,17.6,14.7
2026-04-12 21:20:10,AD_3,14.5,6.64,14.5,8.9,17.8,14.6
2026-04-12 21:20:11,AD_3,14.4,6.66,14.5,9.19,17.7,14.6
2026-04-12 21:20:11,AD_3,14.4,6.71,14.5,9.26,17.8,14.6
2026-04-12 21:20:11,AD_3,14.4,6.51,14.5,8.93,17.9,14.7
2026-04-12 21:20:12,AD_3,14.5,6.62,14.5,8.99,17.8,14.6
2026-04-12 21:20:12,AD_3,14.4,6.67,14.5,9.25,17.8,14.6
2026-04-12 21:20:12,AD_3,14.4,6.48,14.5,8.74,17.8,14.7
2026-04-12 21:20:13,AD_3,14.5,6.63,14.5,8.87,17.6,14.6
2026-04-12 21:20:13,AD_3,14.4,6.68,14.4,9.27,17.8,14.6
2026-04-12 21:20:14,AD_3,14.4,6.71,14.5,9.26,17.6,14.5
2026-04-12 21:20:14,AD_3,14.4,6.59,14.5,8.74,17.7,14.6
2026-04-12 21:20:14,AD_3,14.5,6.61,14.5,8.64,17.5,14.6
2026-04-12 21:20:15,AD_3,14.5,6.54,14.5,8.56,17.6,14.6
2026-04-12 21:20:15,AD_3,14.4,6.59,14.5,8.95,17.8,14.6
2026-04-12 21:20:15,AD_3,14.4,6.56,14.5,8.54,17.7,14.7
2026-04-12 21:20:16,AD_3,14.5,6.57,14.5,8.88,17.8,14.6
2026-04-12 21:20:16,AD_3,14.4,6.41,14.5,8.8,17.7,14.7
2026-04-12 21:20:16,AD_3,14.5,6.61,14.5,8.56,17.8,14.7
2026-04-12 21:20:17,AD_3,14.5,6.55,14.5,8.9,17.6,14.6
2026-04-12 21:20:17,AD_3,14.4,6.66,14.5,9.05,17.9,14.6
2026-04-12 21:20:17,AD_3,14.4,6.71,14.5,9.22,17.8,14.6
2026-04-12 21:20:18,AD_3,14.4,6.75,14.5,9.27,17.8,14.6
2026-04-12 21:20:18,AD_3,14.4,6.54,14.5,8.98,18.0,14.6
2026-04-12 21:20:19,AD_3,14.5,6.69,14.4,9.08,17.8,14.6
2026-04-12 21:20:19,AD_3,14.4,6.71,14.4,9.32,17.8,14.5
2026-04-12 21:20:19,AD_3,14.4,6.52,14.4,8.89,17.8,14.6
2026-04-12 21:20:20,AD_3,14.5,6.67,14.4,9.05,17.8,14.4
2026-04-12 21:20:20,AD_3,14.4,6.67,14.3,9.16,17.7,14.4
2026-04-12 21:20:20,AD_3,14.4,6.74,14.3,9.22,17.2,14.4
2026-04-12 21:20:21,AD_3,14.4,6.65,14.3,8.86,17.9,14.5
2026-04-12 21:20:21,AD_3,14.5,6.63,14.3,8.54,17.5,14.6
2026-04-12 21:20:21,AD_3,14.6,6.62,14.4,8.75,17.7,14.5
2026-04-12 21:20:22,AD_3,14.4,6.68,14.3,9.08,17.9,14.5
2026-04-12 21:20:22,AD_3,14.4,6.69,14.4,9.14,17.7,14.5
2026-04-12 21:20:22,AD_3,14.4,6.56,14.4,8.86,17.6,14.6
2026-04-12 21:20:23,AD_3,14.5,6.64,14.4,9.03,17.9,14.5
2026-04-12 21:20:23,AD_3,14.4,6.71,14.4,9.2,17.9,14.5
2026-04-12 21:20:24,AD_3,14.4,6.71,14.4,8.91,17.8,14.6
2026-04-12 21:20:24,AD_3,14.5,6.67,14.4,9.08,17.7,14.6
2026-04-12 21:20:24,AD_3,14.4,6.48,14.5,8.85,17.8,14.7
2026-04-12 21:20:25,AD_3,14.5,6.43,14.5,8.58,17.7,14.7
2026-04-12 21:20:25,AD_3,14.5,6.55,14.5,8.91,17.7,14.6
2026-04-12 21:20:25,AD_3,14.4,6.48,14.5,8.65,17.8,14.7
2026-04-12 21:20:26,AD_3,14.5,6.58,14.5,8.79,17.6,14.6
2026-04-12 21:20:26,AD_3,14.4,6.61,14.5,8.53,17.8,14.7
2026-04-12 21:20:26,AD_3,14.5,6.64,14.5,8.99,17.7,14.6
2026-04-12 21:20:27,AD_3,14.4,6.55,14.5,8.64,17.8,14.7
2026-04-12 21:20:27,AD_3,14.5,6.63,14.5,8.97,17.8,14.6
2026-04-12 21:20:27,AD_3,14.4,6.44,14.5,8.63,17.8,14.7
2026-04-12 21:20:28,AD_3,14.5,6.59,14.4,8.96,18.0,14.6
2026-04-12 21:20:28,AD_3,14.4,6.68,14.4,9.09,17.9,14.5
2026-04-12 21:20:29,AD_3,14.4,6.58,14.4,8.76,17.7,14.6
2026-04-12 21:20:29,AD_3,14.5,6.61,14.4,8.94,17.8,14.5
2026-04-12 21:20:29,AD_3,14.4,6.67,14.3,9.16,17.8,14.4
2026-04-12 21:20:30,AD_3,14.4,6.69,14.3,9.2,17.9,14.4
2026-04-12 21:20:30,AD_3,14.4,6.73,14.3,9.29,17.8,14.4
2026-04-12 21:20:30,AD_3,14.4,6.78,14.3,9.21,17.7,14.4
2026-04-12 21:20:31,AD_3,14.4,6.81,14.3,9.21,17.8,14.4
2026-04-12 21:20:31,AD_3,14.4,6.61,14.4,8.89,17.8,14.5
2026-04-12 21:20:31,AD_3,14.5,6.75,14.4,8.97,17.8,14.5
2026-04-12 21:20:32,AD_3,14.5,6.67,14.5,8.94,17.8,14.7
2026-04-12 21:20:32,AD_3,14.6,6.68,14.5,9.1,17.8,14.6
2026-04-12 21:20:32,AD_3,14.5,6.62,14.5,8.85,17.9,14.7
2026-04-12 21:20:33,AD_3,14.6,6.75,14.4,9.13,17.8,14.6
2026-04-12 21:20:33,AD_3,14.5,6.61,14.4,8.76,17.7,14.6
2026-04-12 21:20:34,AD_3,14.5,6.67,14.4,8.98,17.9,14.6
2026-04-12 21:20:34,AD_3,14.4,6.5,14.4,8.67,17.7,14.7
2026-04-12 21:20:37,AD_4,14.7,6.53,14.6,8.96,18.2,14.9
2026-04-12 21:20:38,AD_4,14.7,6.6,14.7,9.12,18.2,14.9
2026-04-12 21:20:38,AD_4,14.6,6.69,14.6,9.31,17.9,14.7
2026-04-12 21:20:38,AD_4,14.5,6.78,14.6,9.36,18.1,14.8
2026-04-12 21:20:39,AD_4,14.5,6.8,14.6,9.54,17.9,14.7
2026-04-12 21:20:39,AD_4,14.5,6.59,14.6,9.13,18.1,14.8
2026-04-12 21:20:39,AD_4,14.6,6.7,14.6,8.76,17.7,14.8
2026-04-12 21:20:40,AD_4,14.5,6.73,14.6,9.09,18.2,14.7
2026-04-12 21:20:40,AD_4,14.5,6.79,14.6,9.37,17.8,14.7
2026-04-12 21:20:40,AD_4,14.5,6.65,14.6,8.84,18.0,14.8
2026-04-12 21:20:41,AD_4,14.6,6.76,14.6,9.24,18.0,14.7
2026-04-12 21:20:41,AD_4,14.5,6.71,14.6,8.96,17.9,14.8
2026-04-12 21:20:42,AD_4,14.6,6.64,14.6,8.7,18.0,14.8
2026-04-12 21:20:42,AD_4,14.6,6.59,14.6,8.89,17.6,14.7
2026-04-12 21:20:42,AD_4,14.6,6.76,14.6,9.12,17.6,14.7
2026-04-12 21:20:43,AD_4,14.5,6.74,14.6,9.19,17.8,14.7
2026-04-12 21:20:43,AD_4,14.5,6.81,14.5,9.4,17.9,14.6
2026-04-12 21:20:43,AD_4,14.5,6.78,14.6,9.31,17.7,14.7
2026-04-12 21:20:44,AD_4,14.5,6.79,14.6,8.9,17.8,14.7
2026-04-12 21:20:44,AD_4,14.6,6.73,14.6,8.89,18.1,14.8
2026-04-12 21:20:44,AD_4,14.6,6.7,14.6,8.72,18.1,14.9
2026-04-12 21:20:45,AD_4,14.6,6.67,14.6,9.04,17.8,14.7
2026-04-12 21:20:45,AD_4,14.5,6.77,14.6,9.29,17.8,14.7
2026-04-12 21:20:45,AD_4,14.5,6.75,14.6,8.86,17.8,14.8
2026-04-12 21:20:46,AD_4,14.6,6.68,14.6,8.78,17.7,14.9
2026-04-12 21:20:46,AD_4,14.6,6.67,14.6,9.0,18.0,14.7
2026-04-12 21:20:47,AD_4,14.5,6.71,14.6,9.15,17.9,14.7
2026-04-12 21:20:47,AD_4,14.5,6.76,14.6,9.37,17.9,14.7
2026-04-12 21:20:47,AD_4,14.4,6.78,14.6,9.41,17.9,14.7
2026-04-12 21:20:48,AD_4,14.4,6.79,14.6,8.86,17.9,14.8
2026-04-12 21:20:48,AD_4,14.6,6.6,14.6,8.8,17.6,14.8
2026-04-12 21:20:48,AD_4,14.6,6.65,14.6,8.52,17.9,14.9
2026-04-12 21:20:49,AD_4,14.6,6.68,14.6,8.9,17.9,14.7
2026-04-12 21:20:49,AD_4,14.4,6.67,14.6,8.7,17.8,14.7
2026-04-12 21:20:49,AD_4,14.5,6.55,14.6,8.64,17.5,14.8
2026-04-12 21:20:50,AD_4,14.6,6.63,14.6,8.58,17.9,14.9
2026-04-12 21:20:50,AD_4,14.6,6.57,14.6,8.62,17.8,14.9
2026-04-12 21:20:51,AD_4,14.6,6.55,14.6,8.43,17.8,14.9
2026-04-12 21:20:51,AD_4,14.6,6.61,14.6,8.85,17.8,14.8
2026-04-12 21:20:51,AD_4,14.5,6.7,14.6,8.9,17.7,14.7
2026-04-12 21:20:52,AD_4,14.4,6.67,14.6,9.03,17.7,14.7
2026-04-12 21:20:52,AD_4,14.4,6.43,14.6,8.87,17.6,14.8
2026-04-12 21:20:52,AD_4,14.5,6.52,14.6,8.74,17.9,14.9
2026-04-12 21:20:53,AD_4,14.5,6.56,14.6,8.86,17.8,14.7
2026-04-12 21:20:53,AD_4,14.4,6.62,14.6,8.96,17.8,14.7
2026-04-12 21:20:53,AD_4,14.4,6.65,14.6,9.23,17.7,14.8
2026-04-12 21:20:54,AD_4,14.5,6.65,14.5,9.18,17.9,14.7
2026-04-12 21:20:54,AD_4,14.4,6.7,14.6,9.32,17.8,14.7
2026-04-12 21:20:54,AD_4,14.3,6.71,14.6,9.27,17.7,14.7
2026-04-12 21:20:55,AD_4,14.4,6.62,14.6,8.97,17.8,14.8
2026-04-12 21:20:55,AD_4,14.5,6.58,14.6,8.73,18.0,14.8
2026-04-12 21:20:56,AD_4,14.6,6.4,14.6,8.67,17.7,14.9
2026-04-12 21:20:56,AD_4,14.6,6.62,14.6,8.84,17.9,14.7
2026-04-12 21:20:56,AD_4,14.5,6.67,14.6,9.26,17.9,14.7
2026-04-12 21:20:57,AD_4,14.4,6.74,14.6,9.2,17.8,14.7
2026-04-12 21:20:57,AD_4,14.4,6.72,14.6,9.37,17.9,14.7
2026-04-12 21:20:57,AD_4,14.4,6.71,14.6,9.44,17.8,14.7
2026-04-12 21:20:58,AD_4,14.4,6.78,14.6,9.43,17.8,14.7
2026-04-12 21:20:58,AD_4,14.4,6.79,14.6,9.41,17.9,14.7
2026-04-12 21:20:58,AD_4,14.4,6.59,14.6,9.14,17.9,14.8
2026-04-12 21:20:59,AD_4,14.5,6.76,14.6,9.43,17.8,14.7
2026-04-12 21:20:59,AD_4,14.5,6.78,14.6,9.25,17.7,14.7
2026-04-12 21:20:59,AD_4,14.4,6.52,14.6,8.86,17.8,14.8
2026-04-12 21:21:00,AD_4,14.6,6.71,14.6,8.73,17.7,14.8
2026-04-12 21:21:00,AD_4,14.6,6.63,14.7,8.83,17.9,14.8
2026-04-12 21:21:00,AD_4,14.5,6.75,14.6,9.19,17.9,14.7
2026-04-12 21:21:01,AD_4,14.5,6.64,14.6,8.97,17.9,14.8
2026-04-12 21:21:01,AD_4,14.6,6.72,14.7,8.71,17.8,14.9
2026-04-12 21:21:02,AD_4,14.6,6.71,14.6,8.95,17.9,14.9
2026-04-12 21:21:02,AD_4,14.6,6.58,14.7,8.67,17.9,14.9
2026-04-12 21:21:02,AD_4,14.6,6.64,14.7,8.65,17.5,14.8
2026-04-12 21:21:03,AD_4,14.5,6.71,14.6,9.04,17.8,14.8
2026-04-12 21:21:03,AD_4,14.5,6.74,14.6,9.27,17.8,14.7
2026-04-12 21:21:03,AD_4,14.4,6.77,14.6,9.1,17.9,14.8
2026-04-12 21:21:04,AD_4,14.5,6.62,14.6,8.88,17.8,14.9
2026-04-12 21:21:04,AD_4,14.6,6.58,14.6,8.69,17.9,14.9
2026-04-12 21:21:04,AD_4,14.6,6.64,14.6,8.97,17.8,14.8
2026-04-12 21:21:05,AD_4,14.5,6.7,14.6,9.18,18.0,14.7
2026-04-12 21:21:05,AD_4,14.4,6.75,14.6,9.05,17.7,14.7
2026-04-12 21:21:06,AD_4,14.4,6.63,14.6,8.82,17.5,14.7
2026-04-12 21:21:06,AD_4,14.5,6.75,14.6,9.09,17.8,14.7
2026-04-12 21:21:06,AD_4,14.4,6.75,14.6,9.42,17.7,14.7
2026-04-12 21:21:07,AD_4,14.4,6.61,14.6,8.72,17.8,14.8
2026-04-12 21:21:07,AD_4,14.5,6.71,14.6,9.16,17.8,14.7
2026-04-12 21:21:07,AD_4,14.4,6.65,14.6,8.78,17.7,14.8
2026-04-12 21:21:08,AD_4,14.5,6.62,14.6,8.66,17.8,14.8
2026-04-12 21:21:08,AD_4,14.6,6.63,14.6,9.04,17.9,14.7
2026-04-12 21:21:08,AD_4,14.4,6.69,14.6,9.17,17.7,14.7
2026-04-12 21:21:09,AD_4,14.4,6.7,14.6,8.82,17.8,14.8
2026-04-12 21:21:09,AD_4,14.5,6.66,14.6,8.88,17.7,14.7
2026-04-12 21:21:09,AD_4,14.4,6.71,14.6,9.18,17.8,14.7
2026-04-12 21:21:10,AD_4,14.4,6.75,14.6,9.35,17.8,14.7
2026-04-12 21:21:10,AD_4,14.4,6.84,14.6,9.45,17.8,14.7
2026-04-12 21:21:10,AD_4,14.4,6.4,14.6,9.1,17.8,14.8
2026-04-12 21:21:11,AD_4,14.5,6.69,14.6,8.73,17.9,14.8
2026-04-12 21:21:11,AD_4,14.6,6.59,14.7,8.73,17.9,14.9
2026-04-12 21:21:12,AD_4,14.6,6.8,14.6,8.99,17.9,14.8
2026-04-12 21:21:12,AD_4,14.5,6.84,14.6,9.3,17.9,14.7
2026-04-12 21:21:12,AD_4,14.5,6.57,14.7,9.07,17.8,14.8
2026-04-12 21:21:13,AD_4,14.6,6.8,14.6,9.21,17.8,14.8
2026-04-12 21:21:13,AD_4,14.5,6.83,14.6,9.32,17.9,14.7
2026-04-12 21:21:13,AD_4,14.5,6.83,14.6,9.49,17.8,14.7
2026-04-12 21:21:14,AD_4,14.5,6.68,14.6,9.12,18.0,14.8
2026-04-12 21:21:14,AD_4,14.6,6.81,14.6,9.19,17.6,14.7
2026-04-12 21:21:14,AD_4,14.5,6.82,14.6,9.34,17.9,14.6
2026-04-12 21:21:15,AD_4,14.5,6.83,14.5,9.5,17.9,14.6
2026-04-12 21:21:15,AD_4,14.5,6.6,14.6,9.05,17.9,14.8
2026-04-12 21:21:15,AD_4,14.6,6.68,14.6,8.87,18.0,14.8
2026-04-12 21:21:16,AD_4,14.6,6.67,14.6,8.64,17.9,14.8
2026-04-12 21:21:16,AD_4,14.5,6.58,14.6,8.75,17.7,14.7
2026-04-12 21:21:17,AD_4,14.5,6.59,14.5,8.64,17.4,14.7
2026-04-12 21:21:17,AD_4,14.4,6.6,14.6,9.18,17.7,14.7
2026-04-12 21:21:17,AD_4,14.4,6.68,14.6,9.19,17.9,14.7
2026-04-12 21:21:18,AD_4,14.4,6.75,14.6,9.28,17.9,14.7
2026-04-12 21:21:18,AD_4,14.5,6.6,14.6,8.91,17.8,14.8
2026-04-12 21:21:18,AD_4,14.5,6.71,14.6,9.29,17.8,14.7
2026-04-12 21:21:19,AD_4,14.5,6.62,14.6,8.87,17.9,14.7
2026-04-12 21:21:19,AD_4,14.5,6.54,14.6,8.83,17.7,14.8
2026-04-12 21:21:19,AD_4,14.6,6.73,14.6,9.1,17.9,14.7
2026-04-12 21:21:20,AD_4,14.5,6.53,14.6,8.94,17.9,14.8
2026-04-12 21:21:20,AD_4,14.6,6.69,14.6,9.02,17.9,14.7
2026-04-12 21:21:20,AD_4,14.5,6.7,14.6,8.91,18.0,14.8
2026-04-12 21:21:21,AD_4,14.6,6.72,14.5,9.15,17.7,14.7
2026-04-12 21:21:21,AD_4,14.5,6.52,14.6,8.73,17.7,14.8
2026-04-12 21:21:22,AD_4,14.5,6.68,14.6,8.9,17.7,14.7
2026-04-12 21:21:22,AD_4,14.5,6.69,14.6,8.64,17.7,14.8
2026-04-12 21:21:22,AD_4,14.6,6.6,14.6,8.62,17.8,14.9
2026-04-12 21:21:23,AD_4,14.6,6.69,14.6,8.92,17.9,14.7
2026-04-12 21:21:23,AD_4,14.5,6.71,14.6,9.12,17.9,14.7
2026-04-12 21:21:23,AD_4,14.4,6.48,14.6,8.87,17.8,14.8
2026-04-12 21:21:24,AD_4,14.6,6.55,14.6,8.54,17.9,14.8
2026-04-12 21:21:24,AD_4,14.6,6.7,14.6,8.96,17.9,14.8
2026-04-12 21:21:24,AD_4,14.5,6.69,14.6,9.13,17.8,14.7
2026-04-12 21:21:25,AD_4,14.4,6.77,14.6,9.28,17.8,14.7
2026-04-12 21:21:25,AD_4,14.5,6.7,14.6,8.96,17.8,14.8
2026-04-12 21:21:25,AD_4,14.5,6.43,14.6,8.89,17.8,14.8
2026-04-12 21:21:26,AD_4,14.5,6.68,14.6,8.83,17.8,14.9
2026-04-12 21:21:26,AD_4,14.6,6.65,14.6,8.42,17.9,14.9
2026-04-12 21:21:27,AD_4,14.6,6.71,14.6,8.98,17.8,14.7
2026-04-12 21:21:27,AD_4,14.5,6.61,14.6,8.67,17.9,14.9
2026-04-12 21:21:27,AD_4,14.6,6.63,14.6,8.57,17.5,14.7
2026-04-12 21:21:28,AD_4,14.5,6.64,14.6,8.6,17.6,14.8
2026-04-12 21:21:28,AD_4,14.6,6.65,14.6,8.54,17.9,14.9
2026-04-12 21:21:28,AD_4,14.6,6.62,14.6,8.56,17.8,14.8
2026-04-12 21:21:29,AD_4,14.5,6.6,14.6,8.94,17.9,14.7
2026-04-12 21:21:29,AD_4,14.5,6.69,14.6,9.16,17.5,14.7
2026-04-12 21:21:29,AD_4,14.4,6.7,14.6,9.22,17.9,14.7
2026-04-12 21:21:30,AD_4,14.4,6.73,14.6,9.24,17.7,14.7
2026-04-12 21:21:30,AD_4,14.4,6.6,14.6,8.84,17.6,14.8
2026-04-12 21:21:31,AD_4,14.5,6.66,14.6,9.12,17.8,14.7
2026-04-12 21:21:31,AD_4,14.4,6.55,14.6,8.79,17.8,14.8
2026-04-12 21:21:31,AD_4,14.5,6.58,14.6,8.76,17.9,14.9
2026-04-12 21:21:32,AD_4,14.6,6.69,14.6,9.02,17.8,14.7
2026-04-12 21:21:32,AD_4,14.5,6.51,14.6,8.9,17.8,14.9
2026-04-12 21:21:32,AD_4,14.6,6.68,14.6,9.09,17.8,14.7
2026-04-12 21:21:33,AD_4,14.5,6.6,14.6,8.89,17.6,14.8
2026-04-12 21:21:33,AD_4,14.6,6.7,14.7,8.58,17.7,14.8
2026-04-12 21:21:33,AD_4,14.6,6.61,14.7,8.47,17.8,14.9
2026-04-12 21:21:34,AD_4,14.6,6.6,14.6,8.54,17.9,14.9
2026-04-12 21:21:34,AD_4,14.7,6.68,14.6,8.89,17.5,14.8
2026-04-12 21:21:34,AD_4,14.5,6.76,14.6,9.16,17.8,14.8
2026-04-12 21:21:35,AD_4,14.5,6.79,14.6,9.17,17.9,14.7
2026-04-12 21:21:35,AD_4,14.5,6.61,14.6,8.84,17.8,14.8
2026-04-12 21:21:36,AD_4,14.6,6.67,14.6,9.09,17.9,14.7
2026-04-12 21:21:36,AD_4,14.5,6.73,14.6,9.24,17.8,14.7
2026-04-12 21:21:36,AD_4,14.4,6.58,14.6,8.72,17.8,14.8
2026-04-12 21:21:37,AD_4,14.5,6.69,14.6,9.18,17.7,14.7
2026-04-12 21:21:37,AD_4,14.4,6.55,14.6,8.86,17.7,14.8
2026-04-12 21:21:37,AD_4,14.6,6.61,14.6,8.7,17.8,14.8
2026-04-12 21:21:38,AD_4,14.5,6.64,14.6,8.96,17.9,14.7
2026-04-12 21:21:38,AD_4,14.4,6.52,14.6,8.78,17.8,14.8
2026-04-12 21:21:38,AD_4,14.6,6.64,14.6,8.86,17.8,14.7
2026-04-12 21:21:39,AD_4,14.5,6.62,14.6,8.62,17.7,14.7
2026-04-12 21:21:39,AD_4,14.5,6.54,14.6,8.73,17.6,14.9
2026-04-12 21:21:40,AD_4,14.6,6.68,14.6,8.95,18.0,14.7
2026-04-12 21:21:40,AD_4,14.5,6.46,14.6,8.89,17.8,14.8
2026-04-12 21:21:40,AD_4,14.6,6.68,14.6,8.6,17.8,14.9
2026-04-12 21:21:41,AD_4,14.6,6.57,14.6,8.56,17.9,14.9
2026-04-12 21:21:41,AD_4,14.7,6.67,14.7,8.43,17.9,14.9
2026-04-12 21:21:41,AD_4,14.7,6.59,14.6,8.44,17.9,14.9
2026-04-12 21:21:42,AD_4,14.7,6.71,14.6,8.87,17.8,14.8
2026-04-12 21:21:42,AD_4,14.6,6.75,14.6,9.04,17.9,14.7
2026-04-12 21:21:42,AD_4,14.5,6.77,14.6,9.19,17.8,14.7
2026-04-12 21:21:43,AD_4,14.5,6.77,14.6,9.08,17.9,14.7
2026-04-12 21:21:43,AD_4,14.5,6.81,14.6,9.39,17.8,14.7
2026-04-12 21:21:43,AD_4,14.5,6.62,14.6,8.94,17.9,14.8
2026-04-12 21:21:44,AD_4,14.6,6.73,14.6,8.95,17.8,14.8
2026-04-12 21:21:44,AD_4,14.5,6.69,14.6,8.62,17.6,14.7
2026-04-12 21:21:45,AD_4,14.6,6.68,14.6,8.71,17.8,14.8
2026-04-12 21:21:45,AD_4,14.6,6.69,14.6,8.59,17.8,14.8
2026-04-12 21:21:45,AD_4,14.7,6.62,14.7,8.6,17.7,14.9
2026-04-12 21:21:46,AD_4,14.7,6.72,14.6,8.85,17.9,14.8
2026-04-12 21:21:46,AD_4,14.5,6.64,14.6,8.72,17.8,14.9
2026-04-12 21:21:46,AD_4,14.7,6.65,14.6,8.42,17.9,14.9
2026-04-12 21:21:47,AD_4,14.6,6.65,14.6,8.86,17.9,14.8
2026-04-12 21:21:47,AD_4,14.5,6.75,14.6,9.09,18.0,14.7
2026-04-12 21:21:47,AD_4,14.5,6.51,14.6,8.8,17.9,14.8
2026-04-12 21:21:48,AD_4,14.6,6.69,14.6,8.87,17.6,14.7
2026-04-12 21:21:48,AD_4,14.5,6.71,14.6,9.17,17.7,14.7
2026-04-12 21:21:48,AD_4,14.4,6.72,14.6,9.31,17.8,14.7
2026-04-12 21:21:55,BC_1,14.6,6.37,15.0,9.23,18.2,15.2
2026-04-12 21:21:55,BC_1,14.6,6.48,15.0,9.03,18.3,15.3
2026-04-12 21:21:55,BC_1,14.6,6.47,15.0,9.26,17.9,15.2
2026-04-12 21:21:56,BC_1,14.4,6.54,15.0,9.4,18.2,15.1
2026-04-12 21:21:56,BC_1,14.5,6.39,15.0,9.22,17.8,15.2
2026-04-12 21:21:56,BC_1,14.5,6.51,15.0,9.14,18.0,15.1
2026-04-12 21:21:57,BC_1,14.5,6.57,15.0,9.33,17.8,15.1
2026-04-12 21:21:57,BC_1,14.4,6.57,15.0,9.38,17.7,15.1
2026-04-12 21:21:57,BC_1,14.4,6.38,15.0,9.05,17.9,15.2
2026-04-12 21:21:58,BC_1,14.5,6.55,15.0,9.28,18.0,15.1
2026-04-12 21:21:58,BC_1,14.4,6.41,15.0,9.04,18.0,15.2
2026-04-12 21:21:58,BC_1,14.5,6.46,15.0,9.02,17.9,15.2
2026-04-12 21:21:59,BC_1,14.5,6.55,15.0,9.1,17.9,15.1
2026-04-12 21:21:59,BC_1,14.4,6.4,15.0,9.11,17.8,15.2
2026-04-12 21:22:00,BC_1,14.5,6.46,15.0,8.68,17.6,15.1
2026-04-12 21:22:00,BC_1,14.5,6.44,15.0,8.72,17.8,15.2
2026-04-12 21:22:00,BC_1,14.5,6.52,15.0,9.11,17.8,15.1
2026-04-12 21:22:01,BC_1,14.5,6.6,15.0,9.31,17.8,15.0
2026-04-12 21:22:01,BC_1,14.3,6.55,14.6,9.0,18.0,15.8
2026-04-12 21:22:01,BC_1,15.1,6.49,15.7,9.06,17.8,15.1
2026-04-12 21:22:02,BC_1,14.3,6.56,14.5,8.76,17.7,15.3
2026-04-12 21:22:02,BC_1,14.7,6.5,15.4,8.94,18.0,15.2
2026-04-12 21:22:02,BC_1,14.5,6.47,14.7,8.61,17.6,15.1
2026-04-12 21:22:03,BC_1,14.5,6.45,15.2,9.12,17.9,15.2
2026-04-12 21:22:03,BC_1,14.6,6.34,14.9,8.72,17.7,15.2
2026-04-12 21:22:04,BC_1,14.5,6.44,15.1,9.17,17.9,15.3
2026-04-12 21:22:04,BC_1,14.6,6.31,15.0,8.78,17.8,15.2
2026-04-12 21:22:04,BC_1,14.5,6.48,15.1,9.28,17.9,15.2
2026-04-12 21:22:05,BC_1,14.5,6.57,15.1,9.39,17.9,15.1
2026-04-12 21:22:05,BC_1,14.5,6.56,15.0,9.0,17.7,15.2
2026-04-12 21:22:05,BC_1,14.5,6.43,15.1,9.13,17.8,15.1
2026-04-12 21:22:06,BC_1,14.5,6.58,15.0,9.34,17.8,15.1
2026-04-12 21:22:06,BC_1,14.4,6.56,15.0,9.52,17.8,14.9
2026-04-12 21:22:06,BC_1,14.4,6.5,14.8,9.25,17.8,14.9
2026-04-12 21:22:07,BC_1,14.4,6.64,14.9,9.46,17.7,15.0
2026-04-12 21:22:07,BC_1,14.4,6.46,14.8,9.16,17.8,15.1
2026-04-12 21:22:07,BC_1,14.5,6.57,15.0,9.01,17.7,15.2
2026-04-12 21:22:08,BC_1,14.5,6.42,14.9,8.74,17.5,15.1
2026-04-12 21:22:08,BC_1,14.5,6.55,14.9,9.14,17.7,15.1
2026-04-12 21:22:09,BC_1,14.4,6.35,14.9,8.82,17.8,15.1
2026-04-12 21:22:09,BC_1,14.6,6.49,14.9,8.92,17.7,15.1
2026-04-12 21:22:09,BC_1,14.4,6.61,14.9,9.23,17.8,15.0
2026-04-12 21:22:10,BC_1,14.4,6.41,14.9,8.94,17.8,15.1
2026-04-12 21:22:10,BC_1,14.5,6.51,15.0,8.85,17.7,15.2
2026-04-12 21:22:10,BC_1,14.6,6.51,14.9,8.61,17.7,15.1
2026-04-12 21:22:11,BC_1,14.6,6.4,15.0,8.61,17.7,15.2
2026-04-12 21:22:11,BC_1,14.6,6.4,14.9,8.56,17.7,15.2
2026-04-12 21:22:11,BC_1,14.6,6.34,14.9,8.57,17.7,15.1
2026-04-12 21:22:12,BC_1,14.6,6.44,14.9,8.58,17.6,15.1
2026-04-12 21:22:12,BC_1,14.5,6.41,14.9,8.68,17.6,15.2
2026-04-12 21:22:13,BC_1,14.6,6.52,15.0,9.01,17.7,15.1
2026-04-12 21:22:13,BC_1,14.5,6.26,14.9,8.83,17.9,15.2
2026-04-12 21:22:13,BC_1,14.5,6.51,15.0,8.63,17.8,15.2
2026-04-12 21:22:14,BC_1,14.6,6.49,15.0,8.67,17.8,15.2
2026-04-12 21:22:14,BC_1,14.6,6.52,14.9,8.73,17.9,15.1
2026-04-12 21:22:14,BC_1,14.4,6.33,14.9,8.53,17.6,15.1
2026-04-12 21:22:15,BC_1,14.4,6.6,14.8,9.14,17.9,15.0
2026-04-12 21:22:15,BC_1,14.4,6.67,14.9,9.38,17.5,15.0
2026-04-12 21:22:15,BC_1,14.3,6.48,14.8,8.84,17.7,15.0
2026-04-12 21:22:16,BC_1,14.5,6.6,14.9,9.29,17.7,15.0
2026-04-12 21:22:16,BC_1,14.4,6.52,14.8,8.91,17.7,15.0
2026-04-12 21:22:17,BC_1,14.5,6.6,14.9,8.88,17.7,15.1
2026-04-12 21:22:17,BC_1,14.4,6.61,14.8,8.82,17.3,14.9
2026-04-12 21:22:17,BC_1,14.3,6.7,14.9,9.26,17.6,14.9
2026-04-12 21:22:18,BC_1,14.3,6.58,14.8,8.99,17.6,15.0
2026-04-12 21:22:18,BC_1,14.4,6.53,14.8,8.7,17.7,15.0
2026-04-12 21:22:18,BC_1,14.4,6.63,14.8,8.68,17.6,15.0
2026-04-12 21:22:19,BC_1,14.5,6.51,14.8,8.56,17.6,15.0
2026-04-12 21:22:19,BC_1,14.5,6.6,14.8,8.92,17.6,14.9
2026-04-12 21:22:19,BC_1,14.4,6.54,14.8,8.56,17.7,15.0
2026-04-12 21:22:20,BC_1,14.5,6.62,14.8,9.0,17.6,14.9
2026-04-12 21:22:20,BC_1,14.4,6.7,14.8,8.22,17.8,15.0
2026-04-12 21:22:20,BC_1,14.4,6.61,14.8,8.85,17.7,15.0
2026-04-12 21:22:21,BC_1,14.5,6.64,14.8,8.68,17.3,15.0
2026-04-12 21:22:21,BC_1,14.5,6.58,14.8,8.42,17.7,15.1
2026-04-12 21:22:22,BC_1,14.5,6.52,14.8,8.5,17.7,15.0
2026-04-12 21:22:22,BC_1,14.5,6.54,14.8,8.82,17.6,14.9
2026-04-12 21:22:22,BC_1,14.4,6.62,14.7,9.11,17.7,14.9
2026-04-12 21:22:23,BC_1,14.4,6.6,14.8,8.67,17.6,15.0
2026-04-12 21:22:23,BC_1,14.4,6.5,14.8,8.7,17.8,15.0
2026-04-12 21:22:23,BC_1,14.5,6.58,14.8,8.79,17.7,15.1
2026-04-12 21:22:24,BC_1,14.5,6.58,14.8,8.61,17.7,15.1
2026-04-12 21:22:24,BC_1,14.5,6.55,14.8,8.54,17.7,15.1
2026-04-12 21:22:24,BC_1,14.5,6.52,14.8,9.02,17.7,14.9
2026-04-12 21:22:25,BC_1,14.4,6.63,14.8,9.18,17.8,14.9
2026-04-12 21:22:25,BC_1,14.4,6.62,14.8,9.19,17.8,14.9
2026-04-12 21:22:25,BC_1,14.3,6.68,14.8,9.24,17.5,14.9
2026-04-12 21:22:26,BC_1,14.3,6.69,14.7,9.26,17.6,14.9
2026-04-12 21:22:26,BC_1,14.4,6.68,14.8,9.47,17.7,14.9
2026-04-12 21:22:27,BC_1,14.3,6.68,14.8,9.51,17.6,14.9
2026-04-12 21:22:27,BC_1,14.4,6.76,14.8,9.71,17.7,14.9
2026-04-12 21:22:27,BC_1,14.3,6.68,14.9,9.54,17.7,14.9
2026-04-12 21:22:28,BC_1,14.4,6.72,14.8,9.53,17.9,14.9
2026-04-12 21:22:28,BC_1,14.3,6.61,14.9,9.51,17.8,15.0
2026-04-12 21:22:28,BC_1,14.5,6.58,14.8,8.9,17.6,15.0
2026-04-12 21:22:29,BC_1,14.5,6.63,14.9,9.36,17.7,15.0
2026-04-12 21:22:29,BC_1,14.4,6.55,14.9,8.99,17.6,15.1
2026-04-12 21:22:29,BC_1,14.6,6.51,15.0,8.83,17.9,15.2
2026-04-12 21:22:30,BC_1,14.6,6.51,15.0,9.23,17.8,15.1
2026-04-12 21:22:30,BC_1,14.5,6.58,15.0,9.34,18.0,15.1
2026-04-12 21:22:30,BC_1,14.5,6.5,15.0,9.12,18.0,15.2
2026-04-12 21:22:31,BC_1,14.6,6.56,15.0,9.09,17.9,15.1
2026-04-12 21:22:31,BC_1,14.5,6.38,15.0,9.05,17.8,15.1
2026-04-12 21:22:32,BC_1,14.5,6.44,15.0,8.78,17.9,15.2
2026-04-12 21:22:32,BC_1,14.6,6.51,15.0,9.15,17.7,15.1
2026-04-12 21:22:32,BC_1,14.5,6.58,14.9,9.27,17.9,15.0
2026-04-12 21:22:33,BC_1,14.4,6.64,14.8,9.5,17.8,15.0
2026-04-12 21:22:33,BC_1,14.4,6.66,14.8,9.49,17.8,14.9
2026-04-12 21:22:33,BC_1,14.4,6.62,14.8,9.58,17.6,14.9
2026-04-12 21:22:34,BC_1,14.4,6.57,14.8,8.97,17.7,14.9
2026-04-12 21:22:34,BC_1,14.5,6.48,14.8,8.75,17.6,14.9
2026-04-12 21:22:34,BC_1,14.4,6.46,14.8,8.64,17.7,14.9
2026-04-12 21:22:35,BC_1,14.5,6.4,14.8,8.81,17.8,15.0
2026-04-12 21:22:35,BC_1,14.5,6.49,14.9,8.79,17.8,15.1
2026-04-12 21:22:36,BC_1,14.6,6.26,14.8,8.63,17.8,15.1
2026-04-12 21:22:36,BC_1,14.6,6.51,14.8,9.01,17.7,15.0
2026-04-12 21:22:36,BC_1,14.5,6.51,14.8,9.21,17.8,14.9
2026-04-12 21:22:37,BC_1,14.4,6.38,14.8,8.99,17.6,15.1
2026-04-12 21:22:37,BC_1,14.6,6.5,14.9,8.73,17.7,15.1
2026-04-12 21:22:37,BC_1,14.5,6.5,14.9,8.73,17.7,15.1
2026-04-12 21:22:38,BC_1,14.5,6.5,14.9,8.57,17.6,15.2
2026-04-12 21:22:38,BC_1,14.6,6.39,14.9,8.49,17.7,15.3
2026-04-12 21:22:38,BC_1,14.7,6.47,15.0,9.04,17.8,15.2
2026-04-12 21:22:39,BC_1,14.5,6.54,15.0,9.25,17.8,15.2
2026-04-12 21:22:39,BC_1,14.5,6.35,15.1,9.02,17.8,15.3
2026-04-12 21:22:39,BC_1,14.6,6.52,15.1,9.11,17.8,15.1
2026-04-12 21:22:40,BC_1,14.5,6.51,15.0,9.02,17.8,15.1
2026-04-12 21:22:40,BC_1,14.4,6.53,14.9,8.78,17.7,15.1
2026-04-12 21:22:41,BC_1,14.5,6.6,14.9,8.86,17.8,15.0
2026-04-12 21:22:41,BC_1,14.4,6.62,14.9,9.36,17.7,15.0
2026-04-12 21:22:41,BC_1,14.4,6.7,14.8,9.33,17.7,15.0
2026-04-12 21:22:42,BC_1,14.4,6.53,14.9,8.96,17.7,15.0
2026-04-12 21:22:42,BC_1,14.5,6.4,14.9,8.82,17.8,15.1
2026-04-12 21:22:42,BC_1,14.5,6.53,14.9,8.73,17.6,15.1
2026-04-12 21:22:43,BC_1,14.5,6.56,14.8,8.94,17.8,15.0
2026-04-12 21:22:43,BC_1,14.4,6.49,14.8,8.94,17.8,15.1
2026-04-12 21:22:43,BC_1,14.5,6.57,14.9,8.73,17.7,15.1
2026-04-12 21:22:44,BC_1,14.5,6.56,14.8,9.0,17.7,15.0
2026-04-12 21:22:44,BC_1,14.4,6.5,14.9,8.8,17.6,15.0
2026-04-12 21:22:44,BC_1,14.5,6.61,14.8,9.05,17.8,14.9
2026-04-12 21:22:45,BC_1,14.4,6.63,14.8,9.26,17.7,14.9
2026-04-12 21:22:45,BC_1,14.3,6.62,14.8,8.84,17.5,14.9
2026-04-12 21:22:46,BC_1,14.4,6.55,14.8,8.93,17.7,15.0
2026-04-12 21:22:46,BC_1,14.5,6.51,14.8,8.7,17.7,15.0
2026-04-12 21:22:46,BC_1,14.6,6.57,14.8,8.68,17.7,15.1
2026-04-12 21:22:47,BC_1,14.5,6.57,14.8,8.99,17.7,15.0
2026-04-12 21:22:47,BC_1,14.3,6.43,14.7,8.81,17.7,15.0
2026-04-12 21:22:47,BC_1,14.5,6.58,14.9,8.79,17.9,15.0
2026-04-12 21:22:48,BC_1,14.4,6.64,14.8,9.08,17.7,14.9
2026-04-12 21:22:48,BC_1,14.4,6.42,14.8,8.66,17.6,15.0
2026-04-12 21:22:48,BC_1,14.5,6.61,14.8,8.7,17.7,15.1
2026-04-12 21:22:49,BC_1,14.5,6.61,14.8,9.13,17.4,14.9
2026-04-12 21:22:49,BC_1,14.3,6.67,14.8,9.16,17.8,14.9
2026-04-12 21:22:49,BC_1,14.3,6.72,14.8,9.3,17.6,14.9
2026-04-12 21:22:50,BC_1,14.3,6.74,14.8,9.5,17.7,14.9
2026-04-12 21:22:50,BC_1,14.3,6.69,14.7,8.87,17.5,15.0
2026-04-12 21:22:51,BC_1,14.4,6.58,14.8,8.68,17.6,14.9
2026-04-12 21:22:51,BC_1,14.4,6.55,14.8,8.7,17.7,15.0
2026-04-12 21:22:51,BC_1,14.5,6.6,14.8,8.62,17.6,15.0
2026-04-12 21:22:52,BC_1,14.5,6.6,14.8,8.55,17.5,15.0
2026-04-12 21:22:52,BC_1,14.4,6.58,14.8,8.81,17.8,14.9
2026-04-12 21:22:52,BC_1,14.4,6.66,14.7,9.21,17.6,14.9
2026-04-12 21:22:53,BC_1,14.3,6.68,14.7,8.76,17.7,15.0
2026-04-12 21:22:53,BC_1,14.4,6.64,14.7,8.95,17.6,14.9
2026-04-12 21:22:53,BC_1,14.3,6.71,14.7,9.05,17.6,14.8
2026-04-12 21:22:54,BC_1,14.3,6.64,14.7,8.97,17.7,15.0
2026-04-12 21:22:54,BC_1,14.4,6.56,14.8,8.7,17.5,15.0
2026-04-12 21:22:55,BC_1,14.4,6.44,14.8,8.57,17.7,15.0
2026-04-12 21:22:55,BC_1,14.5,6.61,14.8,8.58,17.7,15.0
2026-04-12 21:22:55,BC_1,14.5,6.56,14.8,8.44,17.6,15.0
2026-04-12 21:22:56,BC_1,14.5,6.6,14.7,8.82,17.8,14.9
2026-04-12 21:22:56,BC_1,14.4,6.5,14.9,8.63,17.7,15.0
2026-04-12 21:22:56,BC_1,14.5,6.45,14.9,8.61,17.7,15.1
2026-04-12 21:22:57,BC_1,14.5,6.54,14.8,8.94,17.6,15.0
2026-04-12 21:22:57,BC_1,14.4,6.64,14.9,9.26,17.8,15.0
2026-04-12 21:22:57,BC_1,14.4,6.47,14.8,8.76,17.6,15.1
2026-04-12 21:22:58,BC_1,14.5,6.58,14.8,8.93,17.6,14.9
2026-04-12 21:22:58,BC_1,14.4,6.43,14.9,8.69,17.7,15.1
2026-04-12 21:22:58,BC_1,14.5,6.62,14.8,9.01,17.8,15.0
2026-04-12 21:22:59,BC_1,14.4,6.41,14.8,8.87,17.6,15.0
2026-04-12 21:22:59,BC_1,14.5,6.6,14.9,9.18,17.8,15.0
2026-04-12 21:23:00,BC_1,14.4,6.68,14.8,9.29,17.6,14.8
2026-04-12 21:23:00,BC_1,14.3,6.51,14.8,8.97,17.7,15.1
2026-04-12 21:23:00,BC_1,14.5,6.59,14.8,8.86,17.8,15.0
2026-04-12 21:23:01,BC_1,14.5,6.6,14.8,8.91,17.8,15.0
2026-04-12 21:23:01,BC_1,14.4,6.65,14.9,9.3,17.7,14.9
2026-04-12 21:23:01,BC_1,14.4,6.49,14.8,8.85,17.5,15.0
2026-04-12 21:23:02,BC_1,14.4,6.47,14.9,8.67,17.7,15.0
2026-04-12 21:23:02,BC_1,14.5,6.47,14.9,8.64,17.5,15.1
2026-04-12 21:23:02,BC_1,14.5,6.55,14.8,8.51,17.8,15.1
2026-04-12 21:23:03,BC_1,14.6,6.54,14.8,8.93,17.7,15.0
2026-04-12 21:23:03,BC_1,14.4,6.61,14.8,8.79,17.7,14.9
2026-04-12 21:23:03,BC_1,14.4,6.65,14.8,9.27,17.6,14.9
2026-04-12 21:23:04,BC_1,14.4,6.7,14.8,9.5,17.6,14.9
2026-04-12 21:23:04,BC_1,14.3,6.68,14.8,9.4,17.7,14.9
2026-04-12 21:23:05,BC_1,14.3,6.48,14.8,9.08,17.8,15.0
2026-04-12 21:23:05,BC_1,14.5,6.63,14.8,9.33,17.6,14.9
2026-04-12 21:23:05,BC_1,14.3,6.48,14.8,9.02,17.7,15.0
2026-04-12 21:23:06,BC_1,14.5,6.63,14.8,9.12,17.5,14.9
2026-04-12 21:23:06,BC_1,14.4,6.67,14.8,9.24,17.8,14.9
2026-04-12 21:23:15,BC_2,14.3,6.58,15.0,9.29,17.8,15.1
2026-04-12 21:23:16,BC_2,14.1,6.73,14.9,9.48,17.7,15.1
2026-04-12 21:23:16,BC_2,14.1,6.73,15.0,9.7,17.6,15.1
2026-04-12 21:23:16,BC_2,14.1,6.54,14.9,9.23,17.7,15.1
2026-04-12 21:23:17,BC_2,13.9,6.78,14.9,9.48,17.5,15.0
2026-04-12 21:23:17,BC_2,14.1,6.61,14.9,9.18,17.6,15.1
2026-04-12 21:23:17,BC_2,14.2,6.74,14.9,9.31,17.6,15.0
2026-04-12 21:23:18,BC_2,14.1,6.61,14.9,9.13,17.4,15.1
2026-04-12 21:23:18,BC_2,14.1,6.76,14.9,9.35,17.1,15.0
2026-04-12 21:23:18,BC_2,14.0,6.68,15.0,9.13,17.5,15.1
2026-04-12 21:23:19,BC_2,14.1,6.76,14.9,8.93,17.4,15.2
2026-04-12 21:23:19,BC_2,14.1,6.74,14.9,8.97,17.3,15.1
2026-04-12 21:23:20,BC_2,14.0,6.69,14.9,8.67,17.2,15.1
2026-04-12 21:23:20,BC_2,14.0,6.77,14.9,9.14,17.3,15.0
2026-04-12 21:23:20,BC_2,13.9,6.71,14.8,8.83,17.1,15.0
2026-04-12 21:23:21,BC_2,14.0,6.74,14.9,8.85,17.2,15.1
2026-04-12 21:23:21,BC_2,14.0,6.77,14.8,9.09,17.1,14.9
2026-04-12 21:23:21,BC_2,13.8,6.84,14.7,9.35,17.1,14.9
2026-04-12 21:23:22,BC_2,13.8,6.82,14.7,9.39,17.0,14.9
2026-04-12 21:23:22,BC_2,13.9,6.82,14.8,8.96,17.3,15.0
2026-04-12 21:23:22,BC_2,13.9,6.78,14.8,8.93,17.3,15.0
2026-04-12 21:23:23,BC_2,13.9,6.73,14.8,8.71,17.1,15.0
2026-04-12 21:23:23,BC_2,14.0,6.73,14.8,8.73,17.1,15.0
2026-04-12 21:23:24,BC_2,14.0,6.61,14.8,8.74,17.1,15.0
2026-04-12 21:23:24,BC_2,14.0,6.78,14.8,8.99,17.1,14.9
2026-04-12 21:23:24,BC_2,13.9,6.78,14.7,9.14,17.2,14.8
2026-04-12 21:23:25,BC_2,13.8,6.69,14.7,8.98,17.2,15.0
2026-04-12 21:23:25,BC_2,14.0,6.78,14.8,8.9,17.0,15.0
2026-04-12 21:23:25,BC_2,14.0,6.81,14.8,8.95,17.2,14.9
2026-04-12 21:23:26,BC_2,13.8,6.82,14.7,9.32,16.9,14.8
2026-04-12 21:23:26,BC_2,13.8,6.79,14.7,8.91,17.0,14.9
2026-04-12 21:23:26,BC_2,13.9,6.8,14.7,9.18,17.3,14.8
2026-04-12 21:23:27,BC_2,13.8,6.78,14.7,8.89,17.2,14.9
2026-04-12 21:23:27,BC_2,13.9,6.83,14.7,9.21,17.1,14.9
2026-04-12 21:23:27,BC_2,13.8,6.84,14.8,9.27,17.2,14.9
2026-04-12 21:23:28,BC_2,13.8,6.81,14.8,9.07,17.1,15.0
2026-04-12 21:23:28,BC_2,14.0,6.81,14.8,9.33,17.1,14.9
2026-04-12 21:23:29,BC_2,13.8,6.72,14.9,9.16,17.1,15.1
2026-04-12 21:23:29,BC_2,13.9,6.85,14.9,9.28,17.0,15.0
2026-04-12 21:23:29,BC_2,13.8,6.72,14.9,9.11,17.2,15.1
2026-04-12 21:23:30,BC_2,13.9,6.85,14.9,9.28,17.2,15.0
2026-04-12 21:23:30,BC_2,13.8,6.8,15.0,9.24,17.1,15.1
2026-04-12 21:23:30,BC_2,13.9,6.8,15.0,8.87,16.9,15.2
2026-04-12 21:23:31,BC_2,14.0,6.83,15.0,9.13,17.2,15.1
2026-04-12 21:23:31,BC_2,13.8,6.69,15.0,9.04,17.1,15.2
2026-04-12 21:23:31,BC_2,13.9,6.83,15.0,9.18,17.1,15.2
2026-04-12 21:23:32,BC_2,13.9,6.77,15.1,9.02,17.0,15.2
2026-04-12 21:23:32,BC_2,13.9,6.86,15.1,9.36,17.1,15.2
2026-04-12 21:23:32,BC_2,13.8,6.74,15.1,9.13,17.2,15.3
2026-04-12 21:23:33,BC_2,13.9,6.89,15.1,9.04,17.0,15.2
2026-04-12 21:23:33,BC_2,14.0,6.81,15.0,8.96,17.2,15.3
2026-04-12 21:23:34,BC_2,14.0,6.68,15.1,8.97,17.1,15.2
2026-04-12 21:23:34,BC_2,14.0,6.78,15.0,8.72,17.1,15.2
2026-04-12 21:23:34,BC_2,14.0,6.76,15.0,8.84,17.1,15.1
2026-04-12 21:23:35,BC_2,14.0,6.8,14.9,9.22,16.8,15.1
2026-04-12 21:23:35,BC_2,13.9,6.8,14.9,8.99,17.1,15.1
2026-04-12 21:23:35,BC_2,14.1,6.76,14.9,8.79,17.3,15.2
2026-04-12 21:23:36,BC_2,14.0,6.8,14.9,9.09,17.1,15.1
2026-04-12 21:23:36,BC_2,13.9,6.9,14.9,9.41,17.3,14.9
2026-04-12 21:23:36,BC_2,13.8,6.72,14.9,8.85,16.9,15.0
2026-04-12 21:23:37,BC_2,14.1,6.84,14.7,9.0,17.4,14.7
2026-04-12 21:23:37,BC_2,14.0,6.76,14.8,8.92,16.6,15.0
2026-04-12 21:23:38,BC_2,13.9,6.73,14.8,8.83,17.3,15.0
2026-04-12 21:23:38,BC_2,14.1,6.79,14.7,8.62,17.1,15.0
2026-04-12 21:23:38,BC_2,14.0,6.72,14.8,8.66,17.2,15.0
2026-04-12 21:23:39,BC_2,14.1,6.79,14.7,9.02,16.9,14.8
2026-04-12 21:23:39,BC_2,13.9,6.65,14.7,8.67,17.4,14.9
2026-04-12 21:23:39,BC_2,14.2,6.76,14.7,8.75,17.3,14.9
2026-04-12 21:23:40,BC_2,14.1,6.66,14.8,8.6,17.3,15.0
2026-04-12 21:23:40,BC_2,14.2,6.59,14.7,8.6,17.4,15.0
2026-04-12 21:23:40,BC_2,14.2,6.66,14.8,8.69,17.0,15.1
2026-04-12 21:23:41,BC_2,14.2,6.71,14.8,8.78,17.3,14.9
2026-04-12 21:23:41,BC_2,14.0,6.62,14.8,8.88,17.3,15.0
2026-04-12 21:23:42,BC_2,14.1,6.71,14.8,9.01,17.4,14.9
2026-04-12 21:23:42,BC_2,14.0,6.77,14.8,9.29,17.2,14.9
2026-04-12 21:23:42,BC_2,13.9,6.84,14.8,9.19,17.2,14.9
2026-04-12 21:23:43,BC_2,14.0,6.84,14.8,9.45,17.2,14.8
2026-04-12 21:23:43,BC_2,13.9,6.61,14.8,9.05,17.3,15.1
2026-04-12 21:23:43,BC_2,14.1,6.78,14.8,9.35,17.2,14.9
2026-04-12 21:23:44,BC_2,14.0,6.84,14.8,9.4,17.2,15.0
2026-04-12 21:23:44,BC_2,14.0,6.85,14.9,9.52,17.3,14.9
2026-04-12 21:23:44,BC_2,13.9,6.89,14.9,9.66,17.2,14.9
2026-04-12 21:23:45,BC_2,13.9,6.78,14.9,9.27,17.1,15.1
2026-04-12 21:23:45,BC_2,14.0,6.82,14.9,9.33,17.3,15.0
2026-04-12 21:23:45,BC_2,14.0,6.87,14.9,9.16,17.1,15.1
2026-04-12 21:23:46,BC_2,14.1,6.81,14.9,9.07,17.1,15.0
2026-04-12 21:23:46,BC_2,14.0,6.86,14.8,9.44,17.2,15.0
2026-04-12 21:23:46,BC_2,14.0,6.87,14.9,9.72,17.4,14.9
2026-04-12 21:23:47,BC_2,14.0,6.87,14.8,9.65,17.4,14.9
2026-04-12 21:23:47,BC_2,14.0,6.61,14.8,9.16,17.4,14.9
2026-04-12 21:23:48,BC_2,14.1,6.77,14.7,9.21,17.3,14.8
2026-04-12 21:23:48,BC_2,14.1,6.69,14.7,9.02,17.3,14.9
2026-04-12 21:23:48,BC_2,14.2,6.74,14.7,9.32,17.2,14.8
2026-04-12 21:23:49,BC_2,14.1,6.8,14.7,9.45,17.5,14.8
2026-04-12 21:23:49,BC_2,14.1,6.82,14.7,9.48,17.4,14.8
2026-04-12 21:23:49,BC_2,14.0,6.72,14.8,9.2,17.4,14.9
2026-04-12 21:23:50,BC_2,14.2,6.77,14.8,8.89,17.4,15.0
2026-04-12 21:23:50,BC_2,14.2,6.75,14.7,9.06,17.3,14.9
2026-04-12 21:23:50,BC_2,14.1,6.8,14.7,9.16,17.5,14.9
2026-04-12 21:23:51,BC_2,14.2,6.79,14.8,9.28,17.1,14.8
2026-04-12 21:23:51,BC_2,14.1,6.82,14.8,9.53,17.4,14.9
2026-04-12 21:23:51,BC_2,14.1,6.8,14.8,9.51,17.4,14.9
2026-04-12 21:23:52,BC_2,14.1,6.85,14.8,9.37,17.5,14.9
2026-04-12 21:23:52,BC_2,14.1,6.87,14.8,9.63,17.4,14.9
2026-04-12 21:23:52,BC_2,14.1,6.85,14.8,9.75,17.4,14.8
2026-04-12 21:23:53,BC_2,14.2,6.76,14.8,9.27,17.3,15.0
2026-04-12 21:23:53,BC_2,14.1,6.69,14.7,8.95,17.3,14.8
2026-04-12 21:23:54,BC_2,14.2,6.8,14.7,9.45,17.4,14.9
2026-04-12 21:23:54,BC_2,14.0,6.84,14.8,9.56,17.5,14.8
2026-04-12 21:23:54,BC_2,14.1,6.64,14.7,9.15,17.3,14.9
2026-04-12 21:23:55,BC_2,14.2,6.77,14.7,9.4,17.5,14.8
2026-04-12 21:23:55,BC_2,14.2,6.77,14.7,8.96,17.4,14.9
2026-04-12 21:23:55,BC_2,14.2,6.63,14.7,8.7,17.5,14.9
2026-04-12 21:23:56,BC_2,14.3,6.68,14.7,8.81,17.3,14.9
2026-04-12 21:23:56,BC_2,14.3,6.51,14.7,8.69,17.5,14.9
2026-04-12 21:23:56,BC_2,14.3,6.68,14.7,9.0,17.5,14.9
2026-04-12 21:23:57,BC_2,14.2,6.7,14.7,8.99,17.6,14.8
2026-04-12 21:23:57,BC_2,14.2,6.78,14.7,9.36,17.6,14.8
2026-04-12 21:23:58,BC_2,14.2,6.68,14.7,8.82,17.5,14.9
2026-04-12 21:23:58,BC_2,14.3,6.63,14.7,8.81,17.5,14.9
2026-04-12 21:23:58,BC_2,14.3,6.66,14.7,8.6,17.1,14.8
2026-04-12 21:23:59,BC_2,14.3,6.63,14.7,8.58,17.5,14.9
2026-04-12 21:23:59,BC_2,14.3,6.61,14.7,8.61,17.6,15.0
2026-04-12 21:23:59,BC_2,14.4,6.57,14.8,8.63,17.4,15.0
2026-04-12 21:24:00,BC_2,14.4,6.69,14.7,8.77,17.7,14.9
2026-04-12 21:24:00,BC_2,14.3,6.73,14.7,9.07,17.5,14.8
2026-04-12 21:24:00,BC_2,14.2,6.72,14.7,9.1,17.6,14.8
2026-04-12 21:24:01,BC_2,14.2,6.81,14.7,9.42,17.2,14.8
2026-04-12 21:24:01,BC_2,14.2,6.79,14.7,9.51,17.6,14.8
2026-04-12 21:24:01,BC_2,14.2,6.56,14.7,9.14,17.5,14.9
2026-04-12 21:24:02,BC_2,14.3,6.75,14.7,9.15,17.6,14.9
2026-04-12 21:24:02,BC_2,14.3,6.75,14.7,9.29,17.6,14.8
2026-04-12 21:24:03,BC_2,14.2,6.67,14.7,8.93,17.7,15.0
2026-04-12 21:24:03,BC_2,14.3,6.61,14.8,8.81,17.6,15.0
2026-04-12 21:24:03,BC_2,14.3,6.69,14.8,8.7,17.4,15.0
2026-04-12 21:24:04,BC_2,14.3,6.6,14.8,8.63,17.5,15.0
2026-04-12 21:24:04,BC_2,14.4,6.68,14.8,8.48,17.4,15.0
2026-04-12 21:24:04,BC_2,14.3,6.58,14.8,8.59,17.5,15.0
2026-04-12 21:24:05,BC_2,14.4,6.72,14.7,8.94,17.5,14.9
2026-04-12 21:24:05,BC_2,14.2,6.7,14.8,9.19,17.4,14.9
2026-04-12 21:24:05,BC_2,14.2,6.55,14.8,9.05,17.5,14.9
2026-04-12 21:24:06,BC_2,14.2,6.75,14.7,9.27,17.5,14.9
2026-04-12 21:24:06,BC_2,14.2,6.81,14.8,9.48,17.5,14.8
2026-04-12 21:24:07,BC_2,14.1,6.64,14.8,8.99,17.5,15.0
2026-04-12 21:24:07,BC_2,14.2,6.75,14.8,9.24,17.5,14.9
2026-04-12 21:24:07,BC_2,14.1,6.72,14.8,8.87,17.5,14.9
2026-04-12 21:24:08,BC_2,14.2,6.75,14.8,9.2,17.5,14.9
2026-04-12 21:24:08,BC_2,14.1,6.54,14.8,8.97,17.5,15.0
2026-04-12 21:24:08,BC_2,14.2,6.68,14.8,8.81,17.4,15.0
2026-04-12 21:24:09,BC_2,14.2,6.74,14.8,9.05,17.2,14.9
2026-04-12 21:24:09,BC_2,14.1,6.79,14.8,9.27,17.5,15.0
2026-04-12 21:24:09,BC_2,14.1,6.82,14.8,9.36,17.3,15.0
2026-04-12 21:24:10,BC_2,14.1,6.74,14.9,8.74,17.3,15.0
2026-04-12 21:24:10,BC_2,14.2,6.7,14.9,8.73,17.1,15.0
2026-04-12 21:24:10,BC_2,14.1,6.59,14.9,8.73,17.2,15.1
2026-04-12 21:24:11,BC_2,14.1,6.78,14.9,9.06,17.4,14.9
2026-04-12 21:24:11,BC_2,14.1,6.81,14.8,9.35,17.3,14.9
2026-04-12 21:24:12,BC_2,14.0,6.63,14.8,9.1,17.4,15.0
2026-04-12 21:24:12,BC_2,14.1,6.8,14.8,9.3,17.3,14.9
2026-04-12 21:24:12,BC_2,14.0,6.81,14.8,9.33,17.3,14.9
2026-04-12 21:24:13,BC_2,14.0,6.86,14.8,9.57,17.3,14.8
2026-04-12 21:24:13,BC_2,14.0,6.68,14.8,9.22,17.3,15.0
2026-04-12 21:24:13,BC_2,14.1,6.81,14.8,8.97,17.3,15.0
2026-04-12 21:24:14,BC_2,14.1,6.76,14.8,9.04,17.4,14.9
2026-04-12 21:24:14,BC_2,14.1,6.59,14.8,9.01,17.3,15.0
2026-04-12 21:24:14,BC_2,14.2,6.7,14.8,8.76,17.5,15.0
2026-04-12 21:24:15,BC_2,14.3,6.57,14.8,8.73,17.5,15.0
2026-04-12 21:24:15,BC_2,14.3,6.7,14.8,9.01,17.3,14.9
2026-04-12 21:24:16,BC_2,14.1,6.62,14.8,8.78,17.4,14.9
2026-04-12 21:24:16,BC_2,14.2,6.67,14.7,8.76,17.4,15.0
2026-04-12 21:24:16,BC_2,14.3,6.76,14.8,8.92,17.5,14.8
2026-04-12 21:24:17,BC_2,14.1,6.79,14.7,9.43,17.5,14.8
2026-04-12 21:24:17,BC_2,14.1,6.61,14.8,8.82,17.5,14.9
2026-04-12 21:24:17,BC_2,14.2,6.75,14.7,9.19,17.4,14.8
2026-04-12 21:24:18,BC_2,14.2,6.77,14.7,9.3,17.5,14.8
2026-04-12 21:24:18,BC_2,14.1,6.73,14.7,8.9,17.5,14.9
2026-04-12 21:24:18,BC_2,14.2,6.74,14.7,9.01,17.4,15.0
2026-04-12 21:24:19,BC_2,14.2,6.77,14.7,9.25,17.5,14.8
2026-04-12 21:24:19,BC_2,14.2,6.55,14.7,8.96,17.5,14.9
2026-04-12 21:24:19,BC_2,14.2,6.73,14.7,8.99,17.5,14.8
2026-04-12 21:24:20,BC_2,14.2,6.61,14.8,8.94,17.3,14.9
2026-04-12 21:24:20,BC_2,14.2,6.71,14.7,8.6,17.5,15.0
2026-04-12 21:24:21,BC_2,14.3,6.69,14.8,9.02,17.4,14.9
2026-04-12 21:24:21,BC_2,14.1,6.6,14.7,8.74,17.3,14.9
2026-04-12 21:24:21,BC_2,14.2,6.67,14.7,8.89,17.4,14.8
2026-04-12 21:24:22,BC_2,14.2,6.67,14.7,8.85,17.4,14.9
2026-04-12 21:24:22,BC_2,14.2,6.67,14.7,8.74,17.6,14.9
2026-04-12 21:24:22,BC_2,14.3,6.69,14.7,8.73,17.2,14.8
2026-04-12 21:24:23,BC_2,14.3,6.65,14.7,8.73,17.6,14.9
2026-04-12 21:24:23,BC_2,14.3,6.67,14.8,9.01,17.4,14.9
2026-04-12 21:24:23,BC_2,14.2,6.73,14.7,9.22,17.5,14.8
2026-04-12 21:24:24,BC_2,14.2,6.61,14.7,8.89,17.4,14.9
2026-04-12 21:24:24,BC_2,14.3,6.69,14.7,8.64,17.4,15.0
2026-04-12 21:24:25,BC_2,14.3,6.68,14.7,9.03,17.5,14.8
2026-04-12 21:24:25,BC_2,14.2,6.75,14.7,9.14,17.6,14.8
2026-04-12 21:24:25,BC_2,14.2,6.55,14.7,8.93,17.5,14.9
2026-04-12 21:24:26,BC_2,14.3,6.72,14.7,9.12,17.5,14.8
2026-04-12 21:24:26,BC_2,14.2,6.76,14.7,9.44,17.6,14.8
2026-04-12 21:24:26,BC_2,14.2,6.79,14.7,9.52,17.6,14.8
2026-04-12 21:24:27,BC_2,14.1,6.6,14.7,8.92,17.3,14.9
2026-04-12 21:24:38,BC_3,14.7,6.36,14.8,8.95,18.3,15.1
2026-04-12 21:24:38,BC_3,14.5,6.39,14.8,9.09,18.2,15.0
2026-04-12 21:24:38,BC_3,14.4,6.51,14.7,9.29,18.0,14.9
2026-04-12 21:24:39,BC_3,14.4,6.57,14.7,9.49,18.1,14.8
2026-04-12 21:24:39,BC_3,14.3,6.44,14.7,8.9,18.1,15.0
2026-04-12 21:24:39,BC_3,14.5,6.51,14.8,8.96,17.9,15.0
2026-04-12 21:24:40,BC_3,14.5,6.53,14.8,9.16,17.9,14.8
2026-04-12 21:24:40,BC_3,14.4,6.58,14.7,9.35,18.1,14.9
2026-04-12 21:24:40,BC_3,14.4,6.46,14.7,9.0,18.0,14.9
2026-04-12 21:24:41,BC_3,14.4,6.53,14.7,8.91,17.8,15.0
2026-04-12 21:24:41,BC_3,14.5,6.56,14.8,8.79,17.9,15.0
2026-04-12 21:24:41,BC_3,14.4,6.23,14.7,8.7,17.8,15.0
2026-04-12 21:24:42,BC_3,14.5,6.48,14.8,8.76,18.0,15.0
2026-04-12 21:24:42,BC_3,14.4,6.51,14.7,8.91,17.8,14.9
2026-04-12 21:24:43,BC_3,14.3,6.49,14.7,8.62,17.7,14.9
2026-04-12 21:24:43,BC_3,14.5,6.44,14.7,8.65,17.8,14.8
2026-04-12 21:24:43,BC_3,14.4,6.44,14.7,8.84,17.8,14.8
2026-04-12 21:24:44,BC_3,14.4,6.54,14.6,9.08,18.0,14.8
2026-04-12 21:24:44,BC_3,14.3,6.41,14.6,8.77,17.9,14.9
2026-04-12 21:24:44,BC_3,14.5,6.49,14.7,8.69,17.5,14.9
2026-04-12 21:24:45,BC_3,14.5,6.41,14.6,8.45,17.8,14.9
2026-04-12 21:24:45,BC_3,14.4,6.5,14.7,8.51,17.8,14.9
2026-04-12 21:24:46,BC_3,14.5,6.25,14.6,8.25,17.8,14.9
2026-04-12 21:24:46,BC_3,14.5,6.47,14.7,8.46,17.9,14.9
2026-04-12 21:24:46,BC_3,14.5,6.38,14.6,8.43,17.8,14.9
2026-04-12 21:24:47,BC_3,14.5,6.44,14.7,8.4,17.9,14.9
2026-04-12 21:24:47,BC_3,14.5,6.47,14.7,8.41,17.8,14.9
2026-04-12 21:24:47,BC_3,14.5,6.44,14.6,8.44,17.7,14.9
2026-04-12 21:24:48,BC_3,14.5,6.5,14.6,8.73,17.9,14.8
2026-04-12 21:24:48,BC_3,14.4,6.53,14.6,8.94,17.9,14.8
2026-04-12 21:24:48,BC_3,14.3,6.57,14.6,8.94,17.7,14.7
2026-04-12 21:24:49,BC_3,14.4,6.6,14.6,8.73,17.6,14.8
2026-04-12 21:24:49,BC_3,14.3,6.48,14.6,8.61,17.9,14.9
2026-04-12 21:24:49,BC_3,14.5,6.56,14.6,8.96,17.8,14.8
2026-04-12 21:24:50,BC_3,14.3,6.61,14.6,9.12,17.7,14.7
2026-04-12 21:24:50,BC_3,14.3,6.59,14.6,9.21,17.7,14.7
2026-04-12 21:24:51,BC_3,14.3,6.64,14.6,9.15,17.8,14.8
2026-04-12 21:24:51,BC_3,14.4,6.61,14.6,9.28,17.8,14.7
2026-04-12 21:24:51,BC_3,14.3,6.49,14.6,8.86,17.8,14.9
2026-04-12 21:24:52,BC_3,14.4,6.5,14.6,8.76,17.7,14.9
2026-04-12 21:24:52,BC_3,14.4,6.55,14.6,8.97,17.7,14.8
2026-04-12 21:24:52,BC_3,14.3,6.45,14.7,8.83,17.6,14.9
2026-04-12 21:24:53,BC_3,14.4,6.54,14.7,8.72,17.5,14.9
2026-04-12 21:24:53,BC_3,14.5,6.46,14.7,8.5,17.6,14.9
2026-04-12 21:24:53,BC_3,14.5,6.52,14.7,8.88,17.7,14.8
2026-04-12 21:24:54,BC_3,14.3,6.44,14.6,8.68,17.7,14.9
2026-04-12 21:24:54,BC_3,14.4,6.4,14.7,8.64,17.6,14.8
2026-04-12 21:24:55,BC_3,14.4,6.46,14.7,8.75,17.8,14.9
2026-04-12 21:24:55,BC_3,14.4,6.57,14.7,9.07,17.6,14.8
2026-04-12 21:24:55,BC_3,14.3,6.62,14.7,8.82,17.6,14.9
2026-04-12 21:24:56,BC_3,14.4,6.42,14.7,8.5,17.6,14.9
2026-04-12 21:24:56,BC_3,14.4,6.59,14.7,8.86,17.6,14.8
2026-04-12 21:24:56,BC_3,14.3,6.63,14.6,8.95,17.3,14.8
2026-04-12 21:24:57,BC_3,14.3,6.69,14.7,9.23,17.7,14.7
2026-04-12 21:24:57,BC_3,14.3,6.71,14.6,9.38,17.8,14.7
2026-04-12 21:24:57,BC_3,14.2,6.56,14.7,8.9,17.4,14.9
2026-04-12 21:24:58,BC_3,14.4,6.5,14.7,8.74,17.7,14.9
2026-04-12 21:24:58,BC_3,14.4,6.59,14.7,8.74,17.7,15.0
2026-04-12 21:24:58,BC_3,14.4,6.44,14.7,8.58,17.6,14.9
2026-04-12 21:24:59,BC_3,14.4,6.58,14.7,8.96,17.8,14.8
2026-04-12 21:24:59,BC_3,14.3,6.43,14.7,8.82,17.8,14.9
2026-04-12 21:25:00,BC_3,14.4,6.62,14.7,8.91,17.6,14.8
2026-04-12 21:25:00,BC_3,14.3,6.59,14.7,9.1,17.5,14.8
2026-04-12 21:25:00,BC_3,14.3,6.59,14.7,8.99,17.6,14.9
2026-04-12 21:25:01,BC_3,14.4,6.63,14.7,8.79,17.7,14.9
2026-04-12 21:25:01,BC_3,14.3,6.43,14.7,8.85,17.8,15.0
2026-04-12 21:25:01,BC_3,14.5,6.56,14.7,8.69,17.6,15.0
2026-04-12 21:25:02,BC_3,14.5,6.56,14.7,8.56,17.5,15.0
2026-04-12 21:25:02,BC_3,14.5,6.53,14.7,8.61,17.6,14.9
2026-04-12 21:25:02,BC_3,14.4,6.59,14.7,9.16,17.7,14.8
2026-04-12 21:25:03,BC_3,14.3,6.51,14.7,8.81,17.8,14.9
2026-04-12 21:25:03,BC_3,14.5,6.55,14.7,8.72,17.8,14.9
2026-04-12 21:25:04,BC_3,14.3,6.55,14.7,9.05,17.8,14.8
2026-04-12 21:25:04,BC_3,14.3,6.37,14.7,8.93,17.8,14.9
2026-04-12 21:25:04,BC_3,14.5,6.44,14.7,8.67,17.7,15.0
2026-04-12 21:25:05,BC_3,14.5,6.52,14.7,8.77,17.7,14.8
2026-04-12 21:25:05,BC_3,14.4,6.45,14.7,8.89,17.7,14.9
2026-04-12 21:25:05,BC_3,14.5,6.46,14.7,8.93,17.5,14.8
2026-04-12 21:25:06,BC_3,14.4,6.47,14.7,8.72,17.7,14.9
2026-04-12 21:25:06,BC_3,14.5,6.48,14.7,8.61,17.6,14.9
2026-04-12 21:25:06,BC_3,14.5,6.51,14.7,8.97,17.6,14.8
2026-04-12 21:25:07,BC_3,14.4,6.58,14.7,9.08,17.8,14.8
2026-04-12 21:25:07,BC_3,14.3,6.39,14.7,8.86,17.4,14.9
2026-04-12 21:25:07,BC_3,14.5,6.55,14.7,9.01,17.8,14.8
2026-04-12 21:25:08,BC_3,14.3,6.59,14.6,9.33,17.6,14.7
2026-04-12 21:25:08,BC_3,14.3,6.68,14.6,9.11,17.8,14.7
2026-04-12 21:25:09,BC_3,14.3,6.59,14.6,8.98,17.6,14.8
2026-04-12 21:25:09,BC_3,14.4,6.6,14.6,8.97,17.8,14.7
2026-04-12 21:25:09,BC_3,14.3,6.61,14.6,9.32,17.6,14.7
2026-04-12 21:25:10,BC_3,14.3,6.65,14.6,9.42,17.8,14.7
2026-04-12 21:25:10,BC_3,14.3,6.65,14.6,9.44,17.7,14.7
2026-04-12 21:25:10,BC_3,14.3,6.54,14.6,9.13,17.8,14.8
2026-04-12 21:25:11,BC_3,14.4,6.62,14.6,8.71,17.4,14.8
2026-04-12 21:25:11,BC_3,14.4,6.52,14.6,8.58,17.6,14.8
2026-04-12 21:25:11,BC_3,14.5,6.48,14.6,8.56,17.6,14.8
2026-04-12 21:25:12,BC_3,14.4,6.45,14.6,8.64,17.8,14.9
2026-04-12 21:25:12,BC_3,14.4,6.49,14.6,8.53,17.8,14.9
2026-04-12 21:25:12,BC_3,14.5,6.42,14.7,8.56,17.7,14.9
2026-04-12 21:25:13,BC_3,14.5,6.54,14.6,8.68,17.7,14.7
2026-04-12 21:25:13,BC_3,14.4,6.57,14.6,8.93,17.5,14.7
2026-04-12 21:25:14,BC_3,14.3,6.61,14.6,9.12,17.7,14.7
2026-04-12 21:25:14,BC_3,14.3,6.62,14.6,9.35,17.5,14.7
2026-04-12 21:25:14,BC_3,14.3,6.65,14.6,9.28,17.7,14.7
2026-04-12 21:25:15,BC_3,14.3,6.67,14.6,9.42,17.7,14.7
2026-04-12 21:25:15,BC_3,14.3,6.66,14.6,9.47,17.8,14.6
2026-04-12 21:25:15,BC_3,14.3,6.69,14.5,9.1,17.8,14.7
2026-04-12 21:25:16,BC_3,14.4,6.55,14.6,8.53,17.8,14.8
2026-04-12 21:25:16,BC_3,14.4,6.6,14.6,9.04,17.7,14.7
2026-04-12 21:25:16,BC_3,14.3,6.49,14.6,8.85,17.7,14.8
2026-04-12 21:25:17,BC_3,14.4,6.57,14.6,8.89,17.5,14.7
2026-04-12 21:25:17,BC_3,14.3,6.55,14.6,8.68,17.7,14.8
2026-04-12 21:25:17,BC_3,14.4,6.57,14.6,8.98,17.5,14.8
2026-04-12 21:25:18,BC_3,14.3,6.41,14.6,8.78,17.7,14.8
2026-04-12 21:25:18,BC_3,14.4,6.56,14.7,8.42,17.8,14.9
2026-04-12 21:25:19,BC_3,14.5,6.55,14.6,9.0,17.7,14.8
2026-04-12 21:25:19,BC_3,14.3,6.63,14.6,9.2,17.7,14.7
2026-04-12 21:25:19,BC_3,14.3,6.62,14.6,9.07,17.7,14.7
2026-04-12 21:25:20,BC_3,14.3,6.69,14.6,9.24,17.7,14.7
2026-04-12 21:25:20,BC_3,14.3,6.69,14.6,9.19,17.8,14.7
2026-04-12 21:25:20,BC_3,14.3,6.51,14.6,9.09,17.7,14.8
2026-04-12 21:25:21,BC_3,14.4,6.64,14.6,9.04,17.8,14.7
2026-04-12 21:25:21,BC_3,14.3,6.5,14.6,8.84,17.6,14.9
2026-04-12 21:25:21,BC_3,14.4,6.55,14.7,8.69,17.6,14.9
2026-04-12 21:25:22,BC_3,14.4,6.56,14.7,9.03,17.7,14.8
2026-04-12 21:25:22,BC_3,14.3,6.63,14.7,9.08,17.6,14.7
2026-04-12 21:25:22,BC_3,14.3,6.58,14.7,8.83,17.8,14.9
2026-04-12 21:25:23,BC_3,14.4,6.52,14.7,8.75,17.6,14.9
2026-04-12 21:25:23,BC_3,14.5,6.41,14.7,8.5,17.8,14.9
2026-04-12 21:25:24,BC_3,14.5,6.53,14.6,8.92,17.7,14.8
2026-04-12 21:25:24,BC_3,14.4,6.39,14.7,8.83,17.8,14.9
2026-04-12 21:25:24,BC_3,14.5,6.53,14.6,8.89,17.7,14.8
2026-04-12 21:25:25,BC_3,14.4,6.56,14.6,9.18,17.7,14.8
2026-04-12 21:25:25,BC_3,14.4,6.52,14.7,8.83,17.7,14.9
2026-04-12 21:25:25,BC_3,14.4,6.45,14.7,8.67,17.7,14.9
2026-04-12 21:25:26,BC_3,14.5,6.56,14.7,8.93,17.6,14.8
2026-04-12 21:25:26,BC_3,14.4,6.39,14.7,8.75,17.8,14.9
2026-04-12 21:25:26,BC_3,14.5,6.53,14.6,8.87,17.6,14.8
2026-04-12 21:25:27,BC_3,14.3,6.64,14.6,9.15,17.8,14.7
2026-04-12 21:25:27,BC_3,14.3,6.45,14.6,8.8,17.7,14.8
2026-04-12 21:25:27,BC_3,14.4,6.48,14.6,8.57,17.7,14.8
2026-04-12 21:25:28,BC_3,14.5,6.4,14.6,8.37,17.6,14.9
2026-04-12 21:25:28,BC_3,14.5,6.53,14.7,8.31,17.6,14.9
2026-04-12 21:25:29,BC_3,14.5,6.47,14.6,8.81,17.7,14.8
2026-04-12 21:25:29,BC_3,14.4,6.33,14.6,8.57,17.7,14.9
2026-04-12 21:25:29,BC_3,14.5,6.51,14.6,8.66,17.8,14.8
2026-04-12 21:25:30,BC_3,14.3,6.59,14.6,9.0,17.7,14.7
2026-04-12 21:25:30,BC_3,14.3,6.34,14.6,8.79,17.7,14.8
2026-04-12 21:25:30,BC_3,14.4,6.48,14.6,8.63,17.5,14.9
2026-04-12 21:25:31,BC_3,14.5,6.43,14.6,8.54,17.7,14.9
2026-04-12 21:25:31,BC_3,14.5,6.51,14.6,8.84,17.6,14.8
2026-04-12 21:25:31,BC_3,14.4,6.38,14.6,8.69,17.7,14.8
2026-04-12 21:25:32,BC_3,14.4,6.53,14.6,8.53,17.8,14.9
2026-04-12 21:25:32,BC_3,14.5,6.52,14.6,8.52,17.5,14.9
2026-04-12 21:25:32,BC_3,14.5,6.53,14.6,8.71,17.7,14.8
2026-04-12 21:25:33,BC_3,14.4,6.39,14.6,8.61,17.7,14.8
2026-04-12 21:25:33,BC_3,14.5,6.51,14.6,8.31,17.8,14.9
2026-04-12 21:25:34,BC_3,14.5,6.51,14.6,8.74,17.6,14.7
2026-04-12 21:25:34,BC_3,14.4,6.42,14.6,8.6,17.6,14.9
2026-04-12 21:25:34,BC_3,14.5,6.49,14.7,8.41,17.4,14.8
2026-04-12 21:25:35,BC_3,14.4,6.53,14.6,8.91,17.8,14.8
2026-04-12 21:25:35,BC_3,14.3,6.57,14.6,9.11,17.8,14.7
2026-04-12 21:25:35,BC_3,14.3,6.45,14.6,8.73,17.8,14.8
2026-04-12 21:25:36,BC_3,14.4,6.56,14.7,8.52,17.8,14.9
2026-04-12 21:25:36,BC_3,14.4,6.57,14.6,8.97,17.7,14.8
2026-04-12 21:25:36,BC_3,14.3,6.62,14.6,9.21,17.8,14.8
2026-04-12 21:25:37,BC_3,14.3,6.66,14.6,9.11,17.8,14.7
2026-04-12 21:25:37,BC_3,14.3,6.64,14.6,9.42,17.7,14.7
2026-04-12 21:25:38,BC_3,14.3,6.48,14.6,9.02,17.5,14.8
2026-04-12 21:25:38,BC_3,14.4,6.62,14.6,8.7,17.7,14.9
2026-04-12 21:25:38,BC_3,14.4,6.55,14.7,8.98,17.4,14.8
2026-04-12 21:25:39,BC_3,14.3,6.65,14.6,9.2,17.6,14.8
2026-04-12 21:25:39,BC_3,14.3,6.63,14.7,9.23,17.5,14.7
2026-04-12 21:25:39,BC_3,14.3,6.56,14.7,8.85,17.7,14.9
2026-04-12 21:25:40,BC_3,14.4,6.64,14.7,9.18,17.8,14.8
2026-04-12 21:25:40,BC_3,14.3,6.67,14.6,9.26,17.8,14.7
2026-04-12 21:25:40,BC_3,14.3,6.69,14.6,9.38,17.4,14.7
2026-04-12 21:25:41,BC_3,14.3,6.69,14.6,9.48,17.4,14.7
2026-04-12 21:25:41,BC_3,14.3,6.71,14.6,9.5,17.7,14.7
2026-04-12 21:25:41,BC_3,14.3,6.7,14.6,9.11,17.6,14.8
2026-04-12 21:25:42,BC_3,14.4,6.58,14.6,8.81,17.6,14.9
2026-04-12 21:25:42,BC_3,14.4,6.56,14.7,8.67,17.5,14.9
2026-04-12 21:25:43,BC_3,14.4,6.45,14.6,8.63,17.7,14.9
2026-04-12 21:25:43,BC_3,14.5,6.53,14.6,8.47,17.8,14.9
2026-04-12 21:25:43,BC_3,14.5,6.52,14.6,8.76,17.6,14.8
2026-04-12 21:25:44,BC_3,14.4,6.42,14.6,8.67,17.7,14.8
2026-04-12 21:25:44,BC_3,14.5,6.46,14.6,8.5,17.6,14.9
2026-04-12 21:25:44,BC_3,14.5,6.51,14.6,8.7,17.3,14.8
2026-04-12 21:25:45,BC_3,14.4,6.49,14.6,8.48,17.7,14.9
2026-04-12 21:25:45,BC_3,14.5,6.5,14.7,8.48,17.6,14.9
2026-04-12 21:25:45,BC_3,14.5,6.43,14.7,8.39,17.7,14.9
2026-04-12 21:25:46,BC_3,14.5,6.51,14.7,8.77,17.7,14.8
2026-04-12 21:25:46,BC_3,14.4,6.6,14.6,9.07,17.7,14.8
2026-04-12 21:25:46,BC_3,14.3,6.42,14.7,8.78,17.8,14.9
2026-04-12 21:25:47,BC_3,14.4,6.57,14.7,9.03,17.7,14.8
2026-04-12 21:25:47,BC_3,14.4,6.63,14.6,9.22,17.7,14.8
2026-04-12 21:25:48,BC_3,14.3,6.39,14.7,8.95,17.7,14.9
2026-04-12 21:25:48,BC_3,14.4,6.48,14.7,8.54,17.7,14.9
2026-04-12 21:25:48,BC_3,14.5,6.58,14.7,8.96,17.7,14.8
2026-04-12 21:25:49,BC_3,14.4,6.6,14.6,9.06,17.7,14.8
2026-04-12 21:25:49,BC_3,14.3,6.67,14.6,9.31,17.7,14.7
2026-04-12 21:25:54,BC_4,14.4,6.48,14.7,8.99,18.1,14.9
2026-04-12 21:25:55,BC_4,14.3,6.54,14.6,9.33,17.9,14.8
2026-04-12 21:25:55,BC_4,14.2,6.49,14.7,9.1,18.0,14.9
2026-04-12 21:25:55,BC_4,14.3,6.55,14.6,8.79,17.8,14.9
2026-04-12 21:25:56,BC_4,14.3,6.58,14.7,9.06,17.8,14.8
2026-04-12 21:25:56,BC_4,14.2,6.64,14.6,9.24,17.8,14.7
2026-04-12 21:25:56,BC_4,14.2,6.45,14.6,9.05,17.7,14.9
2026-04-12 21:25:57,BC_4,14.3,6.58,14.7,8.72,17.5,14.9
2026-04-12 21:25:57,BC_4,14.3,6.64,14.6,9.01,17.8,14.7
2026-04-12 21:25:58,BC_4,14.2,6.65,14.6,9.33,17.4,14.7
2026-04-12 21:25:58,BC_4,14.1,6.73,14.6,9.25,17.6,14.7
2026-04-12 21:25:58,BC_4,14.1,6.71,14.6,9.51,17.2,14.7
2026-04-12 21:25:59,BC_4,14.1,6.75,14.6,9.55,17.5,14.7
2026-04-12 21:25:59,BC_4,14.1,6.53,14.6,9.22,17.4,14.8
2026-04-12 21:25:59,BC_4,14.2,6.62,14.6,8.66,17.4,14.7
2026-04-12 21:26:00,BC_4,14.3,6.61,14.6,8.74,17.3,14.8
2026-04-12 21:26:00,BC_4,14.2,6.51,14.7,8.76,17.7,14.9
2026-04-12 21:26:00,BC_4,14.3,6.61,14.7,8.69,17.6,14.9
2026-04-12 21:26:01,BC_4,14.3,6.63,14.7,8.97,17.6,14.8
2026-04-12 21:26:01,BC_4,14.2,6.64,14.6,9.24,17.5,14.8
2026-04-12 21:26:01,BC_4,14.1,6.69,14.6,9.28,17.5,14.7
2026-04-12 21:26:02,BC_4,14.1,6.58,14.6,9.11,17.6,14.8
2026-04-12 21:26:02,BC_4,14.2,6.67,14.6,9.22,17.6,14.8
2026-04-12 21:26:03,BC_4,14.1,6.53,14.7,8.94,17.6,14.8
2026-04-12 21:26:03,BC_4,14.2,6.67,14.6,9.11,17.5,14.8
2026-04-12 21:26:03,BC_4,14.1,6.54,14.7,8.92,17.5,14.8
2026-04-12 21:26:04,BC_4,14.3,6.58,14.7,8.68,17.5,14.9
2026-04-12 21:26:04,BC_4,14.3,6.62,14.7,9.0,17.6,14.8
2026-04-12 21:26:04,BC_4,14.2,6.73,14.7,9.01,17.4,14.7
2026-04-12 21:26:05,BC_4,14.1,6.52,14.7,8.91,17.6,14.9
2026-04-12 21:26:05,BC_4,14.3,6.65,14.6,8.92,17.5,14.8
2026-04-12 21:26:05,BC_4,14.2,6.65,14.6,9.15,17.5,14.7
2026-04-12 21:26:06,BC_4,14.2,6.7,14.6,9.23,17.4,14.7
2026-04-12 21:26:06,BC_4,14.1,6.63,14.6,8.93,17.5,14.8
2026-04-12 21:26:06,BC_4,14.3,6.63,14.7,8.92,17.5,14.8
2026-04-12 21:26:07,BC_4,14.2,6.66,14.6,9.28,17.6,14.7
2026-04-12 21:26:07,BC_4,14.1,6.7,14.6,9.24,17.5,14.7
2026-04-12 21:26:08,BC_4,14.1,6.51,14.6,9.09,17.7,14.8
2026-04-12 21:26:08,BC_4,14.2,6.61,14.7,8.69,17.6,14.9
2026-04-12 21:26:08,BC_4,14.3,6.61,14.7,8.67,17.6,14.9
2026-04-12 21:26:09,BC_4,14.4,6.55,14.7,8.58,17.5,14.9
2026-04-12 21:26:09,BC_4,14.3,6.62,14.7,8.64,17.5,14.9
2026-04-12 21:26:09,BC_4,14.4,6.6,14.6,8.68,17.5,14.8
2026-04-12 21:26:10,BC_4,14.2,6.42,14.7,8.75,17.5,14.9
2026-04-12 21:26:10,BC_4,14.3,6.58,14.7,8.52,17.5,14.9
2026-04-12 21:26:10,BC_4,14.3,6.53,14.7,8.53,17.4,14.9
2026-04-12 21:26:11,BC_4,14.3,6.59,14.7,8.63,17.6,15.0
2026-04-12 21:26:11,BC_4,14.4,6.62,14.7,8.91,17.6,14.8
2026-04-12 21:26:12,BC_4,14.2,6.64,14.7,9.02,17.7,14.8
2026-04-12 21:26:12,BC_4,14.2,6.54,14.7,8.89,17.4,14.9
2026-04-12 21:26:12,BC_4,14.3,6.63,14.7,8.61,17.4,14.9
2026-04-12 21:26:13,BC_4,14.3,6.64,14.7,8.94,17.5,14.8
2026-04-12 21:26:13,BC_4,14.2,6.52,14.7,8.79,17.4,14.9
2026-04-12 21:26:13,BC_4,14.3,6.66,14.7,8.89,17.6,14.8
2026-04-12 21:26:14,BC_4,14.2,6.53,14.6,8.86,17.4,14.8
2026-04-12 21:26:14,BC_4,14.3,6.62,14.6,8.98,17.4,14.8
2026-04-12 21:26:14,BC_4,14.1,6.72,14.6,9.26,17.5,14.7
2026-04-12 21:26:15,BC_4,14.1,6.79,14.6,9.34,17.4,14.7
2026-04-12 21:26:15,BC_4,14.1,6.74,14.6,9.4,17.5,14.7
2026-04-12 21:26:15,BC_4,14.0,6.81,14.6,9.53,17.4,14.7
2026-04-12 21:26:16,BC_4,14.0,6.8,14.6,9.53,17.5,14.6
2026-04-12 21:26:16,BC_4,14.0,6.72,14.6,9.13,17.4,14.8
2026-04-12 21:26:17,BC_4,14.1,6.54,14.6,8.81,17.3,14.8
2026-04-12 21:26:17,BC_4,14.2,6.72,14.6,9.1,17.4,14.7
2026-04-12 21:26:17,BC_4,14.1,6.52,14.6,8.89,17.4,14.7
2026-04-12 21:26:18,BC_4,14.2,6.68,14.6,9.09,17.6,14.7
2026-04-12 21:26:18,BC_4,14.2,6.44,14.6,8.64,17.4,14.8
2026-04-12 21:26:18,BC_4,14.3,6.63,14.6,8.99,17.4,14.7
2026-04-12 21:26:19,BC_4,14.2,6.69,14.5,9.29,17.5,14.6
2026-04-12 21:26:19,BC_4,14.2,6.67,14.5,9.42,17.6,14.6
2026-04-12 21:26:19,BC_4,14.2,6.71,14.5,9.3,17.4,14.6
2026-04-12 21:26:20,BC_4,14.2,6.48,14.5,9.02,17.6,14.7
2026-04-12 21:26:20,BC_4,14.3,6.55,14.5,9.1,17.8,14.6
2026-04-12 21:26:20,BC_4,14.3,6.66,14.5,9.29,17.7,14.6
2026-04-12 21:26:21,BC_4,14.2,6.71,14.5,9.07,17.7,14.7
2026-04-12 21:26:21,BC_4,14.3,6.64,14.5,9.08,17.6,14.6
2026-04-12 21:26:22,BC_4,14.3,6.58,14.6,8.83,17.5,14.6
2026-04-12 21:26:22,BC_4,14.3,6.58,14.6,8.65,17.2,14.7
2026-04-12 21:26:22,BC_4,14.3,6.56,14.6,8.84,17.7,14.8
2026-04-12 21:26:23,BC_4,14.3,6.6,14.6,9.04,17.5,14.7
2026-04-12 21:26:23,BC_4,14.2,6.67,14.6,9.32,17.6,14.7
2026-04-12 21:26:23,BC_4,14.2,6.43,14.6,8.86,17.5,14.8
2026-04-12 21:26:24,BC_4,14.3,6.65,14.6,9.16,17.5,14.7
2026-04-12 21:26:24,BC_4,14.2,6.51,14.6,8.89,17.6,14.8
2026-04-12 21:26:24,BC_4,14.3,6.66,14.6,9.11,17.2,14.8
2026-04-12 21:26:25,BC_4,14.2,6.59,14.6,8.92,17.7,14.9
2026-04-12 21:26:25,BC_4,14.3,6.43,14.7,8.76,17.6,14.9
2026-04-12 21:26:25,BC_4,14.4,6.6,14.7,9.08,17.5,14.8
2026-04-12 21:26:26,BC_4,14.2,6.49,14.7,8.81,17.5,14.9
2026-04-12 21:26:26,BC_4,14.3,6.62,14.7,9.01,17.7,14.8
2026-04-12 21:26:27,BC_4,14.2,6.52,14.7,8.84,17.5,14.9
2026-04-12 21:26:27,BC_4,14.3,6.64,14.7,8.75,17.5,14.9
2026-04-12 21:26:27,BC_4,14.3,6.66,14.7,8.87,17.6,14.8
2026-04-12 21:26:28,BC_4,14.2,6.68,14.7,8.73,17.4,14.8
2026-04-12 21:26:28,BC_4,14.2,6.61,14.7,8.65,17.5,14.9
2026-04-12 21:26:28,BC_4,14.3,6.64,14.7,8.58,17.4,14.9
2026-04-12 21:26:29,BC_4,14.3,6.61,14.7,8.91,17.5,14.8
2026-04-12 21:26:29,BC_4,14.2,6.74,14.6,9.11,17.5,14.8
2026-04-12 21:26:29,BC_4,14.1,6.74,14.6,9.34,17.4,14.7
2026-04-12 21:26:30,BC_4,14.1,6.6,14.6,9.03,17.5,14.8
2026-04-12 21:26:30,BC_4,14.2,6.68,14.6,9.25,17.4,14.8
2026-04-12 21:26:31,BC_4,14.1,6.77,14.6,9.28,17.5,14.7
2026-04-12 21:26:31,BC_4,14.0,6.63,14.6,9.03,17.4,14.8
2026-04-12 21:26:31,BC_4,14.1,6.65,14.6,8.8,17.4,14.8
2026-04-12 21:26:32,BC_4,14.1,6.65,14.6,8.66,17.3,14.9
2026-04-12 21:26:32,BC_4,14.2,6.7,14.6,8.86,17.5,14.7
2026-04-12 21:26:32,BC_4,14.0,6.62,14.6,8.73,17.3,14.8
2026-04-12 21:26:33,BC_4,14.1,6.71,14.6,8.87,17.4,14.7
2026-04-12 21:26:33,BC_4,14.0,6.61,14.6,8.84,17.3,14.7
2026-04-12 21:26:33,BC_4,14.2,6.56,14.6,8.58,17.5,14.8
2026-04-12 21:26:34,BC_4,14.3,6.63,14.6,8.84,17.5,14.7
2026-04-12 21:26:34,BC_4,14.1,6.68,14.6,8.68,17.4,14.8
2026-04-12 21:26:34,BC_4,14.3,6.23,14.6,8.39,17.5,14.8
2026-04-12 21:26:35,BC_4,14.3,6.6,14.6,8.54,17.7,14.8
2026-04-12 21:26:35,BC_4,14.4,6.52,14.6,8.81,17.6,14.7
2026-04-12 21:26:36,BC_4,14.3,6.39,14.6,8.59,17.7,14.8
2026-04-12 21:26:36,BC_4,14.4,6.6,14.5,8.93,17.6,14.7
2026-04-12 21:26:36,BC_4,14.3,6.45,14.6,8.77,17.5,14.8
2026-04-12 21:26:37,BC_4,14.4,6.53,14.6,8.49,17.8,14.8
2026-04-12 21:26:37,BC_4,14.4,6.58,14.6,8.75,17.6,14.7
2026-04-12 21:26:37,BC_4,14.3,6.47,14.6,8.59,17.5,14.8
2026-04-12 21:26:38,BC_4,14.4,6.58,14.5,8.68,17.6,14.7
2026-04-12 21:26:38,BC_4,14.3,6.5,14.6,8.6,17.6,14.8
2026-04-12 21:26:38,BC_4,14.4,6.57,14.5,8.62,17.5,14.7
2026-04-12 21:26:39,BC_4,14.3,6.57,14.6,8.62,17.5,14.8
2026-04-12 21:26:39,BC_4,14.4,6.47,14.6,8.46,17.7,14.8
2026-04-12 21:26:40,BC_4,14.4,6.45,14.6,8.4,17.7,14.8
2026-04-12 21:26:40,BC_4,14.4,6.44,14.6,8.42,17.6,14.8
2026-04-12 21:26:40,BC_4,14.5,6.52,14.5,8.68,17.7,14.7
2026-04-12 21:26:41,BC_4,14.3,6.6,14.5,8.98,17.5,14.7
2026-04-12 21:26:41,BC_4,14.3,6.62,14.5,9.04,17.8,14.6
2026-04-12 21:26:41,BC_4,14.3,6.52,14.5,8.75,17.7,14.8
2026-04-12 21:26:42,BC_4,14.4,6.48,14.6,8.58,17.6,14.8
2026-04-12 21:26:42,BC_4,14.4,6.47,14.6,8.47,17.7,14.8
2026-04-12 21:26:42,BC_4,14.5,6.53,14.6,8.84,17.6,14.7
2026-04-12 21:26:43,BC_4,14.3,6.65,14.5,9.13,17.5,14.6
2026-04-12 21:26:43,BC_4,14.3,6.43,14.5,8.81,17.5,14.7
2026-04-12 21:26:44,BC_4,14.4,6.56,14.6,8.48,17.7,14.8
2026-04-12 21:26:44,BC_4,14.4,6.52,14.5,8.85,17.7,14.7
2026-04-12 21:26:44,BC_4,14.3,6.43,14.6,8.6,17.5,14.8
2026-04-12 21:26:45,BC_4,14.4,6.55,14.6,8.63,17.7,14.8
2026-04-12 21:26:45,BC_4,14.4,6.46,14.6,8.4,17.6,14.8
2026-04-12 21:26:45,BC_4,14.5,6.56,14.6,8.82,17.7,14.7
2026-04-12 21:26:46,BC_4,14.3,6.4,14.5,8.69,17.6,14.8
2026-04-12 21:26:46,BC_4,14.4,6.58,14.6,8.97,17.7,14.7
2026-04-12 21:26:46,BC_4,14.3,6.64,14.6,9.18,17.5,14.7
2026-04-12 21:26:47,BC_4,14.2,6.67,14.6,9.24,17.6,14.7
2026-04-12 21:26:47,BC_4,14.2,6.69,14.5,9.29,17.7,14.6
2026-04-12 21:26:47,BC_4,14.2,6.43,14.6,8.89,17.6,14.8
2026-04-12 21:26:48,BC_4,14.3,6.62,14.6,9.08,17.6,14.7
2026-04-12 21:26:48,BC_4,14.3,6.71,14.6,9.29,17.4,14.7
2026-04-12 21:26:48,BC_4,14.2,6.71,14.6,9.35,17.7,14.6
2026-04-12 21:26:49,BC_4,14.2,6.72,14.5,9.38,17.6,14.6
2026-04-12 21:26:49,BC_4,14.2,6.44,14.6,9.07,17.7,14.7
2026-04-12 21:26:50,BC_4,14.3,6.64,14.6,8.89,17.2,14.7
2026-04-12 21:26:50,BC_4,14.2,6.66,14.6,9.22,17.5,14.6
2026-04-12 21:26:50,BC_4,14.2,6.6,14.6,8.95,17.6,14.7
2026-04-12 21:26:51,BC_4,14.3,6.62,14.6,8.62,17.6,14.8
2026-04-12 21:26:51,BC_4,14.4,6.6,14.6,8.66,17.6,14.8
2026-04-12 21:26:51,BC_4,14.4,6.57,14.6,8.51,17.5,14.8
2026-04-12 21:26:52,BC_4,14.4,6.59,14.6,8.9,17.6,14.7
2026-04-12 21:26:52,BC_4,14.3,6.54,14.6,8.52,17.7,14.9
2026-04-12 21:26:52,BC_4,14.4,6.59,14.6,8.59,17.5,14.8
2026-04-12 21:26:53,BC_4,14.4,6.6,14.6,8.86,17.5,14.7
2026-04-12 21:26:53,BC_4,14.2,6.45,14.6,8.63,17.6,14.8
2026-04-12 21:26:54,BC_4,14.3,6.43,14.7,8.63,17.6,14.9
2026-04-12 21:26:54,BC_4,14.4,6.62,14.6,8.75,17.5,14.8
2026-04-12 21:26:54,BC_4,14.2,6.65,14.6,9.17,17.6,14.8
2026-04-12 21:26:55,BC_4,14.2,6.74,14.6,8.96,17.3,14.7
2026-04-12 21:26:55,BC_4,14.2,6.72,14.6,9.29,17.5,14.7
2026-04-12 21:26:55,BC_4,14.2,6.77,14.6,9.29,17.5,14.7
2026-04-12 21:26:56,BC_4,14.2,6.74,14.6,9.32,17.5,14.8
2026-04-12 21:26:56,BC_4,14.3,6.6,14.7,8.75,17.6,14.9
2026-04-12 21:26:56,BC_4,14.3,6.7,14.6,9.07,17.6,14.8
2026-04-12 21:26:57,BC_4,14.2,6.56,14.7,8.92,17.6,14.9
2026-04-12 21:26:57,BC_4,14.3,6.66,14.7,8.88,17.3,14.8
2026-04-12 21:26:57,BC_4,14.2,6.71,14.6,9.19,17.7,14.7
2026-04-12 21:26:58,BC_4,14.2,6.75,14.6,9.42,17.5,14.7
2026-04-12 21:26:58,BC_4,14.1,6.63,14.6,9.02,17.4,14.8
2026-04-12 21:26:59,BC_4,14.3,6.71,14.7,9.18,17.6,14.8
2026-04-12 21:26:59,BC_4,14.2,6.76,14.7,9.54,17.6,14.7
2026-04-12 21:26:59,BC_4,14.2,6.65,14.7,8.97,17.6,14.9
2026-04-12 21:27:00,BC_4,14.3,6.69,14.7,8.77,17.3,14.9
2026-04-12 21:27:00,BC_4,14.4,6.67,14.6,8.9,17.6,14.8
2026-04-12 21:27:00,BC_4,14.2,6.73,14.7,9.28,17.6,14.8
2026-04-12 21:27:01,BC_4,14.1,6.78,14.6,9.4,17.5,14.7
2026-04-12 21:27:01,BC_4,14.1,6.63,14.6,8.94,17.4,14.8
2026-04-12 21:27:01,BC_4,14.3,6.65,14.7,8.79,17.5,14.9
2026-04-12 21:27:02,BC_4,14.3,6.65,14.6,9.0,17.5,14.8
2026-04-12 21:27:02,BC_4,14.1,6.74,14.6,9.23,17.6,14.7
2026-04-12 21:27:02,BC_4,14.1,6.67,14.6,8.98,17.3,14.8
2026-04-12 21:27:03,BC_4,14.1,6.7,14.6,8.81,17.3,14.8
2026-04-12 21:27:03,BC_4,14.1,6.61,14.6,8.68,17.4,14.8
2026-04-12 21:27:04,BC_4,14.2,6.72,14.6,8.98,17.3,14.7
2026-04-12 21:27:04,BC_4,14.1,6.69,14.6,9.22,17.3,14.7
2026-04-12 21:27:04,BC_4,14.0,6.74,14.6,9.19,17.4,14.6
2026-04-12 21:27:05,BC_4,14.1,6.64,14.6,8.87,17.3,14.8
2026-04-12 21:27:05,BC_4,14.2,6.71,14.6,9.13,17.7,14.7
2026-04-12 21:27:05,BC_4,14.1,6.54,14.6,8.91,17.5,14.8
2026-04-12 21:27:06,BC_4,14.2,6.72,14.6,9.0,17.5,14.7
2026-04-12 21:27:17,CD_1,14.6,6.57,14.6,9.15,18.4,14.8
2026-04-12 21:27:17,CD_1,14.4,6.67,14.5,9.52,18.0,14.6
2026-04-12 21:27:17,CD_1,14.3,6.56,14.5,9.33,17.8,14.8
2026-04-12 21:27:18,CD_1,14.4,6.65,14.6,8.8,18.1,14.7
2026-04-12 21:27:18,CD_1,14.5,6.71,14.5,9.34,17.9,14.7
2026-04-12 21:27:18,CD_1,14.3,6.58,14.5,9.32,17.8,14.6
2026-04-12 21:27:19,CD_1,14.3,6.61,14.5,9.19,17.9,14.7
2026-04-12 21:27:19,CD_1,14.4,6.73,14.5,9.36,18.0,14.6
2026-04-12 21:27:20,CD_1,14.3,6.29,14.5,9.22,17.7,14.7
2026-04-12 21:27:20,CD_1,14.4,6.64,14.5,9.22,17.7,14.7
2026-04-12 21:27:20,CD_1,14.4,6.73,14.5,9.32,17.7,14.6
2026-04-12 21:27:21,CD_1,14.3,6.78,14.5,9.57,17.7,14.6
2026-04-12 21:27:21,CD_1,14.3,6.66,14.5,9.34,17.9,14.7
2026-04-12 21:27:21,CD_1,14.4,6.72,14.5,9.12,17.7,14.7
2026-04-12 21:27:22,CD_1,14.4,6.74,14.5,9.01,17.5,14.6
2026-04-12 21:27:22,CD_1,14.3,6.7,14.5,9.25,17.6,14.6
2026-04-12 21:27:22,CD_1,14.3,6.75,14.5,9.1,17.7,14.7
2026-04-12 21:27:23,CD_1,14.4,6.69,14.5,9.13,17.6,14.6
2026-04-12 21:27:23,CD_1,14.3,6.52,14.5,9.07,17.6,14.7
2026-04-12 21:27:23,CD_1,14.4,6.8,14.4,9.37,17.6,14.6
2026-04-12 21:27:24,CD_1,14.3,6.58,14.5,9.31,17.7,14.7
2026-04-12 21:27:24,CD_1,14.4,6.76,14.5,9.0,17.6,14.7
2026-04-12 21:27:25,CD_1,14.4,6.72,14.5,8.93,17.7,14.7
2026-04-12 21:27:25,CD_1,14.4,6.75,14.5,9.16,17.7,14.6
2026-04-12 21:27:25,CD_1,14.3,6.65,14.5,9.04,17.8,14.7
2026-04-12 21:27:26,CD_1,14.4,6.78,14.5,9.28,17.2,14.6
2026-04-12 21:27:26,CD_1,14.2,6.67,14.5,9.08,17.6,14.7
2026-04-12 21:27:26,CD_1,14.4,6.76,14.5,8.95,17.5,14.7
2026-04-12 21:27:27,CD_1,14.4,6.73,14.5,8.78,17.6,14.7
2026-04-12 21:27:27,CD_1,14.5,6.69,14.5,8.88,17.7,14.7
2026-04-12 21:27:27,CD_1,14.4,6.75,14.5,9.02,17.7,14.6
2026-04-12 21:27:28,CD_1,14.3,6.78,14.5,9.01,17.4,14.6
2026-04-12 21:27:28,CD_1,14.3,6.77,14.5,8.81,17.6,14.7
2026-04-12 21:27:29,CD_1,14.4,6.79,14.5,9.14,17.5,14.6
2026-04-12 21:27:29,CD_1,14.3,6.79,14.5,9.06,17.8,14.7
2026-04-12 21:27:29,CD_1,14.5,6.87,14.5,9.2,17.8,14.7
2026-04-12 21:27:30,CD_1,14.4,6.95,14.6,9.53,17.7,14.7
2026-04-12 21:27:30,CD_1,14.4,6.9,14.6,9.32,17.6,14.8
2026-04-12 21:27:30,CD_1,14.5,7.06,14.7,9.54,17.6,14.7
2026-04-12 21:27:31,CD_1,14.5,7.15,14.6,9.76,17.6,14.7
2026-04-12 21:27:31,CD_1,14.5,7.19,14.7,9.85,17.7,14.7
2026-04-12 21:27:31,CD_1,14.5,7.23,14.7,9.63,18.0,14.9
2026-04-12 21:27:32,CD_1,14.6,7.14,14.7,9.33,17.7,14.9
2026-04-12 21:27:32,CD_1,14.6,7.16,14.7,9.58,17.9,14.8
2026-04-12 21:27:32,CD_1,14.5,7.17,14.7,9.56,17.9,14.9
2026-04-12 21:27:33,CD_1,14.6,7.22,14.7,9.56,17.9,14.8
2026-04-12 21:27:33,CD_1,14.5,7.04,14.7,9.38,17.9,14.9
2026-04-12 21:27:34,CD_1,14.7,7.13,14.8,9.32,17.9,14.9
2026-04-12 21:27:34,CD_1,14.7,7.15,14.7,9.43,17.7,14.8
2026-04-12 21:27:34,CD_1,14.6,7.1,14.6,9.25,17.6,14.7
2026-04-12 21:27:35,CD_1,14.5,7.05,14.6,9.21,17.8,14.8
2026-04-12 21:27:35,CD_1,14.5,6.95,14.6,9.48,17.6,14.6
2026-04-12 21:27:35,CD_1,14.4,6.98,14.6,9.11,17.6,14.6
2026-04-12 21:27:36,CD_1,14.5,6.88,14.6,9.09,17.5,14.7
2026-04-12 21:27:36,CD_1,14.4,6.76,14.6,8.8,17.6,14.7
2026-04-12 21:27:36,CD_1,14.5,6.79,14.5,8.72,17.4,14.7
2026-04-12 21:27:37,CD_1,14.4,6.75,14.5,8.83,17.5,14.7
2026-04-12 21:27:37,CD_1,14.5,6.72,14.5,8.73,17.3,14.7
2026-04-12 21:27:38,CD_1,14.4,6.71,14.5,8.72,17.5,14.8
2026-04-12 21:27:38,CD_1,14.4,6.79,14.5,9.11,17.7,14.6
2026-04-12 21:27:38,CD_1,14.3,6.86,14.5,9.26,17.6,14.6
2026-04-12 21:27:39,CD_1,14.3,6.76,14.5,9.19,17.5,14.7
2026-04-12 21:27:39,CD_1,14.4,6.74,14.5,9.23,17.7,14.6
2026-04-12 21:27:39,CD_1,14.3,6.61,14.5,9.11,17.6,14.7
2026-04-12 21:27:40,CD_1,14.4,6.72,14.5,8.82,17.6,14.7
2026-04-12 21:27:40,CD_1,14.4,6.53,14.5,8.85,17.7,14.7
2026-04-12 21:27:40,CD_1,14.4,6.72,14.5,9.1,17.5,14.6
2026-04-12 21:27:41,CD_1,14.3,6.82,14.4,9.43,17.5,14.5
2026-04-12 21:27:41,CD_1,14.2,6.78,14.5,9.01,17.5,14.7
2026-04-12 21:27:41,CD_1,14.4,6.75,14.4,9.31,17.6,14.5
2026-04-12 21:27:42,CD_1,14.2,6.62,14.4,9.14,17.3,14.6
2026-04-12 21:27:42,CD_1,14.3,6.72,14.5,8.8,17.6,14.7
2026-04-12 21:27:43,CD_1,14.4,6.68,14.4,9.1,17.5,14.6
2026-04-12 21:27:43,CD_1,14.3,6.72,14.5,8.88,17.5,14.6
2026-04-12 21:27:43,CD_1,14.4,6.78,14.5,9.27,17.6,14.6
2026-04-12 21:27:44,CD_1,14.3,6.79,14.4,9.47,17.6,14.5
2026-04-12 21:27:44,CD_1,14.2,6.86,14.4,9.55,17.6,14.5
2026-04-12 21:27:44,CD_1,14.2,6.71,14.5,9.21,17.6,14.6
2026-04-12 21:27:45,CD_1,14.3,6.81,14.5,9.41,17.5,14.5
2026-04-12 21:27:45,CD_1,14.3,6.88,14.4,9.6,17.7,14.5
2026-04-12 21:27:45,CD_1,14.2,6.9,14.5,9.25,17.6,14.6
2026-04-12 21:27:46,CD_1,14.4,6.83,14.5,9.47,17.6,14.5
2026-04-12 21:27:46,CD_1,14.3,6.71,14.5,9.23,17.6,14.7
2026-04-12 21:27:46,CD_1,14.4,6.85,14.5,9.47,17.6,14.6
2026-04-12 21:27:47,CD_1,14.3,6.97,14.5,9.49,17.6,14.6
2026-04-12 21:27:47,CD_1,14.3,6.77,14.5,9.41,17.6,14.7
2026-04-12 21:27:48,CD_1,14.4,6.9,14.5,9.16,17.6,14.7
2026-04-12 21:27:48,CD_1,14.4,6.9,14.6,8.9,17.3,14.7
2026-04-12 21:27:48,CD_1,14.4,6.85,14.6,8.69,17.6,14.7
2026-04-12 21:27:49,CD_1,14.5,6.93,14.6,9.31,17.5,14.7
2026-04-12 21:27:49,CD_1,14.4,6.95,14.6,9.13,17.8,14.8
2026-04-12 21:27:49,CD_1,14.4,7.0,14.6,9.38,17.6,14.7
2026-04-12 21:27:50,CD_1,14.4,6.85,14.6,9.25,17.8,14.8
2026-04-12 21:27:50,CD_1,14.4,6.95,14.6,9.48,17.5,14.7
2026-04-12 21:27:50,CD_1,14.3,6.83,14.6,9.19,17.7,14.8
2026-04-12 21:27:51,CD_1,14.5,6.98,14.6,9.45,17.5,14.7
2026-04-12 21:27:51,CD_1,14.4,6.93,14.6,9.26,17.8,14.8
2026-04-12 21:27:52,CD_1,14.6,7.1,14.7,9.59,17.7,14.8
2026-04-12 21:27:52,CD_1,14.5,7.15,14.6,9.51,18.0,14.8
2026-04-12 21:27:52,CD_1,14.5,7.0,14.7,9.24,17.8,14.8
2026-04-12 21:27:53,CD_1,14.6,7.1,14.6,9.52,17.8,14.7
2026-04-12 21:27:53,CD_1,14.5,7.07,14.7,9.26,17.8,14.9
2026-04-12 21:27:53,CD_1,14.6,7.08,14.7,9.09,17.5,14.9
2026-04-12 21:27:54,CD_1,14.6,7.09,14.7,9.4,17.9,14.8
2026-04-12 21:27:54,CD_1,14.5,7.17,14.6,9.65,17.6,14.7
2026-04-12 21:27:54,CD_1,14.4,7.09,14.6,9.11,17.6,14.7
2026-04-12 21:27:55,CD_1,14.5,6.98,14.6,9.22,17.7,14.8
2026-04-12 21:27:55,CD_1,14.5,6.95,14.6,9.13,17.8,14.8
2026-04-12 21:27:55,CD_1,14.5,6.95,14.6,9.03,17.6,14.8
2026-04-12 21:27:56,CD_1,14.5,6.92,14.6,8.85,17.4,14.8
2026-04-12 21:27:56,CD_1,14.5,6.9,14.6,8.82,17.6,14.8
2026-04-12 21:27:57,CD_1,14.5,6.88,14.6,8.81,17.7,14.8
2026-04-12 21:27:57,CD_1,14.5,6.84,14.6,9.01,17.6,14.7
2026-04-12 21:27:57,CD_1,14.4,6.74,14.5,8.9,17.4,14.8
2026-04-12 21:27:58,CD_1,14.5,6.86,14.6,8.82,17.7,14.8
2026-04-12 21:27:58,CD_1,14.5,6.84,14.5,9.19,17.6,14.7
2026-04-12 21:27:58,CD_1,14.4,6.9,14.5,9.29,17.7,14.7
2026-04-12 21:27:59,CD_1,14.4,6.87,14.5,9.44,17.6,14.7
2026-04-12 21:27:59,CD_1,14.3,6.96,14.5,9.47,17.8,14.6
2026-04-12 21:27:59,CD_1,14.3,6.83,14.5,9.18,17.7,14.7
2026-04-12 21:28:00,CD_1,14.3,6.87,14.5,9.35,17.4,14.6
2026-04-12 21:28:00,CD_1,14.3,6.87,14.5,9.32,17.7,14.7
2026-04-12 21:28:01,CD_1,14.4,6.89,14.5,9.44,17.6,14.6
2026-04-12 21:28:01,CD_1,14.3,6.76,14.5,9.2,17.7,14.7
2026-04-12 21:28:01,CD_1,14.4,6.91,14.5,8.99,17.6,14.7
2026-04-12 21:28:02,CD_1,14.4,6.86,14.5,9.2,17.7,14.6
2026-04-12 21:28:02,CD_1,14.3,6.93,14.5,9.46,17.5,14.6
2026-04-12 21:28:02,CD_1,14.3,6.78,14.5,9.15,17.4,14.7
2026-04-12 21:28:03,CD_1,14.4,6.9,14.5,9.45,17.6,14.6
2026-04-12 21:28:03,CD_1,14.3,6.74,14.5,9.12,17.5,14.7
2026-04-12 21:28:03,CD_1,14.4,6.88,14.5,9.36,17.5,14.6
2026-04-12 21:28:04,CD_1,14.3,6.9,14.5,9.49,17.7,14.6
2026-04-12 21:28:04,CD_1,14.3,6.88,14.5,9.2,17.6,14.7
2026-04-12 21:28:04,CD_1,14.4,6.82,14.5,9.41,17.4,14.6
2026-04-12 21:28:05,CD_1,14.3,6.89,14.5,9.54,17.6,14.6
2026-04-12 21:28:05,CD_1,14.2,6.89,14.5,9.52,17.5,14.5
2026-04-12 21:28:05,CD_1,14.3,6.73,14.5,9.17,17.7,14.6
2026-04-12 21:28:06,CD_1,14.3,6.81,14.4,9.49,17.7,14.6
2026-04-12 21:28:06,CD_1,14.2,6.87,14.4,9.56,17.5,14.5
2026-04-12 21:28:07,CD_1,14.2,6.74,14.5,9.21,17.7,14.6
2026-04-12 21:28:07,CD_1,14.3,6.81,14.5,9.34,17.7,14.5
2026-04-12 21:28:07,CD_1,14.2,6.62,14.5,9.1,17.5,14.6
2026-04-12 21:28:08,CD_1,14.3,6.82,14.5,9.27,17.6,14.5
2026-04-12 21:28:08,CD_1,14.2,6.81,14.5,9.61,17.6,14.5
2026-04-12 21:28:08,CD_1,14.2,6.86,14.5,9.65,17.2,14.5
2026-04-12 21:28:09,CD_1,14.3,6.82,14.4,9.59,17.6,14.5
2026-04-12 21:28:09,CD_1,14.2,6.85,14.5,9.22,17.6,14.6
2026-04-12 21:28:09,CD_1,14.3,6.77,14.5,8.71,17.4,14.6
2026-04-12 21:28:10,CD_1,14.3,6.8,14.5,9.16,17.5,14.6
2026-04-12 21:28:10,CD_1,14.3,6.87,14.5,9.64,17.6,14.6
2026-04-12 21:28:10,CD_1,14.3,6.92,14.5,9.48,17.6,14.5
2026-04-12 21:28:11,CD_1,14.3,6.82,14.5,9.13,17.5,14.7
2026-04-12 21:28:11,CD_1,14.4,6.89,14.6,9.27,17.6,14.6
2026-04-12 21:28:12,CD_1,14.4,6.83,14.6,9.26,17.4,14.8
2026-04-12 21:28:12,CD_1,14.5,7.04,14.6,9.43,17.7,14.7
2026-04-12 21:28:12,CD_1,14.4,6.94,14.6,9.43,17.8,14.8
2026-04-12 21:28:13,CD_1,14.6,7.06,14.6,9.33,17.8,14.7
2026-04-12 21:28:13,CD_1,14.5,6.9,14.6,9.17,17.7,14.8
2026-04-12 21:28:13,CD_1,14.5,7.02,14.6,9.56,17.8,14.7
2026-04-12 21:28:14,CD_1,14.4,6.93,14.6,9.27,17.7,14.8
2026-04-12 21:28:14,CD_1,14.4,6.87,14.6,8.97,17.7,14.7
2026-04-12 21:28:14,CD_1,14.4,6.89,14.5,9.25,17.7,14.7
2026-04-12 21:28:15,CD_1,14.4,6.97,14.5,9.47,17.5,14.6
2026-04-12 21:28:15,CD_1,14.3,6.99,14.5,9.58,17.5,14.5
2026-04-12 21:28:15,CD_1,14.2,6.9,14.5,9.55,17.6,14.6
2026-04-12 21:28:16,CD_1,14.2,6.88,14.5,9.76,17.6,14.5
2026-04-12 21:28:16,CD_1,14.2,6.78,14.5,9.16,17.7,14.6
2026-04-12 21:28:17,CD_1,14.3,6.81,14.5,9.38,17.5,14.5
2026-04-12 21:28:17,CD_1,14.2,6.72,14.4,8.97,17.3,14.6
2026-04-12 21:28:17,CD_1,14.3,6.78,14.4,9.38,17.7,14.5
2026-04-12 21:28:18,CD_1,14.2,6.69,14.5,8.99,17.5,14.6
2026-04-12 21:28:18,CD_1,14.3,6.77,14.5,9.34,17.5,14.6
2026-04-12 21:28:18,CD_1,14.2,6.79,14.5,9.48,17.7,14.5
2026-04-12 21:28:19,CD_1,14.2,6.84,14.4,9.62,17.5,14.5
2026-04-12 21:28:19,CD_1,14.2,6.8,14.5,9.01,17.7,14.7
2026-04-12 21:28:19,CD_1,14.5,6.77,14.4,9.01,17.2,14.6
2026-04-12 21:28:20,CD_1,14.2,6.78,14.5,9.33,17.8,14.7
2026-04-12 21:28:20,CD_1,14.5,6.7,14.5,9.24,17.6,14.6
2026-04-12 21:28:20,CD_1,14.3,6.85,14.5,9.48,17.6,14.6
2026-04-12 21:28:21,CD_1,14.4,7.0,14.5,9.57,17.5,14.6
2026-04-12 21:28:21,CD_1,14.2,6.97,14.5,9.19,17.6,14.8
2026-04-12 21:28:22,CD_1,14.5,6.86,14.6,9.21,17.8,14.7
2026-04-12 21:28:22,CD_1,14.5,7.13,14.6,9.44,17.6,14.7
2026-04-12 21:28:22,CD_1,14.5,7.08,14.7,9.3,17.7,14.8
2026-04-12 21:28:23,CD_1,14.4,7.14,14.7,9.34,17.8,14.8
2026-04-12 21:28:23,CD_1,14.6,7.18,14.6,9.46,17.9,14.8
2026-04-12 21:28:23,CD_1,14.5,7.11,14.6,9.65,17.7,14.7
2026-04-12 21:28:24,CD_1,14.4,7.15,14.6,9.35,17.8,14.8
2026-04-12 21:28:24,CD_1,14.5,7.01,14.6,9.06,17.6,14.8
2026-04-12 21:28:24,CD_1,14.4,6.94,14.5,9.31,17.7,14.7
2026-04-12 21:28:25,CD_1,14.3,6.89,14.7,9.57,17.6,14.4
2026-04-12 21:28:25,CD_1,14.3,6.8,14.2,9.02,17.3,14.8
2026-04-12 21:28:25,CD_1,14.3,6.77,14.8,9.14,17.7,14.7
2026-04-12 21:28:26,CD_1,14.4,6.83,14.3,9.13,17.5,14.5
2026-04-12 21:28:26,CD_1,14.2,6.79,14.6,9.02,17.6,14.8
2026-04-12 21:28:27,CD_1,14.4,6.81,14.4,9.04,17.6,14.5
2026-04-12 21:28:27,CD_1,14.2,6.84,14.5,9.45,17.5,14.7
2026-04-12 21:28:27,CD_1,14.2,6.86,14.5,9.39,17.5,14.5
2026-04-12 21:28:28,CD_1,14.2,6.79,14.4,9.15,17.6,14.7
2026-04-12 21:28:28,CD_1,14.3,6.62,14.5,8.92,17.5,14.6
2026-04-12 21:28:32,CD_2,14.5,6.58,14.5,9.39,18.0,14.6
2026-04-12 21:28:33,CD_2,14.3,6.65,14.5,9.36,17.8,14.7
2026-04-12 21:28:33,CD_2,14.3,6.58,14.5,9.35,17.7,14.6
2026-04-12 21:28:33,CD_2,14.3,6.59,14.5,9.09,17.5,14.6
2026-04-12 21:28:34,CD_2,14.3,6.51,14.5,8.97,17.8,14.7
2026-04-12 21:28:34,CD_2,14.4,6.5,14.5,8.81,17.7,14.7
2026-04-12 21:28:34,CD_2,14.4,6.54,14.5,9.03,17.8,14.6
2026-04-12 21:28:35,CD_2,14.3,6.5,14.5,8.84,17.6,14.7
2026-04-12 21:28:35,CD_2,14.4,6.59,14.5,8.79,17.6,14.7
2026-04-12 21:28:35,CD_2,14.4,6.55,14.5,9.05,17.8,14.6
2026-04-12 21:28:36,CD_2,14.3,6.62,14.5,9.39,17.8,14.6
2026-04-12 21:28:36,CD_2,14.2,6.64,14.4,9.42,17.8,14.5
2026-04-12 21:28:37,CD_2,14.2,6.62,14.5,9.09,17.4,14.7
2026-04-12 21:28:37,CD_2,14.3,6.55,14.5,8.84,17.7,14.7
2026-04-12 21:28:37,CD_2,14.4,6.59,14.5,8.85,17.6,14.7
2026-04-12 21:28:38,CD_2,14.4,6.52,14.5,8.73,17.7,14.7
2026-04-12 21:28:38,CD_2,14.4,6.57,14.4,9.06,17.6,14.6
2026-04-12 21:28:38,CD_2,14.3,6.43,14.5,8.84,17.7,14.7
2026-04-12 21:28:39,CD_2,14.4,6.53,14.5,8.69,17.8,14.8
2026-04-12 21:28:39,CD_2,14.4,6.49,14.5,8.61,17.6,14.7
2026-04-12 21:28:39,CD_2,14.5,6.44,14.5,8.58,17.4,14.7
2026-04-12 21:28:40,CD_2,14.5,6.37,14.6,8.57,17.6,14.8
2026-04-12 21:28:40,CD_2,14.4,6.42,14.5,8.89,17.5,14.7
2026-04-12 21:28:41,CD_2,14.4,6.33,14.5,8.86,17.8,14.8
2026-04-12 21:28:41,CD_2,14.5,6.43,14.6,8.67,17.7,14.8
2026-04-12 21:28:41,CD_2,14.4,6.42,14.6,8.97,17.8,14.8
2026-04-12 21:28:42,CD_2,14.4,6.51,14.6,9.19,17.7,14.7
2026-04-12 21:28:42,CD_2,14.3,6.5,14.6,9.24,17.9,14.7
2026-04-12 21:28:42,CD_2,14.4,6.55,14.6,9.37,17.6,14.7
2026-04-12 21:28:43,CD_2,14.3,6.59,14.6,9.09,17.9,14.8
2026-04-12 21:28:43,CD_2,14.4,6.51,14.6,9.18,17.8,14.7
2026-04-12 21:28:43,CD_2,14.3,6.34,14.6,8.88,17.8,14.8
2026-04-12 21:28:44,CD_2,14.5,6.48,14.6,9.2,17.6,14.7
2026-04-12 21:28:44,CD_2,14.3,6.32,14.6,8.87,17.8,14.8
2026-04-12 21:28:44,CD_2,14.5,6.47,14.6,9.13,17.6,14.7
2026-04-12 21:28:45,CD_2,14.4,6.46,14.6,8.88,17.7,14.8
2026-04-12 21:28:45,CD_2,14.5,6.37,14.6,8.68,17.6,14.8
2026-04-12 21:28:46,CD_2,14.5,6.45,14.6,8.94,17.8,14.7
2026-04-12 21:28:46,CD_2,14.4,6.27,14.6,8.88,17.8,14.8
2026-04-12 21:28:46,CD_2,14.5,6.3,14.6,8.78,17.6,14.8
2026-04-12 21:28:47,CD_2,14.5,6.45,14.6,9.01,17.7,14.7
2026-04-12 21:28:47,CD_2,14.4,6.54,14.6,9.31,17.6,14.7
2026-04-12 21:28:47,CD_2,14.3,6.28,14.6,9.0,17.7,14.9
2026-04-12 21:28:48,CD_2,14.6,6.49,14.6,8.7,17.6,14.6
2026-04-12 21:28:48,CD_2,14.3,6.46,14.4,9.01,17.8,14.8
2026-04-12 21:28:48,CD_2,14.4,6.51,14.7,9.39,17.6,14.6
2026-04-12 21:28:49,CD_2,14.2,6.31,14.4,9.0,17.8,14.7
2026-04-12 21:28:49,CD_2,14.5,6.52,14.6,9.15,17.6,14.6
2026-04-12 21:28:49,CD_2,14.3,6.34,14.5,8.95,17.8,14.9
2026-04-12 21:28:50,CD_2,14.4,6.44,14.4,8.74,17.5,14.5
2026-04-12 21:28:50,CD_2,14.4,6.5,14.6,8.69,17.6,14.9
2026-04-12 21:28:51,CD_2,14.5,6.42,14.4,8.52,17.3,14.7
2026-04-12 21:28:51,CD_2,14.4,6.48,14.5,8.63,17.6,14.9
2026-04-12 21:28:51,CD_2,14.5,6.39,14.5,8.6,17.6,14.7
2026-04-12 21:28:52,CD_2,14.4,6.44,14.5,8.87,17.7,14.7
2026-04-12 21:28:52,CD_2,14.4,6.51,14.5,9.26,17.8,14.6
2026-04-12 21:28:52,CD_2,14.3,6.4,14.4,8.94,17.6,14.7
2026-04-12 21:28:53,CD_2,14.4,6.54,14.5,8.67,17.6,14.7
2026-04-12 21:28:53,CD_2,14.4,6.45,14.6,8.68,17.9,14.8
2026-04-12 21:28:53,CD_2,14.3,6.54,14.2,8.4,17.1,14.5
2026-04-12 21:28:54,CD_2,14.4,6.45,14.7,8.56,17.9,14.9
2026-04-12 21:28:54,CD_2,14.5,6.52,14.3,8.46,17.3,14.6
2026-04-12 21:28:55,CD_2,14.3,6.5,14.5,8.88,17.8,14.7
2026-04-12 21:28:55,CD_2,14.4,6.62,14.4,9.1,17.4,14.5
2026-04-12 21:28:55,CD_2,14.0,6.63,14.5,8.87,17.6,14.7
2026-04-12 21:28:56,CD_2,14.5,6.67,14.5,8.88,17.7,14.6
2026-04-12 21:28:56,CD_2,14.3,6.56,14.5,8.69,17.6,14.7
2026-04-12 21:28:56,CD_2,14.4,6.6,14.4,8.98,17.7,14.6
2026-04-12 21:28:57,CD_2,14.3,6.7,14.4,9.15,17.5,14.5
2026-04-12 21:28:57,CD_2,14.2,6.53,14.4,8.86,17.5,14.7
2026-04-12 21:28:57,CD_2,14.4,6.52,14.5,8.75,17.4,14.6
2026-04-12 21:28:58,CD_2,14.3,6.63,14.4,9.03,17.6,14.6
2026-04-12 21:28:58,CD_2,14.3,6.54,14.4,8.83,17.6,14.6
2026-04-12 21:28:58,CD_2,14.3,6.34,14.5,8.8,17.6,14.7
2026-04-12 21:28:59,CD_2,14.4,6.55,14.5,8.63,17.5,14.7
2026-04-12 21:28:59,CD_2,14.4,6.56,14.4,9.01,17.3,14.6
2026-04-12 21:29:00,CD_2,14.2,6.56,14.4,8.69,17.5,14.7
2026-04-12 21:29:00,CD_2,14.4,6.61,14.5,8.68,17.5,14.7
2026-04-12 21:29:00,CD_2,14.4,6.55,14.5,8.58,17.6,14.7
2026-04-12 21:29:01,CD_2,14.4,6.54,14.5,8.66,17.5,14.6
2026-04-12 21:29:01,CD_2,14.3,6.52,14.5,8.58,17.6,14.7
2026-04-12 21:29:01,CD_2,14.4,6.49,14.5,8.6,17.4,14.7
2026-04-12 21:29:02,CD_2,14.4,6.47,14.5,8.55,17.5,14.7
2026-04-12 21:29:02,CD_2,14.4,6.52,14.5,8.97,17.5,14.6
2026-04-12 21:29:02,CD_2,14.3,6.61,14.5,9.11,17.6,14.6
2026-04-12 21:29:03,CD_2,14.3,6.56,14.5,9.34,17.8,14.6
2026-04-12 21:29:03,CD_2,14.3,6.61,14.5,9.37,17.6,14.6
2026-04-12 21:29:04,CD_2,14.3,6.63,14.5,9.35,17.8,14.6
2026-04-12 21:29:04,CD_2,14.3,6.6,14.6,9.58,17.7,14.6
2026-04-12 21:29:04,CD_2,14.3,6.54,14.5,9.7,17.6,14.6
2026-04-12 21:29:05,CD_2,14.3,6.57,14.6,9.73,17.4,14.6
2026-04-12 21:29:05,CD_2,14.2,6.6,14.5,9.61,17.7,14.6
2026-04-12 21:29:05,CD_2,14.3,6.38,14.5,9.32,17.6,14.7
2026-04-12 21:29:06,CD_2,14.4,6.43,14.5,9.08,17.6,14.8
2026-04-12 21:29:06,CD_2,14.5,6.53,14.5,9.29,17.6,14.6
2026-04-12 21:29:06,CD_2,14.3,6.57,14.5,9.31,17.7,14.7
2026-04-12 21:29:07,CD_2,14.3,6.58,14.5,9.43,17.6,14.6
2026-04-12 21:29:07,CD_2,14.3,6.46,14.6,9.03,17.7,14.7
2026-04-12 21:29:07,CD_2,14.4,6.53,14.6,9.43,17.7,14.7
2026-04-12 21:29:08,CD_2,14.3,6.31,14.6,9.1,17.6,14.8
2026-04-12 21:29:08,CD_2,14.4,6.5,14.6,9.4,17.7,14.7
2026-04-12 21:29:08,CD_2,14.3,6.04,14.6,9.09,17.7,14.8
2026-04-12 21:29:09,CD_2,14.4,6.5,14.6,9.31,17.7,14.7
2026-04-12 21:29:09,CD_2,14.4,6.59,14.6,9.2,17.8,14.7
2026-04-12 21:29:10,CD_2,14.3,6.59,14.6,9.55,17.5,14.7
2026-04-12 21:29:10,CD_2,14.3,6.62,14.6,9.54,17.7,14.6
2026-04-12 21:29:10,CD_2,14.3,6.62,14.6,9.55,17.8,14.6
2026-04-12 21:29:11,CD_2,14.3,6.65,14.5,9.56,17.6,14.6
2026-04-12 21:29:11,CD_2,14.3,6.6,14.6,9.77,17.7,14.6
2026-04-12 21:29:11,CD_2,14.3,6.32,14.6,9.26,17.8,14.7
2026-04-12 21:29:12,CD_2,14.4,6.53,14.6,8.9,17.6,14.6
2026-04-12 21:29:12,CD_2,14.4,6.32,14.7,8.81,17.8,14.9
2026-04-12 21:29:12,CD_2,14.5,6.38,14.5,8.81,17.5,14.6
2026-04-12 21:29:13,CD_2,14.3,6.43,14.7,8.88,17.7,15.0
2026-04-12 21:29:13,CD_2,14.6,6.42,14.6,8.4,17.4,14.7
2026-04-12 21:29:14,CD_2,14.5,6.26,14.6,8.68,17.4,14.7
2026-04-12 21:29:14,CD_2,14.4,6.43,14.6,8.71,17.6,14.8
2026-04-12 21:29:14,CD_2,14.4,6.43,14.5,8.92,17.8,14.8
2026-04-12 21:29:15,CD_2,14.4,6.34,14.6,8.85,17.7,14.8
2026-04-12 21:29:15,CD_2,14.5,6.38,14.5,9.04,17.6,14.7
2026-04-12 21:29:15,CD_2,14.3,6.21,14.6,8.95,17.6,14.8
2026-04-12 21:29:16,CD_2,14.4,6.45,14.5,8.57,17.7,14.8
2026-04-12 21:29:16,CD_2,14.5,6.43,14.6,9.05,17.7,14.7
2026-04-12 21:29:16,CD_2,14.3,6.43,14.6,9.2,17.7,14.7
2026-04-12 21:29:17,CD_2,14.4,6.52,14.5,9.43,17.6,14.6
2026-04-12 21:29:17,CD_2,14.3,6.56,14.5,9.37,17.8,14.6
2026-04-12 21:29:17,CD_2,14.3,6.56,14.5,9.57,17.5,14.6
2026-04-12 21:29:18,CD_2,14.3,6.38,14.5,9.09,17.7,14.7
2026-04-12 21:29:18,CD_2,14.3,6.56,14.5,9.31,17.6,14.5
2026-04-12 21:29:19,CD_2,14.3,6.64,14.5,9.33,17.7,14.5
2026-04-12 21:29:19,CD_2,14.2,6.37,14.5,8.95,17.5,14.5
2026-04-12 21:29:19,CD_2,14.3,6.45,14.4,8.85,17.5,14.7
2026-04-12 21:29:20,CD_2,14.3,6.61,14.4,9.18,17.6,14.5
2026-04-12 21:29:20,CD_2,14.3,6.59,14.4,9.28,17.6,14.5
2026-04-12 21:29:20,CD_2,14.2,6.61,14.4,9.47,17.5,14.5
2026-04-12 21:29:21,CD_2,14.2,6.45,14.4,9.1,17.3,14.6
2026-04-12 21:29:21,CD_2,14.3,6.61,14.4,9.31,17.5,14.5
2026-04-12 21:29:21,CD_2,14.2,6.37,14.4,8.76,17.2,14.6
2026-04-12 21:29:22,CD_2,14.3,6.57,14.4,9.17,17.5,14.5
2026-04-12 21:29:22,CD_2,14.2,6.42,14.5,9.01,17.6,14.6
2026-04-12 21:29:22,CD_2,14.3,6.53,14.4,8.78,17.6,14.6
2026-04-12 21:29:23,CD_2,14.4,6.5,14.5,8.73,17.4,14.7
2026-04-12 21:29:23,CD_2,14.4,6.47,14.4,8.57,17.7,14.7
2026-04-12 21:29:24,CD_2,14.4,6.31,14.5,8.61,17.6,14.7
2026-04-12 21:29:24,CD_2,14.4,6.51,14.5,8.89,17.6,14.6
2026-04-12 21:29:24,CD_2,14.2,6.55,14.4,9.14,17.4,14.5
2026-04-12 21:29:25,CD_2,14.3,6.59,14.4,9.16,17.5,14.5
2026-04-12 21:29:25,CD_2,14.3,6.55,14.4,8.97,17.6,14.7
2026-04-12 21:29:25,CD_2,14.3,6.54,14.4,9.16,17.4,14.5
2026-04-12 21:29:26,CD_2,14.2,6.47,14.4,8.79,17.6,14.6
2026-04-12 21:29:26,CD_2,14.4,6.58,14.5,8.83,17.5,14.7
2026-04-12 21:29:26,CD_2,14.4,6.56,14.4,8.95,17.7,14.6
2026-04-12 21:29:27,CD_2,14.3,6.44,14.4,8.93,17.6,14.5
2026-04-12 21:29:27,CD_2,14.3,6.67,14.4,9.24,17.7,14.5
2026-04-12 21:29:28,CD_2,14.2,6.52,14.4,9.05,17.6,14.6
2026-04-12 21:29:28,CD_2,14.3,6.56,14.4,8.8,17.5,14.6
2026-04-12 21:29:28,CD_2,14.3,6.48,14.4,8.56,17.4,14.7
2026-04-12 21:29:29,CD_2,14.4,6.57,14.4,8.94,17.4,14.5
2026-04-12 21:29:29,CD_2,14.3,6.65,14.4,9.17,17.7,14.5
2026-04-12 21:29:29,CD_2,14.2,6.7,14.4,9.34,17.6,14.5
2026-04-12 21:29:30,CD_2,14.2,6.68,14.4,9.49,17.6,14.5
2026-04-12 21:29:30,CD_2,14.2,6.63,14.4,8.96,17.5,14.6
2026-04-12 21:29:30,CD_2,14.3,6.61,14.4,8.7,17.6,14.6
2026-04-12 21:29:31,CD_2,14.3,6.55,14.5,8.64,17.3,14.7
2026-04-12 21:29:31,CD_2,14.4,6.58,14.4,9.03,17.6,14.5
2026-04-12 21:29:31,CD_2,14.3,6.66,14.4,9.21,17.6,14.5
2026-04-12 21:29:32,CD_2,14.2,6.68,14.4,9.3,17.6,14.5
2026-04-12 21:29:32,CD_2,14.2,6.76,14.4,9.46,17.7,14.5
2026-04-12 21:29:32,CD_2,14.2,6.68,14.4,9.6,17.5,14.5
2026-04-12 21:29:33,CD_2,14.2,6.77,14.4,9.64,17.4,14.5
2026-04-12 21:29:33,CD_2,14.2,6.73,14.4,9.46,17.5,14.5
2026-04-12 21:29:34,CD_2,14.2,6.68,14.4,9.72,17.4,14.5
2026-04-12 21:29:34,CD_2,14.2,6.47,14.4,9.16,17.6,14.6
2026-04-12 21:29:34,CD_2,14.3,6.63,14.5,9.42,17.4,14.5
2026-04-12 21:29:35,CD_2,14.2,6.65,14.5,9.53,17.6,14.5
2026-04-12 21:29:35,CD_2,14.2,6.42,14.4,9.12,17.5,14.7
2026-04-12 21:29:35,CD_2,14.3,6.6,14.4,8.91,17.6,14.6
2026-04-12 21:29:36,CD_2,14.4,6.52,14.5,8.82,17.5,14.7
2026-04-12 21:29:36,CD_2,14.4,6.44,14.5,8.72,17.7,14.7
2026-04-12 21:29:36,CD_2,14.4,6.51,14.5,9.03,17.6,14.6
2026-04-12 21:29:37,CD_2,14.3,6.22,14.5,8.68,17.7,14.7
2026-04-12 21:29:37,CD_2,14.4,6.49,14.5,9.09,17.7,14.7
2026-04-12 21:29:37,CD_2,14.3,6.56,14.5,9.31,17.6,14.5
2026-04-12 21:29:38,CD_2,14.3,6.63,14.5,9.16,17.8,14.6
2026-04-12 21:29:38,CD_2,14.3,6.6,14.5,9.49,17.7,14.6
2026-04-12 21:29:39,CD_2,14.3,6.35,14.5,9.12,17.8,14.7
2026-04-12 21:29:39,CD_2,14.4,6.46,14.6,8.82,17.7,14.7
2026-04-12 21:29:39,CD_2,14.4,6.47,14.6,8.73,17.8,14.8
2026-04-12 21:29:40,CD_2,14.5,6.44,14.6,9.17,17.4,14.7
2026-04-12 21:29:40,CD_2,14.4,6.33,14.6,8.76,17.8,14.8
2026-04-12 21:29:40,CD_2,14.5,6.45,14.6,9.07,17.7,14.7
2026-04-12 21:29:41,CD_2,14.4,6.54,14.6,9.17,17.9,14.6
2026-04-12 21:29:41,CD_2,14.3,6.58,14.6,9.38,17.4,14.6
2026-04-12 21:29:41,CD_2,14.3,6.47,14.5,8.83,17.6,14.7
2026-04-12 21:29:42,CD_2,14.4,6.39,14.6,8.85,17.6,14.8
2026-04-12 21:29:42,CD_2,14.4,6.41,14.6,9.03,17.7,14.7
2026-04-12 21:29:42,CD_2,14.3,6.09,14.6,8.91,17.7,14.8
2026-04-12 21:29:43,CD_2,14.5,6.45,14.5,9.07,17.6,14.7
2026-04-12 21:29:43,CD_2,14.3,6.54,14.5,9.28,17.5,14.6
2026-04-12 21:29:44,CD_2,14.3,6.55,14.5,9.52,17.7,14.6
2026-04-12 21:29:49,CD_3,14.5,6.52,14.6,9.14,18.1,14.8
2026-04-12 21:29:49,CD_3,14.5,6.61,14.6,9.43,18.1,14.7
2026-04-12 21:29:49,CD_3,14.4,6.69,14.5,9.34,18.0,14.7
2026-04-12 21:29:50,CD_3,14.4,6.62,14.6,9.13,17.9,14.8
2026-04-12 21:29:50,CD_3,14.5,6.66,14.5,9.24,17.9,14.7
2026-04-12 21:29:50,CD_3,14.4,6.49,14.6,9.07,17.7,14.7
2026-04-12 21:29:51,CD_3,14.4,6.66,14.5,9.35,17.9,14.6
2026-04-12 21:29:51,CD_3,14.3,6.7,14.5,9.49,17.8,14.7
2026-04-12 21:29:51,CD_3,14.3,6.72,14.5,9.46,17.9,14.7
2026-04-12 21:29:52,CD_3,14.4,6.71,14.6,9.42,17.7,14.7
2026-04-12 21:29:52,CD_3,14.3,6.54,14.5,9.04,17.7,14.7
2026-04-12 21:29:52,CD_3,14.4,6.59,14.5,8.83,17.8,14.8
2026-04-12 21:29:53,CD_3,14.5,6.68,14.6,9.2,17.5,14.7
2026-04-12 21:29:53,CD_3,14.4,6.71,14.5,9.17,17.8,14.6
2026-04-12 21:29:53,CD_3,14.3,6.58,14.6,8.99,17.8,14.7
2026-04-12 21:29:54,CD_3,14.4,6.69,14.6,9.08,17.8,14.7
2026-04-12 21:29:54,CD_3,14.5,6.71,14.6,9.27,17.7,14.7
2026-04-12 21:29:55,CD_3,14.4,6.68,14.6,8.92,17.8,14.7
2026-04-12 21:29:55,CD_3,14.5,6.68,14.6,9.09,17.6,14.7
2026-04-12 21:29:55,CD_3,14.4,6.66,14.6,8.93,17.6,14.8
2026-04-12 21:29:56,CD_3,14.5,6.77,14.6,9.13,17.8,14.7
2026-04-12 21:29:56,CD_3,14.4,6.82,14.6,9.36,17.9,14.7
2026-04-12 21:29:56,CD_3,14.4,6.84,14.6,9.31,17.5,14.7
2026-04-12 21:29:57,CD_3,14.4,6.8,14.6,9.47,17.8,14.7
2026-04-12 21:29:57,CD_3,14.4,6.67,14.6,9.22,17.8,14.8
2026-04-12 21:29:57,CD_3,14.5,6.77,14.6,9.09,17.9,14.8
2026-04-12 21:29:58,CD_3,14.5,6.76,14.6,9.25,17.9,14.7
2026-04-12 21:29:58,CD_3,14.4,6.66,14.6,9.06,17.8,14.8
2026-04-12 21:29:59,CD_3,14.5,6.72,14.6,8.85,17.7,14.8
2026-04-12 21:29:59,CD_3,14.5,6.73,14.6,8.59,17.7,14.8
2026-04-12 21:29:59,CD_3,14.5,6.63,14.6,8.57,17.7,14.8
2026-04-12 21:30:00,CD_3,14.5,6.71,14.6,8.93,17.8,14.7
2026-04-12 21:30:00,CD_3,14.4,6.71,14.6,9.16,17.8,14.7
2026-04-12 21:30:00,CD_3,14.4,6.83,14.6,9.25,17.7,14.7
2026-04-12 21:30:01,CD_3,14.4,6.78,14.6,8.81,17.7,14.8
2026-04-12 21:30:01,CD_3,14.5,6.68,14.6,8.77,17.8,14.8
2026-04-12 21:30:01,CD_3,14.5,6.72,14.6,8.84,17.8,14.8
2026-04-12 21:30:02,CD_3,14.5,6.78,14.6,9.06,17.9,14.7
2026-04-12 21:30:02,CD_3,14.4,6.72,14.5,9.31,17.7,14.7
2026-04-12 21:30:02,CD_3,14.3,6.75,14.6,9.13,17.7,14.6
2026-04-12 21:30:03,CD_3,14.3,6.54,14.5,9.04,17.8,14.8
2026-04-12 21:30:03,CD_3,14.4,6.74,14.6,8.72,17.7,14.8
2026-04-12 21:30:04,CD_3,14.5,6.63,14.6,8.75,17.7,14.8
2026-04-12 21:30:04,CD_3,14.5,6.68,14.6,8.88,17.4,14.7
2026-04-12 21:30:04,CD_3,14.3,6.72,14.5,9.23,17.5,14.6
2026-04-12 21:30:05,CD_3,14.3,6.76,14.5,9.11,17.7,14.6
2026-04-12 21:30:05,CD_3,14.3,6.55,14.6,9.09,17.7,14.8
2026-04-12 21:30:05,CD_3,14.4,6.69,14.6,8.75,17.6,14.8
2026-04-12 21:30:06,CD_3,14.4,6.67,14.6,8.74,17.7,14.8
2026-04-12 21:30:06,CD_3,14.5,6.54,14.6,8.56,17.7,14.8
2026-04-12 21:30:06,CD_3,14.5,6.57,14.6,8.32,17.6,14.8
2026-04-12 21:30:07,CD_3,14.5,6.61,14.6,8.96,17.5,14.7
2026-04-12 21:30:07,CD_3,14.4,6.7,14.5,9.06,17.8,14.6
2026-04-12 21:30:07,CD_3,14.3,6.55,14.6,8.95,17.5,14.8
2026-04-12 21:30:08,CD_3,14.4,6.64,14.5,8.97,17.7,14.7
2026-04-12 21:30:08,CD_3,14.3,6.58,14.6,8.97,17.7,14.8
2026-04-12 21:30:09,CD_3,14.4,6.53,14.6,8.64,17.6,14.8
2026-04-12 21:30:09,CD_3,14.5,6.65,14.6,9.03,17.5,14.7
2026-04-12 21:30:09,CD_3,14.3,6.49,14.6,8.69,17.7,14.8
2026-04-12 21:30:10,CD_3,14.4,6.65,14.5,8.92,17.6,14.7
2026-04-12 21:30:10,CD_3,14.3,6.57,14.6,8.77,17.6,14.8
2026-04-12 21:30:10,CD_3,14.4,6.62,14.6,8.56,17.7,14.8
2026-04-12 21:30:11,CD_3,14.5,6.59,14.6,8.91,17.7,14.7
2026-04-12 21:30:11,CD_3,14.4,6.67,14.6,9.15,17.8,14.7
2026-04-12 21:30:11,CD_3,14.3,6.47,14.6,8.77,17.5,14.8
2026-04-12 21:30:12,CD_3,14.5,6.54,14.6,8.42,17.8,14.8
2026-04-12 21:30:12,CD_3,14.5,6.59,14.6,9.0,17.6,14.7
2026-04-12 21:30:12,CD_3,14.4,6.64,14.6,8.91,17.7,14.7
2026-04-12 21:30:13,CD_3,14.3,6.49,14.6,8.76,17.6,14.8
2026-04-12 21:30:13,CD_3,14.5,6.65,14.6,9.0,17.8,14.7
2026-04-12 21:30:14,CD_3,14.4,6.45,14.6,8.85,17.7,14.8
2026-04-12 21:30:14,CD_3,14.5,6.56,14.6,8.59,17.7,14.8
2026-04-12 21:30:14,CD_3,14.5,6.54,14.6,8.89,17.7,14.7
2026-04-12 21:30:15,CD_3,14.4,6.41,14.6,8.8,17.7,14.8
2026-04-12 21:30:15,CD_3,14.5,6.54,14.6,8.56,17.7,14.8
2026-04-12 21:30:15,CD_3,14.5,6.55,14.6,8.4,17.5,14.9
2026-04-12 21:30:16,CD_3,14.5,6.51,14.6,8.61,17.7,14.7
2026-04-12 21:30:16,CD_3,14.4,6.43,14.6,8.67,17.7,14.9
2026-04-12 21:30:16,CD_3,14.5,6.62,14.6,8.85,17.6,14.7
2026-04-12 21:30:17,CD_3,14.4,6.64,14.6,9.02,17.5,14.7
2026-04-12 21:30:17,CD_3,14.4,6.57,14.6,8.66,17.8,14.8
2026-04-12 21:30:18,CD_3,14.5,6.38,14.6,8.56,17.8,14.8
2026-04-12 21:30:18,CD_3,14.5,6.62,14.6,8.91,17.8,14.7
2026-04-12 21:30:18,CD_3,14.4,6.67,14.6,9.12,17.6,14.7
2026-04-12 21:30:19,CD_3,14.4,6.43,14.6,8.86,17.7,14.8
2026-04-12 21:30:19,CD_3,14.5,6.69,14.6,9.18,17.7,14.7
2026-04-12 21:30:19,CD_3,14.4,6.56,14.6,8.77,17.7,14.8
2026-04-12 21:30:20,CD_3,14.5,6.64,14.6,8.65,17.7,14.8
2026-04-12 21:30:20,CD_3,14.6,6.69,14.6,8.74,17.8,14.7
2026-04-12 21:30:20,CD_3,14.4,6.7,14.6,9.14,17.7,14.7
2026-04-12 21:30:21,CD_3,14.4,6.74,14.6,9.4,17.7,14.7
2026-04-12 21:30:21,CD_3,14.4,6.69,14.6,8.96,17.8,14.8
2026-04-12 21:30:21,CD_3,14.5,6.72,14.6,9.15,17.5,14.7
2026-04-12 21:30:22,CD_3,14.4,6.78,14.6,9.17,17.8,14.7
2026-04-12 21:30:22,CD_3,14.4,6.55,14.6,8.79,17.7,14.8
2026-04-12 21:30:23,CD_3,14.5,6.68,14.6,8.72,17.8,14.8
2026-04-12 21:30:23,CD_3,14.5,6.74,14.6,8.63,17.8,14.9
2026-04-12 21:30:23,CD_3,14.5,6.66,14.6,9.02,17.9,14.7
2026-04-12 21:30:24,CD_3,14.4,6.71,14.6,8.87,17.9,14.8
2026-04-12 21:30:24,CD_3,14.4,6.69,14.6,8.97,17.5,14.7
2026-04-12 21:30:24,CD_3,14.4,6.71,14.6,9.27,17.8,14.7
2026-04-12 21:30:25,CD_3,14.3,6.71,14.6,8.93,17.4,14.8
2026-04-12 21:30:25,CD_3,14.5,6.57,14.6,8.46,17.8,14.8
2026-04-12 21:30:25,CD_3,14.5,6.67,14.6,9.03,17.7,14.7
2026-04-12 21:30:26,CD_3,14.4,6.67,14.6,9.06,17.7,14.7
2026-04-12 21:30:26,CD_3,14.3,6.69,14.6,9.22,17.6,14.6
2026-04-12 21:30:26,CD_3,14.3,6.66,14.6,8.89,17.8,14.8
2026-04-12 21:30:27,CD_3,14.4,6.74,14.6,9.18,17.7,14.7
2026-04-12 21:30:27,CD_3,14.3,6.68,14.6,9.25,17.6,14.7
2026-04-12 21:30:28,CD_3,14.3,6.78,14.6,9.16,17.8,14.7
2026-04-12 21:30:28,CD_3,14.4,6.63,14.6,8.81,17.7,14.8
2026-04-12 21:30:28,CD_3,14.5,6.61,14.6,9.04,17.7,14.7
2026-04-12 21:30:29,CD_3,14.4,6.61,14.6,8.77,17.5,14.7
2026-04-12 21:30:29,CD_3,14.4,6.59,14.6,9.18,17.6,14.7
2026-04-12 21:30:29,CD_3,14.4,6.73,14.5,9.24,17.4,14.7
2026-04-12 21:30:30,CD_3,14.3,6.63,14.6,9.0,17.7,14.8
2026-04-12 21:30:30,CD_3,14.4,6.65,14.6,8.93,17.6,14.7
2026-04-12 21:30:30,CD_3,14.4,6.74,14.6,9.15,17.8,14.6
2026-04-12 21:30:31,CD_3,14.3,6.6,14.6,9.07,17.8,14.8
2026-04-12 21:30:31,CD_3,14.4,6.63,14.6,8.74,17.8,14.8
2026-04-12 21:30:32,CD_3,14.5,6.67,14.6,9.02,17.5,14.7
2026-04-12 21:30:32,CD_3,14.4,6.57,14.6,8.84,17.8,14.8
2026-04-12 21:30:32,CD_3,14.5,6.7,14.6,9.06,17.8,14.7
2026-04-12 21:30:33,CD_3,14.4,6.74,14.6,9.03,17.8,14.7
2026-04-12 21:30:33,CD_3,14.4,6.79,14.6,9.42,17.9,14.7
2026-04-12 21:30:33,CD_3,14.4,6.75,14.6,9.45,17.7,14.7
2026-04-12 21:30:34,CD_3,14.3,6.8,14.6,9.46,17.8,14.7
2026-04-12 21:30:34,CD_3,14.3,6.65,14.6,9.17,17.8,14.8
2026-04-12 21:30:34,CD_3,14.5,6.63,14.6,8.84,17.7,14.8
2026-04-12 21:30:35,CD_3,14.5,6.6,14.6,8.53,17.5,14.8
2026-04-12 21:30:35,CD_3,14.5,6.53,14.6,8.41,17.7,14.8
2026-04-12 21:30:35,CD_3,14.5,6.52,14.6,8.53,17.8,14.9
2026-04-12 21:30:36,CD_3,14.5,6.51,14.6,8.4,17.8,14.9
2026-04-12 21:30:36,CD_3,14.5,6.57,14.6,8.41,17.7,14.9
2026-04-12 21:30:37,CD_3,14.6,6.41,14.6,8.34,17.8,14.9
2026-04-12 21:30:37,CD_3,14.6,6.53,14.7,8.36,17.8,14.9
2026-04-12 21:30:37,CD_3,14.6,6.58,14.6,8.63,17.8,14.8
2026-04-12 21:30:38,CD_3,14.4,6.62,14.6,8.95,17.7,14.7
2026-04-12 21:30:38,CD_3,14.4,6.67,14.6,9.24,17.7,14.7
2026-04-12 21:30:38,CD_3,14.4,6.67,14.6,9.12,17.7,14.7
2026-04-12 21:30:39,CD_3,14.4,6.67,14.6,8.79,17.7,14.8
2026-04-12 21:30:39,CD_3,14.5,6.62,14.6,8.94,17.9,14.7
2026-04-12 21:30:39,CD_3,14.4,6.71,14.6,9.15,17.6,14.7
2026-04-12 21:30:40,CD_3,14.4,6.68,14.6,9.28,17.8,14.7
2026-04-12 21:30:40,CD_3,14.4,6.51,14.6,9.04,17.6,14.8
2026-04-12 21:30:40,CD_3,14.5,6.64,14.6,8.47,17.6,14.8
2026-04-12 21:30:41,CD_3,14.5,6.6,14.6,8.83,17.7,14.7
2026-04-12 21:30:41,CD_3,14.4,6.56,14.6,8.64,17.6,14.8
2026-04-12 21:30:42,CD_3,14.5,6.63,14.6,8.89,17.8,14.7
2026-04-12 21:30:42,CD_3,14.4,6.62,14.6,9.1,17.7,14.7
2026-04-12 21:30:42,CD_3,14.4,6.67,14.6,9.36,17.6,14.7
2026-04-12 21:30:43,CD_3,14.4,6.68,14.6,8.59,17.8,14.8
2026-04-12 21:30:43,CD_3,14.5,6.65,14.6,9.17,17.8,14.7
2026-04-12 21:30:43,CD_3,14.4,6.4,14.6,8.84,17.8,14.8
2026-04-12 21:30:44,CD_3,14.5,6.62,14.6,9.08,17.9,14.7
2026-04-12 21:30:44,CD_3,14.4,6.7,14.6,9.31,17.7,14.7
2026-04-12 21:30:44,CD_3,14.4,6.47,14.6,8.95,17.8,14.8
2026-04-12 21:30:45,CD_3,14.5,6.62,14.6,8.7,17.7,14.8
2026-04-12 21:30:45,CD_3,14.5,6.65,14.6,8.76,17.5,14.7
2026-04-12 21:30:45,CD_3,14.4,6.66,14.6,9.17,17.8,14.7
2026-04-12 21:30:46,CD_3,14.4,6.66,14.6,9.24,17.8,14.7
2026-04-12 21:30:46,CD_3,14.4,6.48,14.6,8.61,17.8,14.8
2026-04-12 21:30:47,CD_3,14.5,6.52,14.6,8.58,17.6,14.8
2026-04-12 21:30:47,CD_3,14.5,6.55,14.6,8.36,17.4,14.7
2026-04-12 21:30:47,CD_3,14.5,6.5,14.6,8.41,17.7,14.8
2026-04-12 21:30:48,CD_3,14.5,6.6,14.6,8.79,17.5,14.7
2026-04-12 21:30:48,CD_3,14.4,6.64,14.6,9.14,17.8,14.7
2026-04-12 21:30:48,CD_3,14.4,6.68,14.6,9.19,17.6,14.7
2026-04-12 21:30:49,CD_3,14.4,6.51,14.6,8.66,17.9,14.8
2026-04-12 21:30:49,CD_3,14.5,6.54,14.6,8.65,17.7,14.8
2026-04-12 21:30:49,CD_3,14.5,6.57,14.6,8.62,17.7,14.9
2026-04-12 21:30:50,CD_3,14.5,6.55,14.6,8.87,17.6,14.7
2026-04-12 21:30:50,CD_3,14.4,6.44,14.6,8.63,17.4,14.8
2026-04-12 21:30:50,CD_3,14.5,6.59,14.6,8.93,17.8,14.7
2026-04-12 21:30:51,CD_3,14.4,6.63,14.6,9.05,17.9,14.7
2026-04-12 21:30:51,CD_3,14.4,6.67,14.6,9.27,17.8,14.7
2026-04-12 21:30:52,CD_3,14.4,6.4,14.6,8.87,17.8,14.8
2026-04-12 21:30:52,CD_3,14.5,6.59,14.6,9.04,17.7,14.7
2026-04-12 21:30:52,CD_3,14.4,6.46,14.6,8.76,17.7,14.8
2026-04-12 21:30:53,CD_3,14.5,6.52,14.6,8.52,17.6,14.8
2026-04-12 21:30:53,CD_3,14.5,6.51,14.6,8.85,17.4,14.7
2026-04-12 21:30:53,CD_3,14.4,6.53,14.6,8.68,17.8,14.8
2026-04-12 21:30:54,CD_3,14.5,6.64,14.6,8.94,17.7,14.7
2026-04-12 21:30:54,CD_3,14.4,6.64,14.6,9.07,17.8,14.7
2026-04-12 21:30:54,CD_3,14.3,6.58,14.6,8.85,17.6,14.8
2026-04-12 21:30:55,CD_3,14.5,6.59,14.6,8.66,17.7,14.8
2026-04-12 21:30:55,CD_3,14.5,6.6,14.6,8.92,17.7,14.7
2026-04-12 21:30:55,CD_3,14.4,6.54,14.6,8.85,17.7,14.8
2026-04-12 21:30:56,CD_3,14.4,6.6,14.6,8.57,17.6,14.8
2026-04-12 21:30:56,CD_3,14.5,6.65,14.6,8.9,17.7,14.7
2026-04-12 21:30:57,CD_3,14.4,6.69,14.6,9.24,17.7,14.7
2026-04-12 21:30:57,CD_3,14.4,6.59,14.6,8.92,17.6,14.8
2026-04-12 21:30:57,CD_3,14.5,6.57,14.6,8.6,17.7,14.8
2026-04-12 21:30:58,CD_3,14.5,6.59,14.6,8.82,17.8,14.7
2026-04-12 21:30:58,CD_3,14.4,6.61,14.6,9.07,17.8,14.7
2026-04-12 21:30:58,CD_3,14.4,6.62,14.6,8.71,17.7,14.7
2026-04-12 21:30:59,CD_3,14.4,6.47,14.6,8.54,17.7,14.8
2026-04-12 21:30:59,CD_3,14.4,6.55,14.6,8.56,17.8,14.9
2026-04-12 21:30:59,CD_3,14.5,6.57,14.6,8.59,17.6,14.8
2026-04-12 21:31:00,CD_3,14.5,6.59,14.6,8.35,17.7,14.9
2026-04-12 21:31:11,CD_4,14.8,6.25,14.7,8.78,18.4,15.0
2026-04-12 21:31:11,CD_4,14.6,6.4,14.7,8.95,18.3,14.8
2026-04-12 21:31:11,CD_4,14.5,6.44,14.6,9.16,18.1,14.8
2026-04-12 21:31:12,CD_4,14.4,6.46,14.7,9.29,18.0,14.7
2026-04-12 21:31:12,CD_4,14.4,6.34,14.6,9.04,18.0,14.9
2026-04-12 21:31:12,CD_4,14.5,6.45,14.7,9.25,17.9,14.8
2026-04-12 21:31:13,CD_4,14.4,6.48,14.5,8.99,17.8,14.8
2026-04-12 21:31:13,CD_4,14.5,6.45,14.7,9.13,18.0,14.8
2026-04-12 21:31:14,CD_4,14.4,6.34,14.6,8.89,17.8,14.8
2026-04-12 21:31:14,CD_4,14.5,6.47,14.6,8.96,17.9,14.8
2026-04-12 21:31:14,CD_4,14.4,6.55,14.6,9.25,18.0,14.7
2026-04-12 21:31:15,CD_4,14.3,6.61,14.6,9.27,17.9,14.7
2026-04-12 21:31:15,CD_4,14.4,6.56,14.6,9.48,18.0,14.7
2026-04-12 21:31:15,CD_4,14.3,6.63,14.6,9.45,18.0,14.7
2026-04-12 21:31:16,CD_4,14.3,6.6,14.6,9.39,17.8,14.7
2026-04-12 21:31:16,CD_4,14.3,6.54,14.6,9.21,17.9,14.7
2026-04-12 21:31:16,CD_4,14.3,6.61,14.6,8.78,17.7,14.8
2026-04-12 21:31:17,CD_4,14.4,6.43,14.6,8.61,17.8,14.9
2026-04-12 21:31:17,CD_4,14.5,6.55,14.6,9.03,17.8,14.7
2026-04-12 21:31:17,CD_4,14.3,6.58,14.6,9.3,17.9,14.7
2026-04-12 21:31:18,CD_4,14.4,6.53,14.6,8.96,17.7,14.8
2026-04-12 21:31:18,CD_4,14.4,6.51,14.6,8.76,17.8,14.9
2026-04-12 21:31:19,CD_4,14.5,6.3,14.6,8.62,17.8,14.9
2026-04-12 21:31:19,CD_4,14.5,6.28,14.7,8.52,17.7,14.9
2026-04-12 21:31:19,CD_4,14.5,6.48,14.6,8.87,17.8,14.8
2026-04-12 21:31:20,CD_4,14.4,6.54,14.6,9.2,17.8,14.7
2026-04-12 21:31:20,CD_4,14.4,6.61,14.6,9.37,17.9,14.7
2026-04-12 21:31:20,CD_4,14.3,6.29,14.6,9.02,17.8,14.8
2026-04-12 21:31:21,CD_4,14.4,6.52,14.6,8.64,17.6,14.9
2026-04-12 21:31:21,CD_4,14.5,6.53,14.6,9.1,17.7,14.8
2026-04-12 21:31:21,CD_4,14.4,6.57,14.6,9.06,17.8,14.7
2026-04-12 21:31:22,CD_4,14.4,6.64,14.6,9.27,17.6,14.7
2026-04-12 21:31:22,CD_4,14.3,6.55,14.6,8.95,17.8,14.8
2026-04-12 21:31:22,CD_4,14.4,6.53,14.6,9.06,17.7,14.7
2026-04-12 21:31:23,CD_4,14.3,6.6,14.6,9.23,17.9,14.7
2026-04-12 21:31:23,CD_4,14.3,6.47,14.6,9.08,17.7,14.8
2026-04-12 21:31:24,CD_4,14.4,6.54,14.6,9.12,17.9,14.7
2026-04-12 21:31:24,CD_4,14.3,6.3,14.6,8.92,17.8,14.8
2026-04-12 21:31:24,CD_4,14.5,6.54,14.6,8.97,17.7,14.7
2026-04-12 21:31:25,CD_4,14.3,6.37,14.6,9.01,17.6,14.8
2026-04-12 21:31:25,CD_4,14.5,6.54,14.6,8.96,17.9,14.7
2026-04-12 21:31:25,CD_4,14.3,6.35,14.6,8.84,17.6,14.8
2026-04-12 21:31:26,CD_4,14.5,6.44,14.6,8.45,17.6,14.9
2026-04-12 21:31:26,CD_4,14.5,6.55,14.6,8.94,17.7,14.7
2026-04-12 21:31:26,CD_4,14.3,6.56,14.6,9.14,17.8,14.7
2026-04-12 21:31:27,CD_4,14.3,6.37,14.6,8.89,17.8,14.8
2026-04-12 21:31:27,CD_4,14.5,6.27,14.6,8.59,17.6,14.8
2026-04-12 21:31:27,CD_4,14.5,6.29,14.7,8.58,17.7,14.9
2026-04-12 21:31:28,CD_4,14.5,6.44,14.6,8.91,17.6,14.7
2026-04-12 21:31:28,CD_4,14.4,6.32,14.6,8.76,17.6,14.8
2026-04-12 21:31:29,CD_4,14.4,6.36,14.6,8.79,17.7,14.9
2026-04-12 21:31:29,CD_4,14.5,6.49,14.6,8.64,17.7,14.9
2026-04-12 21:31:29,CD_4,14.5,6.48,14.6,8.91,17.6,14.8
2026-04-12 21:31:30,CD_4,14.4,6.51,14.6,9.04,17.9,14.7
2026-04-12 21:31:30,CD_4,14.4,6.53,14.6,9.28,17.7,14.7
2026-04-12 21:31:30,CD_4,14.3,6.57,14.6,9.4,17.8,14.7
2026-04-12 21:31:31,CD_4,14.3,6.38,14.6,8.92,17.4,14.8
2026-04-12 21:31:31,CD_4,14.4,6.54,14.6,8.8,17.7,14.8
2026-04-12 21:31:31,CD_4,14.4,6.44,14.6,8.63,17.8,14.8
2026-04-12 21:31:32,CD_4,14.5,6.47,14.6,8.97,17.8,14.7
2026-04-12 21:31:32,CD_4,14.4,6.53,14.6,9.15,17.7,14.7
2026-04-12 21:31:32,CD_4,14.3,6.59,14.5,8.99,17.7,14.6
2026-04-12 21:31:33,CD_4,14.3,6.55,14.5,9.24,17.5,14.6
2026-04-12 21:31:33,CD_4,14.3,6.52,14.5,8.88,17.4,14.7
2026-04-12 21:31:34,CD_4,14.4,6.61,14.5,9.16,17.6,14.6
2026-04-12 21:31:34,CD_4,14.3,6.57,14.5,9.26,17.7,14.6
2026-04-12 21:31:34,CD_4,14.3,6.51,14.5,8.92,17.7,14.7
2026-04-12 21:31:35,CD_4,14.3,6.59,14.5,9.22,17.7,14.6
2026-04-12 21:31:35,CD_4,14.3,6.65,14.5,9.25,17.7,14.6
2026-04-12 21:31:35,CD_4,14.3,6.68,14.5,9.18,17.7,14.7
2026-04-12 21:31:36,CD_4,14.3,6.65,14.5,9.34,17.7,14.6
2026-04-12 21:31:36,CD_4,14.3,6.65,14.5,9.45,17.6,14.6
2026-04-12 21:31:36,CD_4,14.3,6.43,14.5,9.0,17.8,14.7
2026-04-12 21:31:37,CD_4,14.4,6.61,14.5,9.16,17.7,14.6
2026-04-12 21:31:37,CD_4,14.3,6.45,14.5,8.97,17.6,14.8
2026-04-12 21:31:37,CD_4,14.4,6.58,14.5,8.74,17.7,14.8
2026-04-12 21:31:38,CD_4,14.5,6.55,14.6,8.85,17.8,14.7
2026-04-12 21:31:38,CD_4,14.3,6.38,14.6,8.65,17.4,14.7
2026-04-12 21:31:39,CD_4,14.4,6.46,14.6,8.66,17.8,14.8
2026-04-12 21:31:39,CD_4,14.4,6.53,14.6,9.07,17.5,14.7
2026-04-12 21:31:39,CD_4,14.3,6.55,14.5,9.01,17.7,14.7
2026-04-12 21:31:40,CD_4,14.3,6.65,14.6,9.32,17.7,14.7
2026-04-12 21:31:40,CD_4,14.3,6.37,14.6,8.83,17.8,14.8
2026-04-12 21:31:40,CD_4,14.4,6.57,14.6,9.24,17.6,14.7
2026-04-12 21:31:41,CD_4,14.3,6.62,14.6,9.3,17.8,14.6
2026-04-12 21:31:41,CD_4,14.3,6.52,14.6,8.93,17.7,14.8
2026-04-12 21:31:41,CD_4,14.4,6.42,14.6,8.83,17.8,14.7
2026-04-12 21:31:42,CD_4,14.4,6.55,14.6,9.12,17.7,14.7
2026-04-12 21:31:42,CD_4,14.3,6.33,14.6,8.8,17.6,14.8
2026-04-12 21:31:42,CD_4,14.4,6.54,14.5,9.06,17.7,14.7
2026-04-12 21:31:43,CD_4,14.3,6.64,14.6,9.18,17.8,14.7
2026-04-12 21:31:43,CD_4,14.3,6.62,14.6,9.34,17.7,14.6
2026-04-12 21:31:44,CD_4,14.3,6.64,14.6,9.22,17.7,14.6
2026-04-12 21:31:44,CD_4,14.3,6.62,14.6,9.27,17.5,14.6
2026-04-12 21:31:44,CD_4,14.3,6.54,14.6,8.9,17.6,14.7
2026-04-12 21:31:45,CD_4,14.4,6.54,14.6,8.76,17.6,14.8
2026-04-12 21:31:45,CD_4,14.4,6.44,14.6,8.55,17.8,14.8
2026-04-12 21:31:45,CD_4,14.4,6.55,14.6,8.95,17.6,14.7
2026-04-12 21:31:46,CD_4,14.4,6.57,14.6,9.13,17.7,14.7
2026-04-12 21:31:46,CD_4,14.3,6.45,14.6,8.86,17.6,14.8
2026-04-12 21:31:46,CD_4,14.4,6.53,14.6,8.57,17.8,14.8
2026-04-12 21:31:47,CD_4,14.5,6.51,14.6,8.91,17.7,14.7
2026-04-12 21:31:47,CD_4,14.4,6.43,14.6,8.66,17.5,14.8
2026-04-12 21:31:48,CD_4,14.5,6.53,14.6,8.94,17.6,14.7
2026-04-12 21:31:48,CD_4,14.3,6.38,14.6,8.8,17.6,14.7
2026-04-12 21:31:48,CD_4,14.4,6.33,14.6,8.77,17.9,14.8
2026-04-12 21:31:49,CD_4,14.5,6.61,14.5,9.13,17.7,14.7
2026-04-12 21:31:49,CD_4,14.3,6.29,14.6,8.81,17.8,14.8
2026-04-12 21:31:49,CD_4,14.4,6.58,14.6,9.06,17.7,14.7
2026-04-12 21:31:50,CD_4,14.3,6.6,14.5,9.13,17.8,14.7
2026-04-12 21:31:50,CD_4,14.3,6.66,14.6,9.1,17.8,14.7
2026-04-12 21:31:50,CD_4,14.4,6.5,14.6,8.71,17.8,14.8
2026-04-12 21:31:51,CD_4,14.5,6.51,14.6,8.85,17.6,14.7
2026-04-12 21:31:51,CD_4,14.4,6.48,14.6,8.73,17.7,14.8
2026-04-12 21:31:52,CD_4,14.4,6.54,14.6,9.08,17.7,14.7
2026-04-12 21:31:52,CD_4,14.3,6.46,14.5,8.72,17.6,14.8
2026-04-12 21:31:52,CD_4,14.4,6.55,14.6,9.03,17.7,14.7
2026-04-12 21:31:53,CD_4,14.3,6.61,14.6,9.11,17.8,14.7
2026-04-12 21:31:53,CD_4,14.3,6.37,14.6,8.9,17.7,14.8
2026-04-12 21:31:53,CD_4,14.4,6.42,14.6,8.67,17.2,14.8
2026-04-12 21:31:54,CD_4,14.4,6.28,14.6,8.64,17.7,14.8
2026-04-12 21:31:54,CD_4,14.5,6.51,14.6,8.94,17.8,14.7
2026-04-12 21:31:54,CD_4,14.4,6.33,14.6,8.69,17.7,14.8
2026-04-12 21:31:55,CD_4,14.5,6.52,14.6,8.94,17.8,14.7
2026-04-12 21:31:55,CD_4,14.4,6.57,14.6,9.13,17.8,14.6
2026-04-12 21:31:55,CD_4,14.3,6.34,14.6,8.81,17.7,14.7
2026-04-12 21:31:56,CD_4,14.3,6.65,14.5,9.13,17.7,14.7
2026-04-12 21:31:56,CD_4,14.3,6.4,14.6,8.7,17.5,14.7
2026-04-12 21:31:57,CD_4,14.4,6.5,14.6,8.73,17.6,14.8
2026-04-12 21:31:57,CD_4,14.5,6.49,14.6,8.82,17.6,14.7
2026-04-12 21:31:57,CD_4,14.4,6.57,14.6,9.14,17.8,14.7
2026-04-12 21:31:58,CD_4,14.3,6.62,14.6,9.34,17.7,14.7
2026-04-12 21:31:58,CD_4,14.3,6.29,14.6,8.89,17.8,14.8
2026-04-12 21:31:58,CD_4,14.4,6.53,14.6,9.17,17.7,14.7
2026-04-12 21:31:59,CD_4,14.3,6.39,14.6,8.84,17.6,14.8
2026-04-12 21:31:59,CD_4,14.4,6.52,14.6,8.63,17.8,14.8
2026-04-12 21:31:59,CD_4,14.5,6.54,14.6,8.95,17.8,14.7
2026-04-12 21:32:00,CD_4,14.4,6.55,14.6,9.15,17.7,14.7
2026-04-12 21:32:00,CD_4,14.3,6.41,14.5,8.88,17.6,14.8
2026-04-12 21:32:00,CD_4,14.4,6.56,14.6,8.87,17.8,14.7
2026-04-12 21:32:01,CD_4,14.3,6.61,14.5,9.2,17.5,14.6
2026-04-12 21:32:01,CD_4,14.3,6.64,14.6,9.23,17.8,14.7
2026-04-12 21:32:01,CD_4,14.3,6.66,14.5,9.29,17.5,14.6
2026-04-12 21:32:02,CD_4,14.3,6.56,14.6,8.86,17.5,14.7
2026-04-12 21:32:02,CD_4,14.4,6.53,14.5,8.73,17.6,14.7
2026-04-12 21:32:03,CD_4,14.4,6.46,14.6,8.6,17.8,14.8
2026-04-12 21:32:03,CD_4,14.5,6.52,14.6,8.85,17.7,14.7
2026-04-12 21:32:03,CD_4,14.3,6.38,14.6,8.76,17.4,14.8
2026-04-12 21:32:04,CD_4,14.4,6.55,14.6,9.07,17.7,14.7
2026-04-12 21:32:04,CD_4,14.3,6.4,14.6,8.82,17.5,14.8
2026-04-12 21:32:04,CD_4,14.4,6.57,14.5,8.83,17.8,14.7
2026-04-12 21:32:05,CD_4,14.4,6.63,14.6,9.32,17.7,14.6
2026-04-12 21:32:05,CD_4,14.3,6.39,14.6,8.87,17.8,14.8
2026-04-12 21:32:05,CD_4,14.4,6.41,14.6,8.76,17.8,14.8
2026-04-12 21:32:06,CD_4,14.4,6.49,14.6,8.94,17.7,14.7
2026-04-12 21:32:06,CD_4,14.3,6.6,14.6,9.07,17.7,14.7
2026-04-12 21:32:07,CD_4,14.3,6.45,14.6,8.72,17.6,14.8
2026-04-12 21:32:07,CD_4,14.4,6.38,14.6,8.71,17.7,14.8
2026-04-12 21:32:07,CD_4,14.5,6.49,14.6,8.56,17.8,14.8
2026-04-12 21:32:08,CD_4,14.4,6.46,14.6,8.41,17.6,14.8
2026-04-12 21:32:08,CD_4,14.5,6.39,14.6,8.46,17.8,14.8
2026-04-12 21:32:08,CD_4,14.4,6.52,14.6,8.88,17.7,14.7
2026-04-12 21:32:09,CD_4,14.4,6.6,14.6,9.12,17.6,14.7
2026-04-12 21:32:09,CD_4,14.3,6.63,14.6,9.12,17.7,14.7
2026-04-12 21:32:09,CD_4,14.3,6.62,14.6,9.31,17.6,14.7
2026-04-12 21:32:10,CD_4,14.3,6.66,14.5,9.35,17.7,14.6
2026-04-12 21:32:10,CD_4,14.3,6.47,14.6,8.96,17.6,14.7
2026-04-12 21:32:10,CD_4,14.4,6.58,14.6,9.06,17.7,14.7
2026-04-12 21:32:11,CD_4,14.3,6.61,14.5,9.33,17.8,14.7
2026-04-12 21:32:11,CD_4,14.3,6.63,14.6,9.41,17.8,14.6
2026-04-12 21:32:12,CD_4,14.3,6.37,14.6,9.04,17.7,14.8
2026-04-12 21:32:12,CD_4,14.4,6.58,14.6,9.17,17.6,14.7
2026-04-12 21:32:12,CD_4,14.3,6.65,14.5,9.46,17.6,14.6
2026-04-12 21:32:13,CD_4,14.3,6.27,14.6,8.95,17.8,14.8
2026-04-12 21:32:13,CD_4,14.4,6.55,14.6,8.6,17.5,14.7
2026-04-12 21:32:13,CD_4,14.4,6.49,14.6,8.6,17.5,14.8
2026-04-12 21:32:14,CD_4,14.5,6.53,14.6,8.88,17.7,14.7
2026-04-12 21:32:14,CD_4,14.3,6.61,14.6,9.18,17.7,14.7
2026-04-12 21:32:14,CD_4,14.3,6.41,14.6,8.88,17.7,14.8
2026-04-12 21:32:15,CD_4,14.4,6.51,14.6,8.65,17.7,14.8
2026-04-12 21:32:15,CD_4,14.5,6.51,14.6,8.48,17.7,14.8
2026-04-12 21:32:15,CD_4,14.5,6.48,14.6,8.23,17.5,14.8
2026-04-12 21:32:16,CD_4,14.4,6.49,14.6,8.8,17.6,14.7
2026-04-12 21:32:16,CD_4,14.4,6.57,14.6,9.24,17.8,14.7
2026-04-12 21:32:17,CD_4,14.3,6.62,14.6,9.26,17.7,14.7
2026-04-12 21:32:17,CD_4,14.3,6.67,14.6,9.42,17.6,14.6
2026-04-12 21:32:17,CD_4,14.3,6.48,14.6,8.98,17.8,14.8
2026-04-12 21:32:18,CD_4,14.4,6.51,14.6,8.73,17.6,14.8
2026-04-12 21:32:18,CD_4,14.4,6.47,14.6,8.58,17.5,14.8
2026-04-12 21:32:18,CD_4,14.5,6.47,14.6,8.44,17.5,14.7
2026-04-12 21:32:19,CD_4,14.4,6.51,14.6,8.84,17.6,14.7
2026-04-12 21:32:19,CD_4,14.4,6.51,14.6,8.68,17.5,14.7
2026-04-12 21:32:19,CD_4,14.4,6.47,14.6,8.75,17.5,14.7
2026-04-12 21:32:20,CD_4,14.4,6.5,14.6,8.74,17.6,14.8
2026-04-12 21:32:20,CD_4,14.4,6.53,14.6,8.79,17.8,14.7
2026-04-12 21:32:21,CD_4,14.3,6.5,14.6,8.71,17.5,14.8
2026-04-12 21:32:21,CD_4,14.5,6.48,14.6,8.98,17.8,14.7
2026-04-12 21:32:21,CD_4,14.4,6.4,14.6,8.79,17.5,14.8
2026-04-12 21:32:22,CD_4,14.5,6.53,14.6,8.74,17.7,14.7
2026-04-12 21:32:22,CD_4,14.3,6.58,14.6,9.14,17.7,14.7
