Timestamp,Label,V_AB,V_AD,V_BC,V_CD,V_AC,V_BD
2026-04-20 00:13:55,AB_1,5.01,13.1,6.35,8.3,9.57,8.47
2026-04-20 00:13:55,AB_1,7.01,12.9,6.4,8.26,9.94,8.5
2026-04-20 00:13:56,AB_1,7.15,13.0,6.4,8.25,10.23,8.45
2026-04-20 00:13:56,AB_1,7.28,12.77,6.35,8.23,10.19,8.47
2026-04-20 00:13:56,AB_1,7.35,12.66,6.55,8.24,10.62,8.48
2026-04-20 00:13:57,AB_1,7.25,12.77,6.47,8.22,10.64,8.56
2026-04-20 00:13:57,AB_1,7.41,12.73,6.36,8.25,10.69,8.48
2026-04-20 00:13:58,AB_1,7.16,12.76,6.36,8.27,10.75,8.44
2026-04-20 00:13:58,AB_1,7.3,12.8,6.37,8.21,10.85,8.47
2026-04-20 00:13:58,AB_1,7.24,12.9,6.46,8.22,10.9,8.53
2026-04-20 00:13:59,AB_1,7.56,12.8,6.36,8.28,11.01,8.53
2026-04-20 00:13:59,AB_1,7.39,12.64,6.74,8.31,10.85,8.56
2026-04-20 00:14:00,AB_1,7.38,12.74,6.49,8.23,10.96,8.55
2026-04-20 00:14:00,AB_1,7.27,12.68,6.4,8.41,11.11,8.48
2026-04-20 00:14:00,AB_1,7.25,12.61,6.56,8.58,11.39,8.59
2026-04-20 00:14:01,AB_1,7.26,12.59,6.35,7.99,10.66,8.4
2026-04-20 00:14:01,AB_1,7.28,13.1,6.48,8.34,11.26,8.56
2026-04-20 00:14:02,AB_1,7.22,12.37,6.47,8.88,11.49,8.56
2026-04-20 00:14:02,AB_1,7.17,12.49,6.41,8.39,11.25,8.57
2026-04-20 00:14:02,AB_1,7.53,13.1,6.29,8.09,11.14,8.35
2026-04-20 00:14:03,AB_1,7.29,12.58,6.44,8.73,11.62,8.61
2026-04-20 00:14:03,AB_1,7.35,12.57,6.34,8.14,10.98,8.12
2026-04-20 00:14:04,AB_1,7.07,13.0,6.41,8.17,10.86,8.71
2026-04-20 00:14:04,AB_1,7.49,12.51,6.36,8.49,11.33,8.38
2026-04-20 00:14:04,AB_1,7.27,12.66,6.45,8.6,11.41,8.66
2026-04-20 00:14:05,AB_1,7.46,12.8,6.45,8.09,10.99,8.17
2026-04-20 00:14:05,AB_1,7.12,12.65,6.38,8.37,11.21,8.62
2026-04-20 00:14:06,AB_1,7.24,12.65,6.47,8.22,10.98,8.38
2026-04-20 00:14:06,AB_1,5.91,12.68,6.63,8.57,11.42,8.54
2026-04-20 00:14:06,AB_1,7.38,12.26,6.48,8.66,11.35,8.49
2026-04-20 00:14:07,AB_1,7.32,12.8,6.25,7.81,10.85,8.43
2026-04-20 00:14:07,AB_1,7.46,13.0,6.34,8.44,11.33,8.61
2026-04-20 00:14:08,AB_1,7.44,12.49,6.57,8.75,11.33,8.49
2026-04-20 00:14:08,AB_1,7.53,12.67,6.31,8.18,11.42,8.41
2026-04-20 00:14:08,AB_1,7.47,12.7,6.29,8.04,11.19,8.6
2026-04-20 00:14:09,AB_1,7.41,12.9,6.41,8.39,11.23,8.46
2026-04-20 00:14:09,AB_1,7.48,12.51,6.37,8.29,11.25,8.62
2026-04-20 00:14:10,AB_1,7.69,13.3,6.32,7.88,11.23,8.44
2026-04-20 00:14:10,AB_1,7.29,12.71,6.32,8.58,11.62,8.52
2026-04-20 00:14:10,AB_1,7.18,12.64,6.52,8.36,11.46,8.51
2026-04-20 00:14:11,AB_1,7.32,13.1,6.71,8.3,11.64,8.42
2026-04-20 00:14:11,AB_1,7.39,12.63,6.38,8.76,11.48,8.46
2026-04-20 00:14:12,AB_1,7.1,12.27,6.35,8.34,11.44,8.56
2026-04-20 00:14:12,AB_1,7.41,13.2,6.42,7.94,11.44,8.33
2026-04-20 00:14:12,AB_1,7.25,12.54,6.41,8.82,11.89,8.57
2026-04-20 00:14:13,AB_1,7.24,12.39,6.51,8.51,11.53,8.44
2026-04-20 00:14:13,AB_1,7.22,13.0,6.39,8.25,11.56,8.46
2026-04-20 00:14:14,AB_1,7.33,12.69,6.4,8.51,11.44,8.62
2026-04-20 00:14:14,AB_1,7.35,12.67,6.43,8.43,11.59,8.57
2026-04-20 00:14:14,AB_1,7.49,13.0,6.39,8.26,11.13,8.43
2026-04-20 00:14:15,AB_1,7.28,12.67,6.33,8.38,11.46,8.53
2026-04-20 00:14:15,AB_1,7.33,12.54,6.55,8.45,11.29,8.41
2026-04-20 00:14:15,AB_1,7.42,12.8,6.42,8.38,11.31,8.55
2026-04-20 00:14:16,AB_1,7.61,12.75,6.33,8.18,11.39,8.38
2026-04-20 00:14:16,AB_1,7.2,12.72,6.39,8.49,11.28,8.61
2026-04-20 00:14:17,AB_1,7.47,12.35,6.36,8.34,11.21,8.48
2026-04-20 00:14:17,AB_1,7.56,12.8,6.38,8.32,11.74,8.52
2026-04-20 00:14:17,AB_1,7.38,12.72,6.54,8.57,11.79,8.55
2026-04-20 00:14:18,AB_1,7.21,12.61,6.37,8.48,11.7,8.53
2026-04-20 00:14:18,AB_1,7.39,12.9,6.35,8.15,11.34,8.48
2026-04-20 00:14:19,AB_1,7.47,12.8,6.49,8.6,11.75,8.65
2026-04-20 00:14:19,AB_1,7.35,12.56,6.4,8.42,11.79,8.5
2026-04-20 00:14:19,AB_1,7.23,12.9,6.32,8.25,11.62,8.54
2026-04-20 00:14:20,AB_1,7.4,12.63,6.59,8.45,11.56,8.57
2026-04-20 00:14:20,AB_1,7.44,12.72,6.45,8.48,11.77,8.55
2026-04-20 00:14:21,AB_1,7.24,12.7,6.38,8.34,11.67,8.56
2026-04-20 00:14:21,AB_1,7.34,12.9,6.36,8.36,11.71,8.59
2026-04-20 00:14:21,AB_1,7.32,12.6,6.41,8.45,11.76,8.54
2026-04-20 00:14:22,AB_1,7.41,12.77,6.43,8.37,11.79,8.45
2026-04-20 00:14:22,AB_1,7.35,12.74,6.35,8.28,11.53,8.44
2026-04-20 00:14:23,AB_1,7.47,12.8,6.31,8.4,11.6,8.57
2026-04-20 00:14:23,AB_1,7.38,12.67,6.63,8.4,11.16,8.52
2026-04-20 00:14:23,AB_1,7.45,12.77,6.33,8.31,11.65,8.53
2026-04-20 00:14:24,AB_1,7.51,12.63,6.28,8.3,11.4,8.53
2026-04-20 00:14:24,AB_1,7.25,12.61,6.33,8.3,11.33,8.45
2026-04-20 00:14:25,AB_1,7.2,12.69,6.36,8.23,11.3,8.39
2026-04-20 00:14:25,AB_1,7.41,12.64,6.36,8.47,11.75,8.51
2026-04-20 00:14:25,AB_1,7.41,12.8,6.36,8.35,11.55,8.39
2026-04-20 00:14:26,AB_1,7.23,12.8,6.34,8.34,11.52,8.49
2026-04-20 00:14:26,AB_1,7.46,13.1,6.35,8.23,11.17,8.48
2026-04-20 00:14:27,AB_1,7.33,12.62,6.35,8.36,11.36,8.56
2026-04-20 00:14:27,AB_1,7.41,13.0,6.37,8.34,11.52,8.52
2026-04-20 00:14:27,AB_1,7.19,12.74,6.26,8.3,11.27,8.54
2026-04-20 00:14:28,AB_1,7.32,12.8,6.38,8.12,11.36,8.44
2026-04-20 00:14:28,AB_1,7.18,12.74,6.42,8.35,11.44,8.63
2026-04-20 00:14:29,AB_1,7.45,12.8,6.35,8.16,11.21,8.35
2026-04-20 00:14:29,AB_1,7.34,12.7,6.45,8.35,11.46,8.66
2026-04-20 00:14:29,AB_1,7.66,12.77,6.36,8.22,11.36,8.41
2026-04-20 00:14:30,AB_1,7.42,12.9,6.47,8.45,11.52,8.88
2026-04-20 00:14:30,AB_1,7.53,12.53,6.27,8.18,11.76,8.42
2026-04-20 00:14:31,AB_1,7.4,12.8,6.23,8.21,11.51,8.53
2026-04-20 00:14:31,AB_1,7.47,12.8,6.64,8.44,11.74,8.5
2026-04-20 00:14:31,AB_1,7.5,12.8,6.17,8.07,11.51,8.22
2026-04-20 00:14:32,AB_1,7.14,12.76,6.37,8.5,11.6,8.7
2026-04-20 00:14:32,AB_1,7.26,12.47,6.58,8.66,11.66,8.55
2026-04-20 00:14:33,AB_1,7.2,12.9,6.6,8.58,11.81,8.63
2026-04-20 00:14:33,AB_1,7.42,12.53,6.34,8.44,11.88,8.51
2026-04-20 00:14:33,AB_1,7.24,13.1,6.62,8.12,11.57,8.49
2026-04-20 00:14:34,AB_1,7.3,13.0,6.4,8.39,11.79,8.53
2026-04-20 00:14:34,AB_1,7.46,12.9,6.33,8.36,11.8,8.46
2026-04-20 00:14:35,AB_1,7.11,12.9,6.33,8.44,11.88,8.46
2026-04-20 00:14:35,AB_1,7.34,12.8,6.33,8.5,11.79,8.44
2026-04-20 00:14:35,AB_1,7.23,12.49,6.37,8.63,11.92,8.47
2026-04-20 00:14:36,AB_1,7.21,12.62,6.81,8.77,11.99,8.45
2026-04-20 00:14:36,AB_1,7.26,12.62,6.32,8.6,11.72,8.38
2026-04-20 00:14:37,AB_1,7.12,12.44,6.38,8.56,11.83,8.46
2026-04-20 00:14:37,AB_1,7.15,12.61,6.44,8.61,11.88,8.43
2026-04-20 00:14:37,AB_1,7.25,12.65,6.45,8.72,11.47,8.34
2026-04-20 00:14:38,AB_1,7.23,12.42,6.43,8.62,11.56,8.39
2026-04-20 00:14:38,AB_1,7.16,12.53,6.36,8.62,11.9,8.41
2026-04-20 00:14:39,AB_1,7.2,12.57,6.4,8.62,12.0,8.44
2026-04-20 00:14:39,AB_1,7.16,12.39,6.41,8.61,11.77,8.45
2026-04-20 00:14:39,AB_1,7.14,12.64,6.39,8.6,11.79,8.37
2026-04-20 00:14:40,AB_1,7.22,12.48,6.38,8.62,11.63,8.4
2026-04-20 00:14:40,AB_1,7.17,12.62,6.38,8.63,11.68,8.45
2026-04-20 00:14:41,AB_1,7.21,12.38,6.51,8.62,11.7,8.41
2026-04-20 00:14:41,AB_1,7.25,12.46,6.4,8.6,11.73,8.45
2026-04-20 00:14:41,AB_1,7.26,12.7,6.39,8.64,11.82,8.44
2026-04-20 00:14:42,AB_1,7.18,12.41,6.37,8.57,11.78,8.42
2026-04-20 00:14:42,AB_1,7.33,12.48,6.3,8.6,12.17,8.41
2026-04-20 00:14:43,AB_1,7.2,12.62,6.38,8.61,12.1,8.44
2026-04-20 00:14:43,AB_1,7.37,12.68,6.36,8.62,11.77,8.56
2026-04-20 00:14:43,AB_1,7.26,12.8,6.44,8.63,11.61,8.46
2026-04-20 00:14:44,AB_1,7.22,12.66,6.43,8.57,11.95,8.42
2026-04-20 00:14:44,AB_1,7.11,12.5,6.44,8.59,12.03,8.4
2026-04-20 00:14:45,AB_1,7.12,12.71,6.4,8.55,11.85,8.43
2026-04-20 00:14:45,AB_1,7.19,12.45,6.38,8.67,11.93,8.42
2026-04-20 00:14:45,AB_1,7.03,12.64,6.39,8.57,12.04,8.41
2026-04-20 00:14:46,AB_1,7.25,12.7,6.37,8.62,12.11,8.43
2026-04-20 00:14:46,AB_1,7.33,12.72,6.43,8.6,11.91,8.47
2026-04-20 00:14:46,AB_1,7.23,12.62,6.58,8.6,11.99,8.44
2026-04-20 00:14:47,AB_1,7.2,12.65,6.67,8.67,12.0,8.38
2026-04-20 00:14:47,AB_1,7.23,12.51,6.36,8.71,11.73,8.38
2026-04-20 00:14:48,AB_1,7.24,12.52,6.44,8.74,11.68,8.48
2026-04-20 00:14:48,AB_1,7.19,12.57,6.44,8.61,11.61,8.38
2026-04-20 00:14:48,AB_1,7.2,12.67,6.34,8.71,11.9,8.35
2026-04-20 00:14:49,AB_1,7.17,12.38,6.45,8.57,11.79,8.38
2026-04-20 00:14:49,AB_1,7.2,12.68,6.33,8.61,11.82,8.46
2026-04-20 00:14:50,AB_1,7.17,12.46,6.34,8.59,12.16,8.42
2026-04-20 00:14:50,AB_1,7.18,12.37,6.41,8.62,11.98,8.38
2026-04-20 00:14:50,AB_1,6.49,12.54,6.33,8.6,12.06,8.35
2026-04-20 00:14:51,AB_1,7.11,12.58,6.45,8.63,11.66,8.43
2026-04-20 00:14:51,AB_1,7.17,12.57,6.44,8.61,12.01,8.55
2026-04-20 00:14:52,AB_1,7.24,12.49,6.52,8.59,11.93,8.43
2026-04-20 00:14:52,AB_1,7.41,12.59,6.35,8.67,11.78,8.39
2026-04-20 00:14:52,AB_1,7.48,12.69,6.37,8.6,11.73,8.44
2026-04-20 00:14:53,AB_1,7.33,12.49,6.48,8.16,11.72,8.35
2026-04-20 00:14:53,AB_1,7.44,13.0,6.35,8.45,11.97,8.58
2026-04-20 00:14:54,AB_1,7.42,12.36,6.42,8.84,11.99,8.37
2026-04-20 00:14:54,AB_1,7.19,12.39,6.38,8.66,12.14,8.35
2026-04-20 00:14:54,AB_1,7.09,12.4,6.48,9.16,12.05,8.44
2026-04-20 00:14:55,AB_1,7.13,12.39,5.98,8.14,11.11,8.06
2026-04-20 00:14:55,AB_1,7.06,12.9,6.92,9.04,12.07,9.73
2026-04-20 00:14:56,AB_1,7.94,11.9,6.13,8.53,11.82,7.44
2026-04-20 00:14:56,AB_1,6.4,12.69,6.86,8.84,11.67,9.61
2026-04-20 00:14:56,AB_1,7.84,12.36,6.44,8.22,11.75,7.52
2026-04-20 00:14:57,AB_1,6.74,12.8,6.44,9.05,12.39,9.41
2026-04-20 00:14:57,AB_1,7.61,13.0,6.38,7.81,11.47,7.49
2026-04-20 00:14:58,AB_1,6.77,12.59,6.42,9.46,12.44,9.51
2026-04-20 00:14:58,AB_1,7.72,12.47,6.25,7.92,11.39,7.73
2026-04-20 00:14:58,AB_1,6.98,13.0,6.43,9.21,12.49,8.87
2026-04-20 00:14:59,AB_1,7.23,12.27,5.95,7.98,11.29,7.92
2026-04-20 00:14:59,AB_1,6.91,13.1,6.97,8.75,12.2,9.1
2026-04-20 00:15:00,AB_1,7.77,11.82,6.15,8.63,11.61,8.13
2026-04-20 00:15:00,AB_1,6.93,13.3,6.65,8.15,11.8,9.09
2026-04-20 00:15:00,AB_1,7.56,12.1,6.4,8.83,11.48,8.3
2026-04-20 00:15:01,AB_1,6.99,12.9,6.64,8.51,11.57,8.86
2026-04-20 00:15:01,AB_1,7.61,12.8,6.14,8.26,11.55,7.75
2026-04-20 00:15:02,AB_1,6.52,12.44,6.51,8.94,12.01,9.3
2026-04-20 00:15:02,AB_1,7.88,12.9,6.53,8.21,11.42,7.52
2026-04-20 00:15:02,AB_1,6.69,11.97,6.18,9.66,12.28,8.83
2026-04-20 00:15:03,AB_1,6.76,12.2,6.55,8.53,11.52,8.1
2026-04-20 00:15:03,AB_1,7.35,12.75,6.45,9.03,11.98,8.26
2026-04-20 00:15:04,AB_1,6.71,11.5,6.32,9.71,12.25,8.54
2026-04-20 00:15:04,AB_1,7.02,12.55,6.21,7.95,11.27,7.77
2026-04-20 00:15:04,AB_1,6.79,12.5,6.35,9.55,12.76,9.14
2026-04-20 00:15:05,AB_1,7.71,12.57,5.82,7.22,10.99,7.37
2026-04-20 00:15:05,AB_1,6.75,13.2,6.55,9.01,12.19,9.47
2026-04-20 00:15:06,AB_1,7.89,11.88,6.25,8.47,11.42,7.65
2026-04-20 00:15:06,AB_1,6.65,13.4,6.83,8.37,11.95,9.15
2026-04-20 00:15:06,AB_1,7.78,12.34,6.48,8.51,11.3,8.14
2026-04-20 00:15:07,AB_1,7.44,12.9,7.0,8.43,11.83,8.84
2026-04-20 00:15:07,AB_1,7.84,12.49,6.17,8.45,11.67,8.25
2026-04-20 00:15:07,AB_1,7.09,13.2,6.42,8.15,11.73,8.61
2026-04-20 00:15:08,AB_1,7.38,12.65,6.24,8.6,12.09,8.52
2026-04-20 00:15:08,AB_1,7.13,13.2,6.38,8.12,11.87,8.32
2026-04-20 00:15:09,AB_1,7.39,12.44,6.33,8.81,12.25,8.73
2026-04-20 00:15:09,AB_1,7.41,13.0,6.27,8.01,11.6,8.13
2026-04-20 00:15:09,AB_1,7.07,12.65,6.51,8.85,12.22,8.8
2026-04-20 00:15:10,AB_1,7.47,12.9,6.45,8.24,11.69,7.99
2026-04-20 00:15:10,AB_1,6.95,12.62,6.35,8.62,12.12,8.87
2026-04-20 00:15:11,AB_1,7.49,12.58,6.46,8.48,11.65,8.34
2026-04-20 00:15:11,AB_1,7.19,12.9,6.46,8.64,11.99,8.74
2026-04-20 00:15:11,AB_1,7.51,12.8,6.27,8.37,11.96,8.41
2026-04-20 00:15:12,AB_1,7.18,12.8,6.45,8.54,11.99,8.64
2026-04-20 00:15:12,AB_1,7.53,12.9,6.29,8.27,11.67,8.2
2026-04-20 00:15:13,AB_1,7.17,12.77,6.43,8.56,11.53,8.56
2026-04-20 00:15:13,AB_1,7.22,12.8,6.47,8.43,11.85,8.45
2026-04-20 00:15:13,AB_1,7.46,12.8,6.38,8.61,11.65,8.5
2026-04-20 00:15:14,AB_1,7.5,12.9,6.16,8.07,11.53,8.18
2026-04-20 00:15:25,AB_2,6.31,13.7,7.51,10.23,13.6,8.18
2026-04-20 00:15:25,AB_2,6.12,13.3,7.51,9.93,12.9,8.08
2026-04-20 00:15:26,AB_2,6.12,13.3,7.58,10.22,12.8,8.32
2026-04-20 00:15:26,AB_2,6.34,13.1,7.67,10.16,12.12,8.25
2026-04-20 00:15:26,AB_2,6.46,13.3,7.96,10.27,12.58,8.46
2026-04-20 00:15:27,AB_2,6.25,13.0,7.81,10.13,12.56,8.25
2026-04-20 00:15:27,AB_2,6.27,13.1,7.55,10.23,12.58,8.39
2026-04-20 00:15:28,AB_2,6.19,12.9,7.67,10.33,12.9,8.51
2026-04-20 00:15:28,AB_2,6.23,12.9,7.7,10.02,12.71,8.43
2026-04-20 00:15:28,AB_2,6.12,12.9,7.77,10.43,13.1,8.59
2026-04-20 00:15:29,AB_2,6.26,12.8,7.78,9.97,12.6,8.29
2026-04-20 00:15:29,AB_2,6.18,12.42,7.47,10.51,13.0,8.52
2026-04-20 00:15:30,AB_2,6.18,12.6,7.82,10.12,12.9,8.56
2026-04-20 00:15:30,AB_2,6.28,12.43,7.76,10.08,13.0,8.45
2026-04-20 00:15:30,AB_2,6.14,12.38,7.66,10.29,12.9,8.54
2026-04-20 00:15:31,AB_2,6.18,12.54,7.82,10.07,12.73,8.46
2026-04-20 00:15:31,AB_2,6.16,12.18,7.64,10.37,13.0,8.43
2026-04-20 00:15:32,AB_2,6.15,12.52,7.7,10.08,13.0,8.46
2026-04-20 00:15:32,AB_2,6.19,12.24,7.55,10.15,12.72,8.46
2026-04-20 00:15:32,AB_2,6.21,12.36,7.71,10.1,12.9,8.45
2026-04-20 00:15:33,AB_2,6.25,11.93,7.09,10.09,12.8,8.22
2026-04-20 00:15:33,AB_2,6.21,12.6,7.73,10.23,13.0,8.79
2026-04-20 00:15:34,AB_2,6.48,11.95,7.45,10.09,12.75,8.42
2026-04-20 00:15:34,AB_2,6.15,12.41,7.79,10.17,12.9,8.77
2026-04-20 00:15:34,AB_2,6.33,12.1,7.73,9.95,12.72,8.38
2026-04-20 00:15:35,AB_2,6.32,12.36,7.53,10.23,13.0,8.46
2026-04-20 00:15:35,AB_2,6.12,12.07,7.56,10.22,12.8,8.44
2026-04-20 00:15:36,AB_2,6.15,12.16,7.67,10.09,12.8,8.52
2026-04-20 00:15:36,AB_2,6.11,12.03,8.17,10.18,12.63,8.47
2026-04-20 00:15:36,AB_2,6.18,12.02,7.56,10.12,12.26,8.48
2026-04-20 00:15:37,AB_2,6.1,12.18,7.64,10.2,12.59,8.49
2026-04-20 00:15:37,AB_2,6.12,11.96,7.55,10.26,13.1,8.47
2026-04-20 00:15:38,AB_2,6.17,12.0,7.59,10.14,12.77,8.5
2026-04-20 00:15:38,AB_2,6.13,11.97,7.45,10.22,12.64,8.4
2026-04-20 00:15:38,AB_2,6.2,12.07,7.69,10.03,12.8,8.58
2026-04-20 00:15:39,AB_2,6.19,12.02,7.42,10.31,12.77,8.51
2026-04-20 00:15:39,AB_2,6.29,12.15,7.54,10.2,13.1,8.49
2026-04-20 00:15:40,AB_2,6.21,11.98,7.51,10.24,12.8,8.5
2026-04-20 00:15:40,AB_2,6.16,12.09,7.55,10.08,12.9,8.5
2026-04-20 00:15:40,AB_2,6.16,11.87,7.5,10.16,12.5,8.57
2026-04-20 00:15:41,AB_2,6.13,11.99,7.51,10.14,12.52,8.52
2026-04-20 00:15:41,AB_2,6.22,12.16,7.53,10.11,12.9,8.58
2026-04-20 00:15:42,AB_2,6.17,11.8,7.59,10.14,12.49,8.53
2026-04-20 00:15:42,AB_2,6.2,12.24,7.58,10.12,13.0,8.55
2026-04-20 00:15:42,AB_2,6.23,12.15,7.58,10.17,13.1,8.53
2026-04-20 00:15:43,AB_2,6.32,12.23,7.73,10.19,13.0,8.49
2026-04-20 00:15:43,AB_2,6.18,12.19,7.77,10.16,13.0,8.57
2026-04-20 00:15:44,AB_2,6.3,12.03,7.57,10.16,12.9,8.56
2026-04-20 00:15:44,AB_2,6.17,12.21,7.53,10.21,13.0,8.54
2026-04-20 00:15:44,AB_2,6.18,12.2,7.58,10.2,13.1,8.51
2026-04-20 00:15:45,AB_2,6.18,12.21,7.55,10.17,12.59,8.58
2026-04-20 00:15:45,AB_2,6.2,11.98,7.61,10.26,13.1,8.53
2026-04-20 00:15:45,AB_2,6.29,12.2,7.51,10.14,13.1,8.53
2026-04-20 00:15:46,AB_2,6.22,12.19,7.63,10.13,13.1,8.52
2026-04-20 00:15:46,AB_2,6.17,12.21,7.56,10.22,13.1,8.59
2026-04-20 00:15:47,AB_2,6.25,12.15,7.55,10.17,12.55,8.57
2026-04-20 00:15:47,AB_2,6.15,12.24,7.55,10.18,12.74,8.55
2026-04-20 00:15:47,AB_2,6.19,12.26,7.53,10.15,13.0,8.58
2026-04-20 00:15:48,AB_2,6.41,12.17,7.53,10.24,13.2,8.56
2026-04-20 00:15:48,AB_2,6.5,11.99,7.54,10.18,12.8,8.56
2026-04-20 00:15:49,AB_2,6.21,12.08,7.5,10.16,13.1,8.54
2026-04-20 00:15:49,AB_2,6.2,12.18,7.54,10.3,13.1,8.53
2026-04-20 00:15:49,AB_2,6.23,12.2,7.53,10.23,12.6,8.54
2026-04-20 00:15:50,AB_2,6.26,11.93,7.55,10.15,13.0,8.54
2026-04-20 00:15:50,AB_2,6.14,12.15,7.51,10.14,13.2,8.52
2026-04-20 00:15:51,AB_2,6.21,12.22,7.58,10.13,13.3,8.52
2026-04-20 00:15:51,AB_2,6.23,12.03,7.55,10.21,13.3,8.62
2026-04-20 00:15:51,AB_2,6.16,11.99,7.55,10.16,13.1,8.55
2026-04-20 00:15:52,AB_2,6.2,11.99,7.57,10.17,13.1,8.52
2026-04-20 00:15:52,AB_2,6.23,12.01,7.48,10.16,12.75,8.59
2026-04-20 00:15:53,AB_2,6.17,12.17,7.7,10.16,13.3,8.56
2026-04-20 00:15:53,AB_2,6.21,12.16,7.53,10.16,13.2,8.55
2026-04-20 00:15:53,AB_2,6.43,12.17,7.45,10.26,13.1,8.52
2026-04-20 00:15:54,AB_2,6.3,12.18,7.63,10.18,13.2,8.7
2026-04-20 00:15:54,AB_2,6.25,12.25,7.53,10.18,12.63,8.54
2026-04-20 00:15:55,AB_2,6.18,11.9,7.59,10.16,12.8,8.56
2026-04-20 00:15:55,AB_2,6.28,12.21,7.53,10.23,13.1,8.53
2026-04-20 00:15:55,AB_2,6.47,12.01,7.51,10.12,13.2,8.52
2026-04-20 00:15:56,AB_2,6.3,12.17,7.55,10.15,13.3,8.61
2026-04-20 00:15:56,AB_2,6.2,12.17,7.67,10.33,13.0,8.56
2026-04-20 00:15:57,AB_2,6.14,11.94,7.66,10.15,13.1,8.54
2026-04-20 00:15:57,AB_2,6.2,12.22,7.53,10.2,12.77,8.53
2026-04-20 00:15:57,AB_2,6.17,12.18,7.65,10.13,13.2,8.64
2026-04-20 00:15:58,AB_2,6.2,11.87,7.49,10.13,12.8,8.57
2026-04-20 00:15:58,AB_2,6.16,11.85,7.56,10.22,12.8,8.49
2026-04-20 00:15:59,AB_2,6.2,11.96,7.51,10.12,12.56,8.58
2026-04-20 00:15:59,AB_2,6.36,11.92,7.52,10.2,12.18,8.55
2026-04-20 00:15:59,AB_2,6.37,12.04,7.57,10.12,12.5,8.54
2026-04-20 00:16:00,AB_2,6.35,11.99,7.53,10.13,12.61,8.54
2026-04-20 00:16:00,AB_2,6.2,11.99,7.58,10.17,12.8,8.55
2026-04-20 00:16:01,AB_2,6.19,11.95,7.55,10.18,12.77,8.54
2026-04-20 00:16:01,AB_2,6.15,11.95,7.56,10.2,12.9,8.55
2026-04-20 00:16:01,AB_2,6.23,12.02,7.54,10.12,12.9,8.51
2026-04-20 00:16:02,AB_2,6.14,11.88,7.55,10.13,12.9,8.5
2026-04-20 00:16:02,AB_2,6.13,12.1,7.5,10.14,13.0,8.59
2026-04-20 00:16:03,AB_2,6.16,12.03,7.71,10.12,13.1,8.51
2026-04-20 00:16:03,AB_2,6.3,11.95,7.48,10.13,13.1,8.49
2026-04-20 00:16:03,AB_2,6.22,11.95,7.49,10.19,12.8,8.48
2026-04-20 00:16:04,AB_2,6.19,11.86,7.56,10.12,12.73,8.61
2026-04-20 00:16:04,AB_2,6.16,11.99,7.59,10.2,12.48,8.47
2026-04-20 00:16:05,AB_2,6.18,12.08,7.55,10.18,12.62,8.56
2026-04-20 00:16:05,AB_2,6.14,12.15,7.58,10.16,13.1,8.53
2026-04-20 00:16:05,AB_2,6.49,12.01,7.58,10.18,13.0,8.58
2026-04-20 00:16:06,AB_2,6.24,12.13,7.58,10.15,13.1,8.55
2026-04-20 00:16:06,AB_2,6.15,12.0,7.59,10.19,12.65,8.52
2026-04-20 00:16:07,AB_2,6.14,12.21,7.54,10.15,13.3,8.51
2026-04-20 00:16:07,AB_2,6.18,12.18,7.69,10.16,13.2,8.61
2026-04-20 00:16:07,AB_2,6.19,12.04,7.59,10.16,13.1,8.55
2026-04-20 00:16:08,AB_2,6.2,12.17,7.52,10.22,13.2,8.53
2026-04-20 00:16:08,AB_2,6.17,12.14,7.59,10.26,13.2,8.47
2026-04-20 00:16:09,AB_2,6.21,12.18,7.52,10.17,13.0,8.61
2026-04-20 00:16:09,AB_2,6.31,12.04,7.63,10.13,12.9,8.57
2026-04-20 00:16:09,AB_2,6.21,12.19,7.47,10.2,13.2,8.54
2026-04-20 00:16:10,AB_2,6.17,12.11,7.58,10.14,13.1,8.46
2026-04-20 00:16:10,AB_2,6.18,12.04,7.49,10.16,13.1,8.51
2026-04-20 00:16:10,AB_2,6.18,11.99,7.46,10.15,12.73,8.53
2026-04-20 00:16:11,AB_2,6.14,11.94,7.51,10.19,12.8,8.55
2026-04-20 00:16:11,AB_2,6.19,11.92,7.56,10.15,12.8,8.55
2026-04-20 00:16:12,AB_2,6.25,12.02,7.51,10.25,12.8,8.48
2026-04-20 00:16:12,AB_2,6.2,11.96,7.64,10.14,13.0,8.52
2026-04-20 00:16:13,AB_2,6.23,11.89,7.53,10.22,13.0,8.5
2026-04-20 00:16:13,AB_2,6.33,11.96,7.49,10.19,13.0,8.47
2026-04-20 00:16:13,AB_2,6.3,11.84,7.54,10.14,12.9,8.39
2026-04-20 00:16:14,AB_2,6.25,12.14,7.55,10.24,12.9,8.57
2026-04-20 00:16:14,AB_2,6.12,12.02,7.61,10.13,12.76,8.55
2026-04-20 00:16:15,AB_2,6.35,12.04,7.69,10.15,13.1,8.55
2026-04-20 00:16:15,AB_2,6.18,12.05,7.57,10.1,12.55,8.56
2026-04-20 00:16:15,AB_2,6.15,12.01,7.53,10.21,12.9,8.54
2026-04-20 00:16:16,AB_2,6.21,11.97,7.56,10.2,12.9,8.52
2026-04-20 00:16:16,AB_2,6.16,11.98,7.51,10.21,13.3,8.49
2026-04-20 00:16:16,AB_2,6.42,12.17,7.62,10.16,13.2,8.53
2026-04-20 00:16:17,AB_2,6.18,12.22,7.62,10.13,13.2,8.51
2026-04-20 00:16:17,AB_2,6.23,12.16,7.49,10.15,13.2,8.48
2026-04-20 00:16:18,AB_2,6.14,12.2,7.48,10.16,13.0,8.53
2026-04-20 00:16:18,AB_2,6.35,11.99,7.55,10.2,13.2,8.51
2026-04-20 00:16:18,AB_2,6.2,12.17,7.59,10.12,13.3,8.51
2026-04-20 00:16:19,AB_2,6.2,12.21,7.61,10.13,13.2,8.5
2026-04-20 00:16:19,AB_2,6.21,12.21,7.64,10.16,13.3,8.54
2026-04-20 00:16:20,AB_2,6.59,12.13,7.52,10.14,13.3,8.5
2026-04-20 00:16:20,AB_2,6.17,12.2,7.65,10.15,13.3,8.5
2026-04-20 00:16:20,AB_2,6.32,12.16,7.44,10.16,13.0,8.5
2026-04-20 00:16:21,AB_2,6.14,12.24,7.51,10.2,13.2,8.53
2026-04-20 00:16:21,AB_2,6.25,12.1,7.51,10.18,12.8,8.56
2026-04-20 00:16:22,AB_2,6.16,12.16,7.48,10.15,13.1,8.5
2026-04-20 00:16:22,AB_2,6.49,11.97,7.52,10.17,12.73,8.49
2026-04-20 00:16:22,AB_2,6.18,12.03,7.55,10.11,12.9,8.52
2026-04-20 00:16:23,AB_2,6.14,12.07,7.54,10.12,12.8,8.5
2026-04-20 00:16:23,AB_2,6.21,12.07,7.51,10.13,12.9,8.58
2026-04-20 00:16:24,AB_2,6.33,12.18,7.49,10.18,13.0,8.47
2026-04-20 00:16:24,AB_2,6.29,12.02,7.55,10.09,13.2,8.51
2026-04-20 00:16:24,AB_2,6.17,12.1,7.57,10.12,12.59,8.49
2026-04-20 00:16:25,AB_2,6.17,12.04,7.71,10.13,13.2,8.5
2026-04-20 00:16:25,AB_2,6.22,12.16,7.94,10.12,13.0,8.48
2026-04-20 00:16:26,AB_2,6.18,12.07,7.49,10.16,12.9,8.5
2026-04-20 00:16:26,AB_2,6.18,12.16,7.53,10.3,12.77,8.48
2026-04-20 00:16:26,AB_2,6.2,12.23,7.59,10.18,13.2,8.46
2026-04-20 00:16:27,AB_2,6.2,12.02,7.74,10.13,12.75,8.51
2026-04-20 00:16:27,AB_2,6.16,12.21,7.49,10.17,13.0,8.49
2026-04-20 00:16:28,AB_2,6.22,12.05,7.51,10.15,13.0,8.52
2026-04-20 00:16:28,AB_2,6.15,12.23,7.49,10.18,13.2,8.49
2026-04-20 00:16:28,AB_2,6.24,12.06,7.56,10.16,13.4,8.5
2026-04-20 00:16:29,AB_2,6.3,12.24,7.52,10.12,13.3,8.52
2026-04-20 00:16:29,AB_2,6.25,11.98,7.51,10.15,12.9,8.46
2026-04-20 00:16:30,AB_2,6.19,12.17,7.54,10.12,13.1,8.48
2026-04-20 00:16:30,AB_2,6.15,12.21,7.56,10.23,13.2,8.49
2026-04-20 00:16:30,AB_2,6.16,12.2,7.59,10.18,13.2,8.53
2026-04-20 00:16:31,AB_2,6.15,12.21,7.53,10.14,12.9,8.48
2026-04-20 00:16:31,AB_2,6.35,12.19,7.48,10.13,13.2,8.49
2026-04-20 00:16:32,AB_2,6.31,12.27,7.52,10.25,13.2,8.49
2026-04-20 00:16:32,AB_2,6.3,12.29,7.52,10.14,13.3,8.49
2026-04-20 00:16:32,AB_2,6.17,12.24,7.53,10.15,13.1,8.55
2026-04-20 00:16:33,AB_2,6.24,11.85,7.5,10.14,12.68,8.51
2026-04-20 00:16:33,AB_2,6.27,12.07,7.55,10.2,12.76,8.46
2026-04-20 00:16:33,AB_2,6.18,11.98,7.55,10.14,13.1,8.51
2026-04-20 00:16:34,AB_2,6.27,12.05,7.51,10.13,12.8,8.48
2026-04-20 00:16:34,AB_2,6.16,11.98,7.49,10.16,12.8,8.5
2026-04-20 00:16:35,AB_2,6.2,12.14,7.64,10.19,13.0,8.49
2026-04-20 00:16:35,AB_2,6.21,12.1,7.57,10.16,13.1,8.49
2026-04-20 00:16:36,AB_2,6.17,12.14,7.52,10.25,12.9,8.45
2026-04-20 00:16:36,AB_2,6.13,12.23,7.53,10.43,13.1,8.46
2026-04-20 00:16:36,AB_2,6.17,12.03,7.78,10.13,13.0,8.49
2026-04-20 00:16:37,AB_2,6.15,12.26,7.78,10.15,12.9,8.45
2026-04-20 00:16:37,AB_2,6.29,12.05,7.58,10.15,12.8,8.44
2026-04-20 00:16:37,AB_2,6.27,12.05,7.73,10.15,12.58,8.47
2026-04-20 00:16:38,AB_2,6.28,12.27,7.56,10.12,13.4,8.48
2026-04-20 00:16:38,AB_2,6.31,12.31,7.49,10.14,13.3,8.49
2026-04-20 00:16:39,AB_2,6.19,12.24,7.5,10.18,13.0,8.48
2026-04-20 00:16:39,AB_2,6.24,12.25,7.51,10.17,13.3,8.51
2026-04-20 00:16:39,AB_2,6.15,12.22,7.51,10.17,13.3,8.48
2026-04-20 00:16:40,AB_2,6.13,12.29,7.46,10.17,13.0,8.47
2026-04-20 00:16:40,AB_2,6.18,12.09,7.59,10.13,12.8,8.53
2026-04-20 00:16:41,AB_2,6.11,12.27,7.54,10.15,13.2,8.5
2026-04-20 00:16:41,AB_2,6.19,12.26,7.51,10.14,13.3,8.48
2026-04-20 00:16:41,AB_2,6.16,12.3,7.62,10.17,13.3,8.5
2026-04-20 00:16:42,AB_2,6.14,12.29,7.71,10.15,13.3,8.44
2026-04-20 00:16:42,AB_2,6.47,12.18,7.58,10.16,12.9,8.49
2026-04-20 00:16:43,AB_2,6.3,12.3,7.53,10.14,13.2,8.42
2026-04-20 00:16:43,AB_2,6.34,12.12,7.51,10.19,12.9,8.4
2026-04-20 00:16:43,AB_2,6.26,12.01,7.57,10.14,13.0,8.56
2026-04-20 00:16:44,AB_2,6.19,12.15,7.72,10.17,12.8,8.55
2026-04-20 00:16:56,AB_3,6.27,12.9,6.06,8.94,13.2,7.46
2026-04-20 00:16:56,AB_3,6.24,12.67,6.04,8.93,12.55,7.5
2026-04-20 00:16:57,AB_3,6.27,12.25,5.97,8.89,12.47,7.51
2026-04-20 00:16:57,AB_3,6.14,12.24,5.91,8.94,12.33,7.6
2026-04-20 00:16:58,AB_3,6.24,12.29,5.94,8.93,12.17,7.68
2026-04-20 00:16:58,AB_3,6.16,12.31,5.87,8.93,12.37,7.71
2026-04-20 00:16:58,AB_3,6.11,12.18,5.88,8.91,12.13,7.71
2026-04-20 00:16:59,AB_3,6.12,12.31,5.88,8.96,12.16,7.77
2026-04-20 00:16:59,AB_3,6.1,12.09,5.9,8.96,12.69,7.75
2026-04-20 00:17:00,AB_3,6.22,11.87,5.89,8.97,12.17,7.74
2026-04-20 00:17:00,AB_3,6.23,12.06,5.99,8.91,12.18,7.77
2026-04-20 00:17:00,AB_3,6.08,11.9,5.98,8.92,12.33,7.74
2026-04-20 00:17:01,AB_3,6.15,11.92,6.09,8.91,12.61,7.73
2026-04-20 00:17:01,AB_3,6.15,11.76,5.86,8.87,12.28,7.76
2026-04-20 00:17:02,AB_3,6.21,11.81,5.89,8.9,12.05,7.77
2026-04-20 00:17:02,AB_3,6.24,11.5,5.91,8.96,12.1,7.85
2026-04-20 00:17:02,AB_3,6.28,11.63,5.87,8.93,12.7,7.86
2026-04-20 00:17:03,AB_3,6.09,11.82,5.86,8.94,12.64,7.77
2026-04-20 00:17:03,AB_3,6.09,11.85,5.88,8.9,12.72,7.77
2026-04-20 00:17:04,AB_3,6.11,11.76,5.91,8.95,12.74,7.75
2026-04-20 00:17:04,AB_3,6.12,11.79,5.97,8.89,12.62,7.85
2026-04-20 00:17:04,AB_3,6.28,11.73,5.85,8.96,12.65,7.82
2026-04-20 00:17:05,AB_3,6.17,11.71,5.95,8.92,12.63,7.77
2026-04-20 00:17:05,AB_3,6.09,11.8,5.97,8.91,12.73,7.79
2026-04-20 00:17:05,AB_3,6.15,11.47,5.88,8.9,12.62,7.79
2026-04-20 00:17:06,AB_3,6.24,11.69,5.9,8.89,12.54,7.82
2026-04-20 00:17:06,AB_3,6.05,11.71,5.85,8.91,12.64,7.8
2026-04-20 00:17:07,AB_3,6.1,11.73,5.88,8.91,12.65,7.8
2026-04-20 00:17:07,AB_3,6.16,11.76,5.84,8.88,12.08,7.8
2026-04-20 00:17:07,AB_3,6.15,11.39,5.85,8.87,12.12,7.86
2026-04-20 00:17:08,AB_3,6.09,11.57,5.86,8.89,11.99,7.81
2026-04-20 00:17:08,AB_3,6.14,11.82,5.91,8.87,12.31,7.91
2026-04-20 00:17:09,AB_3,6.12,11.32,5.87,8.92,12.26,7.92
2026-04-20 00:17:09,AB_3,6.13,11.51,5.97,8.91,12.45,7.86
2026-04-20 00:17:10,AB_3,6.12,11.48,6.06,8.87,12.29,7.89
2026-04-20 00:17:10,AB_3,6.08,11.52,5.9,8.89,12.72,7.85
2026-04-20 00:17:10,AB_3,6.34,11.47,5.95,8.88,12.59,7.82
2026-04-20 00:17:11,AB_3,6.08,11.46,5.94,8.96,12.13,7.81
2026-04-20 00:17:11,AB_3,6.12,11.42,5.87,8.9,12.32,7.81
2026-04-20 00:17:12,AB_3,6.28,11.56,5.99,8.89,12.38,7.81
2026-04-20 00:17:12,AB_3,6.12,11.44,5.9,8.91,12.09,7.88
2026-04-20 00:17:12,AB_3,6.12,11.66,5.86,8.92,12.23,7.87
2026-04-20 00:17:13,AB_3,6.19,11.69,5.85,8.93,12.77,7.88
2026-04-20 00:17:13,AB_3,6.17,11.66,5.95,8.89,12.8,7.81
2026-04-20 00:17:13,AB_3,6.07,11.71,5.94,8.98,13.4,7.9
2026-04-20 00:17:14,AB_3,6.32,11.61,5.87,8.89,12.66,7.83
2026-04-20 00:17:14,AB_3,6.13,11.62,5.88,8.91,12.72,7.84
2026-04-20 00:17:15,AB_3,6.14,11.47,5.88,8.9,12.76,7.82
2026-04-20 00:17:15,AB_3,6.08,11.69,6.12,8.87,12.62,7.88
2026-04-20 00:17:15,AB_3,6.15,11.73,5.9,8.85,12.57,7.9
2026-04-20 00:17:16,AB_3,6.13,11.63,5.86,8.9,12.67,7.83
2026-04-20 00:17:16,AB_3,6.19,11.71,5.81,8.88,12.72,7.75
2026-04-20 00:17:17,AB_3,6.18,11.74,5.94,8.92,12.49,7.87
2026-04-20 00:17:17,AB_3,6.12,11.59,6.0,8.9,12.66,7.82
2026-04-20 00:17:17,AB_3,6.1,11.61,5.88,8.89,12.68,7.8
2026-04-20 00:17:18,AB_3,6.1,11.47,5.88,8.95,12.65,7.81
2026-04-20 00:17:18,AB_3,6.21,11.46,5.8,9.14,12.8,7.94
2026-04-20 00:17:19,AB_3,6.04,11.23,5.71,9.11,13.0,7.74
2026-04-20 00:17:19,AB_3,5.83,11.26,5.67,9.14,13.0,7.72
2026-04-20 00:17:19,AB_3,5.93,11.33,5.66,9.2,13.0,7.72
2026-04-20 00:17:20,AB_3,5.77,11.32,5.88,9.14,12.75,7.9
2026-04-20 00:17:20,AB_3,5.82,11.27,5.68,9.22,12.8,7.75
2026-04-20 00:17:21,AB_3,5.99,11.35,5.8,9.0,12.41,7.71
2026-04-20 00:17:21,AB_3,5.84,11.38,5.72,9.11,13.0,7.71
2026-04-20 00:17:21,AB_3,5.85,11.37,5.72,9.03,12.27,7.79
2026-04-20 00:17:22,AB_3,5.74,11.33,5.69,9.05,12.9,7.76
2026-04-20 00:17:22,AB_3,5.77,11.35,5.75,9.09,12.45,7.74
2026-04-20 00:17:23,AB_3,5.79,11.4,5.75,9.07,12.8,7.72
2026-04-20 00:17:23,AB_3,5.76,11.36,5.71,9.07,12.69,7.82
2026-04-20 00:17:23,AB_3,5.83,11.07,5.77,9.11,12.77,7.73
2026-04-20 00:17:24,AB_3,5.86,11.16,5.72,9.05,12.74,7.75
2026-04-20 00:17:24,AB_3,5.98,11.1,5.73,9.14,12.01,7.61
2026-04-20 00:17:25,AB_3,5.75,11.09,5.75,9.09,12.9,7.71
2026-04-20 00:17:25,AB_3,5.83,11.05,5.7,9.06,12.41,7.65
2026-04-20 00:17:25,AB_3,5.82,11.35,5.73,9.01,12.9,7.72
2026-04-20 00:17:26,AB_3,5.79,11.37,5.81,9.09,12.9,7.7
2026-04-20 00:17:26,AB_3,5.81,11.4,5.72,9.07,12.37,7.79
2026-04-20 00:17:27,AB_3,5.84,11.35,5.74,9.08,12.48,7.74
2026-04-20 00:17:27,AB_3,5.81,11.32,5.7,9.06,12.8,7.72
2026-04-20 00:17:27,AB_3,5.77,11.38,5.71,9.11,12.8,7.71
2026-04-20 00:17:28,AB_3,5.83,11.4,5.76,9.07,12.63,7.8
2026-04-20 00:17:28,AB_3,5.78,11.32,5.79,9.08,12.9,7.72
2026-04-20 00:17:29,AB_3,5.77,11.38,5.66,9.12,12.49,7.74
2026-04-20 00:17:29,AB_3,5.85,11.37,5.87,9.09,12.69,7.72
2026-04-20 00:17:29,AB_3,5.74,11.37,5.73,9.14,12.69,7.79
2026-04-20 00:17:30,AB_3,5.92,11.29,5.7,9.04,12.8,7.76
2026-04-20 00:17:30,AB_3,5.75,11.11,5.67,9.07,12.8,7.77
2026-04-20 00:17:31,AB_3,5.84,11.11,5.75,9.12,12.61,7.68
2026-04-20 00:17:31,AB_3,5.79,11.23,5.68,9.05,12.37,7.73
2026-04-20 00:17:31,AB_3,5.91,11.18,5.78,9.03,12.16,7.74
2026-04-20 00:17:32,AB_3,5.89,11.0,5.7,9.05,12.26,7.69
2026-04-20 00:17:32,AB_3,5.83,11.36,5.69,9.07,12.9,7.74
2026-04-20 00:17:32,AB_3,5.84,11.41,5.73,9.05,12.33,7.82
2026-04-20 00:17:33,AB_3,5.83,11.1,5.88,9.07,12.59,7.72
2026-04-20 00:17:33,AB_3,5.92,11.29,5.77,9.08,12.48,7.75
2026-04-20 00:17:34,AB_3,5.8,11.36,5.66,9.09,12.8,7.72
2026-04-20 00:17:34,AB_3,5.77,11.34,5.86,9.04,12.67,7.79
2026-04-20 00:17:34,AB_3,5.73,11.14,5.74,9.08,12.7,7.76
2026-04-20 00:17:35,AB_3,5.91,11.29,5.72,9.07,12.8,7.75
2026-04-20 00:17:35,AB_3,5.87,11.38,5.83,9.05,12.8,7.72
2026-04-20 00:17:36,AB_3,5.8,11.36,5.74,9.04,12.73,7.8
2026-04-20 00:17:36,AB_3,5.86,11.3,5.74,9.06,12.7,7.75
2026-04-20 00:17:36,AB_3,5.87,11.04,5.72,9.02,12.9,7.72
2026-04-20 00:17:37,AB_3,5.93,11.37,5.87,9.06,12.9,7.69
2026-04-20 00:17:37,AB_3,5.99,11.38,5.7,9.04,12.9,7.77
2026-04-20 00:17:38,AB_3,5.88,11.2,5.73,9.08,12.77,7.73
2026-04-20 00:17:38,AB_3,5.76,11.33,5.69,9.09,12.8,7.73
2026-04-20 00:17:38,AB_3,5.78,11.15,5.68,9.05,12.9,7.73
2026-04-20 00:17:39,AB_3,5.86,11.42,5.69,9.1,12.68,7.72
2026-04-20 00:17:39,AB_3,5.83,11.28,5.96,9.11,12.8,7.75
2026-04-20 00:17:40,AB_3,5.76,11.38,6.03,9.14,12.75,7.73
2026-04-20 00:17:40,AB_3,5.78,11.31,5.68,9.08,12.8,7.73
2026-04-20 00:17:40,AB_3,5.83,11.37,5.73,9.06,12.64,7.8
2026-04-20 00:17:41,AB_3,5.81,11.3,6.05,9.09,12.68,7.78
2026-04-20 00:17:41,AB_3,5.85,11.33,5.68,9.08,12.69,7.73
2026-04-20 00:17:42,AB_3,5.77,11.41,5.74,9.08,12.8,7.72
2026-04-20 00:17:42,AB_3,5.81,11.35,5.7,9.08,12.63,7.77
2026-04-20 00:17:42,AB_3,5.89,11.25,5.72,9.02,12.03,7.82
2026-04-20 00:17:43,AB_3,5.78,11.17,5.83,9.05,12.28,7.71
2026-04-20 00:17:43,AB_3,5.81,11.28,5.72,9.06,12.4,7.86
2026-04-20 00:17:44,AB_3,5.9,11.22,5.71,9.09,12.69,7.81
2026-04-20 00:17:44,AB_3,5.8,11.42,5.72,9.02,12.27,7.78
2026-04-20 00:17:44,AB_3,5.88,11.28,5.72,9.04,12.62,7.78
2026-04-20 00:17:45,AB_3,5.79,11.16,5.76,9.08,12.53,7.75
2026-04-20 00:17:45,AB_3,5.79,11.29,5.72,9.09,12.27,7.75
2026-04-20 00:17:46,AB_3,5.78,11.15,5.78,9.07,12.26,7.8
2026-04-20 00:17:46,AB_3,5.8,11.1,5.69,9.06,12.29,7.8
2026-04-20 00:17:46,AB_3,5.82,11.31,5.71,9.11,12.7,7.82
2026-04-20 00:17:47,AB_3,5.85,11.29,5.78,9.16,12.52,7.88
2026-04-20 00:17:47,AB_3,5.88,11.22,5.81,9.11,12.18,7.73
2026-04-20 00:17:48,AB_3,5.84,11.1,5.78,9.06,12.25,7.81
2026-04-20 00:17:48,AB_3,5.8,11.2,5.83,9.06,12.45,7.83
2026-04-20 00:17:48,AB_3,5.84,11.14,5.73,9.11,12.8,7.78
2026-04-20 00:17:49,AB_3,5.81,11.4,5.69,9.12,12.8,7.76
2026-04-20 00:17:49,AB_3,5.77,11.29,5.71,9.08,12.8,7.74
2026-04-20 00:17:50,AB_3,6.03,11.38,5.79,9.04,13.0,7.77
2026-04-20 00:17:50,AB_3,5.81,11.35,5.69,9.06,12.76,7.77
2026-04-20 00:17:50,AB_3,6.1,11.35,5.74,9.17,12.9,7.68
2026-04-20 00:17:51,AB_3,5.77,11.34,5.71,9.05,12.9,7.74
2026-04-20 00:17:51,AB_3,5.93,11.43,5.74,9.08,12.8,7.79
2026-04-20 00:17:52,AB_3,5.86,11.35,5.72,9.07,12.43,7.77
2026-04-20 00:17:52,AB_3,5.82,11.4,5.82,9.12,12.9,7.75
2026-04-20 00:17:52,AB_3,5.93,11.17,5.75,9.02,12.8,7.73
2026-04-20 00:17:53,AB_3,5.8,11.39,5.74,9.11,12.9,7.77
2026-04-20 00:17:53,AB_3,5.88,11.15,5.73,9.08,12.8,7.91
2026-04-20 00:17:54,AB_3,5.76,11.29,5.75,9.13,12.68,7.79
2026-04-20 00:17:54,AB_3,5.98,11.41,5.74,9.1,12.8,7.76
2026-04-20 00:17:54,AB_3,5.78,11.44,5.7,9.1,13.0,7.79
2026-04-20 00:17:55,AB_3,5.79,11.39,5.84,9.1,12.9,7.76
2026-04-20 00:17:55,AB_3,5.78,11.19,5.77,9.05,12.8,7.75
2026-04-20 00:17:56,AB_3,5.76,11.34,5.75,9.07,12.9,7.74
2026-04-20 00:17:56,AB_3,5.79,11.39,5.72,9.11,13.0,7.83
2026-04-20 00:17:56,AB_3,5.8,11.3,5.65,9.07,12.3,7.75
2026-04-20 00:17:57,AB_3,5.95,11.38,5.74,9.09,12.9,7.72
2026-04-20 00:17:57,AB_3,5.81,11.35,5.68,9.1,12.9,7.72
2026-04-20 00:17:58,AB_3,5.76,11.42,5.72,9.17,12.8,7.77
2026-04-20 00:17:58,AB_3,5.76,11.19,5.74,9.05,12.77,7.75
2026-04-20 00:17:58,AB_3,5.86,11.34,5.76,9.09,12.9,7.69
2026-04-20 00:17:59,AB_3,5.99,11.26,5.68,9.07,12.47,7.62
2026-04-20 00:17:59,AB_3,5.93,11.24,5.83,9.04,12.28,7.73
2026-04-20 00:18:00,AB_3,5.87,10.84,5.69,9.13,12.38,7.79
2026-04-20 00:18:00,AB_3,5.8,11.38,5.76,9.11,12.9,7.7
2026-04-20 00:18:00,AB_3,5.78,11.43,5.71,9.04,13.0,7.73
2026-04-20 00:18:01,AB_3,5.81,11.4,5.68,9.07,13.0,7.78
2026-04-20 00:18:01,AB_3,5.79,11.41,5.99,9.08,12.56,7.71
2026-04-20 00:18:02,AB_3,5.8,11.4,5.74,9.07,12.9,7.74
2026-04-20 00:18:02,AB_3,5.76,11.39,5.94,9.05,12.9,7.73
2026-04-20 00:18:02,AB_3,5.78,11.43,5.69,9.04,13.0,7.76
2026-04-20 00:18:03,AB_3,5.79,11.38,5.93,9.11,12.8,7.73
2026-04-20 00:18:03,AB_3,5.73,11.35,5.79,9.04,12.38,7.68
2026-04-20 00:18:04,AB_3,5.89,11.35,5.77,9.06,12.8,7.71
2026-04-20 00:18:04,AB_3,5.8,11.45,5.91,9.05,12.9,7.67
2026-04-20 00:18:04,AB_3,5.84,11.39,5.66,9.3,12.22,7.8
2026-04-20 00:18:05,AB_3,5.89,11.14,5.75,9.1,12.59,7.79
2026-04-20 00:18:05,AB_3,5.84,11.36,5.68,9.06,12.54,7.68
2026-04-20 00:18:05,AB_3,5.81,11.32,5.71,9.08,12.34,7.73
2026-04-20 00:18:06,AB_3,5.81,11.17,5.7,9.05,12.19,7.7
2026-04-20 00:18:06,AB_3,5.83,11.19,5.7,9.09,12.59,7.76
2026-04-20 00:18:07,AB_3,5.77,11.33,5.77,9.11,12.58,7.74
2026-04-20 00:18:07,AB_3,5.77,11.2,5.81,9.1,12.49,7.92
2026-04-20 00:18:08,AB_3,5.76,11.24,5.97,9.06,12.8,7.94
2026-04-20 00:18:08,AB_3,5.8,11.15,6.04,9.07,12.37,7.78
2026-04-20 00:18:08,AB_3,5.82,11.4,5.71,9.03,12.26,7.69
2026-04-20 00:18:09,AB_3,5.76,10.98,5.97,9.07,12.38,7.76
2026-04-20 00:18:09,AB_3,5.81,11.01,5.72,9.13,12.24,7.64
2026-04-20 00:18:10,AB_3,5.89,11.21,5.86,9.04,11.87,7.7
2026-04-20 00:18:10,AB_3,5.9,11.22,5.7,9.11,12.59,7.73
2026-04-20 00:18:10,AB_3,5.78,11.3,5.75,9.1,12.66,7.75
2026-04-20 00:18:11,AB_3,5.82,11.38,5.76,9.04,12.45,7.74
2026-04-20 00:18:11,AB_3,5.8,11.28,5.69,9.04,12.73,7.74
2026-04-20 00:18:12,AB_3,5.78,11.42,5.73,9.03,12.67,7.83
2026-04-20 00:18:12,AB_3,5.86,11.35,5.73,9.03,12.9,7.82
2026-04-20 00:18:12,AB_3,5.81,11.42,5.69,9.09,12.8,7.8
2026-04-20 00:18:13,AB_3,5.86,11.24,5.7,9.05,13.0,7.86
2026-04-20 00:18:13,AB_3,5.79,11.37,5.79,9.06,13.0,7.79
2026-04-20 00:18:14,AB_3,5.85,11.3,5.77,9.03,13.0,7.76
2026-04-20 00:18:14,AB_3,5.95,11.41,5.68,9.17,12.8,7.75
2026-04-20 00:18:14,AB_3,6.04,11.14,5.71,9.05,12.9,7.78
2026-04-20 00:18:15,AB_3,5.86,11.38,5.7,9.04,12.9,7.76
2026-04-20 00:18:15,AB_3,5.91,11.43,5.82,9.09,12.9,7.72
2026-04-20 00:18:31,AB_4,3.7,12.08,6.02,9.74,12.72,7.61
2026-04-20 00:18:32,AB_4,5.44,11.62,6.02,9.76,12.7,7.62
2026-04-20 00:18:32,AB_4,5.45,11.65,5.99,9.79,12.67,7.64
2026-04-20 00:18:32,AB_4,5.59,11.67,6.02,9.8,12.7,7.68
2026-04-20 00:18:33,AB_4,5.45,11.54,6.08,9.77,12.65,7.71
2026-04-20 00:18:33,AB_4,5.55,11.67,6.14,9.77,12.66,7.74
2026-04-20 00:18:34,AB_4,5.55,11.43,6.06,9.76,12.76,7.71
2026-04-20 00:18:34,AB_4,5.61,11.56,6.08,9.75,12.74,7.74
2026-04-20 00:18:34,AB_4,5.57,11.46,6.14,9.78,12.73,7.85
2026-04-20 00:18:35,AB_4,5.64,11.36,6.01,9.74,12.67,7.85
2026-04-20 00:18:35,AB_4,5.47,11.59,6.01,9.73,12.75,7.77
2026-04-20 00:18:36,AB_4,5.52,11.56,6.06,9.76,12.76,7.84
2026-04-20 00:18:36,AB_4,5.55,11.44,5.97,9.69,12.77,7.89
2026-04-20 00:18:36,AB_4,5.48,11.11,6.03,9.72,12.9,7.9
2026-04-20 00:18:37,AB_4,5.46,11.34,6.1,9.8,12.71,7.87
2026-04-20 00:18:37,AB_4,5.59,11.15,6.0,9.74,12.8,7.87
2026-04-20 00:18:37,AB_4,5.48,11.26,6.11,9.74,12.8,7.87
2026-04-20 00:18:38,AB_4,5.47,11.2,6.09,9.75,12.8,7.94
2026-04-20 00:18:38,AB_4,5.59,11.23,5.97,9.75,12.9,7.89
2026-04-20 00:18:39,AB_4,5.68,11.15,6.08,9.76,12.74,7.9
2026-04-20 00:18:39,AB_4,5.46,11.04,5.98,9.75,12.72,7.96
2026-04-20 00:18:39,AB_4,5.5,10.95,6.03,9.69,12.67,7.81
2026-04-20 00:18:40,AB_4,5.49,10.97,5.95,9.68,12.54,7.84
2026-04-20 00:18:40,AB_4,5.57,10.81,5.93,9.69,12.72,7.85
2026-04-20 00:18:41,AB_4,5.43,10.99,6.01,9.72,12.75,7.92
2026-04-20 00:18:41,AB_4,5.5,11.27,5.96,9.76,12.73,7.92
2026-04-20 00:18:41,AB_4,5.46,10.93,6.2,9.76,12.71,7.83
2026-04-20 00:18:42,AB_4,5.49,10.86,6.0,9.74,12.7,7.85
2026-04-20 00:18:42,AB_4,5.46,10.79,5.99,9.71,12.8,7.97
2026-04-20 00:18:43,AB_4,5.46,10.91,5.98,9.75,12.73,7.98
2026-04-20 00:18:43,AB_4,5.5,11.19,5.95,9.77,12.68,7.93
2026-04-20 00:18:43,AB_4,5.55,10.79,5.92,9.72,12.71,7.94
2026-04-20 00:18:44,AB_4,5.43,11.03,6.03,9.8,12.75,7.91
2026-04-20 00:18:44,AB_4,5.47,10.99,6.04,9.77,12.8,7.92
2026-04-20 00:18:45,AB_4,5.56,10.9,6.01,9.7,12.59,8.0
2026-04-20 00:18:45,AB_4,5.42,10.78,6.05,9.78,12.74,7.93
2026-04-20 00:18:45,AB_4,5.51,10.93,6.01,9.7,12.71,7.88
2026-04-20 00:18:46,AB_4,5.47,10.85,5.95,9.66,12.75,7.91
2026-04-20 00:18:46,AB_4,5.48,10.93,5.98,9.75,12.8,7.94
2026-04-20 00:18:47,AB_4,5.48,11.11,6.06,9.7,12.74,7.92
2026-04-20 00:18:47,AB_4,5.45,11.08,6.08,9.72,12.72,7.99
2026-04-20 00:18:47,AB_4,5.41,11.06,6.07,9.7,12.8,7.96
2026-04-20 00:18:48,AB_4,5.52,11.07,6.0,9.75,12.8,7.9
2026-04-20 00:18:48,AB_4,5.5,10.96,5.97,9.7,12.66,7.96
2026-04-20 00:18:49,AB_4,5.48,10.89,5.98,9.72,12.69,7.95
2026-04-20 00:18:49,AB_4,5.55,11.12,5.97,9.73,12.9,7.86
2026-04-20 00:18:49,AB_4,5.54,11.05,5.98,9.7,12.74,7.93
2026-04-20 00:18:50,AB_4,5.5,11.05,5.98,9.73,12.73,7.9
2026-04-20 00:18:50,AB_4,5.52,11.14,6.03,9.68,12.8,7.99
2026-04-20 00:18:51,AB_4,5.48,10.97,5.98,9.74,12.71,7.95
2026-04-20 00:18:51,AB_4,5.49,10.85,5.93,9.73,12.73,7.93
2026-04-20 00:18:51,AB_4,5.61,10.72,5.98,9.82,12.71,7.85
2026-04-20 00:18:52,AB_4,5.6,10.83,5.95,9.7,12.71,7.93
2026-04-20 00:18:52,AB_4,5.43,10.91,5.96,9.73,12.73,7.98
2026-04-20 00:18:53,AB_4,5.47,10.76,6.02,9.71,12.76,7.94
2026-04-20 00:18:53,AB_4,5.47,10.89,6.27,9.71,12.8,7.89
2026-04-20 00:18:53,AB_4,5.44,10.86,6.11,9.85,12.56,7.96
2026-04-20 00:18:54,AB_4,5.47,10.85,5.98,9.75,12.68,7.93
2026-04-20 00:18:54,AB_4,5.51,11.05,5.97,9.76,12.7,7.91
2026-04-20 00:18:55,AB_4,5.52,11.01,6.06,9.76,12.77,7.91
2026-04-20 00:18:55,AB_4,5.65,10.75,6.02,9.71,12.72,7.93
2026-04-20 00:18:55,AB_4,5.44,11.01,5.99,9.7,12.73,7.93
2026-04-20 00:18:56,AB_4,5.52,11.04,5.98,9.7,12.8,7.92
2026-04-20 00:18:56,AB_4,5.47,11.07,5.96,9.67,12.8,8.04
2026-04-20 00:18:57,AB_4,5.5,11.05,6.04,9.74,12.77,8.04
2026-04-20 00:18:57,AB_4,5.47,11.0,5.98,9.74,12.71,7.99
2026-04-20 00:18:57,AB_4,5.51,10.99,6.01,9.74,12.7,7.94
2026-04-20 00:18:58,AB_4,5.45,11.04,5.96,9.73,12.8,7.96
2026-04-20 00:18:58,AB_4,5.54,10.84,5.95,9.71,13.0,7.9
2026-04-20 00:18:59,AB_4,5.66,11.04,6.06,9.72,12.8,7.88
2026-04-20 00:18:59,AB_4,5.46,10.83,6.01,9.74,12.56,7.82
2026-04-20 00:18:59,AB_4,5.43,11.01,5.92,9.7,12.75,8.0
2026-04-20 00:19:00,AB_4,5.55,10.78,5.95,9.67,12.9,7.99
2026-04-20 00:19:00,AB_4,5.52,10.93,5.98,9.75,12.6,7.99
2026-04-20 00:19:01,AB_4,5.44,10.72,5.97,9.73,12.53,7.99
2026-04-20 00:19:01,AB_4,5.47,10.85,6.03,9.76,12.71,7.99
2026-04-20 00:19:01,AB_4,5.6,10.76,6.0,9.71,12.62,7.97
2026-04-20 00:19:02,AB_4,5.55,10.97,6.03,9.66,12.59,7.93
2026-04-20 00:19:02,AB_4,5.64,10.75,5.96,9.77,12.69,8.06
2026-04-20 00:19:03,AB_4,5.46,10.81,6.15,9.69,12.71,7.98
2026-04-20 00:19:03,AB_4,5.47,10.94,5.97,9.72,12.73,8.03
2026-04-20 00:19:03,AB_4,5.63,10.71,6.07,9.88,12.73,8.11
2026-04-20 00:19:04,AB_4,5.45,10.79,5.95,9.77,12.67,7.95
2026-04-20 00:19:04,AB_4,5.52,10.8,5.99,9.74,12.73,8.06
2026-04-20 00:19:05,AB_4,5.47,10.85,6.02,9.78,12.8,7.95
2026-04-20 00:19:05,AB_4,5.6,10.91,6.01,9.73,12.71,7.99
2026-04-20 00:19:05,AB_4,5.46,10.73,6.0,9.9,12.7,7.94
2026-04-20 00:19:06,AB_4,5.45,10.87,6.01,9.7,12.8,8.02
2026-04-20 00:19:06,AB_4,5.42,10.75,5.99,9.69,12.8,7.91
2026-04-20 00:19:07,AB_4,5.47,10.81,6.01,9.72,12.76,7.87
2026-04-20 00:19:07,AB_4,5.46,10.9,6.06,9.71,12.69,7.88
2026-04-20 00:19:07,AB_4,5.59,10.96,6.12,9.72,12.74,7.93
2026-04-20 00:19:08,AB_4,5.45,10.88,5.95,9.71,12.7,7.94
2026-04-20 00:19:08,AB_4,5.78,10.75,5.97,9.7,12.73,7.89
2026-04-20 00:19:09,AB_4,5.45,10.78,5.96,9.72,12.7,8.25
2026-04-20 00:19:09,AB_4,5.46,11.02,6.32,9.71,12.74,7.9
2026-04-20 00:19:09,AB_4,5.47,11.03,6.04,9.7,12.76,8.02
2026-04-20 00:19:10,AB_4,5.42,10.79,6.05,9.72,12.74,8.02
2026-04-20 00:19:10,AB_4,5.46,11.01,5.95,9.76,12.8,8.06
2026-04-20 00:19:11,AB_4,5.47,11.03,6.05,9.71,12.9,8.0
2026-04-20 00:19:11,AB_4,5.48,11.01,6.05,9.74,12.73,7.93
2026-04-20 00:19:11,AB_4,5.45,11.04,6.0,9.75,12.8,7.94
2026-04-20 00:19:12,AB_4,5.66,11.04,5.97,9.73,12.75,7.95
2026-04-20 00:19:12,AB_4,5.43,11.02,6.11,9.73,12.71,7.89
2026-04-20 00:19:13,AB_4,5.47,10.98,6.0,9.74,12.73,7.99
2026-04-20 00:19:13,AB_4,5.65,10.98,5.97,9.7,12.8,7.9
2026-04-20 00:19:13,AB_4,5.57,11.02,5.99,9.77,12.8,7.88
2026-04-20 00:19:14,AB_4,5.47,10.88,5.95,9.74,12.66,7.94
2026-04-20 00:19:14,AB_4,5.47,11.04,5.96,9.71,12.67,8.01
2026-04-20 00:19:15,AB_4,5.58,11.03,6.0,9.73,12.73,7.97
2026-04-20 00:19:15,AB_4,5.45,11.03,6.14,9.77,12.75,7.95
2026-04-20 00:19:15,AB_4,5.47,11.06,6.04,9.75,12.68,7.95
2026-04-20 00:19:16,AB_4,5.52,10.99,5.97,9.73,12.69,7.92
2026-04-20 00:19:16,AB_4,5.47,11.02,6.04,9.71,12.73,7.96
2026-04-20 00:19:17,AB_4,5.47,11.02,6.04,9.74,12.73,7.92
2026-04-20 00:19:17,AB_4,5.45,11.01,6.04,9.67,12.72,7.94
2026-04-20 00:19:17,AB_4,5.5,10.82,6.01,9.8,12.74,7.97
2026-04-20 00:19:18,AB_4,5.54,11.01,5.97,9.72,12.71,7.95
2026-04-20 00:19:18,AB_4,5.64,11.07,6.05,9.69,12.7,7.97
2026-04-20 00:19:19,AB_4,5.64,11.05,5.95,9.74,12.9,8.03
2026-04-20 00:19:19,AB_4,5.42,11.02,5.93,9.73,12.73,7.98
2026-04-20 00:19:19,AB_4,5.52,10.81,6.04,9.77,12.74,7.96
2026-04-20 00:19:20,AB_4,5.46,11.07,6.13,9.78,12.76,7.95
2026-04-20 00:19:20,AB_4,5.54,11.08,6.09,9.71,12.8,7.97
2026-04-20 00:19:21,AB_4,5.43,10.73,5.95,9.72,12.8,8.01
2026-04-20 00:19:21,AB_4,5.47,11.03,6.09,9.72,12.8,7.9
2026-04-20 00:19:21,AB_4,5.47,11.06,6.21,9.78,12.7,7.94
2026-04-20 00:19:22,AB_4,5.58,11.0,6.0,9.68,12.67,8.02
2026-04-20 00:19:22,AB_4,5.52,11.05,5.99,9.69,12.72,8.04
2026-04-20 00:19:23,AB_4,5.44,10.98,5.96,9.7,12.71,7.99
2026-04-20 00:19:23,AB_4,5.53,10.99,6.0,9.7,12.8,7.95
2026-04-20 00:19:23,AB_4,5.56,11.05,6.04,9.69,12.9,7.97
2026-04-20 00:19:24,AB_4,5.5,10.99,6.01,9.72,12.72,7.97
2026-04-20 00:19:24,AB_4,5.55,11.02,6.0,9.69,12.77,7.87
2026-04-20 00:19:24,AB_4,5.49,10.71,5.99,9.69,12.8,7.89
2026-04-20 00:19:25,AB_4,5.56,10.68,5.97,9.69,12.72,7.95
2026-04-20 00:19:25,AB_4,5.72,10.85,6.08,9.69,12.69,7.92
2026-04-20 00:19:26,AB_4,5.51,10.84,6.05,9.7,12.73,7.94
2026-04-20 00:19:26,AB_4,5.41,10.73,5.94,9.77,12.73,7.92
2026-04-20 00:19:27,AB_4,5.43,11.05,6.11,9.71,12.69,7.9
2026-04-20 00:19:27,AB_4,5.48,11.05,6.1,9.74,12.73,7.86
2026-04-20 00:19:27,AB_4,5.43,10.82,6.09,9.75,12.74,7.88
2026-04-20 00:19:28,AB_4,5.55,10.86,6.16,9.73,12.77,7.81
2026-04-20 00:19:28,AB_4,5.46,10.81,5.97,9.74,12.59,7.89
2026-04-20 00:19:29,AB_4,5.5,10.72,5.99,9.69,12.8,7.97
2026-04-20 00:19:29,AB_4,5.46,10.83,6.11,9.78,12.8,7.95
2026-04-20 00:19:29,AB_4,5.41,10.87,6.05,9.67,12.8,7.89
2026-04-20 00:19:30,AB_4,5.53,10.96,5.97,9.74,12.77,7.91
2026-04-20 00:19:30,AB_4,5.53,10.74,5.94,9.7,12.9,7.91
2026-04-20 00:19:31,AB_4,5.6,10.87,5.92,9.73,12.65,7.86
2026-04-20 00:19:31,AB_4,5.71,10.77,5.97,9.71,12.8,7.92
2026-04-20 00:19:31,AB_4,5.51,10.94,5.98,9.71,12.75,7.99
2026-04-20 00:19:32,AB_4,5.46,10.83,5.96,9.66,12.74,7.89
2026-04-20 00:19:32,AB_4,5.45,11.01,6.0,9.75,12.76,7.89
2026-04-20 00:19:33,AB_4,4.83,11.06,5.93,9.68,12.8,7.89
2026-04-20 00:19:33,AB_4,5.49,11.04,5.95,9.75,12.8,7.95
2026-04-20 00:19:33,AB_4,5.6,10.78,5.95,9.74,12.75,7.92
2026-04-20 00:19:34,AB_4,5.57,10.95,5.96,9.68,12.8,7.87
2026-04-20 00:19:34,AB_4,5.58,10.99,5.94,9.67,12.75,7.96
2026-04-20 00:19:35,AB_4,5.65,11.04,6.03,9.72,12.7,7.94
2026-04-20 00:19:35,AB_4,5.48,10.98,6.14,9.75,12.74,7.92
2026-04-20 00:19:35,AB_4,5.45,10.76,6.03,9.74,12.8,7.89
2026-04-20 00:19:36,AB_4,5.47,11.03,6.08,9.76,12.77,7.9
2026-04-20 00:19:36,AB_4,5.46,10.99,6.08,9.72,12.65,7.92
2026-04-20 00:19:37,AB_4,5.45,11.01,6.0,9.71,12.74,7.89
2026-04-20 00:19:37,AB_4,5.65,11.04,6.1,9.72,12.7,7.87
2026-04-20 00:19:37,AB_4,5.45,11.03,5.94,9.74,12.9,7.86
2026-04-20 00:19:38,AB_4,5.51,10.87,6.05,9.69,12.45,7.89
2026-04-20 00:19:38,AB_4,5.56,10.86,6.09,9.69,12.8,7.94
2026-04-20 00:19:39,AB_4,5.51,10.68,5.95,9.71,12.76,8.0
2026-04-20 00:19:39,AB_4,5.46,11.07,6.36,9.7,12.73,7.98
2026-04-20 00:19:39,AB_4,5.54,11.1,5.97,9.72,12.73,7.97
2026-04-20 00:19:40,AB_4,5.46,11.07,6.36,9.7,12.74,7.97
2026-04-20 00:19:40,AB_4,5.49,10.98,6.34,9.8,12.76,7.96
2026-04-20 00:19:41,AB_4,5.44,11.04,6.07,9.7,12.76,7.97
2026-04-20 00:19:41,AB_4,5.49,11.01,6.31,9.76,12.73,7.95
2026-04-20 00:19:41,AB_4,5.52,10.89,6.11,9.7,12.77,7.93
2026-04-20 00:19:42,AB_4,5.5,11.03,6.0,9.72,12.71,7.93
2026-04-20 00:19:42,AB_4,5.46,11.05,5.99,9.7,12.73,7.89
2026-04-20 00:19:43,AB_4,5.83,11.0,5.96,9.8,12.66,7.95
2026-04-20 00:19:43,AB_4,5.49,11.07,5.99,9.76,12.75,7.95
2026-04-20 00:19:43,AB_4,5.42,10.99,6.03,9.73,12.77,7.91
2026-04-20 00:19:44,AB_4,5.45,10.79,5.96,9.71,12.72,7.9
2026-04-20 00:19:44,AB_4,5.64,11.13,5.95,9.73,12.75,7.92
2026-04-20 00:19:45,AB_4,5.54,10.84,6.05,9.67,12.74,8.01
2026-04-20 00:19:45,AB_4,5.52,11.0,6.04,9.69,12.74,7.98
2026-04-20 00:19:45,AB_4,5.49,11.01,5.96,9.73,12.76,7.93
2026-04-20 00:19:46,AB_4,5.46,11.01,5.94,9.74,12.72,8.02
2026-04-20 00:19:46,AB_4,5.48,10.98,6.0,9.71,12.75,8.05
2026-04-20 00:19:47,AB_4,5.49,10.96,6.05,9.69,12.76,7.98
2026-04-20 00:19:47,AB_4,5.46,11.09,5.99,9.75,12.77,7.96
2026-04-20 00:19:47,AB_4,5.46,11.08,6.01,9.73,12.71,7.95
2026-04-20 00:19:48,AB_4,5.56,11.0,6.01,9.73,12.9,7.98
2026-04-20 00:19:48,AB_4,5.47,11.03,6.02,9.73,12.73,7.95
2026-04-20 00:19:48,AB_4,5.61,10.94,6.0,9.71,12.8,7.98
2026-04-20 00:19:49,AB_4,5.51,11.04,5.98,9.75,12.71,7.85
2026-04-20 00:19:49,AB_4,5.45,11.0,6.08,9.7,12.75,8.05
2026-04-20 00:19:50,AB_4,5.54,10.82,5.98,9.71,12.61,7.95
2026-04-20 00:19:50,AB_4,5.58,10.88,6.0,9.82,12.75,8.02
2026-04-20 00:19:50,AB_4,5.49,10.95,5.98,9.74,12.74,7.94
2026-04-20 00:20:04,AD_1,6.41,9.43,7.03,9.67,9.42,7.95
2026-04-20 00:20:04,AD_1,6.27,9.27,6.97,9.7,9.32,7.91
2026-04-20 00:20:05,AD_1,6.21,9.17,7.06,9.59,9.32,7.88
2026-04-20 00:20:05,AD_1,6.06,9.01,6.99,9.8,9.34,7.93
2026-04-20 00:20:06,AD_1,6.12,9.32,7.02,9.75,9.42,8.09
2026-04-20 00:20:06,AD_1,6.09,8.88,6.97,9.69,9.3,8.0
2026-04-20 00:20:06,AD_1,6.09,9.01,7.16,9.69,9.35,8.27
2026-04-20 00:20:07,AD_1,6.14,9.04,7.01,9.73,9.33,8.16
2026-04-20 00:20:07,AD_1,6.11,9.01,7.05,9.69,9.41,8.15
2026-04-20 00:20:08,AD_1,6.11,9.05,6.99,9.68,9.46,8.13
2026-04-20 00:20:08,AD_1,6.26,8.93,7.01,9.7,9.41,8.32
2026-04-20 00:20:08,AD_1,6.09,8.77,6.95,9.63,9.42,8.22
2026-04-20 00:20:09,AD_1,6.09,8.85,6.98,9.69,9.38,8.09
2026-04-20 00:20:09,AD_1,6.1,8.82,6.98,9.64,9.38,8.09
2026-04-20 00:20:10,AD_1,6.22,8.79,6.84,9.64,9.39,8.18
2026-04-20 00:20:10,AD_1,6.08,8.7,6.93,9.65,9.53,8.17
2026-04-20 00:20:10,AD_1,6.11,8.67,6.58,9.67,9.49,8.14
2026-04-20 00:20:11,AD_1,6.14,8.65,6.85,9.7,9.41,8.12
2026-04-20 00:20:11,AD_1,6.18,8.59,6.79,9.68,9.37,8.17
2026-04-20 00:20:12,AD_1,6.19,8.66,6.44,9.66,9.45,8.08
2026-04-20 00:20:12,AD_1,6.13,8.5,6.48,9.69,9.45,8.14
2026-04-20 00:20:12,AD_1,6.19,8.45,6.4,9.69,9.59,8.21
2026-04-20 00:20:13,AD_1,6.16,8.41,6.62,9.64,9.38,8.23
2026-04-20 00:20:13,AD_1,6.16,8.59,6.65,9.63,9.46,8.12
2026-04-20 00:20:14,AD_1,6.11,8.46,6.6,9.69,9.43,8.09
2026-04-20 00:20:14,AD_1,6.22,8.44,6.36,9.63,9.35,8.15
2026-04-20 00:20:14,AD_1,6.17,8.56,6.74,9.64,9.37,8.4
2026-04-20 00:20:15,AD_1,6.14,8.41,6.43,9.65,9.4,8.2
2026-04-20 00:20:15,AD_1,6.09,8.57,6.58,9.64,9.33,8.35
2026-04-20 00:20:16,AD_1,6.1,8.53,6.36,9.65,9.41,8.36
2026-04-20 00:20:16,AD_1,6.13,8.54,6.43,9.61,9.41,8.31
2026-04-20 00:20:16,AD_1,6.19,8.41,6.32,9.67,9.44,8.11
2026-04-20 00:20:17,AD_1,6.19,8.49,6.54,9.69,9.32,8.25
2026-04-20 00:20:17,AD_1,6.28,8.53,6.53,9.73,9.37,8.3
2026-04-20 00:20:18,AD_1,6.14,8.5,6.51,9.69,9.34,8.19
2026-04-20 00:20:18,AD_1,6.14,8.51,6.47,9.65,9.39,8.26
2026-04-20 00:20:18,AD_1,6.12,8.49,6.54,9.61,9.36,8.07
2026-04-20 00:20:19,AD_1,6.14,8.54,6.36,9.65,9.36,8.2
2026-04-20 00:20:19,AD_1,6.13,8.46,6.38,9.67,9.35,8.09
2026-04-20 00:20:20,AD_1,6.25,8.46,6.33,9.66,9.35,8.31
2026-04-20 00:20:20,AD_1,6.16,8.47,6.22,9.62,9.44,8.15
2026-04-20 00:20:20,AD_1,6.2,8.34,6.25,9.68,9.4,8.2
2026-04-20 00:20:21,AD_1,6.16,8.44,6.62,9.82,9.59,8.1
2026-04-20 00:20:21,AD_1,6.33,8.39,6.47,9.63,9.54,8.25
2026-04-20 00:20:22,AD_1,6.34,8.47,6.52,9.66,9.55,8.19
2026-04-20 00:20:22,AD_1,6.15,8.49,6.27,9.62,9.47,8.32
2026-04-20 00:20:22,AD_1,6.11,8.46,6.29,9.69,9.4,8.32
2026-04-20 00:20:23,AD_1,6.12,8.45,6.38,9.6,9.36,8.26
2026-04-20 00:20:23,AD_1,6.11,8.47,6.52,9.66,9.41,8.25
2026-04-20 00:20:24,AD_1,6.14,8.51,6.41,9.74,9.42,8.23
2026-04-20 00:20:24,AD_1,6.16,8.37,6.32,9.66,9.36,8.31
2026-04-20 00:20:24,AD_1,6.26,8.36,6.25,9.65,9.36,8.36
2026-04-20 00:20:25,AD_1,6.13,8.46,6.28,9.65,9.39,8.44
2026-04-20 00:20:25,AD_1,6.31,8.39,6.18,9.67,9.39,8.26
2026-04-20 00:20:26,AD_1,6.15,8.47,6.23,9.69,9.35,8.48
2026-04-20 00:20:26,AD_1,6.2,8.33,6.18,9.64,9.37,8.31
2026-04-20 00:20:26,AD_1,6.13,8.3,6.11,9.68,9.53,8.18
2026-04-20 00:20:27,AD_1,6.09,8.29,6.2,9.66,9.33,8.52
2026-04-20 00:20:27,AD_1,6.11,8.45,6.28,9.76,9.4,8.41
2026-04-20 00:20:28,AD_1,6.24,8.39,6.42,9.64,9.33,8.18
2026-04-20 00:20:28,AD_1,6.1,8.38,6.19,9.68,9.4,8.36
2026-04-20 00:20:28,AD_1,6.09,8.44,5.94,9.66,9.37,8.32
2026-04-20 00:20:29,AD_1,6.18,8.47,6.48,9.63,9.38,8.42
2026-04-20 00:20:29,AD_1,6.11,8.49,6.14,9.65,9.37,8.21
2026-04-20 00:20:30,AD_1,6.08,8.37,6.52,9.75,9.38,8.4
2026-04-20 00:20:30,AD_1,6.12,8.45,6.31,9.68,9.33,8.33
2026-04-20 00:20:30,AD_1,6.08,8.34,6.46,9.62,9.43,8.26
2026-04-20 00:20:31,AD_1,6.11,8.47,6.38,9.63,9.38,8.27
2026-04-20 00:20:31,AD_1,6.09,8.47,6.21,9.65,9.37,8.41
2026-04-20 00:20:32,AD_1,6.38,8.4,6.23,9.64,9.36,8.5
2026-04-20 00:20:32,AD_1,6.06,8.42,6.3,9.63,9.32,8.37
2026-04-20 00:20:32,AD_1,6.09,8.31,6.19,9.62,9.38,8.25
2026-04-20 00:20:33,AD_1,6.14,8.45,6.31,9.68,9.39,8.29
2026-04-20 00:20:33,AD_1,6.1,8.45,6.41,9.64,9.54,8.54
2026-04-20 00:20:34,AD_1,6.29,8.41,6.18,9.63,9.34,8.39
2026-04-20 00:20:34,AD_1,6.17,8.42,6.2,9.66,9.41,8.28
2026-04-20 00:20:34,AD_1,6.23,8.46,6.31,9.7,9.43,8.33
2026-04-20 00:20:35,AD_1,6.18,8.37,6.28,9.7,9.41,8.21
2026-04-20 00:20:35,AD_1,6.15,8.44,6.26,9.64,9.43,8.23
2026-04-20 00:20:36,AD_1,6.29,8.46,6.31,9.67,9.4,8.26
2026-04-20 00:20:36,AD_1,6.1,8.33,6.53,9.67,9.3,8.41
2026-04-20 00:20:36,AD_1,6.1,8.39,6.25,9.66,9.37,8.14
2026-04-20 00:20:37,AD_1,6.18,8.34,6.2,9.69,9.34,8.21
2026-04-20 00:20:37,AD_1,6.3,8.32,6.27,9.87,9.4,8.36
2026-04-20 00:20:38,AD_1,6.22,8.44,6.21,9.71,9.37,8.34
2026-04-20 00:20:38,AD_1,6.09,8.24,6.08,9.62,9.45,8.26
2026-04-20 00:20:38,AD_1,6.12,8.47,6.17,9.66,9.37,8.39
2026-04-20 00:20:39,AD_1,6.12,8.31,6.02,9.67,9.36,8.29
2026-04-20 00:20:39,AD_1,6.09,8.36,6.43,9.63,9.4,8.42
2026-04-20 00:20:40,AD_1,6.21,8.2,5.95,9.68,9.34,8.39
2026-04-20 00:20:40,AD_1,6.1,8.36,6.29,9.62,9.43,8.37
2026-04-20 00:20:40,AD_1,6.14,8.45,6.3,9.67,9.41,8.33
2026-04-20 00:20:41,AD_1,6.24,8.45,6.11,9.67,9.46,8.31
2026-04-20 00:20:41,AD_1,6.09,8.34,6.24,9.67,9.36,8.36
2026-04-20 00:20:42,AD_1,6.08,8.27,6.35,9.62,9.35,8.33
2026-04-20 00:20:42,AD_1,6.17,8.37,6.4,9.6,9.34,8.44
2026-04-20 00:20:42,AD_1,6.24,8.34,6.03,9.69,9.45,8.36
2026-04-20 00:20:43,AD_1,6.26,8.44,6.09,9.61,9.41,8.48
2026-04-20 00:20:43,AD_1,6.11,8.4,6.16,9.78,9.42,8.41
2026-04-20 00:20:44,AD_1,6.09,8.45,6.23,9.71,9.68,8.38
2026-04-20 00:20:44,AD_1,6.1,8.47,6.29,9.7,9.53,8.3
2026-04-20 00:20:44,AD_1,6.3,9.11,6.14,9.62,9.44,8.35
2026-04-20 00:20:45,AD_1,6.11,8.39,6.08,9.63,9.41,8.23
2026-04-20 00:20:45,AD_1,6.3,8.35,6.17,9.66,9.41,8.49
2026-04-20 00:20:46,AD_1,6.15,8.46,6.11,9.67,9.39,8.45
2026-04-20 00:20:46,AD_1,6.12,8.45,6.29,9.59,9.45,8.45
2026-04-20 00:20:46,AD_1,6.18,8.43,6.12,9.63,9.44,8.45
2026-04-20 00:20:47,AD_1,6.17,8.42,6.07,9.67,9.36,8.46
2026-04-20 00:20:47,AD_1,6.16,8.42,6.21,9.66,9.39,8.39
2026-04-20 00:20:48,AD_1,6.16,8.47,6.22,9.66,9.37,8.5
2026-04-20 00:20:48,AD_1,6.12,8.28,6.08,9.63,9.38,8.45
2026-04-20 00:20:48,AD_1,6.09,8.3,6.23,9.65,9.31,8.49
2026-04-20 00:20:49,AD_1,6.14,8.44,6.19,9.57,9.34,8.56
2026-04-20 00:20:49,AD_1,6.16,8.44,6.09,9.67,9.32,8.52
2026-04-20 00:20:50,AD_1,6.1,8.31,6.06,9.66,9.39,8.45
2026-04-20 00:20:50,AD_1,6.31,8.38,6.19,9.72,9.52,8.4
2026-04-20 00:20:50,AD_1,6.2,8.31,6.08,9.62,9.5,8.45
2026-04-20 00:20:51,AD_1,6.21,8.4,6.24,9.72,9.36,8.44
2026-04-20 00:20:51,AD_1,6.25,8.43,6.32,9.65,9.35,8.39
2026-04-20 00:20:51,AD_1,6.15,8.44,6.3,9.63,9.35,8.35
2026-04-20 00:20:52,AD_1,6.14,8.45,6.34,9.67,9.4,8.37
2026-04-20 00:20:52,AD_1,6.07,8.32,6.21,9.7,9.39,8.4
2026-04-20 00:20:53,AD_1,6.11,8.34,6.1,9.71,9.38,8.38
2026-04-20 00:20:53,AD_1,6.1,8.42,6.23,9.63,9.33,8.37
2026-04-20 00:20:53,AD_1,6.14,8.36,6.28,9.7,9.35,8.47
2026-04-20 00:20:54,AD_1,6.13,8.44,6.19,9.69,9.44,8.21
2026-04-20 00:20:54,AD_1,6.27,8.36,6.3,9.65,9.57,8.36
2026-04-20 00:20:55,AD_1,6.18,8.42,6.32,9.68,9.38,8.35
2026-04-20 00:20:55,AD_1,6.26,8.44,6.13,9.65,9.46,8.41
2026-04-20 00:20:55,AD_1,6.16,8.4,6.19,9.64,9.56,8.31
2026-04-20 00:20:56,AD_1,6.17,8.31,6.09,9.65,9.42,8.23
2026-04-20 00:20:56,AD_1,6.12,8.19,6.31,9.62,9.37,8.45
2026-04-20 00:20:57,AD_1,6.1,8.34,6.14,9.71,9.42,8.34
2026-04-20 00:20:57,AD_1,6.2,8.32,6.14,9.64,9.39,8.26
2026-04-20 00:20:57,AD_1,6.29,8.41,6.15,9.64,9.35,8.27
2026-04-20 00:20:58,AD_1,6.11,8.31,6.11,9.63,9.33,8.34
2026-04-20 00:20:58,AD_1,6.09,8.45,6.27,9.63,9.37,8.26
2026-04-20 00:20:59,AD_1,6.14,8.31,6.25,9.65,9.35,8.41
2026-04-20 00:20:59,AD_1,6.14,8.36,6.18,9.64,9.37,8.25
2026-04-20 00:20:59,AD_1,6.26,8.46,6.23,9.7,9.42,8.3
2026-04-20 00:21:00,AD_1,6.09,8.34,6.15,9.64,9.39,8.26
2026-04-20 00:21:00,AD_1,6.16,8.4,6.22,9.71,9.41,8.35
2026-04-20 00:21:01,AD_1,6.11,8.34,5.9,9.63,9.37,8.24
2026-04-20 00:21:01,AD_1,6.13,8.51,6.17,9.63,9.44,8.42
2026-04-20 00:21:02,AD_1,6.14,8.34,6.06,9.62,9.31,8.25
2026-04-20 00:21:02,AD_1,6.33,8.25,5.9,9.72,9.4,8.33
2026-04-20 00:21:02,AD_1,6.24,8.41,6.19,9.62,9.45,8.35
2026-04-20 00:21:03,AD_1,6.11,8.33,6.12,9.65,9.39,8.45
2026-04-20 00:21:03,AD_1,6.16,8.38,5.99,9.66,9.45,8.3
2026-04-20 00:21:04,AD_1,6.09,8.39,6.23,9.63,9.51,8.34
2026-04-20 00:21:04,AD_1,6.14,8.3,6.17,9.62,9.34,8.27
2026-04-20 00:21:04,AD_1,6.09,8.36,6.19,9.62,9.4,8.31
2026-04-20 00:21:05,AD_1,6.13,8.48,6.09,9.66,9.39,8.53
2026-04-20 00:21:05,AD_1,6.12,8.46,6.21,9.66,9.39,8.43
2026-04-20 00:21:06,AD_1,6.14,8.3,6.27,9.68,9.44,8.29
2026-04-20 00:21:06,AD_1,6.3,8.44,6.3,9.65,9.34,8.37
2026-04-20 00:21:06,AD_1,6.2,8.47,6.34,9.63,9.45,8.59
2026-04-20 00:21:07,AD_1,6.1,8.43,6.08,9.65,9.36,8.44
2026-04-20 00:21:07,AD_1,6.05,8.44,6.1,9.62,9.36,8.37
2026-04-20 00:21:08,AD_1,6.17,8.43,6.2,9.65,9.39,8.27
2026-04-20 00:21:08,AD_1,6.19,8.46,6.21,9.64,9.37,8.47
2026-04-20 00:21:08,AD_1,6.11,8.46,6.04,9.62,9.38,8.5
2026-04-20 00:21:09,AD_1,6.07,8.41,6.16,9.65,9.4,8.4
2026-04-20 00:21:09,AD_1,6.12,8.44,6.13,9.65,9.37,8.27
2026-04-20 00:21:10,AD_1,6.12,8.36,6.34,9.63,9.42,8.45
2026-04-20 00:21:10,AD_1,6.14,8.28,6.24,9.67,9.44,8.38
2026-04-20 00:21:10,AD_1,6.27,8.32,6.06,9.63,9.45,8.37
2026-04-20 00:21:11,AD_1,6.27,8.41,6.26,9.66,9.31,8.37
2026-04-20 00:21:11,AD_1,6.39,8.47,6.22,9.68,9.39,8.3
2026-04-20 00:21:11,AD_1,6.13,8.44,6.17,9.64,9.44,8.63
2026-04-20 00:21:12,AD_1,6.07,8.27,6.05,9.66,9.32,8.44
2026-04-20 00:21:12,AD_1,6.16,8.43,6.22,9.63,9.35,8.31
2026-04-20 00:21:13,AD_1,6.35,8.42,6.22,9.62,9.41,8.43
2026-04-20 00:21:13,AD_1,6.1,8.42,6.14,9.66,9.53,8.41
2026-04-20 00:21:13,AD_1,6.13,8.46,6.29,9.79,9.55,8.38
2026-04-20 00:21:14,AD_1,6.09,8.43,6.1,9.69,9.46,8.34
2026-04-20 00:21:14,AD_1,6.07,8.42,6.27,9.64,9.41,8.28
2026-04-20 00:21:15,AD_1,6.06,8.3,6.12,9.67,9.3,8.37
2026-04-20 00:21:15,AD_1,6.14,8.42,6.05,9.68,9.53,8.37
2026-04-20 00:21:15,AD_1,6.07,8.36,6.39,9.73,9.38,8.43
2026-04-20 00:21:16,AD_1,6.22,8.46,6.32,9.61,9.34,8.42
2026-04-20 00:21:16,AD_1,6.07,8.31,6.35,9.64,9.35,8.35
2026-04-20 00:21:17,AD_1,6.05,8.37,6.26,9.69,9.36,8.24
2026-04-20 00:21:17,AD_1,6.14,8.45,6.33,9.67,9.35,8.32
2026-04-20 00:21:17,AD_1,6.15,8.43,6.09,9.66,9.35,8.61
2026-04-20 00:21:18,AD_1,6.06,8.39,6.01,9.66,9.41,8.45
2026-04-20 00:21:18,AD_1,6.11,8.45,6.2,9.67,9.34,8.41
2026-04-20 00:21:19,AD_1,6.15,8.42,6.26,9.63,9.42,8.38
2026-04-20 00:21:19,AD_1,6.05,8.47,6.26,9.65,9.37,8.5
2026-04-20 00:21:19,AD_1,6.21,8.34,5.98,9.66,9.35,8.66
2026-04-20 00:21:20,AD_1,6.22,8.43,6.0,9.63,9.34,8.48
2026-04-20 00:21:20,AD_1,6.16,8.44,6.13,9.65,9.33,8.35
2026-04-20 00:21:21,AD_1,6.27,8.45,6.15,9.64,9.38,8.5
2026-04-20 00:21:21,AD_1,6.28,8.47,6.18,9.69,9.3,8.46
2026-04-20 00:21:21,AD_1,6.13,8.46,6.3,9.65,9.35,8.51
2026-04-20 00:21:22,AD_1,6.24,8.43,6.15,9.65,9.44,8.44
2026-04-20 00:21:22,AD_1,6.08,8.32,6.09,9.65,9.4,8.64
2026-04-20 00:21:23,AD_1,6.12,8.42,6.01,9.67,9.47,8.48
2026-04-20 00:21:23,AD_1,6.1,8.35,6.13,9.61,9.39,8.44
2026-04-20 00:21:23,AD_1,6.11,8.4,6.17,9.68,9.54,8.41
2026-04-20 00:22:05,AD_2,7.02,8.27,4.96,9.66,8.01,9.19
2026-04-20 00:22:05,AD_2,7.37,8.13,4.99,9.64,8.05,8.87
2026-04-20 00:22:05,AD_2,7.28,7.97,4.92,9.8,8.06,8.78
2026-04-20 00:22:06,AD_2,7.35,7.93,4.99,9.62,8.13,8.72
2026-04-20 00:22:06,AD_2,7.38,7.95,4.95,9.76,8.11,8.8
2026-04-20 00:22:07,AD_2,7.22,7.94,5.08,9.6,8.14,8.57
2026-04-20 00:22:07,AD_2,7.37,7.81,5.04,9.71,8.05,8.59
2026-04-20 00:22:07,AD_2,7.28,7.95,4.93,9.59,8.08,8.59
2026-04-20 00:22:08,AD_2,7.32,7.94,4.94,9.66,8.08,8.73
2026-04-20 00:22:08,AD_2,7.69,7.78,4.96,9.67,8.27,8.85
2026-04-20 00:22:09,AD_2,7.68,7.87,4.94,9.59,8.16,8.57
2026-04-20 00:22:09,AD_2,7.7,7.9,4.96,9.67,8.15,8.72
2026-04-20 00:22:09,AD_2,7.4,7.81,5.09,9.57,8.22,8.76
2026-04-20 00:22:10,AD_2,7.42,7.89,4.93,9.55,8.06,8.66
2026-04-20 00:22:10,AD_2,7.33,7.76,4.91,9.61,8.16,9.03
2026-04-20 00:22:11,AD_2,7.37,7.79,4.94,9.68,8.02,8.98
2026-04-20 00:22:11,AD_2,7.44,7.78,4.99,9.66,8.05,8.86
2026-04-20 00:22:11,AD_2,6.45,7.75,4.95,9.6,8.11,8.83
2026-04-20 00:22:12,AD_2,7.31,7.63,5.32,9.74,8.13,8.84
2026-04-20 00:22:12,AD_2,7.41,7.8,4.96,9.63,8.04,8.67
2026-04-20 00:22:13,AD_2,7.45,7.66,4.95,9.64,8.06,8.93
2026-04-20 00:22:13,AD_2,7.39,7.58,5.1,9.69,8.28,9.09
2026-04-20 00:22:13,AD_2,7.26,7.49,4.94,9.61,8.2,9.07
2026-04-20 00:22:14,AD_2,7.1,7.66,4.92,9.6,8.1,8.94
2026-04-20 00:22:14,AD_2,7.38,7.62,4.9,9.59,8.09,9.22
2026-04-20 00:22:15,AD_2,7.41,7.53,4.96,9.68,8.12,9.19
2026-04-20 00:22:15,AD_2,7.28,7.53,5.18,9.59,8.05,9.16
2026-04-20 00:22:15,AD_2,7.44,7.54,5.04,9.56,8.04,9.17
2026-04-20 00:22:16,AD_2,7.33,7.51,4.96,9.63,8.01,9.03
2026-04-20 00:22:16,AD_2,7.38,7.39,4.88,9.66,8.1,9.25
2026-04-20 00:22:17,AD_2,7.38,7.5,4.95,9.62,8.25,9.26
2026-04-20 00:22:17,AD_2,7.44,7.49,4.95,9.63,7.98,9.27
2026-04-20 00:22:17,AD_2,7.35,7.48,4.96,9.6,8.24,9.25
2026-04-20 00:22:18,AD_2,7.29,7.46,4.97,9.59,8.07,9.29
2026-04-20 00:22:18,AD_2,7.43,7.38,5.07,9.59,8.3,9.33
2026-04-20 00:22:19,AD_2,7.37,7.36,4.97,9.61,7.98,9.41
2026-04-20 00:22:19,AD_2,7.59,7.35,4.92,9.66,7.93,9.43
2026-04-20 00:22:19,AD_2,7.16,7.43,4.93,9.62,7.96,9.42
2026-04-20 00:22:20,AD_2,7.43,7.37,4.93,9.63,7.92,9.29
2026-04-20 00:22:20,AD_2,7.59,7.42,4.95,9.6,7.98,9.2
2026-04-20 00:22:21,AD_2,7.35,7.43,4.95,9.62,7.94,9.19
2026-04-20 00:22:21,AD_2,7.45,7.34,5.14,9.61,8.02,9.24
2026-04-20 00:22:21,AD_2,7.58,7.35,4.88,9.61,7.94,9.19
2026-04-20 00:22:22,AD_2,7.33,7.35,5.03,9.62,8.02,9.38
2026-04-20 00:22:22,AD_2,7.36,7.36,4.94,9.59,7.99,9.35
2026-04-20 00:22:23,AD_2,7.36,7.22,4.87,9.64,8.08,9.19
2026-04-20 00:22:23,AD_2,7.42,7.39,4.98,9.62,8.13,9.11
2026-04-20 00:22:24,AD_2,7.37,7.37,4.9,9.69,7.96,9.2
2026-04-20 00:22:24,AD_2,7.35,7.32,4.97,9.64,8.01,9.18
2026-04-20 00:22:24,AD_2,7.44,7.33,4.89,9.67,7.99,9.08
2026-04-20 00:22:25,AD_2,7.52,7.38,4.96,9.62,7.93,9.24
2026-04-20 00:22:25,AD_2,7.46,7.41,4.99,9.67,8.03,9.35
2026-04-20 00:22:26,AD_2,7.47,7.4,5.01,9.6,7.89,9.33
2026-04-20 00:22:26,AD_2,7.51,7.38,4.92,9.59,8.06,9.33
2026-04-20 00:22:26,AD_2,7.35,7.36,4.88,9.61,7.95,9.37
2026-04-20 00:22:27,AD_2,7.49,7.36,4.87,9.61,7.93,9.41
2026-04-20 00:22:27,AD_2,7.5,7.29,4.96,9.59,8.01,9.37
2026-04-20 00:22:28,AD_2,7.41,7.26,4.91,9.61,7.94,9.38
2026-04-20 00:22:28,AD_2,7.31,7.38,5.02,9.68,7.95,9.43
2026-04-20 00:22:28,AD_2,7.36,7.36,4.91,9.62,7.93,9.4
2026-04-20 00:22:29,AD_2,7.33,7.37,4.92,9.61,8.01,9.37
2026-04-20 00:22:29,AD_2,7.36,7.33,4.91,9.58,7.93,9.43
2026-04-20 00:22:30,AD_2,7.43,7.35,4.94,9.56,7.92,9.46
2026-04-20 00:22:30,AD_2,7.37,7.28,4.98,9.67,7.83,9.4
2026-04-20 00:22:30,AD_2,7.42,7.37,4.93,9.6,7.88,9.23
2026-04-20 00:22:31,AD_2,7.34,7.29,4.99,9.6,7.88,9.15
2026-04-20 00:22:31,AD_2,7.37,7.28,4.89,9.63,7.95,9.12
2026-04-20 00:22:32,AD_2,7.44,7.28,4.92,9.63,7.91,9.38
2026-04-20 00:22:32,AD_2,7.33,7.24,4.98,9.6,8.0,9.33
2026-04-20 00:22:32,AD_2,7.36,7.28,4.89,9.63,7.92,9.39
2026-04-20 00:22:33,AD_2,7.36,7.27,4.9,9.62,7.86,9.21
2026-04-20 00:22:33,AD_2,7.39,7.32,4.9,9.57,7.84,9.42
2026-04-20 00:22:34,AD_2,7.39,7.27,4.98,9.62,8.05,9.43
2026-04-20 00:22:34,AD_2,7.35,7.3,4.92,9.59,7.89,9.37
2026-04-20 00:22:34,AD_2,7.01,7.37,4.96,9.61,7.85,9.31
2026-04-20 00:22:35,AD_2,7.36,7.31,4.9,9.63,7.91,9.33
2026-04-20 00:22:35,AD_2,7.37,7.22,4.92,9.63,7.87,9.24
2026-04-20 00:22:36,AD_2,7.39,7.28,4.97,9.65,7.9,9.22
2026-04-20 00:22:36,AD_2,7.45,7.27,4.97,9.59,8.04,9.36
2026-04-20 00:22:36,AD_2,7.41,7.32,4.94,9.59,7.94,9.42
2026-04-20 00:22:37,AD_2,7.47,7.34,5.09,9.62,7.89,9.49
2026-04-20 00:22:37,AD_2,7.38,7.32,5.02,9.6,7.83,9.39
2026-04-20 00:22:38,AD_2,7.36,7.32,4.92,9.59,7.93,9.46
2026-04-20 00:22:38,AD_2,7.37,7.3,4.94,9.68,7.84,9.45
2026-04-20 00:22:38,AD_2,7.31,7.26,4.92,9.63,7.81,9.48
2026-04-20 00:22:39,AD_2,7.39,7.33,4.98,9.63,7.79,9.46
2026-04-20 00:22:39,AD_2,7.42,7.32,5.0,9.65,7.84,9.5
2026-04-20 00:22:40,AD_2,7.41,7.3,4.96,9.59,7.78,9.4
2026-04-20 00:22:40,AD_2,7.33,7.24,4.96,9.6,7.83,9.39
2026-04-20 00:22:40,AD_2,7.38,7.3,4.93,9.65,7.8,9.47
2026-04-20 00:22:41,AD_2,7.34,7.31,4.92,9.63,7.86,9.43
2026-04-20 00:22:41,AD_2,7.32,7.3,4.93,9.6,7.83,9.28
2026-04-20 00:22:42,AD_2,7.37,7.12,4.95,9.68,8.03,9.25
2026-04-20 00:22:42,AD_2,7.44,7.28,4.84,9.64,7.84,9.42
2026-04-20 00:22:42,AD_2,7.36,7.69,4.9,9.67,7.84,9.45
2026-04-20 00:22:43,AD_2,7.42,7.25,4.93,9.6,7.83,9.36
2026-04-20 00:22:43,AD_2,7.42,7.2,4.95,9.61,7.88,9.34
2026-04-20 00:22:44,AD_2,7.47,7.21,4.96,9.6,7.9,9.27
2026-04-20 00:22:44,AD_2,7.47,7.24,4.98,9.65,7.89,9.38
2026-04-20 00:22:44,AD_2,7.46,7.33,4.96,9.65,7.82,9.27
2026-04-20 00:22:45,AD_2,7.56,7.2,4.95,9.6,7.78,9.35
2026-04-20 00:22:45,AD_2,7.68,7.2,4.97,9.65,7.86,9.27
2026-04-20 00:22:46,AD_2,7.48,7.24,5.07,9.62,7.96,9.24
2026-04-20 00:22:46,AD_2,7.7,7.24,4.96,9.64,7.82,9.24
2026-04-20 00:22:46,AD_2,7.33,7.3,4.92,9.63,7.8,9.41
2026-04-20 00:22:47,AD_2,7.55,7.3,5.0,9.61,7.92,9.41
2026-04-20 00:22:47,AD_2,7.69,7.23,5.0,9.62,7.94,9.41
2026-04-20 00:22:48,AD_2,7.53,7.29,4.91,9.66,7.78,9.42
2026-04-20 00:22:48,AD_2,7.43,7.2,4.92,9.73,7.8,9.42
2026-04-20 00:22:48,AD_2,7.36,7.27,4.93,9.61,7.82,9.37
2026-04-20 00:22:49,AD_2,7.34,7.29,5.04,9.66,7.83,9.43
2026-04-20 00:22:49,AD_2,7.52,7.3,4.91,9.82,7.79,9.45
2026-04-20 00:22:50,AD_2,7.36,7.31,4.94,9.59,7.8,9.37
2026-04-20 00:22:50,AD_2,7.34,7.28,4.92,9.66,7.73,9.4
2026-04-20 00:22:50,AD_2,7.41,7.28,4.92,9.63,7.82,9.46
2026-04-20 00:22:51,AD_2,7.35,7.27,4.92,9.62,7.75,9.43
2026-04-20 00:22:51,AD_2,7.41,7.24,4.86,9.63,7.74,9.34
2026-04-20 00:22:52,AD_2,7.36,7.2,5.04,9.65,7.83,9.34
2026-04-20 00:22:52,AD_2,7.35,7.15,4.89,9.65,7.87,9.31
2026-04-20 00:22:52,AD_2,7.42,7.2,4.92,9.61,7.95,9.41
2026-04-20 00:22:53,AD_2,7.38,7.29,4.98,9.66,7.8,9.36
2026-04-20 00:22:53,AD_2,7.4,7.17,4.97,9.59,7.84,9.33
2026-04-20 00:22:54,AD_2,7.36,7.22,4.95,9.66,7.81,9.2
2026-04-20 00:22:54,AD_2,7.41,7.28,4.99,9.61,7.78,9.44
2026-04-20 00:22:55,AD_2,7.44,7.17,4.93,9.65,7.75,9.4
2026-04-20 00:22:55,AD_2,7.36,7.17,4.94,9.7,7.74,9.44
2026-04-20 00:22:55,AD_2,7.5,7.21,4.67,9.68,7.84,9.29
2026-04-20 00:22:56,AD_2,7.42,7.18,4.94,9.64,7.85,9.38
2026-04-20 00:22:56,AD_2,7.35,7.21,4.95,9.62,7.9,9.43
2026-04-20 00:22:57,AD_2,7.36,7.21,4.93,9.57,7.77,9.29
2026-04-20 00:22:57,AD_2,7.42,7.22,4.9,9.64,7.86,9.5
2026-04-20 00:22:57,AD_2,7.4,7.31,4.89,9.77,7.8,9.42
2026-04-20 00:22:58,AD_2,7.36,7.21,5.01,9.62,7.82,9.39
2026-04-20 00:22:58,AD_2,7.39,7.28,5.01,9.64,7.75,9.42
2026-04-20 00:22:59,AD_2,7.36,7.27,4.91,9.62,7.81,9.46
2026-04-20 00:22:59,AD_2,7.37,7.29,5.04,9.57,7.79,9.44
2026-04-20 00:22:59,AD_2,7.37,7.24,5.04,9.63,7.8,9.39
2026-04-20 00:23:00,AD_2,7.38,7.21,4.92,9.7,7.84,9.43
2026-04-20 00:23:00,AD_2,7.34,7.28,4.97,9.7,7.84,9.51
2026-04-20 00:23:01,AD_2,7.58,7.25,4.93,9.63,7.77,9.42
2026-04-20 00:23:01,AD_2,7.33,7.25,4.92,9.64,7.74,9.43
2026-04-20 00:23:01,AD_2,7.37,7.21,4.91,9.61,7.7,9.4
2026-04-20 00:23:02,AD_2,7.34,7.25,4.94,9.62,7.77,9.44
2026-04-20 00:23:02,AD_2,7.43,7.18,4.87,9.63,7.8,9.41
2026-04-20 00:23:03,AD_2,7.35,7.22,5.0,9.65,7.78,9.34
2026-04-20 00:23:03,AD_2,7.32,7.19,5.01,9.61,7.81,9.44
2026-04-20 00:23:03,AD_2,7.35,7.25,4.95,9.58,7.74,9.42
2026-04-20 00:23:04,AD_2,7.32,7.15,4.98,9.58,8.01,9.41
2026-04-20 00:23:04,AD_2,7.35,7.18,5.0,9.62,7.82,9.44
2026-04-20 00:23:05,AD_2,7.4,7.23,4.81,9.78,7.83,9.41
2026-04-20 00:23:05,AD_2,7.39,7.18,4.96,9.64,7.82,9.38
2026-04-20 00:23:05,AD_2,7.53,7.21,4.94,9.63,7.84,9.38
2026-04-20 00:23:06,AD_2,7.45,7.2,5.01,9.62,7.86,9.4
2026-04-20 00:23:06,AD_2,7.41,7.21,5.0,9.63,7.77,9.46
2026-04-20 00:23:07,AD_2,7.53,7.22,4.93,9.64,7.89,9.36
2026-04-20 00:23:07,AD_2,7.55,7.21,4.93,9.67,7.94,9.42
2026-04-20 00:23:08,AD_2,7.45,7.26,4.88,9.65,7.77,9.32
2026-04-20 00:23:08,AD_2,7.41,7.25,5.2,9.59,7.88,9.44
2026-04-20 00:23:08,AD_2,7.32,7.19,4.91,9.67,7.86,9.42
2026-04-20 00:23:09,AD_2,7.41,7.21,5.14,9.62,7.87,9.36
2026-04-20 00:23:09,AD_2,7.29,7.31,5.01,9.67,7.96,9.45
2026-04-20 00:23:10,AD_2,7.38,7.19,5.04,9.62,7.94,9.42
2026-04-20 00:23:10,AD_2,7.36,7.26,4.94,9.62,7.85,9.2
2026-04-20 00:23:10,AD_2,7.46,7.21,4.91,9.66,7.77,9.4
2026-04-20 00:23:11,AD_2,7.34,7.29,4.97,9.73,7.73,9.28
2026-04-20 00:23:11,AD_2,7.33,7.25,4.91,9.66,7.79,9.54
2026-04-20 00:23:12,AD_2,7.46,7.23,4.96,9.68,7.76,9.42
2026-04-20 00:23:12,AD_2,7.39,7.2,4.83,9.72,7.85,9.3
2026-04-20 00:23:12,AD_2,7.35,7.24,4.96,9.66,7.8,9.41
2026-04-20 00:23:13,AD_2,7.32,7.25,4.96,9.62,7.75,9.44
2026-04-20 00:23:13,AD_2,7.37,7.27,4.96,9.66,7.9,9.43
2026-04-20 00:23:14,AD_2,7.38,7.27,4.97,9.67,7.83,9.41
2026-04-20 00:23:14,AD_2,7.45,7.28,4.9,9.65,7.74,9.42
2026-04-20 00:23:14,AD_2,7.37,7.27,5.08,9.68,7.89,9.48
2026-04-20 00:23:15,AD_2,7.39,7.26,4.97,9.73,7.74,9.43
2026-04-20 00:23:15,AD_2,7.46,7.26,4.88,9.69,7.88,9.41
2026-04-20 00:23:16,AD_2,7.38,7.25,4.87,9.61,7.83,9.47
2026-04-20 00:23:16,AD_2,7.54,7.23,4.9,9.63,7.76,9.38
2026-04-20 00:23:16,AD_2,7.39,7.19,4.93,9.64,8.01,9.36
2026-04-20 00:23:17,AD_2,7.36,7.29,4.87,9.65,7.79,9.28
2026-04-20 00:23:17,AD_2,7.39,7.14,4.93,9.6,7.82,9.37
2026-04-20 00:23:18,AD_2,7.35,7.21,4.97,9.62,7.88,9.26
2026-04-20 00:23:18,AD_2,7.37,7.25,4.95,9.65,7.81,9.37
2026-04-20 00:23:18,AD_2,7.41,7.21,4.89,9.64,7.89,9.45
2026-04-20 00:23:19,AD_2,7.62,7.24,5.07,9.57,7.82,9.37
2026-04-20 00:23:19,AD_2,7.64,7.27,4.91,9.65,7.72,9.42
2026-04-20 00:23:20,AD_2,7.42,7.17,4.93,9.62,7.75,9.43
2026-04-20 00:23:20,AD_2,7.32,7.13,5.09,9.6,7.83,9.43
2026-04-20 00:23:20,AD_2,7.34,7.2,4.95,9.66,7.74,9.22
2026-04-20 00:23:21,AD_2,7.37,7.26,4.98,9.76,7.77,9.42
2026-04-20 00:23:21,AD_2,7.39,7.24,4.96,9.59,7.86,9.36
2026-04-20 00:23:22,AD_2,7.41,7.28,4.98,9.62,7.8,9.24
2026-04-20 00:23:22,AD_2,7.45,7.3,5.01,9.62,7.79,9.42
2026-04-20 00:23:22,AD_2,7.47,7.26,4.88,9.6,7.82,9.45
2026-04-20 00:23:23,AD_2,7.42,7.2,4.97,9.61,7.96,9.49
2026-04-20 00:23:23,AD_2,7.31,7.27,4.94,9.6,7.87,9.44
2026-04-20 00:23:24,AD_2,7.34,7.24,4.93,9.64,7.94,9.38
2026-04-20 00:23:24,AD_2,7.46,7.26,4.96,9.63,7.89,9.41
2026-04-20 00:23:24,AD_2,7.46,7.24,4.99,9.63,7.89,9.46
2026-04-20 00:23:25,AD_2,7.4,7.27,5.03,9.61,7.75,9.48
2026-04-20 00:23:50,AD_3,5.62,11.5,5.78,9.83,11.74,7.55
2026-04-20 00:23:50,AD_3,5.54,11.23,5.77,9.81,11.61,7.46
2026-04-20 00:23:51,AD_3,5.49,11.24,5.76,9.74,11.68,7.46
2026-04-20 00:23:51,AD_3,5.49,11.06,5.78,9.74,11.63,7.52
2026-04-20 00:23:52,AD_3,5.49,11.03,5.82,9.71,11.68,7.56
2026-04-20 00:23:52,AD_3,5.51,10.85,5.77,9.74,11.85,7.58
2026-04-20 00:23:52,AD_3,5.48,11.18,5.82,9.73,11.86,7.56
2026-04-20 00:23:53,AD_3,5.45,10.81,5.98,9.76,11.67,7.55
2026-04-20 00:23:53,AD_3,5.49,11.04,5.86,9.74,11.66,7.54
2026-04-20 00:23:54,AD_3,5.51,10.93,5.79,9.75,11.78,7.64
2026-04-20 00:23:54,AD_3,5.44,10.84,5.8,9.78,11.7,7.69
2026-04-20 00:23:54,AD_3,5.44,10.78,5.87,9.79,11.77,7.77
2026-04-20 00:23:55,AD_3,5.62,10.68,5.81,9.83,11.67,7.69
2026-04-20 00:23:55,AD_3,5.71,10.86,5.77,9.8,11.74,7.73
2026-04-20 00:23:56,AD_3,5.53,10.73,5.74,9.77,11.66,7.76
2026-04-20 00:23:56,AD_3,5.52,10.67,5.76,9.76,11.71,7.66
2026-04-20 00:23:56,AD_3,5.48,10.99,5.76,9.7,11.72,7.69
2026-04-20 00:23:57,AD_3,5.48,10.75,5.78,9.72,11.75,7.67
2026-04-20 00:23:57,AD_3,5.46,10.7,5.88,9.75,11.69,7.72
2026-04-20 00:23:58,AD_3,5.5,10.64,5.93,9.75,11.67,7.76
2026-04-20 00:23:58,AD_3,5.55,10.61,5.77,9.74,11.84,7.75
2026-04-20 00:23:58,AD_3,5.65,10.38,5.82,9.71,11.71,7.76
2026-04-20 00:23:59,AD_3,5.56,10.56,5.83,9.74,11.79,7.68
2026-04-20 00:23:59,AD_3,5.49,10.56,5.83,9.73,11.72,7.8
2026-04-20 00:24:00,AD_3,5.52,10.51,5.8,9.73,11.82,7.79
2026-04-20 00:24:00,AD_3,5.64,10.51,5.84,9.69,11.67,7.76
2026-04-20 00:24:00,AD_3,5.62,10.6,5.8,9.68,11.76,7.74
2026-04-20 00:24:01,AD_3,5.71,10.59,5.84,9.72,11.97,7.83
2026-04-20 00:24:01,AD_3,5.49,10.5,5.78,9.71,11.72,7.74
2026-04-20 00:24:02,AD_3,5.45,10.39,5.76,9.86,11.72,7.77
2026-04-20 00:24:02,AD_3,5.49,10.23,6.05,9.7,11.72,7.8
2026-04-20 00:24:02,AD_3,5.51,10.56,5.79,9.74,11.67,7.84
2026-04-20 00:24:03,AD_3,5.51,10.38,5.74,9.74,11.67,7.83
2026-04-20 00:24:03,AD_3,5.66,10.5,5.85,9.72,11.75,7.72
2026-04-20 00:24:04,AD_3,5.54,10.52,5.74,9.67,11.67,7.75
2026-04-20 00:24:04,AD_3,5.72,10.51,5.75,9.74,11.83,7.8
2026-04-20 00:24:04,AD_3,5.52,10.49,5.77,9.74,11.69,7.8
2026-04-20 00:24:05,AD_3,5.44,10.47,5.74,9.68,11.72,7.82
2026-04-20 00:24:05,AD_3,5.5,10.51,5.81,9.78,11.72,7.73
2026-04-20 00:24:06,AD_3,5.53,10.51,5.78,9.76,11.64,7.8
2026-04-20 00:24:06,AD_3,5.62,10.49,5.9,9.73,11.71,7.9
2026-04-20 00:24:06,AD_3,5.6,10.41,5.78,9.81,11.71,7.85
2026-04-20 00:24:07,AD_3,5.47,10.42,5.8,9.84,11.74,7.81
2026-04-20 00:24:07,AD_3,5.5,10.23,5.81,9.73,11.76,7.74
2026-04-20 00:24:08,AD_3,5.53,10.3,5.79,9.72,11.66,7.86
2026-04-20 00:24:08,AD_3,5.51,10.34,5.76,9.71,11.72,7.79
2026-04-20 00:24:08,AD_3,5.42,10.24,5.78,9.77,11.65,7.83
2026-04-20 00:24:09,AD_3,5.7,10.36,5.8,9.76,11.68,7.91
2026-04-20 00:24:09,AD_3,5.52,10.39,5.76,9.75,11.76,7.88
2026-04-20 00:24:09,AD_3,5.52,10.31,5.72,9.74,11.73,7.87
2026-04-20 00:24:10,AD_3,5.53,10.44,5.74,9.76,11.67,7.84
2026-04-20 00:24:10,AD_3,5.59,10.41,5.78,9.74,11.66,7.85
2026-04-20 00:24:11,AD_3,5.63,10.33,5.91,9.73,11.64,7.89
2026-04-20 00:24:11,AD_3,5.49,10.4,5.79,9.79,11.65,7.84
2026-04-20 00:24:11,AD_3,5.5,10.41,5.9,9.7,11.66,7.83
2026-04-20 00:24:12,AD_3,5.58,10.41,5.8,9.76,11.68,7.9
2026-04-20 00:24:12,AD_3,5.46,10.35,5.76,9.75,11.64,7.82
2026-04-20 00:24:13,AD_3,5.47,10.27,5.86,9.73,11.75,7.88
2026-04-20 00:24:13,AD_3,5.45,10.43,5.87,9.77,11.66,7.87
2026-04-20 00:24:13,AD_3,5.66,10.22,5.78,9.76,11.8,7.94
2026-04-20 00:24:14,AD_3,5.54,10.22,5.8,9.73,11.79,7.88
2026-04-20 00:24:14,AD_3,5.46,10.19,5.79,9.75,11.74,7.9
2026-04-20 00:24:15,AD_3,5.67,10.17,5.9,9.73,11.84,7.88
2026-04-20 00:24:15,AD_3,5.73,10.18,5.74,9.72,11.73,7.91
2026-04-20 00:24:15,AD_3,5.51,10.41,5.79,9.72,11.7,7.88
2026-04-20 00:24:16,AD_3,5.49,10.15,5.89,9.68,11.7,7.84
2026-04-20 00:24:16,AD_3,5.6,10.33,5.77,9.74,11.74,7.94
2026-04-20 00:24:17,AD_3,5.52,10.22,5.8,9.73,11.63,7.91
2026-04-20 00:24:17,AD_3,5.47,10.09,5.8,9.76,11.66,7.83
2026-04-20 00:24:18,AD_3,5.48,10.25,5.78,9.73,11.71,7.79
2026-04-20 00:24:18,AD_3,5.53,10.07,5.8,9.69,11.67,7.85
2026-04-20 00:24:18,AD_3,5.51,10.31,5.8,9.69,11.78,7.88
2026-04-20 00:24:19,AD_3,5.65,10.16,5.77,9.79,11.77,7.8
2026-04-20 00:24:19,AD_3,5.65,10.24,5.8,9.68,11.71,7.72
2026-04-20 00:24:20,AD_3,5.58,10.21,5.81,9.73,11.68,7.86
2026-04-20 00:24:20,AD_3,5.52,10.34,5.71,9.74,11.75,7.83
2026-04-20 00:24:20,AD_3,5.5,10.28,5.84,9.74,11.77,7.89
2026-04-20 00:24:21,AD_3,5.48,10.3,6.04,9.78,11.64,7.86
2026-04-20 00:24:21,AD_3,5.62,10.33,5.92,9.75,11.74,7.93
2026-04-20 00:24:22,AD_3,5.48,9.97,5.97,9.72,11.69,7.9
2026-04-20 00:24:22,AD_3,5.44,10.3,5.74,9.73,11.71,7.88
2026-04-20 00:24:22,AD_3,5.46,10.33,5.91,9.76,11.71,7.86
2026-04-20 00:24:23,AD_3,5.46,10.37,5.81,9.73,11.69,7.83
2026-04-20 00:24:23,AD_3,5.87,10.25,5.76,9.76,11.77,7.86
2026-04-20 00:24:24,AD_3,5.46,10.28,5.79,9.75,11.65,7.82
2026-04-20 00:24:24,AD_3,5.49,10.28,5.97,9.74,11.65,7.81
2026-04-20 00:24:24,AD_3,5.51,10.33,5.76,9.76,11.69,7.92
2026-04-20 00:24:25,AD_3,5.84,10.25,5.89,9.71,11.73,7.9
2026-04-20 00:24:25,AD_3,5.51,10.17,5.89,9.72,11.71,7.9
2026-04-20 00:24:25,AD_3,5.46,10.27,5.76,9.74,11.63,7.84
2026-04-20 00:24:26,AD_3,5.51,10.17,5.81,9.74,11.72,7.84
2026-04-20 00:24:26,AD_3,5.47,10.21,5.88,9.73,11.7,7.91
2026-04-20 00:24:27,AD_3,5.72,10.11,5.81,9.73,11.7,7.82
2026-04-20 00:24:27,AD_3,5.47,10.28,5.83,9.72,11.7,7.82
2026-04-20 00:24:28,AD_3,5.53,10.24,5.93,9.75,11.73,7.87
2026-04-20 00:24:28,AD_3,5.58,10.29,5.75,9.69,11.85,7.86
2026-04-20 00:24:28,AD_3,5.49,10.23,5.72,9.69,11.77,7.86
2026-04-20 00:24:29,AD_3,5.57,10.26,5.75,9.72,11.69,7.81
2026-04-20 00:24:29,AD_3,5.55,10.33,5.81,9.69,11.7,7.85
2026-04-20 00:24:30,AD_3,5.49,10.3,5.77,9.78,11.72,7.91
2026-04-20 00:24:30,AD_3,5.49,10.29,6.02,9.75,11.74,7.91
2026-04-20 00:24:30,AD_3,5.51,10.26,5.85,9.7,11.65,7.88
2026-04-20 00:24:31,AD_3,5.57,10.2,5.79,9.7,11.69,7.79
2026-04-20 00:24:31,AD_3,5.54,10.27,5.87,9.7,11.76,7.79
2026-04-20 00:24:32,AD_3,5.44,10.23,5.8,9.68,11.72,7.88
2026-04-20 00:24:32,AD_3,5.46,10.3,5.93,9.77,11.73,7.91
2026-04-20 00:24:32,AD_3,5.47,10.25,5.96,9.75,11.71,7.92
2026-04-20 00:24:33,AD_3,5.56,10.22,5.74,9.81,11.68,7.94
2026-04-20 00:24:33,AD_3,5.48,10.09,5.74,9.74,11.69,7.76
2026-04-20 00:24:33,AD_3,5.51,10.18,5.83,9.7,11.74,7.87
2026-04-20 00:24:34,AD_3,5.54,10.33,5.82,9.73,11.69,7.88
2026-04-20 00:24:34,AD_3,5.51,10.25,5.8,9.77,11.75,7.93
2026-04-20 00:24:35,AD_3,5.52,10.28,5.77,9.73,11.68,7.89
2026-04-20 00:24:35,AD_3,5.46,10.29,5.9,9.7,11.74,7.88
2026-04-20 00:24:35,AD_3,5.52,10.29,5.91,9.71,11.74,7.87
2026-04-20 00:24:36,AD_3,5.52,10.27,5.8,9.7,11.68,7.93
2026-04-20 00:24:36,AD_3,5.45,10.17,5.85,9.76,11.63,7.89
2026-04-20 00:24:37,AD_3,5.5,10.1,5.89,9.7,11.7,7.88
2026-04-20 00:24:37,AD_3,5.47,10.13,5.76,9.75,11.69,7.93
2026-04-20 00:24:37,AD_3,5.5,10.26,5.87,9.75,11.84,7.84
2026-04-20 00:24:38,AD_3,5.79,10.13,5.81,9.76,11.68,7.78
2026-04-20 00:24:38,AD_3,5.52,10.07,5.76,9.7,11.74,7.8
2026-04-20 00:24:39,AD_3,5.5,10.11,5.75,9.67,11.77,8.01
2026-04-20 00:24:39,AD_3,5.45,10.1,5.78,9.73,11.64,7.92
2026-04-20 00:24:39,AD_3,5.6,10.18,5.75,9.73,12.17,7.91
2026-04-20 00:24:40,AD_3,5.48,10.07,5.81,9.71,12.0,7.89
2026-04-20 00:24:40,AD_3,5.69,10.1,5.72,9.69,11.72,7.97
2026-04-20 00:24:41,AD_3,5.47,10.0,5.76,9.7,11.84,7.99
2026-04-20 00:24:41,AD_3,5.5,10.14,5.94,9.7,11.77,7.87
2026-04-20 00:24:41,AD_3,5.48,10.1,5.88,9.77,11.69,7.8
2026-04-20 00:24:42,AD_3,5.44,10.22,5.85,9.74,11.67,7.9
2026-04-20 00:24:42,AD_3,5.66,10.25,5.75,9.77,11.75,7.94
2026-04-20 00:24:43,AD_3,5.59,10.2,5.76,9.72,11.76,7.84
2026-04-20 00:24:43,AD_3,5.65,10.24,5.79,9.77,11.66,7.9
2026-04-20 00:24:43,AD_3,5.52,10.28,5.83,9.71,11.68,7.88
2026-04-20 00:24:44,AD_3,5.5,10.24,5.91,9.76,11.72,7.92
2026-04-20 00:24:44,AD_3,5.55,10.24,5.78,9.75,11.82,7.91
2026-04-20 00:24:45,AD_3,5.47,10.13,5.75,9.75,11.83,7.89
2026-04-20 00:24:45,AD_3,5.53,10.32,5.85,9.71,11.65,7.92
2026-04-20 00:24:45,AD_3,5.49,10.26,5.85,9.74,11.7,7.92
2026-04-20 00:24:46,AD_3,5.56,10.31,5.78,9.76,11.73,7.91
2026-04-20 00:24:46,AD_3,5.48,10.27,5.91,9.75,11.78,7.86
2026-04-20 00:24:47,AD_3,5.51,10.25,5.79,9.68,11.67,7.81
2026-04-20 00:24:47,AD_3,5.44,10.15,5.85,9.73,11.68,7.98
2026-04-20 00:24:47,AD_3,5.45,10.0,5.97,9.72,11.64,7.95
2026-04-20 00:24:48,AD_3,5.47,10.26,5.99,9.71,11.75,7.97
2026-04-20 00:24:48,AD_3,5.67,10.07,5.89,9.76,11.79,7.99
2026-04-20 00:24:49,AD_3,5.51,10.11,5.79,9.73,11.7,7.92
2026-04-20 00:24:49,AD_3,5.48,10.09,5.74,9.72,11.87,8.04
2026-04-20 00:24:49,AD_3,5.49,10.0,6.23,9.73,11.73,8.0
2026-04-20 00:24:50,AD_3,5.44,10.09,5.76,9.75,11.69,8.07
2026-04-20 00:24:50,AD_3,5.55,10.02,6.06,9.72,11.79,8.17
2026-04-20 00:24:51,AD_3,5.49,10.0,5.82,9.69,11.72,7.93
2026-04-20 00:24:51,AD_3,5.46,10.09,5.8,9.71,11.71,7.86
2026-04-20 00:24:51,AD_3,5.5,10.19,5.79,9.78,11.66,7.99
2026-04-20 00:24:52,AD_3,5.54,10.07,5.74,9.73,11.72,8.05
2026-04-20 00:24:52,AD_3,5.48,10.23,5.75,9.75,11.76,8.05
2026-04-20 00:24:53,AD_3,5.44,10.09,6.02,9.77,11.71,8.04
2026-04-20 00:24:53,AD_3,5.57,9.89,5.79,9.77,11.84,7.9
2026-04-20 00:24:54,AD_3,5.46,10.15,5.76,9.72,11.67,7.95
2026-04-20 00:24:54,AD_3,5.49,10.13,5.77,9.73,11.69,8.02
2026-04-20 00:24:54,AD_3,5.44,10.07,5.8,9.81,11.73,8.0
2026-04-20 00:24:55,AD_3,5.54,10.11,5.8,9.72,11.73,7.88
2026-04-20 00:24:55,AD_3,5.49,10.3,5.92,9.7,11.71,7.9
2026-04-20 00:24:56,AD_3,5.45,10.24,5.86,9.76,11.7,7.91
2026-04-20 00:24:56,AD_3,5.51,10.28,5.81,9.75,11.71,7.85
2026-04-20 00:24:56,AD_3,5.5,10.06,5.74,9.73,11.69,8.0
2026-04-20 00:24:57,AD_3,5.44,10.12,5.8,9.71,11.66,7.96
2026-04-20 00:24:57,AD_3,5.82,10.28,5.78,9.8,11.65,7.89
2026-04-20 00:24:58,AD_3,5.8,10.29,5.77,9.78,11.82,7.91
2026-04-20 00:24:58,AD_3,5.65,10.25,5.76,9.74,11.7,8.02
2026-04-20 00:24:58,AD_3,5.54,10.12,5.74,9.74,11.67,7.96
2026-04-20 00:24:59,AD_3,5.51,10.25,5.81,9.73,11.82,7.91
2026-04-20 00:24:59,AD_3,5.49,10.27,5.84,9.74,11.72,7.87
2026-04-20 00:25:00,AD_3,5.5,10.26,5.86,9.76,11.7,8.05
2026-04-20 00:25:00,AD_3,5.51,10.03,5.87,9.76,11.71,8.05
2026-04-20 00:25:00,AD_3,5.52,10.02,5.8,9.68,11.68,7.96
2026-04-20 00:25:01,AD_3,5.51,10.13,5.74,9.69,11.72,8.01
2026-04-20 00:25:01,AD_3,5.5,10.05,5.83,9.73,11.64,7.88
2026-04-20 00:25:02,AD_3,5.51,10.06,5.86,9.79,11.77,8.04
2026-04-20 00:25:02,AD_3,5.42,10.08,5.74,9.71,11.73,8.12
2026-04-20 00:25:02,AD_3,5.51,9.87,5.83,9.74,11.79,7.94
2026-04-20 00:25:03,AD_3,5.51,9.87,5.78,9.74,11.81,7.87
2026-04-20 00:25:03,AD_3,5.58,10.11,5.86,9.71,11.74,7.94
2026-04-20 00:25:04,AD_3,5.56,10.14,5.84,9.72,11.68,7.84
2026-04-20 00:25:04,AD_3,5.5,10.26,5.82,9.75,11.68,7.99
2026-04-20 00:25:04,AD_3,5.47,10.13,5.76,9.74,11.76,7.92
2026-04-20 00:25:05,AD_3,5.43,10.05,5.8,9.74,11.67,8.01
2026-04-20 00:25:05,AD_3,5.45,10.03,5.91,9.69,11.7,8.01
2026-04-20 00:25:06,AD_3,5.44,10.12,5.8,9.73,11.73,8.0
2026-04-20 00:25:06,AD_3,5.43,10.22,5.81,9.74,11.72,8.0
2026-04-20 00:25:06,AD_3,5.66,10.06,5.73,9.7,11.78,7.97
2026-04-20 00:25:07,AD_3,5.45,10.27,5.8,9.78,11.64,7.95
2026-04-20 00:25:07,AD_3,5.69,10.24,5.77,9.69,11.73,8.01
2026-04-20 00:25:08,AD_3,5.51,10.2,5.77,9.77,11.71,8.0
2026-04-20 00:25:08,AD_3,5.74,10.24,5.86,9.68,11.67,7.93
2026-04-20 00:25:08,AD_3,5.55,10.28,5.95,9.8,11.64,7.92
2026-04-20 00:25:09,AD_3,5.62,10.25,5.88,9.74,11.71,7.92
2026-04-20 00:25:09,AD_3,5.45,10.2,5.78,9.75,11.67,7.89
2026-04-20 00:25:10,AD_3,5.53,10.28,5.84,9.71,11.76,7.94
2026-04-20 00:25:44,AD_4,5.73,10.85,5.27,9.91,11.17,7.75
2026-04-20 00:25:44,AD_4,6.03,10.89,5.25,9.94,11.19,7.7
2026-04-20 00:25:45,AD_4,5.74,10.84,5.23,9.9,11.24,7.73
2026-04-20 00:25:45,AD_4,5.74,10.76,5.17,9.89,11.5,7.68
2026-04-20 00:25:46,AD_4,5.74,10.79,5.31,9.91,11.26,7.74
2026-04-20 00:25:46,AD_4,5.74,10.61,5.24,9.89,11.15,7.71
2026-04-20 00:25:46,AD_4,5.75,10.8,5.2,9.85,11.29,7.7
2026-04-20 00:25:47,AD_4,5.75,10.44,5.18,9.92,11.2,7.78
2026-04-20 00:25:47,AD_4,5.7,10.53,5.21,9.98,11.3,7.72
2026-04-20 00:25:48,AD_4,5.8,10.78,5.32,9.84,11.17,7.76
2026-04-20 00:25:48,AD_4,5.73,10.5,5.43,9.87,11.31,7.79
2026-04-20 00:25:48,AD_4,5.79,10.64,5.22,9.93,11.17,7.75
2026-04-20 00:25:49,AD_4,5.81,10.52,5.25,9.88,11.21,7.7
2026-04-20 00:25:49,AD_4,5.8,10.53,5.17,9.88,11.33,7.72
2026-04-20 00:25:50,AD_4,5.78,10.19,5.2,9.88,11.33,7.75
2026-04-20 00:25:50,AD_4,5.79,10.45,5.44,9.87,11.25,7.71
2026-04-20 00:25:50,AD_4,5.73,10.38,5.16,9.83,11.21,7.84
2026-04-20 00:25:51,AD_4,5.74,10.25,5.32,9.87,11.22,7.83
2026-04-20 00:25:51,AD_4,5.73,10.33,5.39,9.84,11.28,7.82
2026-04-20 00:25:52,AD_4,5.84,10.16,5.21,9.96,11.24,7.99
2026-04-20 00:25:52,AD_4,5.78,10.22,5.26,9.89,11.34,7.91
2026-04-20 00:25:52,AD_4,5.73,10.34,5.31,9.82,11.29,7.89
2026-04-20 00:25:53,AD_4,5.81,10.27,5.38,9.85,11.23,7.77
2026-04-20 00:25:53,AD_4,5.77,10.16,5.21,9.86,11.23,7.93
2026-04-20 00:25:54,AD_4,5.77,10.22,5.2,9.88,11.29,7.9
2026-04-20 00:25:54,AD_4,5.7,10.08,5.23,9.93,11.35,7.85
2026-04-20 00:25:54,AD_4,5.83,10.24,5.17,9.87,11.23,7.87
2026-04-20 00:25:55,AD_4,5.84,10.24,5.22,9.84,11.29,7.95
2026-04-20 00:25:55,AD_4,5.77,10.19,5.21,9.85,11.28,7.93
2026-04-20 00:25:56,AD_4,5.72,10.21,5.27,9.88,11.3,7.91
2026-04-20 00:25:56,AD_4,5.73,10.27,5.19,9.81,11.24,7.92
2026-04-20 00:25:56,AD_4,5.72,10.23,5.2,9.87,11.3,7.87
2026-04-20 00:25:57,AD_4,5.71,10.03,5.26,9.86,11.33,7.92
2026-04-20 00:25:57,AD_4,5.79,10.07,5.21,9.85,11.3,7.88
2026-04-20 00:25:58,AD_4,5.93,10.17,5.22,9.9,11.2,7.94
2026-04-20 00:25:58,AD_4,5.97,10.18,5.24,9.83,11.37,7.99
2026-04-20 00:25:58,AD_4,5.8,10.07,5.29,9.85,11.18,7.95
2026-04-20 00:25:59,AD_4,6.02,9.88,5.22,9.94,11.25,7.93
2026-04-20 00:25:59,AD_4,6.1,10.16,5.22,9.83,11.29,7.89
2026-04-20 00:26:00,AD_4,5.74,10.17,5.22,9.89,11.27,8.0
2026-04-20 00:26:00,AD_4,5.7,10.17,5.43,9.87,11.27,7.96
2026-04-20 00:26:00,AD_4,5.71,10.08,5.18,9.86,11.3,7.96
2026-04-20 00:26:01,AD_4,5.7,10.13,5.44,9.9,11.17,7.95
2026-04-20 00:26:01,AD_4,5.71,10.13,5.27,9.87,11.24,8.05
2026-04-20 00:26:02,AD_4,5.65,10.09,5.41,9.88,11.43,7.98
2026-04-20 00:26:02,AD_4,5.8,10.09,5.2,9.97,11.19,7.97
2026-04-20 00:26:02,AD_4,5.69,10.03,5.28,9.86,11.24,7.97
2026-04-20 00:26:03,AD_4,5.84,10.12,5.19,9.99,11.33,7.88
2026-04-20 00:26:03,AD_4,5.77,10.08,5.21,9.81,11.27,8.03
2026-04-20 00:26:04,AD_4,5.73,10.07,5.22,9.87,11.28,8.02
2026-04-20 00:26:04,AD_4,5.67,10.08,5.19,9.86,11.25,7.96
2026-04-20 00:26:04,AD_4,5.75,10.13,5.35,9.85,11.21,8.07
2026-04-20 00:26:05,AD_4,5.73,10.06,5.22,9.89,11.35,8.04
2026-04-20 00:26:05,AD_4,5.7,10.06,5.28,9.82,11.2,8.02
2026-04-20 00:26:06,AD_4,5.75,9.93,5.3,10.02,11.26,8.0
2026-04-20 00:26:06,AD_4,5.69,10.1,5.29,9.87,11.34,7.99
2026-04-20 00:26:06,AD_4,5.72,10.04,5.25,9.86,11.23,7.98
2026-04-20 00:26:07,AD_4,5.8,10.06,5.3,9.85,11.22,8.02
2026-04-20 00:26:07,AD_4,5.84,10.03,5.31,9.82,11.25,7.97
2026-04-20 00:26:08,AD_4,5.66,9.9,5.2,9.91,11.21,7.95
2026-04-20 00:26:08,AD_4,5.77,9.91,5.22,9.8,11.55,7.98
2026-04-20 00:26:08,AD_4,5.79,9.92,5.18,9.84,11.23,7.87
2026-04-20 00:26:09,AD_4,5.77,10.09,5.16,9.88,11.31,7.91
2026-04-20 00:26:09,AD_4,5.93,10.04,5.17,9.85,11.28,8.01
2026-04-20 00:26:10,AD_4,5.75,10.06,5.41,9.94,11.28,8.05
2026-04-20 00:26:10,AD_4,5.71,10.01,5.43,9.89,11.28,8.03
2026-04-20 00:26:10,AD_4,5.78,10.03,5.25,9.86,11.25,8.01
2026-04-20 00:26:11,AD_4,5.67,10.06,5.32,9.84,11.21,8.12
2026-04-20 00:26:11,AD_4,5.71,10.06,5.34,9.86,11.16,8.04
2026-04-20 00:26:12,AD_4,5.75,10.02,5.52,9.89,11.23,8.06
2026-04-20 00:26:12,AD_4,5.78,10.05,5.53,9.86,11.2,8.01
2026-04-20 00:26:12,AD_4,5.9,10.02,5.21,9.82,11.31,8.1
2026-04-20 00:26:13,AD_4,5.76,9.75,5.23,9.82,11.27,8.08
2026-04-20 00:26:13,AD_4,5.81,9.89,5.17,9.86,11.23,8.04
2026-04-20 00:26:13,AD_4,5.95,9.88,5.24,9.8,11.26,7.87
2026-04-20 00:26:14,AD_4,5.83,9.74,5.19,9.86,11.26,8.08
2026-04-20 00:26:14,AD_4,5.82,9.81,5.25,9.85,11.25,8.08
2026-04-20 00:26:15,AD_4,5.65,9.81,5.39,9.82,11.21,8.08
2026-04-20 00:26:15,AD_4,5.75,10.0,5.34,9.87,11.25,8.0
2026-04-20 00:26:16,AD_4,5.67,9.95,5.36,9.86,11.33,8.07
2026-04-20 00:26:16,AD_4,5.75,9.98,5.21,9.87,11.29,8.06
2026-04-20 00:26:16,AD_4,5.71,9.96,5.17,9.84,11.26,8.03
2026-04-20 00:26:17,AD_4,5.89,9.82,5.23,9.81,11.22,8.01
2026-04-20 00:26:17,AD_4,5.75,9.99,5.22,9.88,11.23,8.11
2026-04-20 00:26:17,AD_4,5.78,9.91,5.17,9.83,11.21,8.06
2026-04-20 00:26:18,AD_4,5.89,9.96,5.22,9.86,11.31,8.06
2026-04-20 00:26:18,AD_4,5.73,9.99,5.16,9.79,11.43,8.03
2026-04-20 00:26:19,AD_4,5.86,10.01,5.21,9.82,11.29,8.12
2026-04-20 00:26:19,AD_4,5.73,9.91,5.39,10.0,11.27,8.09
2026-04-20 00:26:19,AD_4,5.74,9.96,5.37,9.91,11.26,8.05
2026-04-20 00:26:20,AD_4,5.75,9.97,5.36,9.95,11.24,8.05
2026-04-20 00:26:20,AD_4,5.75,9.82,5.23,9.83,11.28,8.03
2026-04-20 00:26:21,AD_4,5.75,9.75,5.34,9.82,11.24,8.0
2026-04-20 00:26:21,AD_4,5.71,9.79,5.3,9.86,11.25,8.01
2026-04-20 00:26:22,AD_4,5.89,9.89,5.21,9.82,11.24,8.07
2026-04-20 00:26:22,AD_4,5.78,9.9,5.2,9.84,11.34,8.0
2026-04-20 00:26:22,AD_4,5.75,9.93,5.47,9.83,11.3,8.07
2026-04-20 00:26:23,AD_4,5.86,9.89,5.15,9.83,11.3,7.97
2026-04-20 00:26:23,AD_4,5.84,9.71,5.24,9.85,11.25,8.06
2026-04-20 00:26:24,AD_4,5.77,9.91,5.21,9.81,11.29,8.08
2026-04-20 00:26:24,AD_4,5.77,9.89,5.25,9.82,11.21,8.05
2026-04-20 00:26:24,AD_4,5.78,9.8,5.24,9.86,11.2,8.01
2026-04-20 00:26:25,AD_4,5.83,9.75,5.23,9.79,11.24,8.22
2026-04-20 00:26:25,AD_4,5.73,9.84,5.28,9.82,11.28,7.92
2026-04-20 00:26:26,AD_4,5.72,9.81,5.24,9.85,11.29,8.09
2026-04-20 00:26:26,AD_4,5.67,9.74,5.5,9.85,11.29,8.08
2026-04-20 00:26:26,AD_4,5.8,9.85,5.23,9.84,11.26,8.12
2026-04-20 00:26:27,AD_4,5.8,9.88,5.22,9.82,11.26,8.15
2026-04-20 00:26:27,AD_4,5.76,9.9,5.21,9.85,11.41,7.96
2026-04-20 00:26:28,AD_4,5.89,9.9,5.25,9.83,11.33,7.97
2026-04-20 00:26:28,AD_4,5.83,9.9,5.2,9.84,11.48,8.01
2026-04-20 00:26:28,AD_4,5.82,9.69,5.44,9.83,11.48,8.1
2026-04-20 00:26:29,AD_4,5.69,9.91,5.55,9.82,11.27,8.06
2026-04-20 00:26:29,AD_4,5.72,9.89,5.22,9.85,11.24,7.89
2026-04-20 00:26:30,AD_4,5.72,9.95,5.25,9.86,11.26,8.1
2026-04-20 00:26:30,AD_4,5.71,9.9,5.24,9.82,11.22,8.09
2026-04-20 00:26:30,AD_4,5.66,9.95,5.22,9.77,11.27,8.05
2026-04-20 00:26:31,AD_4,5.68,9.91,5.24,9.82,11.23,8.05
2026-04-20 00:26:31,AD_4,5.72,9.95,5.22,9.86,11.28,8.09
2026-04-20 00:26:32,AD_4,5.74,9.88,5.25,9.87,11.25,8.27
2026-04-20 00:26:32,AD_4,5.7,9.78,5.26,9.93,11.21,8.21
2026-04-20 00:26:32,AD_4,5.71,9.77,5.21,9.9,11.32,8.18
2026-04-20 00:26:33,AD_4,5.7,9.87,5.36,9.83,11.28,8.02
2026-04-20 00:26:33,AD_4,5.81,9.82,5.27,9.82,11.35,7.98
2026-04-20 00:26:34,AD_4,5.95,9.68,5.18,9.87,11.29,8.13
2026-04-20 00:26:34,AD_4,5.88,9.75,5.22,9.81,11.22,8.0
2026-04-20 00:26:34,AD_4,5.67,9.86,5.35,9.83,11.34,8.09
2026-04-20 00:26:35,AD_4,5.78,9.79,5.43,9.86,11.29,8.05
2026-04-20 00:26:35,AD_4,5.74,9.52,5.26,9.85,11.2,7.98
2026-04-20 00:26:36,AD_4,5.88,9.77,5.29,9.86,11.31,8.2
2026-04-20 00:26:36,AD_4,5.69,9.79,5.22,9.82,11.23,7.98
2026-04-20 00:26:36,AD_4,5.74,9.81,5.23,9.83,11.24,7.96
2026-04-20 00:26:37,AD_4,5.79,9.87,5.41,9.85,11.19,7.94
2026-04-20 00:26:37,AD_4,5.76,9.79,5.26,9.88,11.21,7.99
2026-04-20 00:26:38,AD_4,5.77,9.81,5.28,9.78,11.24,8.12
2026-04-20 00:26:38,AD_4,5.75,9.88,5.18,9.86,11.44,8.02
2026-04-20 00:26:38,AD_4,5.8,9.83,5.21,9.78,11.32,8.05
2026-04-20 00:26:39,AD_4,5.7,9.93,5.3,9.79,11.27,8.04
2026-04-20 00:26:39,AD_4,5.7,9.9,5.23,9.83,11.3,8.13
2026-04-20 00:26:40,AD_4,5.65,9.91,5.57,10.0,11.23,8.1
2026-04-20 00:26:40,AD_4,5.67,9.9,5.33,9.82,11.24,8.05
2026-04-20 00:26:40,AD_4,5.77,9.9,5.47,9.83,11.28,8.07
2026-04-20 00:26:41,AD_4,5.7,9.91,5.59,9.87,11.32,8.13
2026-04-20 00:26:41,AD_4,5.83,9.92,5.32,9.89,11.19,8.02
2026-04-20 00:26:42,AD_4,5.69,9.91,5.33,9.82,11.17,8.09
2026-04-20 00:26:42,AD_4,5.65,9.86,5.22,9.84,11.27,7.98
2026-04-20 00:26:42,AD_4,5.7,9.87,5.25,9.83,11.32,8.12
2026-04-20 00:26:43,AD_4,5.91,9.66,5.3,9.82,11.23,8.07
2026-04-20 00:26:43,AD_4,5.74,10.0,5.27,9.83,11.27,7.96
2026-04-20 00:26:44,AD_4,5.77,9.65,5.19,9.82,11.3,8.0
2026-04-20 00:26:44,AD_4,5.69,9.74,5.2,9.83,11.27,8.05
2026-04-20 00:26:44,AD_4,5.85,9.55,5.24,9.88,11.3,8.17
2026-04-20 00:26:45,AD_4,5.74,9.71,5.32,9.87,11.35,8.2
2026-04-20 00:26:45,AD_4,5.8,9.67,5.2,9.83,11.24,8.03
2026-04-20 00:26:46,AD_4,5.81,9.66,5.23,9.82,11.26,8.05
2026-04-20 00:26:46,AD_4,5.73,9.87,5.21,9.79,11.24,8.02
2026-04-20 00:26:46,AD_4,5.74,9.88,5.21,9.86,11.21,8.06
2026-04-20 00:26:47,AD_4,5.66,9.71,5.19,9.78,11.24,8.03
2026-04-20 00:26:47,AD_4,5.73,9.88,5.23,9.89,11.25,7.96
2026-04-20 00:26:48,AD_4,5.69,9.78,5.29,9.82,11.25,8.03
2026-04-20 00:26:48,AD_4,5.76,9.73,5.2,9.8,11.27,8.08
2026-04-20 00:26:48,AD_4,5.68,9.93,5.43,9.84,11.29,8.01
2026-04-20 00:26:49,AD_4,5.72,9.94,5.18,9.84,11.17,8.17
2026-04-20 00:26:49,AD_4,5.74,9.73,5.19,9.86,11.32,8.15
2026-04-20 00:26:50,AD_4,5.69,9.7,5.2,9.84,11.26,8.15
2026-04-20 00:26:50,AD_4,5.79,9.87,5.21,9.83,11.43,8.09
2026-04-20 00:26:50,AD_4,5.76,9.71,5.25,9.83,11.27,8.22
2026-04-20 00:26:51,AD_4,5.9,9.85,5.2,9.85,11.21,8.22
2026-04-20 00:26:51,AD_4,5.92,9.89,5.29,9.82,11.25,8.23
2026-04-20 00:26:52,AD_4,5.87,9.87,5.18,9.83,11.23,8.27
2026-04-20 00:26:52,AD_4,5.74,9.78,5.28,9.82,11.27,8.17
2026-04-20 00:26:52,AD_4,5.72,9.87,5.22,9.86,11.22,8.13
2026-04-20 00:26:53,AD_4,5.91,9.75,5.18,9.79,11.24,8.08
2026-04-20 00:26:53,AD_4,5.88,9.86,5.24,9.81,11.27,8.09
2026-04-20 00:26:54,AD_4,5.74,9.9,5.31,9.82,11.23,8.19
2026-04-20 00:26:54,AD_4,5.82,9.87,5.23,9.86,11.37,8.13
2026-04-20 00:26:54,AD_4,5.77,9.83,5.19,9.78,11.32,8.1
2026-04-20 00:26:55,AD_4,5.79,9.71,5.28,9.85,11.21,8.19
2026-04-20 00:26:55,AD_4,5.71,9.59,5.36,9.92,11.22,8.04
2026-04-20 00:26:56,AD_4,5.76,9.66,5.2,9.89,11.23,8.06
2026-04-20 00:26:56,AD_4,5.74,9.78,5.27,9.84,11.3,8.01
2026-04-20 00:26:56,AD_4,5.72,9.82,5.28,9.89,11.23,8.02
2026-04-20 00:26:57,AD_4,5.75,9.88,5.27,9.83,11.32,8.16
2026-04-20 00:26:57,AD_4,5.8,9.69,5.21,9.88,11.33,8.05
2026-04-20 00:26:58,AD_4,5.71,9.65,5.24,9.84,11.3,8.03
2026-04-20 00:26:58,AD_4,5.64,9.66,5.24,9.77,11.28,8.33
2026-04-20 00:26:58,AD_4,5.69,9.75,5.21,9.83,11.2,8.13
2026-04-20 00:26:59,AD_4,5.83,9.76,5.2,9.83,11.3,8.12
2026-04-20 00:26:59,AD_4,5.71,9.66,5.19,9.8,11.21,8.05
2026-04-20 00:27:00,AD_4,5.74,9.83,5.21,9.86,11.3,8.09
2026-04-20 00:27:00,AD_4,5.74,9.8,5.25,9.85,11.39,8.19
2026-04-20 00:27:01,AD_4,5.72,9.71,5.21,9.81,11.45,8.1
2026-04-20 00:27:01,AD_4,5.69,9.83,5.26,9.82,11.31,8.11
2026-04-20 00:27:01,AD_4,5.79,9.69,5.29,9.84,11.39,8.22
2026-04-20 00:27:02,AD_4,5.97,9.83,5.2,9.8,11.27,8.14
2026-04-20 00:27:02,AD_4,5.77,9.88,5.19,9.84,11.26,8.23
2026-04-20 00:27:03,AD_4,5.87,9.61,5.33,9.86,11.25,8.25
2026-04-20 00:27:03,AD_4,5.84,9.85,5.22,9.84,11.3,8.29
2026-04-20 00:27:03,AD_4,5.75,9.86,5.21,9.83,11.26,8.15
2026-04-20 00:27:04,AD_4,5.75,9.87,5.27,9.93,11.33,8.13
2026-04-20 00:27:32,BC_1,4.64,12.36,6.97,6.89,11.96,4.3
2026-04-20 00:27:33,BC_1,4.64,12.0,6.54,6.89,12.01,4.29
2026-04-20 00:27:33,BC_1,4.7,12.0,6.53,6.86,11.54,4.29
2026-04-20 00:27:33,BC_1,4.64,12.05,6.71,6.92,11.17,4.29
2026-04-20 00:27:34,BC_1,4.64,11.85,6.69,6.85,10.92,4.29
2026-04-20 00:27:34,BC_1,4.65,11.81,6.97,6.89,11.39,4.29
2026-04-20 00:27:35,BC_1,4.58,12.18,6.5,6.84,11.29,4.29
2026-04-20 00:27:35,BC_1,4.64,12.15,6.65,6.85,11.09,4.29
2026-04-20 00:27:36,BC_1,4.64,12.07,6.7,6.91,11.06,4.29
2026-04-20 00:27:36,BC_1,4.85,11.93,6.73,6.94,11.14,4.28
2026-04-20 00:27:36,BC_1,4.68,12.09,6.52,6.98,11.1,4.31
2026-04-20 00:27:37,BC_1,4.71,11.74,6.42,6.86,10.43,4.3
2026-04-20 00:27:37,BC_1,4.63,11.93,6.58,6.83,10.95,4.29
2026-04-20 00:27:37,BC_1,4.65,11.81,6.48,6.86,11.07,4.29
2026-04-20 00:27:38,BC_1,4.71,11.8,6.43,6.87,11.2,4.32
2026-04-20 00:27:38,BC_1,4.74,11.19,6.27,6.82,10.86,4.3
2026-04-20 00:27:39,BC_1,4.7,11.71,6.27,6.82,11.05,4.3
2026-04-20 00:27:39,BC_1,4.66,11.66,6.34,6.87,10.85,4.3
2026-04-20 00:27:39,BC_1,4.73,11.33,6.05,6.87,10.61,4.32
2026-04-20 00:27:40,BC_1,4.6,11.63,6.08,6.84,10.97,4.31
2026-04-20 00:27:40,BC_1,4.62,11.44,6.16,6.88,10.85,4.3
2026-04-20 00:27:41,BC_1,4.64,11.21,6.09,6.9,10.79,4.3
2026-04-20 00:27:41,BC_1,4.57,11.15,5.96,6.88,11.06,4.32
2026-04-20 00:27:41,BC_1,4.61,11.23,6.02,6.87,10.99,4.36
2026-04-20 00:27:42,BC_1,4.63,11.51,6.22,6.85,10.94,4.38
2026-04-20 00:27:42,BC_1,4.67,11.17,6.09,6.96,10.7,4.34
2026-04-20 00:27:43,BC_1,4.63,11.43,6.02,7.04,10.75,4.35
2026-04-20 00:27:43,BC_1,5.03,11.3,5.94,6.86,10.7,4.33
2026-04-20 00:27:43,BC_1,4.75,11.43,6.1,6.85,11.04,4.33
2026-04-20 00:27:44,BC_1,4.64,11.26,5.99,6.85,11.05,4.32
2026-04-20 00:27:44,BC_1,4.74,11.22,5.96,6.85,10.88,4.34
2026-04-20 00:27:45,BC_1,4.58,11.2,6.07,6.83,11.05,4.32
2026-04-20 00:27:45,BC_1,4.59,11.39,6.1,6.83,11.03,4.32
2026-04-20 00:27:45,BC_1,4.6,11.37,6.08,6.85,11.11,4.31
2026-04-20 00:27:46,BC_1,4.6,11.5,6.01,6.85,11.19,4.35
2026-04-20 00:27:46,BC_1,4.65,11.4,5.97,6.84,10.88,4.41
2026-04-20 00:27:47,BC_1,4.58,11.32,5.89,6.86,11.1,4.36
2026-04-20 00:27:47,BC_1,4.69,11.38,5.88,6.82,11.13,4.34
2026-04-20 00:27:47,BC_1,4.61,11.34,5.8,6.9,11.13,4.41
2026-04-20 00:27:48,BC_1,4.64,11.12,5.8,6.87,11.14,4.36
2026-04-20 00:27:48,BC_1,4.84,11.37,5.92,6.97,10.8,4.35
2026-04-20 00:27:49,BC_1,4.79,11.37,5.89,6.82,11.06,4.34
2026-04-20 00:27:49,BC_1,4.7,11.4,5.74,6.86,11.18,4.42
2026-04-20 00:27:49,BC_1,4.69,11.06,5.76,6.86,10.76,4.44
2026-04-20 00:27:50,BC_1,4.59,11.11,5.68,6.83,11.16,4.46
2026-04-20 00:27:50,BC_1,4.57,11.16,5.84,6.83,10.97,4.51
2026-04-20 00:27:51,BC_1,4.6,11.05,5.54,6.83,10.97,4.45
2026-04-20 00:27:51,BC_1,4.7,11.19,5.8,6.97,10.92,4.48
2026-04-20 00:27:51,BC_1,4.68,11.14,5.72,6.82,11.09,4.5
2026-04-20 00:27:52,BC_1,4.76,10.99,5.56,6.89,11.21,4.44
2026-04-20 00:27:52,BC_1,4.58,11.12,5.64,6.83,10.62,4.45
2026-04-20 00:27:53,BC_1,4.55,11.29,5.72,6.84,11.02,4.5
2026-04-20 00:27:53,BC_1,4.5,11.18,5.5,6.91,10.79,4.43
2026-04-20 00:27:53,BC_1,4.6,10.91,5.6,6.87,10.81,4.4
2026-04-20 00:27:54,BC_1,4.78,11.13,5.71,7.04,11.04,4.43
2026-04-20 00:27:54,BC_1,4.92,11.16,5.59,6.85,10.93,4.48
2026-04-20 00:27:55,BC_1,4.74,11.21,5.62,6.85,10.8,4.4
2026-04-20 00:27:55,BC_1,4.62,11.12,5.62,6.88,10.66,4.39
2026-04-20 00:27:55,BC_1,4.76,10.91,5.61,6.87,10.94,4.42
2026-04-20 00:27:56,BC_1,4.6,10.93,5.75,6.84,10.92,4.48
2026-04-20 00:27:56,BC_1,4.58,11.05,5.84,6.9,11.03,4.45
2026-04-20 00:27:57,BC_1,4.58,11.08,5.54,6.84,10.96,4.41
2026-04-20 00:27:57,BC_1,4.64,10.93,5.56,6.88,10.94,4.44
2026-04-20 00:27:57,BC_1,4.59,11.11,5.88,6.91,10.92,4.49
2026-04-20 00:27:58,BC_1,4.53,11.12,5.6,6.85,11.06,4.53
2026-04-20 00:27:58,BC_1,4.58,11.0,5.68,6.99,10.95,4.48
2026-04-20 00:27:59,BC_1,4.7,11.24,5.55,6.82,10.95,4.4
2026-04-20 00:27:59,BC_1,4.59,11.29,5.67,6.85,11.19,4.38
2026-04-20 00:27:59,BC_1,4.67,11.0,5.66,6.84,11.11,4.37
2026-04-20 00:28:00,BC_1,4.69,11.27,5.77,6.85,11.08,4.37
2026-04-20 00:28:00,BC_1,4.63,11.28,5.8,6.83,11.13,4.47
2026-04-20 00:28:01,BC_1,4.59,11.16,5.63,6.85,10.76,4.4
2026-04-20 00:28:01,BC_1,4.57,11.23,5.73,6.83,11.1,4.38
2026-04-20 00:28:01,BC_1,4.64,11.22,5.73,6.83,11.09,4.36
2026-04-20 00:28:02,BC_1,4.59,11.25,5.79,6.86,11.14,4.47
2026-04-20 00:28:02,BC_1,4.51,11.18,5.67,6.87,11.19,4.41
2026-04-20 00:28:03,BC_1,4.78,11.18,5.72,6.84,10.8,4.39
2026-04-20 00:28:03,BC_1,4.75,11.23,5.77,6.88,11.06,4.37
2026-04-20 00:28:03,BC_1,4.54,11.1,5.67,6.87,11.18,4.48
2026-04-20 00:28:04,BC_1,4.66,11.16,5.56,6.91,10.68,4.4
2026-04-20 00:28:04,BC_1,4.64,11.07,5.56,6.83,11.09,4.5
2026-04-20 00:28:05,BC_1,4.58,10.95,5.52,6.85,11.08,4.42
2026-04-20 00:28:05,BC_1,4.54,11.02,5.55,6.84,11.1,4.45
2026-04-20 00:28:05,BC_1,4.77,11.09,5.83,6.85,10.82,4.51
2026-04-20 00:28:06,BC_1,4.73,10.97,5.48,6.86,10.6,4.49
2026-04-20 00:28:06,BC_1,4.59,11.0,5.57,6.97,10.99,4.46
2026-04-20 00:28:07,BC_1,4.65,11.01,5.51,6.85,10.66,4.46
2026-04-20 00:28:07,BC_1,4.53,10.97,5.51,6.86,11.07,4.53
2026-04-20 00:28:07,BC_1,4.64,10.79,5.41,6.88,10.72,4.49
2026-04-20 00:28:08,BC_1,4.91,11.18,5.48,6.87,10.77,4.46
2026-04-20 00:28:08,BC_1,4.57,11.04,5.66,6.87,11.07,4.57
2026-04-20 00:28:09,BC_1,4.56,10.91,5.52,6.87,10.76,4.51
2026-04-20 00:28:09,BC_1,4.55,11.05,5.66,6.84,10.78,4.5
2026-04-20 00:28:09,BC_1,4.57,10.95,5.75,6.86,10.86,4.54
2026-04-20 00:28:10,BC_1,4.69,10.85,5.37,6.83,11.26,4.55
2026-04-20 00:28:10,BC_1,4.63,10.84,5.47,6.9,11.09,4.51
2026-04-20 00:28:11,BC_1,4.73,11.11,5.42,6.86,11.24,4.43
2026-04-20 00:28:11,BC_1,4.62,11.13,5.6,6.84,11.18,4.46
2026-04-20 00:28:11,BC_1,4.59,11.04,5.61,6.91,11.28,4.43
2026-04-20 00:28:12,BC_1,4.5,11.22,5.6,6.81,11.27,4.4
2026-04-20 00:28:12,BC_1,4.53,11.19,5.63,6.93,11.23,4.39
2026-04-20 00:28:13,BC_1,4.54,11.19,5.59,6.87,11.17,4.42
2026-04-20 00:28:13,BC_1,4.87,10.91,5.61,6.9,10.78,4.39
2026-04-20 00:28:13,BC_1,4.59,11.15,5.64,6.82,10.84,4.39
2026-04-20 00:28:14,BC_1,4.56,11.15,5.65,6.86,11.12,4.38
2026-04-20 00:28:14,BC_1,4.64,11.21,5.69,6.87,11.22,4.41
2026-04-20 00:28:15,BC_1,4.95,11.17,5.68,6.88,10.78,4.38
2026-04-20 00:28:15,BC_1,4.55,11.2,5.71,6.85,11.1,4.39
2026-04-20 00:28:15,BC_1,4.59,11.13,5.61,6.87,10.96,4.37
2026-04-20 00:28:16,BC_1,4.6,10.99,5.63,6.82,11.07,4.42
2026-04-20 00:28:16,BC_1,4.56,10.95,5.75,6.85,11.04,4.56
2026-04-20 00:28:17,BC_1,4.67,11.13,5.64,6.84,11.26,4.48
2026-04-20 00:28:17,BC_1,4.57,11.08,5.55,6.86,10.75,4.48
2026-04-20 00:28:17,BC_1,4.59,10.94,5.62,6.87,11.12,4.46
2026-04-20 00:28:18,BC_1,4.55,11.15,5.63,6.98,11.25,4.47
2026-04-20 00:28:18,BC_1,4.54,11.1,5.57,6.88,11.28,4.43
2026-04-20 00:28:19,BC_1,4.74,11.17,5.52,6.86,11.23,4.41
2026-04-20 00:28:19,BC_1,4.74,11.16,5.63,6.84,11.27,4.44
2026-04-20 00:28:19,BC_1,4.76,11.14,5.65,6.86,11.25,4.41
2026-04-20 00:28:20,BC_1,4.68,11.15,5.65,6.84,11.25,4.39
2026-04-20 00:28:20,BC_1,4.62,11.03,5.67,6.87,10.89,4.38
2026-04-20 00:28:21,BC_1,4.61,11.16,5.66,6.84,11.17,4.41
2026-04-20 00:28:21,BC_1,4.54,11.11,5.69,6.83,10.8,4.39
2026-04-20 00:28:21,BC_1,4.6,10.99,5.67,6.97,11.1,4.38
2026-04-20 00:28:22,BC_1,4.58,11.0,5.69,6.9,11.21,4.38
2026-04-20 00:28:22,BC_1,4.62,11.2,5.67,6.82,10.91,4.42
2026-04-20 00:28:23,BC_1,4.59,10.98,5.61,6.87,10.86,4.38
2026-04-20 00:28:23,BC_1,4.55,11.12,5.75,6.84,10.9,4.39
2026-04-20 00:28:23,BC_1,4.57,10.96,5.72,6.92,11.18,4.38
2026-04-20 00:28:24,BC_1,4.67,11.12,5.74,6.84,11.19,4.4
2026-04-20 00:28:24,BC_1,4.73,11.13,5.65,6.81,11.01,4.39
2026-04-20 00:28:25,BC_1,4.54,11.13,5.65,6.86,10.82,4.38
2026-04-20 00:28:25,BC_1,4.59,11.1,5.71,6.81,11.19,4.37
2026-04-20 00:28:25,BC_1,4.76,11.17,5.72,6.87,11.17,4.41
2026-04-20 00:28:26,BC_1,4.85,11.0,5.63,6.84,11.07,4.38
2026-04-20 00:28:26,BC_1,4.56,10.79,5.67,6.85,11.05,4.37
2026-04-20 00:28:27,BC_1,4.54,10.98,5.71,6.83,11.17,4.36
2026-04-20 00:28:27,BC_1,4.54,11.15,5.72,6.85,11.15,4.4
2026-04-20 00:28:27,BC_1,4.54,11.14,5.54,6.84,11.2,4.38
2026-04-20 00:28:28,BC_1,4.76,11.17,5.71,6.91,11.19,4.38
2026-04-20 00:28:28,BC_1,4.54,10.77,5.61,6.87,10.89,4.38
2026-04-20 00:28:28,BC_1,4.54,10.89,5.56,6.83,10.82,4.42
2026-04-20 00:28:29,BC_1,4.56,11.02,5.5,6.85,10.88,4.4
2026-04-20 00:28:29,BC_1,4.74,11.06,5.48,6.84,10.73,4.49
2026-04-20 00:28:30,BC_1,4.56,11.06,5.33,6.87,11.02,4.42
2026-04-20 00:28:30,BC_1,4.75,10.93,5.44,6.88,10.76,4.44
2026-04-20 00:28:30,BC_1,4.94,10.89,5.67,6.89,10.87,4.52
2026-04-20 00:28:31,BC_1,4.67,10.86,5.33,6.84,10.91,4.5
2026-04-20 00:28:31,BC_1,4.64,10.88,5.55,6.84,10.57,4.43
2026-04-20 00:28:32,BC_1,4.53,10.93,5.54,6.88,11.16,4.43
2026-04-20 00:28:32,BC_1,4.61,10.87,5.67,6.83,11.04,4.52
2026-04-20 00:28:33,BC_1,4.5,10.72,5.46,6.86,11.0,4.54
2026-04-20 00:28:33,BC_1,4.56,10.9,5.66,6.85,10.87,4.48
2026-04-20 00:28:33,BC_1,4.56,10.74,5.54,6.84,11.38,4.48
2026-04-20 00:28:34,BC_1,4.71,10.83,5.48,6.83,11.16,4.43
2026-04-20 00:28:34,BC_1,4.69,11.09,5.44,6.83,11.03,4.51
2026-04-20 00:28:35,BC_1,4.52,10.96,5.46,6.87,11.26,4.44
2026-04-20 00:28:35,BC_1,4.61,11.17,5.56,6.85,11.16,4.46
2026-04-20 00:28:35,BC_1,4.65,11.09,5.37,6.82,11.12,4.41
2026-04-20 00:28:36,BC_1,4.56,11.07,5.55,6.83,11.04,4.52
2026-04-20 00:28:36,BC_1,4.65,11.04,5.44,6.87,11.13,4.44
2026-04-20 00:28:36,BC_1,4.68,11.08,5.44,6.85,10.87,4.46
2026-04-20 00:28:37,BC_1,4.58,11.11,5.59,6.88,11.17,4.44
2026-04-20 00:28:37,BC_1,4.49,11.07,5.57,6.83,11.13,4.41
2026-04-20 00:28:38,BC_1,4.53,10.84,5.6,6.83,11.12,4.39
2026-04-20 00:28:38,BC_1,4.57,11.17,5.63,6.86,11.09,4.43
2026-04-20 00:28:38,BC_1,4.55,10.89,5.52,6.89,11.09,4.46
2026-04-20 00:28:39,BC_1,4.58,11.05,5.63,6.83,10.9,4.52
2026-04-20 00:28:39,BC_1,4.58,11.1,5.64,6.83,10.83,4.43
2026-04-20 00:28:40,BC_1,4.55,10.76,5.48,6.82,10.89,4.53
2026-04-20 00:28:40,BC_1,4.6,10.99,5.5,6.8,10.92,4.56
2026-04-20 00:28:40,BC_1,4.57,11.0,5.46,6.85,11.22,4.46
2026-04-20 00:28:41,BC_1,4.55,10.88,5.46,6.88,10.53,4.43
2026-04-20 00:28:41,BC_1,4.6,10.9,5.48,6.83,10.85,4.48
2026-04-20 00:28:42,BC_1,4.61,10.8,5.31,6.84,11.02,4.59
2026-04-20 00:28:42,BC_1,4.62,10.97,5.42,6.85,10.82,4.53
2026-04-20 00:28:43,BC_1,4.59,10.84,5.51,6.84,11.0,4.49
2026-04-20 00:28:43,BC_1,4.56,10.92,5.45,6.82,10.95,4.49
2026-04-20 00:28:43,BC_1,4.57,10.8,5.35,6.84,10.89,4.46
2026-04-20 00:28:44,BC_1,4.58,10.66,5.39,6.85,10.65,4.54
2026-04-20 00:28:44,BC_1,4.5,10.89,5.34,6.93,10.65,4.46
2026-04-20 00:28:44,BC_1,4.64,10.77,5.38,6.9,10.84,4.49
2026-04-20 00:28:45,BC_1,4.77,10.85,5.42,6.87,11.29,4.56
2026-04-20 00:28:45,BC_1,4.75,11.05,5.43,6.85,11.24,4.47
2026-04-20 00:28:46,BC_1,4.64,11.09,5.48,6.83,10.96,4.44
2026-04-20 00:28:46,BC_1,4.58,11.05,5.4,6.95,10.76,4.5
2026-04-20 00:28:46,BC_1,4.52,11.08,5.55,6.85,11.12,4.43
2026-04-20 00:28:47,BC_1,4.55,10.93,5.56,6.83,11.07,4.4
2026-04-20 00:28:47,BC_1,4.52,11.14,5.61,6.83,11.04,4.4
2026-04-20 00:28:48,BC_1,4.51,11.09,5.57,6.91,11.07,4.44
2026-04-20 00:28:48,BC_1,4.79,10.92,5.56,6.83,10.78,4.4
2026-04-20 00:28:48,BC_1,4.67,11.12,5.58,6.84,11.05,4.39
2026-04-20 00:28:49,BC_1,4.66,11.05,5.5,6.92,11.03,4.39
2026-04-20 00:28:49,BC_1,4.75,11.08,5.64,6.83,11.18,4.51
2026-04-20 00:28:50,BC_1,4.62,11.05,5.52,6.84,10.5,4.44
2026-04-20 00:28:50,BC_1,4.72,10.73,5.35,6.82,10.82,4.42
2026-04-20 00:28:50,BC_1,4.57,10.95,5.39,6.82,10.9,4.41
2026-04-20 00:28:51,BC_1,4.99,10.82,5.5,6.86,10.83,4.47
2026-04-20 00:28:51,BC_1,4.58,10.96,5.55,6.88,10.65,4.59
2026-04-20 00:28:52,BC_1,4.53,10.91,5.32,6.88,11.03,4.54
2026-04-20 00:29:30,BC_2,6.06,13.3,6.35,5.57,12.17,5.35
2026-04-20 00:29:30,BC_2,6.28,13.3,6.38,5.53,11.52,5.33
2026-04-20 00:29:31,BC_2,6.27,13.1,6.37,5.53,10.81,5.3
2026-04-20 00:29:31,BC_2,6.36,13.2,6.35,5.57,10.72,5.32
2026-04-20 00:29:32,BC_2,6.2,13.2,6.3,5.55,10.42,5.32
2026-04-20 00:29:32,BC_2,6.14,13.2,6.36,5.58,9.86,5.31
2026-04-20 00:29:32,BC_2,6.3,13.1,6.38,5.54,9.97,5.33
2026-04-20 00:29:33,BC_2,6.14,12.8,6.33,5.54,9.78,5.36
2026-04-20 00:29:33,BC_2,6.46,12.8,6.34,5.54,9.72,5.35
2026-04-20 00:29:34,BC_2,6.01,13.0,6.4,5.51,9.71,5.35
2026-04-20 00:29:34,BC_2,6.07,13.0,6.35,5.55,9.69,5.34
2026-04-20 00:29:34,BC_2,6.22,12.9,6.46,5.57,9.65,5.39
2026-04-20 00:29:35,BC_2,6.24,12.9,6.34,5.51,9.75,5.35
2026-04-20 00:29:35,BC_2,6.51,12.64,6.32,5.62,9.9,5.33
2026-04-20 00:29:35,BC_2,6.25,13.0,6.36,5.62,9.78,5.37
2026-04-20 00:29:36,BC_2,5.97,12.8,6.36,5.6,9.64,5.35
2026-04-20 00:29:36,BC_2,6.14,12.53,6.54,5.57,9.72,5.38
2026-04-20 00:29:37,BC_2,6.09,12.8,6.47,5.54,9.95,5.38
2026-04-20 00:29:37,BC_2,5.82,12.74,6.46,5.55,9.94,5.35
2026-04-20 00:29:37,BC_2,5.84,12.76,6.37,5.54,10.02,5.34
2026-04-20 00:29:38,BC_2,6.15,12.4,6.42,5.51,9.97,5.4
2026-04-20 00:29:38,BC_2,6.28,12.61,6.44,5.55,9.65,5.4
2026-04-20 00:29:39,BC_2,6.19,12.59,6.37,5.53,9.9,5.41
2026-04-20 00:29:39,BC_2,6.0,12.58,6.3,5.54,9.97,5.34
2026-04-20 00:29:39,BC_2,5.94,12.53,6.46,5.53,10.08,5.34
2026-04-20 00:29:40,BC_2,6.12,12.51,6.36,5.55,10.14,5.36
2026-04-20 00:29:40,BC_2,6.55,12.48,6.48,5.53,9.94,5.44
2026-04-20 00:29:41,BC_2,6.6,12.38,6.37,5.53,10.16,5.37
2026-04-20 00:29:41,BC_2,6.28,12.16,6.41,5.5,9.92,5.41
2026-04-20 00:29:41,BC_2,6.54,12.2,6.49,5.51,10.17,5.38
2026-04-20 00:29:42,BC_2,6.29,11.97,6.4,5.58,10.05,5.37
2026-04-20 00:29:42,BC_2,6.04,11.95,6.32,5.57,9.85,5.51
2026-04-20 00:29:43,BC_2,6.49,12.15,6.46,5.54,10.12,5.41
2026-04-20 00:29:43,BC_2,6.21,12.42,6.36,5.55,10.24,5.41
2026-04-20 00:29:43,BC_2,6.18,12.37,6.34,5.6,10.18,5.39
2026-04-20 00:29:44,BC_2,6.04,12.26,6.35,5.51,10.05,5.45
2026-04-20 00:29:44,BC_2,6.17,12.37,6.4,5.54,10.1,5.37
2026-04-20 00:29:45,BC_2,6.08,12.34,6.44,5.55,9.93,5.41
2026-04-20 00:29:45,BC_2,6.29,12.33,6.37,5.57,9.99,5.38
2026-04-20 00:29:45,BC_2,6.09,12.23,6.36,5.54,10.04,5.53
2026-04-20 00:29:46,BC_2,6.59,12.23,6.36,5.5,10.05,5.51
2026-04-20 00:29:46,BC_2,6.3,12.28,6.48,5.59,10.11,5.43
2026-04-20 00:29:47,BC_2,6.31,12.15,6.52,5.52,10.14,5.43
2026-04-20 00:29:47,BC_2,6.33,12.22,6.35,5.51,10.07,5.48
2026-04-20 00:29:47,BC_2,6.29,12.17,6.46,5.5,10.19,5.41
2026-04-20 00:29:48,BC_2,6.34,12.06,6.37,5.52,9.97,5.44
2026-04-20 00:29:48,BC_2,6.64,12.11,6.4,5.55,9.84,5.36
2026-04-20 00:29:49,BC_2,6.22,11.93,6.42,5.53,9.9,5.4
2026-04-20 00:29:49,BC_2,6.51,12.04,6.47,5.54,10.27,5.39
2026-04-20 00:29:49,BC_2,6.04,12.31,6.43,5.55,10.1,5.4
2026-04-20 00:29:50,BC_2,6.59,12.18,6.53,5.54,9.96,5.39
2026-04-20 00:29:50,BC_2,6.23,12.19,6.39,5.51,10.11,5.45
2026-04-20 00:29:51,BC_2,6.34,12.22,6.35,5.53,10.14,5.4
2026-04-20 00:29:51,BC_2,6.36,12.18,6.42,5.52,10.2,5.41
2026-04-20 00:29:51,BC_2,6.26,12.25,6.35,5.55,9.93,5.38
2026-04-20 00:29:52,BC_2,6.23,12.19,6.37,5.52,9.9,5.47
2026-04-20 00:29:52,BC_2,6.42,12.2,6.41,5.52,10.03,5.46
2026-04-20 00:29:53,BC_2,6.43,12.22,6.39,5.54,10.13,5.47
2026-04-20 00:29:53,BC_2,6.16,11.88,6.36,5.55,10.07,5.42
2026-04-20 00:29:53,BC_2,6.23,12.19,6.52,5.53,10.08,5.46
2026-04-20 00:29:54,BC_2,6.54,12.01,6.39,5.53,9.85,5.5
2026-04-20 00:29:54,BC_2,6.7,11.95,6.39,5.53,10.08,5.48
2026-04-20 00:29:54,BC_2,6.4,12.14,6.41,5.54,9.89,5.45
2026-04-20 00:29:55,BC_2,6.36,12.17,6.42,5.53,10.04,5.51
2026-04-20 00:29:55,BC_2,6.33,12.16,6.47,5.56,10.12,5.42
2026-04-20 00:29:56,BC_2,6.38,12.17,6.45,5.53,10.27,5.46
2026-04-20 00:29:56,BC_2,6.27,12.17,6.4,5.55,10.14,5.42
2026-04-20 00:29:56,BC_2,6.4,12.04,6.3,5.58,10.1,5.49
2026-04-20 00:29:57,BC_2,6.52,12.1,6.35,5.54,9.99,5.49
2026-04-20 00:29:57,BC_2,6.42,12.17,6.41,5.53,10.13,5.48
2026-04-20 00:29:58,BC_2,6.25,12.0,6.44,5.55,10.2,5.45
2026-04-20 00:29:58,BC_2,6.22,12.11,6.4,5.5,10.06,5.5
2026-04-20 00:29:58,BC_2,6.42,11.95,6.49,5.53,10.05,5.54
2026-04-20 00:29:59,BC_2,6.7,12.21,6.41,5.54,10.16,5.52
2026-04-20 00:29:59,BC_2,6.11,11.97,6.49,5.51,9.99,5.42
2026-04-20 00:30:00,BC_2,6.46,11.98,6.36,5.54,9.95,5.42
2026-04-20 00:30:00,BC_2,6.47,11.88,6.45,5.57,10.32,5.42
2026-04-20 00:30:00,BC_2,6.69,12.02,6.74,5.54,10.29,5.43
2026-04-20 00:30:01,BC_2,6.42,12.11,6.4,5.5,10.29,5.42
2026-04-20 00:30:01,BC_2,6.16,12.13,6.38,5.52,9.96,5.49
2026-04-20 00:30:02,BC_2,6.46,12.12,6.51,5.54,10.03,5.44
2026-04-20 00:30:02,BC_2,6.26,12.12,6.73,5.5,10.28,5.45
2026-04-20 00:30:02,BC_2,6.38,12.08,6.36,5.57,10.32,5.44
2026-04-20 00:30:03,BC_2,6.05,12.06,6.35,5.55,10.18,5.5
2026-04-20 00:30:03,BC_2,6.26,11.97,6.36,5.52,9.97,5.44
2026-04-20 00:30:04,BC_2,6.29,12.13,6.33,5.71,10.28,5.44
2026-04-20 00:30:04,BC_2,6.37,11.99,6.39,5.54,10.24,5.43
2026-04-20 00:30:04,BC_2,6.33,11.91,6.36,5.49,10.19,5.49
2026-04-20 00:30:05,BC_2,6.28,12.1,6.43,5.5,10.27,5.43
2026-04-20 00:30:05,BC_2,6.56,11.94,6.39,5.52,10.16,5.47
2026-04-20 00:30:06,BC_2,6.19,12.07,6.4,5.59,10.29,5.44
2026-04-20 00:30:06,BC_2,6.13,12.09,6.36,5.55,10.2,5.5
2026-04-20 00:30:06,BC_2,6.4,12.07,6.44,5.6,10.16,5.53
2026-04-20 00:30:07,BC_2,6.53,12.13,6.39,5.57,10.26,5.51
2026-04-20 00:30:07,BC_2,6.35,11.92,6.33,5.54,9.85,5.45
2026-04-20 00:30:08,BC_2,6.48,12.03,6.82,5.54,10.15,5.53
2026-04-20 00:30:08,BC_2,6.44,12.07,6.52,5.58,10.27,5.46
2026-04-20 00:30:08,BC_2,6.4,12.09,6.38,5.51,10.1,5.47
2026-04-20 00:30:09,BC_2,6.4,11.86,6.4,5.52,10.27,5.44
2026-04-20 00:30:09,BC_2,6.37,11.98,6.51,5.53,10.15,5.5
2026-04-20 00:30:10,BC_2,6.65,12.02,6.38,5.53,10.04,5.55
2026-04-20 00:30:10,BC_2,6.56,12.05,6.39,5.61,10.24,5.53
2026-04-20 00:30:10,BC_2,6.38,11.83,6.4,5.55,10.05,5.47
2026-04-20 00:30:11,BC_2,6.43,11.85,6.39,5.53,9.73,5.52
2026-04-20 00:30:11,BC_2,6.76,11.81,6.37,5.57,10.09,5.47
2026-04-20 00:30:11,BC_2,6.84,11.85,6.33,5.53,10.07,5.54
2026-04-20 00:30:12,BC_2,6.25,11.9,6.38,5.53,10.05,5.45
2026-04-20 00:30:12,BC_2,6.67,11.86,6.38,5.52,10.06,5.43
2026-04-20 00:30:13,BC_2,6.37,12.0,6.36,5.52,10.32,5.42
2026-04-20 00:30:13,BC_2,6.71,11.8,6.37,5.48,10.26,5.49
2026-04-20 00:30:13,BC_2,6.76,11.89,6.37,5.54,10.39,5.58
2026-04-20 00:30:14,BC_2,6.7,11.94,6.4,5.5,10.28,5.61
2026-04-20 00:30:14,BC_2,6.66,11.85,6.38,5.53,10.0,5.46
2026-04-20 00:30:15,BC_2,6.62,11.8,6.46,5.51,10.03,5.48
2026-04-20 00:30:15,BC_2,6.45,11.92,6.44,5.53,10.14,5.45
2026-04-20 00:30:15,BC_2,6.13,11.83,6.33,5.54,10.14,5.41
2026-04-20 00:30:16,BC_2,5.99,11.8,6.41,5.52,10.08,5.52
2026-04-20 00:30:16,BC_2,6.19,11.85,6.34,5.58,10.4,5.47
2026-04-20 00:30:17,BC_2,6.76,11.81,6.39,5.56,10.45,5.58
2026-04-20 00:30:17,BC_2,6.79,11.98,6.48,5.53,10.42,5.62
2026-04-20 00:30:17,BC_2,6.41,12.01,6.46,5.56,10.38,5.46
2026-04-20 00:30:18,BC_2,6.16,12.1,6.4,5.52,10.45,5.46
2026-04-20 00:30:18,BC_2,6.38,11.91,6.36,5.55,10.38,5.45
2026-04-20 00:30:19,BC_2,6.31,11.97,6.39,5.53,10.28,5.52
2026-04-20 00:30:19,BC_2,6.21,11.91,6.37,5.5,10.3,5.45
2026-04-20 00:30:19,BC_2,6.49,12.06,6.34,5.54,10.17,5.47
2026-04-20 00:30:20,BC_2,6.54,12.04,6.4,5.51,10.34,5.42
2026-04-20 00:30:20,BC_2,6.48,11.86,6.38,5.54,9.91,5.42
2026-04-20 00:30:21,BC_2,6.34,11.99,6.47,5.54,10.22,5.5
2026-04-20 00:30:21,BC_2,6.23,12.05,6.38,5.54,10.33,5.5
2026-04-20 00:30:21,BC_2,6.46,11.99,6.42,5.54,10.27,5.44
2026-04-20 00:30:22,BC_2,6.19,11.99,6.41,5.51,10.24,5.52
2026-04-20 00:30:22,BC_2,6.72,11.96,6.38,5.53,9.92,5.58
2026-04-20 00:30:23,BC_2,6.9,11.84,6.34,5.49,10.36,5.55
2026-04-20 00:30:23,BC_2,6.76,11.81,6.34,5.53,10.09,5.46
2026-04-20 00:30:23,BC_2,6.51,11.8,6.53,5.52,9.95,5.48
2026-04-20 00:30:24,BC_2,6.58,11.88,6.4,5.51,9.97,5.46
2026-04-20 00:30:24,BC_2,6.65,11.96,6.37,5.54,10.25,5.5
2026-04-20 00:30:25,BC_2,6.31,11.95,6.68,5.54,9.88,5.57
2026-04-20 00:30:25,BC_2,6.79,11.82,6.5,5.54,10.0,5.46
2026-04-20 00:30:25,BC_2,6.7,11.82,6.4,5.5,10.16,5.45
2026-04-20 00:30:26,BC_2,6.42,11.98,6.49,5.52,10.1,5.5
2026-04-20 00:30:26,BC_2,6.76,11.76,6.4,5.54,10.23,5.42
2026-04-20 00:30:27,BC_2,6.55,11.93,6.44,5.66,10.14,5.53
2026-04-20 00:30:27,BC_2,6.54,12.05,6.45,5.54,10.33,5.54
2026-04-20 00:30:27,BC_2,6.47,11.98,6.41,5.53,10.28,5.59
2026-04-20 00:30:28,BC_2,6.79,11.98,6.38,5.51,10.31,5.49
2026-04-20 00:30:28,BC_2,6.73,11.9,6.44,5.52,10.13,5.57
2026-04-20 00:30:29,BC_2,6.75,12.07,6.33,5.5,10.41,5.5
2026-04-20 00:30:29,BC_2,6.39,12.08,6.33,5.51,10.41,5.53
2026-04-20 00:30:29,BC_2,6.21,11.76,6.42,5.51,10.37,5.47
2026-04-20 00:30:30,BC_2,6.2,11.94,6.46,5.55,10.27,5.54
2026-04-20 00:30:30,BC_2,6.55,12.01,6.41,5.53,10.11,5.48
2026-04-20 00:30:31,BC_2,6.55,11.98,6.42,5.56,10.35,5.45
2026-04-20 00:30:31,BC_2,6.27,11.87,6.5,5.51,10.5,5.58
2026-04-20 00:30:31,BC_2,6.45,12.0,6.43,5.52,10.38,5.48
2026-04-20 00:30:32,BC_2,6.13,11.93,6.45,5.53,10.39,5.43
2026-04-20 00:30:32,BC_2,6.4,12.05,6.46,5.48,10.4,5.48
2026-04-20 00:30:33,BC_2,6.52,11.91,6.36,5.55,10.35,5.45
2026-04-20 00:30:33,BC_2,6.64,12.0,6.33,5.55,10.02,5.53
2026-04-20 00:30:33,BC_2,6.44,12.04,6.33,5.58,10.36,5.47
2026-04-20 00:30:34,BC_2,6.17,11.99,6.36,5.54,9.87,5.48
2026-04-20 00:30:34,BC_2,6.68,11.66,6.35,5.54,9.9,5.39
2026-04-20 00:30:35,BC_2,6.45,11.95,6.54,5.53,9.84,5.43
2026-04-20 00:30:35,BC_2,6.44,11.85,6.35,5.53,10.1,5.44
2026-04-20 00:30:35,BC_2,6.75,11.79,6.43,5.55,10.14,5.51
2026-04-20 00:30:36,BC_2,6.47,11.77,6.44,5.52,9.95,5.44
2026-04-20 00:30:36,BC_2,6.76,11.73,6.34,5.53,10.02,5.36
2026-04-20 00:30:37,BC_2,6.47,11.8,6.36,5.5,10.45,5.47
2026-04-20 00:30:37,BC_2,6.69,11.95,6.44,5.62,10.29,5.5
2026-04-20 00:30:37,BC_2,6.57,11.8,6.34,5.52,10.23,5.44
2026-04-20 00:30:38,BC_2,6.35,11.72,6.38,5.56,10.1,5.49
2026-04-20 00:30:38,BC_2,6.54,11.87,6.4,5.55,9.88,5.41
2026-04-20 00:30:39,BC_2,6.34,11.68,6.37,5.62,10.45,5.43
2026-04-20 00:30:39,BC_2,6.81,11.67,6.36,5.48,10.05,5.4
2026-04-20 00:30:39,BC_2,6.25,11.95,6.49,5.64,9.82,5.41
2026-04-20 00:30:40,BC_2,6.63,11.79,6.43,5.63,10.29,5.44
2026-04-20 00:30:40,BC_2,6.5,11.99,6.48,5.53,10.46,5.54
2026-04-20 00:30:41,BC_2,6.45,11.97,6.63,5.57,10.3,5.45
2026-04-20 00:30:41,BC_2,6.5,11.97,6.34,5.51,10.24,5.52
2026-04-20 00:30:41,BC_2,6.45,11.74,6.34,5.58,10.28,5.45
2026-04-20 00:30:42,BC_2,6.44,12.01,6.43,5.59,10.47,5.57
2026-04-20 00:30:42,BC_2,6.46,11.91,6.41,5.53,10.28,5.47
2026-04-20 00:30:43,BC_2,6.54,11.9,6.36,5.56,10.17,5.53
2026-04-20 00:30:43,BC_2,6.6,11.99,6.39,5.56,10.31,5.47
2026-04-20 00:30:43,BC_2,6.37,11.96,6.38,5.54,10.43,5.59
2026-04-20 00:30:44,BC_2,6.5,11.94,6.37,5.53,10.29,5.47
2026-04-20 00:30:44,BC_2,6.4,11.98,6.45,5.54,10.37,5.45
2026-04-20 00:30:45,BC_2,6.35,12.01,6.35,5.54,10.29,5.44
2026-04-20 00:30:45,BC_2,6.37,12.0,6.36,5.55,10.48,5.55
2026-04-20 00:30:45,BC_2,6.73,11.77,6.41,5.53,9.93,5.47
2026-04-20 00:30:46,BC_2,6.56,11.87,6.46,5.54,10.09,5.46
2026-04-20 00:30:46,BC_2,6.57,12.01,6.5,5.53,10.11,5.45
2026-04-20 00:30:47,BC_2,6.83,12.02,6.37,5.56,10.28,5.58
2026-04-20 00:30:47,BC_2,6.71,11.83,6.33,5.56,10.08,5.49
2026-04-20 00:30:47,BC_2,6.81,11.67,6.37,5.55,9.87,5.56
2026-04-20 00:30:48,BC_2,6.76,11.75,6.37,5.54,10.26,5.53
2026-04-20 00:30:48,BC_2,6.73,11.62,6.39,5.53,10.3,5.54
2026-04-20 00:30:49,BC_2,6.72,11.77,6.33,5.51,10.28,5.61
2026-04-20 00:30:49,BC_2,6.7,11.93,6.46,5.55,10.36,5.57
2026-04-20 00:31:33,BC_3,5.05,12.24,5.95,9.11,12.46,6.46
2026-04-20 00:31:33,BC_3,5.1,12.11,5.92,9.09,12.51,6.41
2026-04-20 00:31:34,BC_3,5.26,12.14,5.9,9.12,12.6,6.38
2026-04-20 00:31:34,BC_3,5.18,12.13,5.83,9.08,12.56,6.37
2026-04-20 00:31:34,BC_3,5.12,11.87,6.05,9.12,12.57,6.36
2026-04-20 00:31:35,BC_3,5.06,12.1,5.92,9.13,12.53,6.37
2026-04-20 00:31:35,BC_3,5.03,12.11,5.86,9.12,12.46,6.39
2026-04-20 00:31:36,BC_3,5.12,11.88,5.87,8.99,12.3,6.4
2026-04-20 00:31:36,BC_3,5.07,11.98,5.9,9.06,12.23,6.4
2026-04-20 00:31:36,BC_3,5.0,11.82,5.97,9.05,12.25,6.42
2026-04-20 00:31:37,BC_3,5.06,12.04,5.93,9.11,12.14,6.45
2026-04-20 00:31:37,BC_3,5.07,12.0,6.02,9.04,12.08,6.47
2026-04-20 00:31:38,BC_3,5.16,11.93,5.85,9.07,12.26,6.48
2026-04-20 00:31:38,BC_3,5.08,11.79,5.92,9.05,12.28,6.46
2026-04-20 00:31:38,BC_3,5.01,11.91,5.96,9.06,12.34,6.47
2026-04-20 00:31:39,BC_3,5.11,11.9,5.98,9.1,12.27,6.51
2026-04-20 00:31:39,BC_3,5.03,11.85,5.89,9.08,12.05,6.53
2026-04-20 00:31:40,BC_3,5.11,11.79,5.88,9.06,12.26,6.51
2026-04-20 00:31:40,BC_3,5.03,11.78,5.91,9.1,12.46,6.53
2026-04-20 00:31:40,BC_3,5.17,11.74,5.97,9.07,12.43,6.55
2026-04-20 00:31:41,BC_3,5.06,11.55,5.9,9.07,12.56,6.55
2026-04-20 00:31:41,BC_3,5.07,11.69,5.95,9.06,12.14,6.52
2026-04-20 00:31:42,BC_3,5.01,11.62,5.87,9.07,12.53,6.56
2026-04-20 00:31:42,BC_3,5.05,11.62,5.92,9.1,12.62,6.59
2026-04-20 00:31:42,BC_3,5.09,10.99,5.93,9.16,12.51,6.57
2026-04-20 00:31:43,BC_3,5.34,11.5,5.95,9.11,12.46,6.59
2026-04-20 00:31:43,BC_3,5.55,11.22,5.97,9.03,12.22,6.56
2026-04-20 00:31:43,BC_3,5.02,11.29,5.95,9.11,12.33,6.59
2026-04-20 00:31:44,BC_3,4.99,11.44,5.88,9.06,11.92,6.58
2026-04-20 00:31:44,BC_3,5.16,11.24,5.87,9.08,12.67,6.64
2026-04-20 00:31:45,BC_3,5.09,11.34,5.92,9.12,12.44,6.62
2026-04-20 00:31:45,BC_3,5.15,11.2,5.94,9.07,12.53,6.69
2026-04-20 00:31:46,BC_3,4.99,11.23,5.98,9.06,12.48,6.74
2026-04-20 00:31:46,BC_3,5.13,11.03,5.92,9.07,12.44,6.64
2026-04-20 00:31:46,BC_3,5.12,11.22,5.9,9.04,12.52,6.66
2026-04-20 00:31:47,BC_3,5.01,11.15,5.99,9.03,12.32,6.64
2026-04-20 00:31:47,BC_3,4.99,10.89,5.92,9.04,12.04,6.69
2026-04-20 00:31:48,BC_3,5.01,11.09,5.85,9.33,12.08,6.61
2026-04-20 00:31:48,BC_3,5.24,11.11,5.96,9.08,12.54,6.66
2026-04-20 00:31:48,BC_3,5.0,11.13,5.92,9.03,12.41,6.67
2026-04-20 00:31:49,BC_3,5.23,11.13,5.88,9.06,12.53,6.68
2026-04-20 00:31:49,BC_3,5.11,11.11,5.93,9.07,12.43,6.68
2026-04-20 00:31:50,BC_3,5.03,11.34,5.88,9.06,12.51,6.71
2026-04-20 00:31:50,BC_3,5.06,11.22,5.88,9.05,12.51,6.65
2026-04-20 00:31:50,BC_3,5.02,11.11,5.89,9.1,12.61,6.73
2026-04-20 00:31:51,BC_3,5.12,11.28,5.9,9.06,12.61,6.74
2026-04-20 00:31:51,BC_3,5.02,11.29,5.92,9.09,12.01,6.75
2026-04-20 00:31:52,BC_3,5.04,11.32,5.87,9.06,12.54,6.7
2026-04-20 00:31:52,BC_3,5.07,11.29,5.91,9.06,12.51,6.68
2026-04-20 00:31:52,BC_3,5.19,11.28,5.95,9.05,12.71,6.62
2026-04-20 00:31:53,BC_3,5.0,11.32,5.88,9.06,12.59,6.65
2026-04-20 00:31:53,BC_3,5.04,11.31,5.86,9.04,12.45,6.78
2026-04-20 00:31:54,BC_3,5.14,11.28,5.94,9.08,12.57,6.72
2026-04-20 00:31:54,BC_3,5.12,11.29,5.99,9.1,12.53,6.67
2026-04-20 00:31:54,BC_3,5.09,11.29,5.87,9.04,12.05,6.69
2026-04-20 00:31:55,BC_3,5.04,11.12,5.99,9.03,12.54,6.61
2026-04-20 00:31:55,BC_3,5.22,11.04,5.91,9.09,12.5,6.58
2026-04-20 00:31:56,BC_3,5.04,10.96,5.86,9.03,11.82,6.66
2026-04-20 00:31:56,BC_3,5.01,10.98,6.03,9.03,12.55,6.61
2026-04-20 00:31:56,BC_3,5.35,11.2,5.94,9.06,12.31,6.63
2026-04-20 00:31:57,BC_3,5.0,10.96,5.92,9.05,12.34,6.71
2026-04-20 00:31:57,BC_3,5.07,10.98,5.89,9.06,12.28,6.76
2026-04-20 00:31:58,BC_3,5.17,11.11,5.85,9.06,12.39,6.72
2026-04-20 00:31:58,BC_3,4.98,11.05,5.86,9.08,12.53,6.74
2026-04-20 00:31:58,BC_3,5.09,10.8,5.92,9.05,12.55,6.72
2026-04-20 00:31:59,BC_3,5.04,10.91,5.88,9.1,12.49,6.68
2026-04-20 00:31:59,BC_3,4.97,10.99,5.94,9.06,12.62,6.74
2026-04-20 00:32:00,BC_3,5.22,11.21,5.96,9.08,12.35,6.73
2026-04-20 00:32:00,BC_3,5.05,11.11,5.94,9.06,12.33,6.73
2026-04-20 00:32:00,BC_3,5.17,10.95,5.92,9.09,12.41,6.72
2026-04-20 00:32:01,BC_3,5.17,11.18,5.91,9.11,12.54,6.77
2026-04-20 00:32:01,BC_3,5.07,11.17,5.92,9.08,12.64,6.77
2026-04-20 00:32:02,BC_3,5.07,11.17,5.91,9.1,12.57,6.81
2026-04-20 00:32:02,BC_3,5.08,11.23,5.94,9.02,12.53,6.81
2026-04-20 00:32:02,BC_3,5.03,11.03,6.04,9.08,12.5,6.88
2026-04-20 00:32:03,BC_3,5.14,11.19,5.89,9.05,12.54,6.8
2026-04-20 00:32:03,BC_3,5.11,11.18,5.91,9.05,12.52,6.74
2026-04-20 00:32:04,BC_3,5.0,10.89,5.99,9.1,12.54,6.72
2026-04-20 00:32:04,BC_3,5.03,11.21,5.99,9.08,12.47,6.75
2026-04-20 00:32:04,BC_3,5.01,11.11,5.9,9.15,12.57,6.74
2026-04-20 00:32:05,BC_3,5.07,11.17,5.92,9.03,12.54,6.72
2026-04-20 00:32:05,BC_3,5.05,11.19,5.93,9.06,12.62,6.66
2026-04-20 00:32:06,BC_3,5.02,11.18,5.94,9.05,12.5,6.69
2026-04-20 00:32:06,BC_3,5.0,11.12,5.94,9.11,12.5,6.7
2026-04-20 00:32:06,BC_3,5.11,10.98,5.93,9.06,12.35,6.79
2026-04-20 00:32:07,BC_3,5.11,10.87,5.92,9.02,12.24,6.8
2026-04-20 00:32:07,BC_3,5.16,10.97,5.89,9.05,12.51,6.8
2026-04-20 00:32:08,BC_3,5.04,10.91,5.91,9.03,12.46,6.76
2026-04-20 00:32:08,BC_3,5.01,11.17,5.93,9.07,12.26,6.77
2026-04-20 00:32:08,BC_3,5.07,11.03,5.95,9.05,12.45,6.83
2026-04-20 00:32:09,BC_3,4.96,10.96,5.91,9.07,12.29,6.7
2026-04-20 00:32:09,BC_3,5.06,11.09,5.91,9.11,12.48,6.73
2026-04-20 00:32:10,BC_3,4.97,11.07,5.92,9.08,12.38,6.66
2026-04-20 00:32:10,BC_3,4.98,10.92,5.88,9.1,12.48,6.71
2026-04-20 00:32:10,BC_3,5.0,10.98,5.85,9.08,12.54,6.73
2026-04-20 00:32:11,BC_3,5.02,10.77,6.21,9.05,12.47,6.87
2026-04-20 00:32:11,BC_3,5.02,10.91,5.93,9.09,12.41,6.74
2026-04-20 00:32:12,BC_3,5.17,10.83,5.9,9.07,12.53,6.8
2026-04-20 00:32:12,BC_3,5.01,10.86,5.9,9.11,12.54,6.78
2026-04-20 00:32:12,BC_3,5.0,11.08,6.4,9.08,12.57,6.79
2026-04-20 00:32:13,BC_3,5.19,11.16,5.93,9.01,12.54,6.73
2026-04-20 00:32:13,BC_3,5.04,11.09,5.98,9.09,12.52,6.71
2026-04-20 00:32:14,BC_3,5.16,11.1,5.9,9.06,12.51,6.73
2026-04-20 00:32:14,BC_3,5.08,11.04,5.95,9.18,12.57,6.76
2026-04-20 00:32:14,BC_3,5.05,10.98,5.98,9.04,12.63,6.74
2026-04-20 00:32:15,BC_3,5.14,11.15,6.01,9.06,12.57,6.71
2026-04-20 00:32:15,BC_3,5.09,11.11,6.14,9.16,12.62,6.77
2026-04-20 00:32:16,BC_3,4.99,10.89,5.91,9.06,12.58,6.73
2026-04-20 00:32:16,BC_3,4.98,11.09,5.9,9.11,12.52,6.69
2026-04-20 00:32:16,BC_3,5.03,11.11,5.87,9.08,12.47,6.72
2026-04-20 00:32:17,BC_3,5.02,11.07,6.0,9.07,12.49,6.75
2026-04-20 00:32:17,BC_3,5.19,11.14,5.9,9.06,12.48,6.7
2026-04-20 00:32:18,BC_3,5.13,10.96,5.9,9.03,12.47,6.68
2026-04-20 00:32:18,BC_3,5.02,11.06,5.92,9.06,12.31,6.75
2026-04-20 00:32:18,BC_3,5.03,10.6,5.9,9.07,12.52,6.77
2026-04-20 00:32:19,BC_3,5.12,10.82,5.87,9.09,12.43,6.86
2026-04-20 00:32:19,BC_3,5.28,10.8,6.01,9.08,12.3,6.81
2026-04-20 00:32:20,BC_3,5.07,11.04,5.86,9.12,12.43,6.71
2026-04-20 00:32:20,BC_3,5.02,10.74,5.88,9.04,12.54,6.82
2026-04-20 00:32:20,BC_3,5.09,10.96,5.94,9.05,12.45,6.82
2026-04-20 00:32:21,BC_3,5.4,10.86,6.0,9.03,12.39,6.81
2026-04-20 00:32:21,BC_3,5.0,10.72,6.06,9.08,12.34,6.8
2026-04-20 00:32:22,BC_3,5.02,10.78,5.91,9.03,12.54,6.92
2026-04-20 00:32:22,BC_3,4.99,10.9,6.09,9.11,12.27,6.79
2026-04-20 00:32:22,BC_3,5.02,10.81,5.98,9.09,12.55,6.88
2026-04-20 00:32:23,BC_3,5.07,10.95,5.92,9.03,12.52,6.78
2026-04-20 00:32:23,BC_3,4.94,10.87,5.9,9.08,12.28,6.84
2026-04-20 00:32:24,BC_3,5.05,10.85,5.87,9.1,12.54,6.79
2026-04-20 00:32:24,BC_3,5.01,11.08,6.16,9.08,12.62,6.79
2026-04-20 00:32:24,BC_3,5.13,11.1,6.01,9.02,12.55,6.76
2026-04-20 00:32:25,BC_3,5.15,10.8,6.01,9.04,12.5,6.86
2026-04-20 00:32:25,BC_3,5.05,11.07,5.96,9.12,12.57,6.82
2026-04-20 00:32:26,BC_3,5.02,10.93,5.9,9.09,12.52,6.79
2026-04-20 00:32:26,BC_3,5.02,11.06,6.33,9.06,12.53,6.74
2026-04-20 00:32:26,BC_3,5.12,11.05,5.88,9.09,12.46,6.88
2026-04-20 00:32:27,BC_3,4.97,11.02,5.95,9.06,12.37,6.82
2026-04-20 00:32:27,BC_3,4.96,11.05,5.94,9.17,12.55,6.77
2026-04-20 00:32:28,BC_3,5.0,11.05,5.9,9.07,12.6,6.78
2026-04-20 00:32:28,BC_3,5.06,11.07,5.89,9.04,12.55,6.85
2026-04-20 00:32:28,BC_3,5.24,10.99,5.91,9.04,12.22,6.82
2026-04-20 00:32:29,BC_3,5.13,10.97,6.04,9.04,12.25,6.74
2026-04-20 00:32:29,BC_3,5.02,10.67,5.88,9.04,12.46,6.82
2026-04-20 00:32:30,BC_3,5.18,10.78,6.0,9.19,12.14,6.9
2026-04-20 00:32:30,BC_3,5.15,10.86,6.22,9.04,12.39,6.94
2026-04-20 00:32:30,BC_3,5.05,10.71,5.89,9.07,12.51,6.91
2026-04-20 00:32:31,BC_3,5.0,10.81,5.87,9.09,12.58,6.87
2026-04-20 00:32:31,BC_3,5.06,10.74,6.03,9.13,12.54,7.02
2026-04-20 00:32:32,BC_3,5.18,10.82,6.0,9.06,12.53,6.94
2026-04-20 00:32:32,BC_3,5.29,10.79,5.91,9.09,12.59,6.89
2026-04-20 00:32:32,BC_3,5.08,10.9,5.92,9.06,12.2,6.92
2026-04-20 00:32:33,BC_3,5.0,10.75,5.89,9.07,12.34,6.76
2026-04-20 00:32:33,BC_3,5.12,11.01,5.87,9.05,12.58,6.76
2026-04-20 00:32:34,BC_3,5.01,11.02,5.92,9.07,12.64,6.75
2026-04-20 00:32:34,BC_3,5.11,10.8,5.93,9.08,12.52,6.71
2026-04-20 00:32:34,BC_3,5.0,10.78,6.0,9.05,12.24,6.85
2026-04-20 00:32:35,BC_3,5.02,10.91,5.91,9.02,12.23,6.82
2026-04-20 00:32:35,BC_3,5.07,11.01,5.98,9.07,12.53,6.8
2026-04-20 00:32:36,BC_3,5.21,11.01,5.9,9.04,12.56,6.87
2026-04-20 00:32:36,BC_3,5.01,10.96,5.86,9.06,12.47,6.82
2026-04-20 00:32:36,BC_3,4.98,10.96,5.9,9.08,12.48,6.88
2026-04-20 00:32:37,BC_3,5.01,10.96,5.98,9.07,12.54,6.89
2026-04-20 00:32:37,BC_3,5.11,11.04,5.96,9.05,12.49,6.9
2026-04-20 00:32:38,BC_3,4.96,11.05,5.91,9.12,12.52,6.99
2026-04-20 00:32:38,BC_3,5.03,10.95,5.99,9.07,12.58,6.83
2026-04-20 00:32:38,BC_3,5.03,11.02,5.9,9.04,12.52,6.81
2026-04-20 00:32:39,BC_3,5.17,10.92,5.95,9.09,12.55,6.86
2026-04-20 00:32:39,BC_3,5.26,10.99,5.93,9.09,12.49,6.83
2026-04-20 00:32:40,BC_3,5.15,10.89,6.13,9.07,12.53,6.79
2026-04-20 00:32:40,BC_3,5.02,11.03,5.86,9.07,12.54,6.77
2026-04-20 00:32:40,BC_3,5.04,10.86,5.86,9.06,12.5,6.73
2026-04-20 00:32:41,BC_3,5.03,10.79,5.88,9.05,12.44,6.78
2026-04-20 00:32:41,BC_3,5.01,10.91,6.07,9.09,12.47,6.88
2026-04-20 00:32:42,BC_3,5.13,10.82,5.94,9.04,12.6,6.82
2026-04-20 00:32:42,BC_3,5.1,10.99,5.95,9.08,12.58,6.85
2026-04-20 00:32:42,BC_3,5.02,11.03,6.01,9.07,12.52,6.81
2026-04-20 00:32:43,BC_3,5.08,11.02,5.94,9.06,12.53,6.87
2026-04-20 00:32:43,BC_3,5.06,10.87,5.95,9.06,12.58,6.88
2026-04-20 00:32:44,BC_3,5.16,11.06,5.93,9.07,12.58,6.9
2026-04-20 00:32:44,BC_3,5.05,10.87,5.97,9.05,12.52,6.81
2026-04-20 00:32:44,BC_3,5.02,11.0,6.06,9.04,12.45,6.77
2026-04-20 00:32:45,BC_3,5.14,10.86,6.05,9.08,12.55,6.75
2026-04-20 00:32:45,BC_3,4.99,11.07,5.92,9.05,12.56,6.76
2026-04-20 00:32:46,BC_3,5.09,11.02,6.04,9.06,12.52,6.77
2026-04-20 00:32:46,BC_3,4.97,11.05,5.88,9.07,12.47,6.76
2026-04-20 00:32:46,BC_3,5.05,10.98,6.11,9.07,12.5,6.71
2026-04-20 00:32:47,BC_3,5.15,10.84,5.91,9.08,12.53,6.81
2026-04-20 00:32:47,BC_3,5.01,10.98,5.88,9.04,12.53,6.78
2026-04-20 00:32:48,BC_3,4.97,10.81,5.92,9.04,12.47,6.73
2026-04-20 00:32:48,BC_3,5.04,10.98,5.95,9.06,12.54,6.75
2026-04-20 00:32:48,BC_3,4.96,11.0,5.85,9.03,12.49,6.76
2026-04-20 00:32:49,BC_3,5.11,11.0,5.92,9.1,12.51,6.73
2026-04-20 00:32:49,BC_3,5.0,11.05,5.89,9.07,12.53,6.75
2026-04-20 00:32:50,BC_3,5.03,11.02,5.91,9.05,12.62,6.73
2026-04-20 00:32:50,BC_3,5.03,11.02,6.04,9.04,12.53,6.79
2026-04-20 00:32:50,BC_3,5.11,11.03,5.98,9.04,12.53,6.72
2026-04-20 00:32:51,BC_3,5.0,11.01,6.01,9.08,12.61,6.75
2026-04-20 00:32:51,BC_3,4.98,10.96,5.88,9.08,12.55,6.74
2026-04-20 00:32:52,BC_3,5.0,10.98,5.89,9.13,12.6,6.79
2026-04-20 00:32:52,BC_3,5.0,10.74,5.94,9.04,12.46,6.73
2026-04-20 00:32:52,BC_3,5.02,10.85,5.92,9.09,12.31,6.7
2026-04-20 00:33:26,BC_4,5.75,12.56,5.71,8.67,12.54,6.83
2026-04-20 00:33:27,BC_4,5.44,12.27,5.7,8.65,12.56,6.73
2026-04-20 00:33:27,BC_4,5.49,12.44,5.69,8.7,12.59,6.72
2026-04-20 00:33:28,BC_4,5.6,12.04,5.74,8.61,12.1,6.72
2026-04-20 00:33:28,BC_4,5.5,12.19,5.63,8.7,12.4,6.67
2026-04-20 00:33:28,BC_4,5.55,12.14,5.64,8.63,12.15,6.68
2026-04-20 00:33:29,BC_4,5.49,12.16,5.71,8.65,11.95,6.7
2026-04-20 00:33:29,BC_4,5.58,12.09,5.72,8.65,11.71,6.71
2026-04-20 00:33:30,BC_4,5.48,12.23,5.7,8.64,11.68,6.72
2026-04-20 00:33:30,BC_4,5.51,12.28,5.63,8.66,11.14,6.74
2026-04-20 00:33:31,BC_4,5.49,12.02,5.71,8.62,11.44,6.76
2026-04-20 00:33:31,BC_4,5.57,12.31,5.63,8.66,12.03,6.8
2026-04-20 00:33:31,BC_4,5.5,12.22,5.65,8.64,11.68,6.82
2026-04-20 00:33:32,BC_4,5.49,11.98,5.8,8.59,11.62,6.84
2026-04-20 00:33:32,BC_4,5.63,12.14,5.74,8.63,11.72,6.81
2026-04-20 00:33:33,BC_4,5.59,12.15,5.67,8.64,11.71,6.82
2026-04-20 00:33:33,BC_4,5.67,11.88,5.71,8.59,12.21,6.78
2026-04-20 00:33:33,BC_4,5.56,11.86,5.62,8.61,12.17,6.82
2026-04-20 00:33:34,BC_4,5.53,12.1,5.64,8.58,12.22,6.84
2026-04-20 00:33:34,BC_4,5.46,12.1,5.67,8.7,12.24,6.8
2026-04-20 00:33:34,BC_4,5.51,12.05,5.69,8.61,12.32,6.84
2026-04-20 00:33:35,BC_4,5.49,11.89,6.03,8.58,12.24,6.85
2026-04-20 00:33:35,BC_4,5.51,11.58,5.69,8.61,12.19,6.85
2026-04-20 00:33:36,BC_4,5.49,11.81,6.13,8.6,12.31,6.82
2026-04-20 00:33:36,BC_4,5.44,11.88,5.76,8.61,12.39,6.87
2026-04-20 00:33:36,BC_4,5.47,11.84,5.64,8.62,12.22,6.91
2026-04-20 00:33:37,BC_4,5.6,11.77,5.85,8.98,12.3,6.88
2026-04-20 00:33:37,BC_4,5.47,11.57,5.69,8.59,12.32,6.86
2026-04-20 00:33:38,BC_4,5.58,11.76,5.81,8.6,12.36,6.86
2026-04-20 00:33:38,BC_4,5.71,11.65,5.7,8.59,11.85,6.88
2026-04-20 00:33:38,BC_4,5.49,11.65,5.69,8.63,11.89,6.86
2026-04-20 00:33:39,BC_4,5.5,11.55,5.65,8.61,12.21,6.85
2026-04-20 00:33:39,BC_4,5.45,11.7,5.72,8.59,12.07,6.91
2026-04-20 00:33:40,BC_4,5.52,11.39,5.68,8.64,11.67,7.0
2026-04-20 00:33:40,BC_4,5.52,11.36,5.76,8.61,11.8,6.91
2026-04-20 00:33:40,BC_4,5.64,11.66,5.72,8.65,11.92,6.94
2026-04-20 00:33:41,BC_4,5.48,11.31,5.66,8.62,12.37,6.94
2026-04-20 00:33:41,BC_4,5.52,11.57,5.69,8.62,11.93,6.95
2026-04-20 00:33:42,BC_4,5.59,11.43,5.62,8.66,12.1,6.88
2026-04-20 00:33:42,BC_4,5.47,11.63,5.68,8.62,12.29,6.91
2026-04-20 00:33:42,BC_4,5.55,11.58,5.76,8.61,12.15,6.97
2026-04-20 00:33:43,BC_4,5.56,11.55,5.72,8.64,12.14,6.94
2026-04-20 00:33:43,BC_4,5.56,11.56,5.7,8.58,12.13,6.93
2026-04-20 00:33:44,BC_4,5.45,11.59,5.64,8.71,12.23,6.91
2026-04-20 00:33:44,BC_4,5.47,11.64,5.71,8.64,12.3,6.94
2026-04-20 00:33:44,BC_4,5.62,11.34,5.74,8.62,11.65,6.93
2026-04-20 00:33:45,BC_4,5.45,11.56,5.74,8.61,12.41,6.93
2026-04-20 00:33:45,BC_4,5.48,11.59,5.7,8.59,12.3,6.91
2026-04-20 00:33:46,BC_4,5.41,11.55,5.68,8.72,12.31,6.91
2026-04-20 00:33:46,BC_4,5.5,11.39,5.66,8.64,11.87,6.93
2026-04-20 00:33:46,BC_4,5.49,11.46,5.7,8.65,12.01,6.97
2026-04-20 00:33:47,BC_4,5.52,11.17,5.66,8.58,11.85,6.96
2026-04-20 00:33:47,BC_4,5.51,11.33,5.66,8.62,11.86,7.0
2026-04-20 00:33:48,BC_4,5.45,11.41,5.89,8.7,11.9,6.95
2026-04-20 00:33:48,BC_4,5.47,11.54,5.71,8.6,11.86,6.97
2026-04-20 00:33:48,BC_4,5.51,11.69,5.71,8.57,12.13,6.98
2026-04-20 00:33:49,BC_4,5.52,11.25,5.7,8.64,11.89,6.98
2026-04-20 00:33:49,BC_4,5.48,11.3,5.66,8.59,11.75,7.03
2026-04-20 00:33:50,BC_4,5.59,11.12,5.68,8.71,12.04,6.99
2026-04-20 00:33:50,BC_4,5.48,11.31,5.67,8.58,11.93,6.86
2026-04-20 00:33:51,BC_4,5.58,11.35,5.73,8.63,11.93,6.92
2026-04-20 00:33:51,BC_4,5.47,11.28,5.8,8.62,11.91,6.88
2026-04-20 00:33:51,BC_4,5.45,11.25,5.75,8.63,11.8,6.97
2026-04-20 00:33:52,BC_4,5.65,11.49,5.74,8.64,12.36,6.96
2026-04-20 00:33:52,BC_4,5.44,11.36,5.81,8.63,12.06,6.98
2026-04-20 00:33:53,BC_4,5.49,11.17,5.88,8.62,12.13,6.95
2026-04-20 00:33:53,BC_4,5.45,11.24,5.69,8.63,11.64,6.96
2026-04-20 00:33:53,BC_4,5.47,11.35,5.61,8.63,12.14,7.01
2026-04-20 00:33:54,BC_4,5.87,11.38,5.73,8.71,11.92,6.97
2026-04-20 00:33:54,BC_4,5.49,11.23,5.7,8.6,12.34,7.06
2026-04-20 00:33:55,BC_4,5.47,11.21,5.78,8.61,11.48,7.03
2026-04-20 00:33:55,BC_4,5.46,11.17,5.8,8.63,11.79,7.01
2026-04-20 00:33:55,BC_4,5.64,11.33,5.68,8.56,12.12,6.95
2026-04-20 00:33:56,BC_4,5.49,11.05,5.75,8.65,12.14,6.97
2026-04-20 00:33:56,BC_4,5.49,11.3,5.8,8.79,12.48,6.94
2026-04-20 00:33:57,BC_4,5.47,11.3,5.68,8.61,12.42,6.97
2026-04-20 00:33:57,BC_4,5.65,11.38,5.74,8.63,12.46,6.97
2026-04-20 00:33:57,BC_4,5.56,11.39,5.67,8.62,12.45,6.96
2026-04-20 00:33:58,BC_4,5.46,11.41,5.68,8.6,12.46,6.97
2026-04-20 00:33:58,BC_4,5.48,11.45,5.62,8.62,12.07,7.07
2026-04-20 00:33:59,BC_4,5.65,11.43,5.68,8.59,12.26,7.04
2026-04-20 00:33:59,BC_4,5.56,11.43,5.66,8.6,12.48,7.02
2026-04-20 00:33:59,BC_4,5.6,11.25,5.81,8.61,12.4,6.99
2026-04-20 00:34:00,BC_4,5.53,11.47,5.68,8.61,12.4,7.02
2026-04-20 00:34:00,BC_4,5.43,11.38,5.71,8.6,12.34,6.97
2026-04-20 00:34:01,BC_4,5.45,11.18,5.73,8.67,12.26,6.98
2026-04-20 00:34:01,BC_4,5.51,11.29,5.68,8.63,11.75,6.91
2026-04-20 00:34:01,BC_4,5.45,11.19,5.72,8.58,11.89,7.02
2026-04-20 00:34:02,BC_4,5.5,11.22,5.65,8.63,12.36,7.02
2026-04-20 00:34:02,BC_4,5.46,11.19,5.75,8.6,11.77,6.95
2026-04-20 00:34:03,BC_4,5.45,11.39,5.95,8.56,11.94,7.02
2026-04-20 00:34:03,BC_4,5.51,11.14,6.07,8.62,11.64,7.1
2026-04-20 00:34:03,BC_4,5.47,11.2,5.75,8.56,11.83,7.0
2026-04-20 00:34:04,BC_4,5.8,11.38,5.72,8.64,12.16,6.96
2026-04-20 00:34:04,BC_4,5.87,11.26,5.8,8.62,11.78,6.98
2026-04-20 00:34:05,BC_4,5.62,11.14,5.75,8.58,12.02,6.98
2026-04-20 00:34:05,BC_4,5.44,11.21,5.76,8.57,11.78,6.98
2026-04-20 00:34:05,BC_4,5.45,11.13,5.69,8.58,11.84,7.07
2026-04-20 00:34:06,BC_4,5.74,11.18,5.67,8.59,11.63,6.97
2026-04-20 00:34:06,BC_4,5.5,11.22,5.69,8.59,12.13,6.99
2026-04-20 00:34:07,BC_4,5.46,11.16,5.74,8.62,11.94,7.03
2026-04-20 00:34:07,BC_4,5.49,11.26,5.66,8.61,11.98,7.09
2026-04-20 00:34:07,BC_4,5.45,11.42,5.74,8.58,12.39,7.07
2026-04-20 00:34:08,BC_4,5.41,11.22,5.92,8.69,12.22,7.02
2026-04-20 00:34:08,BC_4,5.55,11.36,5.67,8.64,11.99,7.08
2026-04-20 00:34:09,BC_4,5.7,11.19,5.67,8.62,12.4,7.05
2026-04-20 00:34:09,BC_4,5.51,11.32,5.66,8.6,12.28,7.06
2026-04-20 00:34:09,BC_4,5.48,11.16,5.71,8.57,12.21,7.1
2026-04-20 00:34:10,BC_4,5.58,11.28,5.68,8.67,12.25,7.06
2026-04-20 00:34:10,BC_4,5.49,11.38,5.7,8.61,11.95,7.12
2026-04-20 00:34:11,BC_4,5.68,11.38,5.62,8.59,12.17,7.11
2026-04-20 00:34:11,BC_4,5.53,11.37,5.68,8.6,12.38,7.06
2026-04-20 00:34:11,BC_4,5.61,12.02,5.65,8.59,12.38,7.02
2026-04-20 00:34:12,BC_4,5.49,11.31,5.79,8.58,12.25,7.0
2026-04-20 00:34:12,BC_4,5.51,11.36,5.64,8.6,12.08,6.99
2026-04-20 00:34:13,BC_4,5.61,11.19,5.67,8.59,11.79,6.99
2026-04-20 00:34:13,BC_4,5.46,11.07,5.7,8.6,11.45,7.07
2026-04-20 00:34:13,BC_4,5.47,11.1,5.71,8.62,11.72,7.05
2026-04-20 00:34:14,BC_4,5.38,11.31,5.7,8.6,12.02,6.96
2026-04-20 00:34:14,BC_4,5.58,11.02,6.13,8.61,11.91,7.01
2026-04-20 00:34:15,BC_4,5.53,11.07,5.62,8.62,11.83,6.96
2026-04-20 00:34:15,BC_4,5.43,11.15,5.67,8.63,11.85,6.95
2026-04-20 00:34:15,BC_4,5.47,11.16,5.76,8.62,11.89,6.98
2026-04-20 00:34:16,BC_4,5.49,11.27,5.74,8.58,12.27,7.07
2026-04-20 00:34:16,BC_4,5.96,10.97,5.71,8.65,12.08,7.11
2026-04-20 00:34:17,BC_4,5.49,11.34,5.69,8.58,11.9,7.09
2026-04-20 00:34:17,BC_4,5.47,11.31,5.76,8.63,12.3,6.97
2026-04-20 00:34:17,BC_4,5.45,11.1,4.38,8.61,11.92,7.13
2026-04-20 00:34:18,BC_4,5.48,11.15,5.69,8.58,12.23,7.07
2026-04-20 00:34:18,BC_4,5.39,11.11,5.65,8.64,11.88,6.96
2026-04-20 00:34:19,BC_4,5.52,11.04,5.69,8.63,12.39,7.12
2026-04-20 00:34:19,BC_4,5.45,11.31,5.68,8.64,12.12,6.98
2026-04-20 00:34:20,BC_4,5.48,11.08,5.68,8.59,12.02,7.0
2026-04-20 00:34:20,BC_4,5.47,11.3,5.78,8.63,11.94,7.12
2026-04-20 00:34:20,BC_4,5.61,11.16,5.77,8.57,11.9,7.1
2026-04-20 00:34:21,BC_4,5.51,11.34,5.7,8.63,12.07,7.01
2026-04-20 00:34:21,BC_4,5.54,11.28,5.94,8.62,12.42,7.07
2026-04-20 00:34:21,BC_4,5.6,11.16,5.72,8.63,12.14,7.04
2026-04-20 00:34:22,BC_4,5.47,11.33,5.64,8.64,11.81,7.01
2026-04-20 00:34:22,BC_4,5.6,11.16,5.7,8.62,11.91,7.11
2026-04-20 00:34:23,BC_4,5.67,11.09,5.73,8.62,11.88,6.99
2026-04-20 00:34:23,BC_4,5.49,10.98,5.72,8.63,12.1,6.98
2026-04-20 00:34:23,BC_4,5.43,11.1,5.8,8.56,12.19,7.09
2026-04-20 00:34:24,BC_4,5.53,11.05,5.83,8.6,11.68,7.06
2026-04-20 00:34:24,BC_4,5.47,11.08,5.67,8.6,11.54,7.08
2026-04-20 00:34:25,BC_4,5.54,11.11,5.86,8.62,11.77,7.13
2026-04-20 00:34:25,BC_4,5.6,11.12,5.68,8.57,12.23,7.15
2026-04-20 00:34:25,BC_4,5.48,11.09,5.68,8.63,11.76,7.1
2026-04-20 00:34:26,BC_4,5.48,11.12,5.66,8.6,11.67,7.09
2026-04-20 00:34:26,BC_4,5.64,11.12,5.62,8.68,11.89,7.14
2026-04-20 00:34:27,BC_4,5.41,11.26,5.72,8.61,12.17,7.11
2026-04-20 00:34:27,BC_4,5.52,11.14,5.7,8.64,11.55,7.03
2026-04-20 00:34:27,BC_4,5.48,11.07,5.74,8.61,12.05,7.15
2026-04-20 00:34:28,BC_4,5.52,11.03,5.66,8.65,11.98,7.08
2026-04-20 00:34:28,BC_4,5.54,11.01,5.68,8.61,11.92,7.05
2026-04-20 00:34:29,BC_4,5.57,11.07,5.71,8.6,11.92,6.99
2026-04-20 00:34:29,BC_4,5.48,11.1,5.74,8.64,11.71,6.98
2026-04-20 00:34:29,BC_4,5.46,11.14,5.86,8.6,11.82,6.99
2026-04-20 00:34:30,BC_4,5.46,11.11,5.68,8.7,11.74,7.05
2026-04-20 00:34:30,BC_4,5.48,11.14,5.77,8.58,11.88,7.03
2026-04-20 00:34:31,BC_4,5.53,11.07,5.69,8.61,11.97,7.05
2026-04-20 00:34:31,BC_4,5.59,11.32,5.77,8.62,12.1,7.02
2026-04-20 00:34:31,BC_4,5.56,11.28,5.73,8.6,11.87,7.03
2026-04-20 00:34:32,BC_4,5.53,11.27,5.78,8.6,11.64,7.04
2026-04-20 00:34:32,BC_4,5.49,11.18,5.65,8.61,11.89,7.01
2026-04-20 00:34:33,BC_4,5.5,11.11,5.7,8.61,11.98,7.0
2026-04-20 00:34:33,BC_4,5.47,10.99,5.73,8.65,12.04,7.0
2026-04-20 00:34:33,BC_4,5.5,11.28,5.69,8.67,11.95,7.01
2026-04-20 00:34:34,BC_4,5.53,11.14,5.73,8.69,11.79,7.01
2026-04-20 00:34:34,BC_4,5.48,11.1,5.67,8.84,12.06,6.98
2026-04-20 00:34:35,BC_4,5.46,11.3,5.73,8.72,12.03,7.02
2026-04-20 00:34:35,BC_4,5.47,11.28,5.67,8.62,11.79,7.02
2026-04-20 00:34:35,BC_4,5.57,11.1,5.71,8.66,11.92,7.0
2026-04-20 00:34:36,BC_4,5.48,11.14,5.71,8.61,11.66,7.03
2026-04-20 00:34:36,BC_4,5.64,11.06,5.69,8.56,11.58,7.06
2026-04-20 00:34:37,BC_4,5.52,11.07,5.66,8.59,11.37,7.05
2026-04-20 00:34:37,BC_4,5.47,10.93,5.69,8.62,12.06,7.1
2026-04-20 00:34:37,BC_4,5.69,11.18,5.68,8.6,12.06,7.06
2026-04-20 00:34:38,BC_4,5.61,11.3,5.63,8.62,12.08,7.06
2026-04-20 00:34:38,BC_4,5.65,11.3,5.72,8.64,11.59,7.04
2026-04-20 00:34:39,BC_4,5.45,11.29,5.69,8.62,11.99,7.01
2026-04-20 00:34:39,BC_4,5.45,11.27,5.69,8.6,11.97,6.96
2026-04-20 00:34:39,BC_4,5.45,11.33,5.7,8.62,12.06,6.95
2026-04-20 00:34:40,BC_4,5.45,11.31,5.68,8.55,12.09,7.04
2026-04-20 00:34:40,BC_4,5.7,11.07,5.75,8.63,11.78,6.99
2026-04-20 00:34:41,BC_4,5.54,11.24,5.66,8.61,12.01,7.0
2026-04-20 00:34:41,BC_4,5.65,11.35,5.7,8.56,12.01,6.98
2026-04-20 00:34:41,BC_4,5.45,11.27,5.67,8.58,11.75,7.04
2026-04-20 00:34:42,BC_4,5.55,11.29,5.88,8.62,12.07,7.01
2026-04-20 00:34:42,BC_4,5.49,11.25,5.66,8.63,11.9,7.02
2026-04-20 00:34:43,BC_4,5.47,11.31,5.68,8.58,12.04,7.01
2026-04-20 00:34:43,BC_4,5.48,11.25,5.75,8.66,11.83,7.03
2026-04-20 00:34:43,BC_4,5.46,11.26,5.75,8.62,12.04,7.01
2026-04-20 00:34:44,BC_4,5.45,10.93,5.71,8.62,12.01,7.0
2026-04-20 00:34:44,BC_4,5.52,11.29,5.68,8.57,11.63,7.0
2026-04-20 00:34:45,BC_4,5.5,11.23,5.67,8.6,12.05,7.02
2026-04-20 00:34:45,BC_4,5.53,11.15,5.68,8.58,11.93,7.01
2026-04-20 00:34:45,BC_4,5.47,11.27,5.73,8.63,11.94,6.99
2026-04-20 00:34:46,BC_4,5.58,11.32,5.68,8.59,11.96,6.99
2026-04-20 00:34:46,BC_4,5.46,11.25,5.87,8.6,11.85,7.0
2026-04-20 00:35:14,CD_1,6.99,10.03,4.98,11.59,11.02,8.22
2026-04-20 00:35:14,CD_1,6.63,10.06,5.12,11.56,11.04,8.2
2026-04-20 00:35:15,CD_1,6.53,9.99,4.97,11.6,11.01,8.11
2026-04-20 00:35:15,CD_1,6.56,10.04,4.95,11.56,10.98,8.07
2026-04-20 00:35:16,CD_1,6.84,10.12,5.01,11.56,11.01,8.08
2026-04-20 00:35:16,CD_1,6.7,10.13,5.06,11.59,10.99,8.14
2026-04-20 00:35:16,CD_1,6.7,10.04,4.97,11.53,10.93,8.14
2026-04-20 00:35:17,CD_1,6.56,10.05,5.03,11.56,10.97,8.16
2026-04-20 00:35:17,CD_1,6.6,9.89,4.92,11.56,11.05,8.15
2026-04-20 00:35:18,CD_1,6.62,10.0,4.88,11.58,11.05,8.21
2026-04-20 00:35:18,CD_1,6.62,9.7,4.93,11.53,10.98,8.16
2026-04-20 00:35:18,CD_1,6.58,9.87,4.92,11.48,11.0,8.18
2026-04-20 00:35:19,CD_1,6.62,9.9,4.9,11.53,11.05,8.19
2026-04-20 00:35:19,CD_1,6.57,9.64,5.01,11.51,10.99,8.26
2026-04-20 00:35:20,CD_1,6.69,9.5,5.04,11.53,10.97,8.39
2026-04-20 00:35:20,CD_1,6.55,9.53,4.95,11.57,11.0,8.27
2026-04-20 00:35:20,CD_1,6.69,9.7,5.08,11.51,11.04,8.21
2026-04-20 00:35:21,CD_1,6.57,9.42,4.94,11.56,11.03,8.21
2026-04-20 00:35:21,CD_1,6.63,9.55,4.94,11.55,11.03,8.14
2026-04-20 00:35:22,CD_1,6.55,9.58,4.96,11.52,11.03,8.19
2026-04-20 00:35:22,CD_1,6.78,9.6,5.09,11.5,11.16,8.26
2026-04-20 00:35:22,CD_1,6.57,9.43,5.06,11.51,10.98,8.22
2026-04-20 00:35:23,CD_1,6.6,9.53,4.96,11.54,11.0,8.32
2026-04-20 00:35:23,CD_1,6.51,9.42,4.94,11.55,11.04,8.34
2026-04-20 00:35:24,CD_1,6.6,9.54,4.88,11.53,11.0,8.29
2026-04-20 00:35:24,CD_1,6.57,9.54,4.94,11.53,10.94,8.24
2026-04-20 00:35:24,CD_1,6.61,9.41,4.92,11.56,11.02,8.21
2026-04-20 00:35:25,CD_1,6.63,9.42,4.91,11.55,11.01,8.26
2026-04-20 00:35:25,CD_1,6.54,9.39,4.92,11.54,11.09,8.25
2026-04-20 00:35:26,CD_1,6.5,9.39,4.94,11.48,11.1,8.35
2026-04-20 00:35:26,CD_1,6.52,9.57,4.98,11.49,11.01,8.29
2026-04-20 00:35:26,CD_1,6.55,9.4,4.96,11.51,11.0,8.4
2026-04-20 00:35:27,CD_1,6.57,9.41,5.05,11.6,10.99,8.42
2026-04-20 00:35:27,CD_1,6.6,9.45,4.89,11.54,11.05,8.28
2026-04-20 00:35:28,CD_1,6.71,9.48,5.0,11.56,10.97,8.33
2026-04-20 00:35:28,CD_1,6.56,9.38,4.94,11.49,11.02,8.44
2026-04-20 00:35:28,CD_1,6.51,9.49,4.98,11.51,11.05,8.47
2026-04-20 00:35:29,CD_1,6.52,9.5,4.92,11.5,11.17,8.45
2026-04-20 00:35:29,CD_1,6.55,9.31,4.96,11.53,11.07,8.37
2026-04-20 00:35:30,CD_1,6.5,9.5,4.92,11.54,11.07,8.4
2026-04-20 00:35:30,CD_1,6.54,9.5,4.93,11.54,11.14,8.38
2026-04-20 00:35:30,CD_1,6.58,9.57,4.96,11.49,10.97,8.38
2026-04-20 00:35:31,CD_1,6.49,9.48,4.93,11.55,10.97,8.43
2026-04-20 00:35:31,CD_1,6.62,9.3,5.04,11.51,10.98,8.38
2026-04-20 00:35:32,CD_1,6.59,9.49,4.9,11.49,11.22,8.38
2026-04-20 00:35:32,CD_1,6.72,9.49,4.99,11.52,11.04,8.49
2026-04-20 00:35:32,CD_1,6.64,9.42,4.93,11.52,10.99,8.44
2026-04-20 00:35:33,CD_1,6.55,9.44,4.94,11.53,11.07,8.42
2026-04-20 00:35:33,CD_1,6.54,9.42,4.9,11.53,10.97,8.54
2026-04-20 00:35:34,CD_1,6.67,9.28,4.89,11.54,10.99,8.37
2026-04-20 00:35:34,CD_1,6.52,9.27,4.88,11.56,11.12,8.38
2026-04-20 00:35:34,CD_1,6.57,9.29,4.95,11.47,11.02,8.33
2026-04-20 00:35:35,CD_1,6.51,9.25,4.96,11.48,10.97,8.45
2026-04-20 00:35:35,CD_1,6.49,9.32,5.05,11.59,11.04,8.54
2026-04-20 00:35:36,CD_1,6.58,9.45,4.95,11.54,11.06,8.38
2026-04-20 00:35:36,CD_1,6.72,9.33,4.99,11.47,11.02,8.46
2026-04-20 00:35:36,CD_1,6.53,9.29,4.94,11.53,11.1,8.47
2026-04-20 00:35:37,CD_1,6.63,9.23,5.01,11.6,11.0,8.41
2026-04-20 00:35:37,CD_1,6.54,9.23,5.1,11.5,11.0,8.39
2026-04-20 00:35:38,CD_1,6.51,9.41,4.93,11.58,11.15,8.35
2026-04-20 00:35:38,CD_1,6.55,9.3,4.93,11.53,11.03,8.68
2026-04-20 00:35:38,CD_1,6.66,9.28,4.98,11.51,10.94,8.36
2026-04-20 00:35:39,CD_1,6.58,9.26,4.97,11.58,10.94,8.38
2026-04-20 00:35:39,CD_1,6.61,9.37,4.92,11.53,10.95,8.46
2026-04-20 00:35:40,CD_1,6.53,9.36,5.03,11.53,11.04,8.51
2026-04-20 00:35:40,CD_1,6.63,9.42,5.07,11.53,11.22,8.36
2026-04-20 00:35:41,CD_1,6.59,9.39,5.05,11.54,10.97,8.41
2026-04-20 00:35:41,CD_1,6.66,9.3,5.09,11.53,11.12,8.48
2026-04-20 00:35:41,CD_1,6.55,9.4,4.94,11.52,11.16,8.42
2026-04-20 00:35:42,CD_1,6.67,9.37,4.91,11.55,11.0,8.49
2026-04-20 00:35:42,CD_1,6.55,9.37,4.95,11.51,10.99,8.46
2026-04-20 00:35:42,CD_1,6.53,9.41,4.92,11.5,11.27,8.44
2026-04-20 00:35:43,CD_1,6.6,9.43,4.89,11.5,10.97,8.43
2026-04-20 00:35:43,CD_1,6.54,9.28,5.01,11.47,11.28,8.48
2026-04-20 00:35:44,CD_1,6.62,9.42,5.02,11.53,10.96,8.48
2026-04-20 00:35:44,CD_1,6.53,9.42,5.0,11.51,10.92,8.47
2026-04-20 00:35:44,CD_1,6.47,9.27,4.99,11.45,11.03,8.55
2026-04-20 00:35:45,CD_1,6.57,9.27,5.27,11.49,10.96,8.48
2026-04-20 00:35:45,CD_1,6.51,9.21,5.15,11.56,11.1,8.5
2026-04-20 00:35:46,CD_1,6.52,9.23,5.06,11.51,10.97,8.43
2026-04-20 00:35:46,CD_1,6.53,9.33,4.96,11.55,11.04,8.55
2026-04-20 00:35:46,CD_1,6.32,9.31,5.36,11.48,11.12,8.45
2026-04-20 00:35:47,CD_1,6.51,9.34,4.95,11.58,11.04,8.48
2026-04-20 00:35:47,CD_1,6.59,9.37,4.97,11.56,11.01,8.46
2026-04-20 00:35:48,CD_1,6.48,9.22,4.96,11.5,11.02,8.53
2026-04-20 00:35:48,CD_1,6.57,9.21,5.02,11.48,11.01,8.47
2026-04-20 00:35:49,CD_1,6.56,9.36,4.93,11.52,11.14,8.39
2026-04-20 00:35:49,CD_1,6.52,9.45,4.96,11.53,10.98,8.41
2026-04-20 00:35:49,CD_1,6.51,9.31,5.01,11.47,11.2,8.38
2026-04-20 00:35:50,CD_1,6.58,9.18,5.0,11.54,11.04,8.44
2026-04-20 00:35:50,CD_1,6.52,9.2,5.0,11.47,10.95,8.43
2026-04-20 00:35:50,CD_1,6.7,9.31,5.04,11.52,10.97,8.43
2026-04-20 00:35:51,CD_1,6.71,9.27,5.04,11.53,11.02,8.43
2026-04-20 00:35:51,CD_1,6.71,9.32,4.88,11.49,11.04,8.55
2026-04-20 00:35:52,CD_1,6.51,9.36,4.92,11.52,11.06,8.5
2026-04-20 00:35:52,CD_1,6.58,9.35,4.96,11.53,11.01,8.33
2026-04-20 00:35:52,CD_1,6.51,9.36,4.96,11.5,11.0,8.48
2026-04-20 00:35:53,CD_1,6.5,9.33,4.98,11.51,10.96,8.47
2026-04-20 00:35:53,CD_1,6.5,9.37,5.11,11.52,11.03,8.52
2026-04-20 00:35:54,CD_1,6.5,9.38,5.03,11.54,10.99,8.52
2026-04-20 00:35:54,CD_1,6.53,9.37,5.12,11.48,11.06,8.6
2026-04-20 00:35:54,CD_1,6.51,9.33,4.96,11.53,11.05,8.53
2026-04-20 00:35:55,CD_1,6.57,9.36,5.07,11.48,11.01,8.49
2026-04-20 00:35:55,CD_1,6.66,9.35,4.99,11.49,10.96,8.5
2026-04-20 00:35:56,CD_1,6.52,9.37,5.15,11.48,10.94,8.59
2026-04-20 00:35:56,CD_1,6.49,9.32,4.91,11.49,10.94,8.49
2026-04-20 00:35:56,CD_1,6.58,9.33,4.99,11.53,11.04,8.55
2026-04-20 00:35:57,CD_1,6.51,9.16,4.95,11.53,10.97,8.58
2026-04-20 00:35:57,CD_1,6.66,9.21,4.92,11.53,11.05,8.58
2026-04-20 00:35:58,CD_1,6.53,9.34,4.97,11.58,10.97,8.45
2026-04-20 00:35:58,CD_1,6.51,9.14,4.94,11.59,10.95,8.52
2026-04-20 00:35:58,CD_1,6.59,9.3,4.92,11.5,10.99,8.42
2026-04-20 00:35:59,CD_1,6.53,9.21,5.01,11.51,11.18,8.52
2026-04-20 00:35:59,CD_1,6.52,9.18,4.96,11.53,11.04,8.55
2026-04-20 00:36:00,CD_1,6.56,9.18,5.07,11.5,10.98,8.5
2026-04-20 00:36:00,CD_1,6.52,9.23,5.05,11.52,10.97,8.47
2026-04-20 00:36:00,CD_1,6.58,9.08,5.17,11.52,10.96,8.46
2026-04-20 00:36:01,CD_1,6.52,9.36,4.98,11.6,10.98,8.49
2026-04-20 00:36:01,CD_1,6.64,9.21,4.91,11.57,11.09,8.57
2026-04-20 00:36:02,CD_1,6.53,9.28,4.94,11.49,10.96,8.41
2026-04-20 00:36:02,CD_1,6.55,9.2,4.9,11.61,10.99,8.61
2026-04-20 00:36:02,CD_1,6.54,9.34,4.92,11.63,10.98,8.62
2026-04-20 00:36:03,CD_1,6.68,9.32,4.98,11.53,11.01,8.55
2026-04-20 00:36:03,CD_1,6.5,9.32,4.93,11.5,10.97,8.53
2026-04-20 00:36:04,CD_1,6.49,9.37,5.16,11.49,10.94,8.55
2026-04-20 00:36:04,CD_1,6.47,9.29,4.93,11.57,11.1,8.42
2026-04-20 00:36:04,CD_1,6.61,9.34,4.94,11.52,11.01,8.57
2026-04-20 00:36:05,CD_1,6.75,9.36,4.89,11.5,10.98,8.52
2026-04-20 00:36:05,CD_1,6.69,9.33,5.14,11.52,10.93,8.63
2026-04-20 00:36:06,CD_1,6.56,9.33,4.9,11.49,10.94,8.58
2026-04-20 00:36:06,CD_1,6.66,9.37,4.97,11.49,10.94,8.53
2026-04-20 00:36:06,CD_1,5.48,9.31,4.97,11.53,11.0,8.54
2026-04-20 00:36:07,CD_1,6.64,9.34,4.93,11.53,10.95,8.64
2026-04-20 00:36:07,CD_1,6.53,9.28,5.0,11.5,10.94,8.46
2026-04-20 00:36:08,CD_1,6.52,9.09,5.12,11.62,10.99,8.42
2026-04-20 00:36:08,CD_1,6.51,9.22,5.25,11.53,11.0,8.35
2026-04-20 00:36:08,CD_1,6.47,9.16,4.95,11.52,10.95,8.54
2026-04-20 00:36:09,CD_1,6.65,9.19,4.96,11.53,10.99,8.4
2026-04-20 00:36:09,CD_1,6.55,9.22,4.96,11.55,10.95,8.32
2026-04-20 00:36:10,CD_1,6.5,9.23,4.97,11.54,10.98,8.42
2026-04-20 00:36:10,CD_1,6.58,9.18,4.92,11.49,10.99,8.38
2026-04-20 00:36:10,CD_1,6.59,9.3,5.01,11.68,11.2,8.48
2026-04-20 00:36:11,CD_1,6.56,9.23,4.92,11.56,11.06,8.58
2026-04-20 00:36:11,CD_1,6.73,9.17,4.99,11.49,10.99,8.44
2026-04-20 00:36:12,CD_1,6.61,9.13,4.9,11.59,11.04,8.47
2026-04-20 00:36:12,CD_1,6.49,9.21,4.89,11.56,10.98,8.51
2026-04-20 00:36:13,CD_1,6.53,9.36,4.94,11.53,11.03,8.48
2026-04-20 00:36:13,CD_1,6.67,9.12,4.92,11.49,10.99,8.52
2026-04-20 00:36:13,CD_1,6.54,9.18,4.92,11.56,10.98,8.5
2026-04-20 00:36:14,CD_1,6.5,9.09,4.97,11.53,11.0,8.49
2026-04-20 00:36:14,CD_1,6.54,9.23,4.99,11.49,10.94,8.64
2026-04-20 00:36:15,CD_1,6.6,9.21,4.92,11.58,11.0,8.65
2026-04-20 00:36:15,CD_1,6.46,9.17,4.94,11.66,11.0,8.6
2026-04-20 00:36:15,CD_1,6.54,9.32,4.96,11.53,11.05,8.44
2026-04-20 00:36:16,CD_1,6.57,9.3,4.95,11.52,10.97,8.56
2026-04-20 00:36:16,CD_1,6.46,9.35,4.95,11.5,11.04,8.54
2026-04-20 00:36:16,CD_1,6.57,9.15,5.04,11.56,11.08,8.56
2026-04-20 00:36:17,CD_1,6.51,9.27,4.91,11.52,11.02,8.53
2026-04-20 00:36:17,CD_1,6.51,9.32,4.97,11.53,10.95,8.52
2026-04-20 00:36:18,CD_1,6.46,9.29,4.97,11.54,10.97,8.61
2026-04-20 00:36:18,CD_1,6.89,9.29,4.98,11.47,11.0,8.59
2026-04-20 00:36:18,CD_1,6.55,9.32,4.9,11.54,10.97,8.53
2026-04-20 00:36:19,CD_1,6.55,9.32,5.01,11.48,10.98,8.57
2026-04-20 00:36:19,CD_1,6.5,9.32,4.95,11.54,11.19,8.65
2026-04-20 00:36:20,CD_1,6.51,9.11,4.9,11.51,11.0,8.39
2026-04-20 00:36:20,CD_1,6.53,9.2,4.91,11.55,10.99,8.53
2026-04-20 00:36:21,CD_1,6.59,9.15,4.93,11.46,10.95,8.48
2026-04-20 00:36:21,CD_1,6.48,9.19,4.88,11.51,10.94,8.53
2026-04-20 00:36:21,CD_1,6.47,9.18,5.07,11.54,10.98,8.4
2026-04-20 00:36:22,CD_1,6.48,9.15,4.94,11.52,10.99,8.66
2026-04-20 00:36:22,CD_1,6.51,9.18,4.9,11.53,10.96,8.64
2026-04-20 00:36:23,CD_1,6.53,9.09,4.9,11.54,10.95,8.48
2026-04-20 00:36:23,CD_1,6.68,9.08,4.95,11.55,11.0,8.41
2026-04-20 00:36:23,CD_1,6.6,9.14,4.91,11.47,10.99,8.47
2026-04-20 00:36:24,CD_1,6.55,9.1,4.98,11.48,10.98,8.57
2026-04-20 00:36:24,CD_1,6.66,9.1,4.91,11.55,10.95,8.41
2026-04-20 00:36:25,CD_1,6.61,9.15,4.98,11.55,10.99,8.61
2026-04-20 00:36:25,CD_1,6.52,9.19,4.99,11.5,10.96,8.63
2026-04-20 00:36:25,CD_1,6.64,9.14,4.95,11.56,10.97,8.57
2026-04-20 00:36:26,CD_1,6.65,9.16,5.17,11.48,10.98,8.58
2026-04-20 00:36:26,CD_1,6.5,9.13,5.09,11.49,10.95,8.34
2026-04-20 00:36:27,CD_1,6.63,9.3,4.96,11.52,10.94,8.51
2026-04-20 00:36:27,CD_1,6.58,9.29,5.03,11.52,10.99,8.51
2026-04-20 00:36:27,CD_1,6.51,9.17,4.92,11.54,10.94,8.63
2026-04-20 00:36:28,CD_1,6.52,9.28,5.02,11.54,11.02,8.57
2026-04-20 00:36:28,CD_1,6.47,9.28,4.9,11.5,11.0,8.45
2026-04-20 00:36:29,CD_1,6.48,9.3,4.91,11.47,10.93,8.55
2026-04-20 00:36:29,CD_1,6.49,9.3,5.32,11.49,11.25,8.65
2026-04-20 00:36:29,CD_1,6.72,9.18,4.92,11.45,11.01,8.49
2026-04-20 00:36:30,CD_1,6.53,9.3,4.99,11.57,10.96,8.55
2026-04-20 00:36:30,CD_1,6.47,9.31,4.95,11.63,11.06,8.53
2026-04-20 00:36:30,CD_1,6.54,9.31,5.0,11.45,11.0,8.6
2026-04-20 00:36:31,CD_1,6.64,9.22,4.96,11.46,11.0,8.53
2026-04-20 00:36:31,CD_1,6.49,9.17,4.95,11.47,10.95,8.54
2026-04-20 00:36:32,CD_1,6.5,9.3,5.16,11.49,10.92,8.45
2026-04-20 00:36:32,CD_1,6.56,9.22,4.92,11.47,10.99,8.63
2026-04-20 00:36:33,CD_1,6.58,9.12,4.95,11.5,11.13,8.66
2026-04-20 00:36:33,CD_1,6.48,9.22,5.11,11.53,11.02,8.5
2026-04-20 00:36:33,CD_1,6.51,9.16,4.95,11.47,10.96,8.44
2026-04-20 00:36:34,CD_1,6.82,9.14,4.98,11.46,11.05,8.38
2026-04-20 00:36:52,CD_2,4.58,12.19,6.93,11.44,13.0,6.07
2026-04-20 00:36:52,CD_2,4.63,11.89,6.91,11.51,13.1,5.99
2026-04-20 00:36:52,CD_2,4.72,11.63,6.98,11.35,13.0,6.03
2026-04-20 00:36:53,CD_2,4.83,11.81,6.86,11.45,13.0,6.07
2026-04-20 00:36:53,CD_2,4.66,11.94,6.98,11.37,13.1,6.04
2026-04-20 00:36:54,CD_2,4.64,11.77,6.92,11.46,13.0,6.07
2026-04-20 00:36:54,CD_2,4.86,11.38,6.97,11.38,13.0,6.05
2026-04-20 00:36:54,CD_2,4.68,11.57,6.92,11.48,13.0,6.1
2026-04-20 00:36:55,CD_2,4.63,11.32,6.82,11.37,13.1,6.07
2026-04-20 00:36:55,CD_2,4.59,11.34,6.86,11.36,13.0,6.07
2026-04-20 00:36:56,CD_2,4.6,11.52,6.93,11.35,13.2,6.08
2026-04-20 00:36:56,CD_2,4.59,11.18,6.6,11.45,13.2,6.1
2026-04-20 00:36:56,CD_2,4.64,11.14,6.81,11.37,13.1,6.09
2026-04-20 00:36:57,CD_2,4.6,10.93,6.77,11.42,13.0,6.1
2026-04-20 00:36:57,CD_2,4.63,10.91,6.6,11.42,13.0,6.15
2026-04-20 00:36:58,CD_2,4.65,11.04,6.52,11.38,13.1,6.16
2026-04-20 00:36:58,CD_2,4.63,10.99,6.53,11.42,13.0,6.15
2026-04-20 00:36:58,CD_2,4.84,11.12,6.53,11.34,13.0,6.16
2026-04-20 00:36:59,CD_2,4.61,10.98,6.56,11.38,13.0,6.17
2026-04-20 00:36:59,CD_2,4.56,10.91,6.46,11.37,13.1,6.14
2026-04-20 00:37:00,CD_2,4.58,11.1,6.7,11.38,13.0,6.13
2026-04-20 00:37:00,CD_2,4.58,10.93,6.39,11.39,13.1,6.17
2026-04-20 00:37:00,CD_2,4.65,11.04,6.62,11.39,13.1,6.18
2026-04-20 00:37:01,CD_2,4.62,11.22,6.49,11.35,13.0,6.2
2026-04-20 00:37:01,CD_2,4.64,11.15,6.56,11.36,13.0,6.19
2026-04-20 00:37:02,CD_2,4.61,11.23,6.54,11.35,13.1,6.22
2026-04-20 00:37:02,CD_2,4.64,11.2,6.5,11.38,13.0,6.21
2026-04-20 00:37:02,CD_2,4.6,11.17,6.49,11.42,13.0,6.18
2026-04-20 00:37:03,CD_2,4.55,11.24,6.46,11.38,13.0,6.17
2026-04-20 00:37:03,CD_2,4.62,11.19,6.51,11.39,13.0,6.17
2026-04-20 00:37:04,CD_2,4.61,11.25,6.47,11.35,13.0,6.17
2026-04-20 00:37:04,CD_2,4.68,11.17,6.49,11.42,13.0,6.18
2026-04-20 00:37:04,CD_2,4.49,10.83,6.47,11.36,13.0,6.17
2026-04-20 00:37:05,CD_2,4.56,11.16,6.45,11.37,13.1,6.16
2026-04-20 00:37:05,CD_2,4.52,11.21,6.42,11.38,13.0,6.23
2026-04-20 00:37:06,CD_2,4.58,10.73,6.1,11.42,13.0,6.24
2026-04-20 00:37:06,CD_2,4.51,10.93,6.25,11.36,13.0,6.27
2026-04-20 00:37:06,CD_2,4.56,10.86,6.31,11.37,13.1,6.23
2026-04-20 00:37:07,CD_2,4.82,10.85,6.23,11.55,13.0,6.19
2026-04-20 00:37:07,CD_2,4.68,10.78,6.26,11.38,13.0,6.27
2026-04-20 00:37:08,CD_2,4.69,10.98,6.1,11.37,13.1,6.28
2026-04-20 00:37:08,CD_2,4.5,11.02,6.0,11.41,13.0,6.24
2026-04-20 00:37:08,CD_2,4.52,10.97,6.44,11.39,13.0,6.21
2026-04-20 00:37:09,CD_2,4.69,11.08,6.35,11.38,13.0,6.22
2026-04-20 00:37:09,CD_2,4.51,11.08,6.3,11.43,13.1,6.19
2026-04-20 00:37:10,CD_2,4.47,11.13,6.36,11.37,13.0,6.17
2026-04-20 00:37:10,CD_2,4.64,11.16,6.34,11.32,13.0,6.21
2026-04-20 00:37:10,CD_2,4.49,11.03,6.32,11.38,12.9,6.21
2026-04-20 00:37:11,CD_2,4.94,11.1,6.31,11.38,13.0,6.2
2026-04-20 00:37:11,CD_2,4.56,11.04,6.28,11.36,13.3,6.19
2026-04-20 00:37:12,CD_2,4.48,11.14,6.03,11.35,13.1,6.2
2026-04-20 00:37:12,CD_2,4.62,10.84,6.34,11.35,13.0,6.21
2026-04-20 00:37:12,CD_2,4.8,10.86,6.28,11.36,13.0,6.19
2026-04-20 00:37:13,CD_2,4.43,11.05,6.33,11.37,13.0,6.18
2026-04-20 00:37:13,CD_2,4.57,11.13,6.32,11.34,13.0,6.25
2026-04-20 00:37:14,CD_2,4.53,11.06,6.08,11.38,13.0,6.22
2026-04-20 00:37:14,CD_2,4.53,10.97,6.07,11.41,13.0,6.33
2026-04-20 00:37:14,CD_2,4.51,10.74,5.97,11.4,13.2,6.23
2026-04-20 00:37:15,CD_2,4.52,10.84,6.3,11.4,13.2,6.21
2026-04-20 00:37:15,CD_2,4.52,10.81,6.02,11.39,13.0,6.3
2026-04-20 00:37:16,CD_2,4.45,11.0,6.23,11.39,13.0,6.25
2026-04-20 00:37:16,CD_2,4.54,10.96,6.34,11.42,13.0,6.25
2026-04-20 00:37:16,CD_2,4.62,10.91,6.21,11.37,13.0,6.25
2026-04-20 00:37:17,CD_2,4.53,10.84,6.11,11.45,13.0,6.22
2026-04-20 00:37:17,CD_2,4.54,10.84,6.31,11.45,13.0,6.22
2026-04-20 00:37:18,CD_2,4.49,11.11,6.3,11.44,13.0,6.2
2026-04-20 00:37:18,CD_2,4.68,10.84,6.15,11.4,13.0,6.24
2026-04-20 00:37:18,CD_2,4.46,11.01,6.02,11.4,13.0,6.2
2026-04-20 00:37:19,CD_2,4.46,10.75,6.2,11.37,13.1,6.2
2026-04-20 00:37:19,CD_2,4.48,11.06,6.27,11.33,13.1,6.19
2026-04-20 00:37:20,CD_2,4.46,11.07,6.25,11.35,13.3,6.22
2026-04-20 00:37:20,CD_2,4.47,10.99,6.22,11.48,13.2,6.22
2026-04-20 00:37:20,CD_2,4.53,11.04,6.04,11.33,13.0,6.2
2026-04-20 00:37:21,CD_2,4.62,10.97,6.02,11.53,13.1,6.19
2026-04-20 00:37:21,CD_2,4.55,11.05,6.27,11.35,13.0,6.25
2026-04-20 00:37:22,CD_2,4.54,10.81,6.24,11.35,13.0,6.2
2026-04-20 00:37:22,CD_2,4.56,10.92,6.16,11.34,13.0,6.2
2026-04-20 00:37:22,CD_2,4.57,10.68,6.04,11.42,13.1,6.2
2026-04-20 00:37:23,CD_2,4.67,10.93,6.08,11.35,13.0,6.25
2026-04-20 00:37:23,CD_2,4.48,11.09,6.22,11.39,13.0,6.21
2026-04-20 00:37:24,CD_2,4.46,10.93,6.19,11.38,13.0,6.19
2026-04-20 00:37:24,CD_2,4.43,11.01,6.24,11.36,13.0,6.2
2026-04-20 00:37:24,CD_2,4.47,11.04,5.87,11.37,13.0,6.23
2026-04-20 00:37:25,CD_2,4.59,11.03,6.15,11.33,13.1,6.21
2026-04-20 00:37:25,CD_2,4.5,11.02,6.26,11.39,13.1,6.2
2026-04-20 00:37:26,CD_2,4.45,11.03,6.14,11.35,13.1,6.19
2026-04-20 00:37:26,CD_2,4.71,11.07,6.19,11.35,13.0,6.21
2026-04-20 00:37:26,CD_2,4.48,10.98,6.11,11.36,13.0,6.22
2026-04-20 00:37:27,CD_2,4.56,11.03,6.2,11.36,12.9,6.19
2026-04-20 00:37:27,CD_2,4.55,11.02,6.2,11.38,13.0,6.18
2026-04-20 00:37:28,CD_2,4.55,10.78,5.97,11.37,13.0,6.25
2026-04-20 00:37:28,CD_2,4.45,10.98,5.92,11.35,13.0,6.25
2026-04-20 00:37:28,CD_2,4.64,10.82,6.29,11.41,13.0,6.26
2026-04-20 00:37:29,CD_2,4.64,11.0,6.06,11.37,13.1,6.25
2026-04-20 00:37:29,CD_2,4.62,10.77,6.22,11.33,13.0,6.16
2026-04-20 00:37:30,CD_2,4.43,10.74,6.0,11.37,13.1,6.23
2026-04-20 00:37:30,CD_2,4.86,10.73,6.04,11.39,13.0,6.21
2026-04-20 00:37:30,CD_2,4.61,10.9,6.18,11.4,13.0,6.23
2026-04-20 00:37:31,CD_2,4.47,10.7,5.98,11.37,13.3,6.24
2026-04-20 00:37:31,CD_2,4.44,11.04,6.2,11.32,13.0,6.16
2026-04-20 00:37:32,CD_2,4.48,10.76,6.08,11.36,13.1,6.26
2026-04-20 00:37:32,CD_2,4.51,10.78,6.17,11.39,13.1,6.24
2026-04-20 00:37:32,CD_2,4.48,10.75,6.14,11.33,13.0,6.2
2026-04-20 00:37:33,CD_2,4.49,10.78,5.94,11.36,13.0,6.24
2026-04-20 00:37:33,CD_2,4.5,10.88,6.08,11.35,13.0,6.21
2026-04-20 00:37:34,CD_2,4.45,10.7,5.95,11.42,13.0,6.21
2026-04-20 00:37:34,CD_2,4.43,10.93,6.08,11.32,13.0,6.32
2026-04-20 00:37:34,CD_2,4.55,10.92,5.82,11.39,13.0,6.26
2026-04-20 00:37:35,CD_2,4.47,10.76,5.99,11.33,13.0,6.28
2026-04-20 00:37:35,CD_2,4.45,11.02,6.2,11.39,13.0,6.35
2026-04-20 00:37:36,CD_2,4.49,10.97,5.75,11.37,13.1,6.33
2026-04-20 00:37:36,CD_2,4.56,10.94,6.04,11.37,13.0,6.33
2026-04-20 00:37:36,CD_2,4.53,10.92,6.1,11.36,13.1,6.33
2026-04-20 00:37:37,CD_2,4.54,11.01,6.1,11.37,13.1,6.33
2026-04-20 00:37:37,CD_2,4.42,10.52,6.01,11.34,13.0,6.27
2026-04-20 00:37:38,CD_2,4.5,10.86,6.09,11.4,13.0,6.24
2026-04-20 00:37:38,CD_2,4.48,10.94,6.07,11.36,13.1,6.23
2026-04-20 00:37:38,CD_2,4.42,10.96,5.85,11.41,13.0,6.22
2026-04-20 00:37:39,CD_2,4.43,11.0,6.08,11.4,13.0,6.29
2026-04-20 00:37:39,CD_2,4.66,10.76,5.9,11.39,13.1,6.24
2026-04-20 00:37:40,CD_2,4.56,10.97,6.12,11.39,13.1,6.23
2026-04-20 00:37:40,CD_2,4.42,10.72,5.94,11.4,13.0,6.21
2026-04-20 00:37:40,CD_2,4.48,10.63,5.85,11.37,13.0,6.28
2026-04-20 00:37:41,CD_2,4.69,10.94,6.1,11.35,13.0,6.26
2026-04-20 00:37:41,CD_2,4.6,10.74,5.84,11.32,13.0,6.24
2026-04-20 00:37:42,CD_2,4.55,10.69,5.73,11.37,13.1,6.24
2026-04-20 00:37:42,CD_2,4.69,10.74,5.89,11.37,13.0,6.29
2026-04-20 00:37:42,CD_2,4.63,10.63,5.9,11.37,13.0,6.26
2026-04-20 00:37:43,CD_2,4.54,10.77,5.92,11.34,13.1,6.21
2026-04-20 00:37:43,CD_2,4.51,10.91,6.29,11.36,13.0,6.17
2026-04-20 00:37:44,CD_2,4.69,10.93,6.07,11.35,13.1,6.18
2026-04-20 00:37:44,CD_2,4.48,10.8,6.15,11.41,13.0,6.17
2026-04-20 00:37:44,CD_2,4.48,10.93,6.21,11.34,13.1,6.22
2026-04-20 00:37:45,CD_2,4.72,10.75,6.16,11.34,13.0,6.22
2026-04-20 00:37:45,CD_2,4.8,10.73,6.0,11.4,13.1,6.31
2026-04-20 00:37:46,CD_2,4.49,10.78,5.87,11.35,13.1,6.25
2026-04-20 00:37:46,CD_2,4.57,10.76,6.05,11.34,13.1,6.24
2026-04-20 00:37:46,CD_2,4.59,10.72,6.03,11.36,13.0,6.25
2026-04-20 00:37:47,CD_2,4.54,10.95,5.92,11.36,13.2,6.24
2026-04-20 00:37:47,CD_2,4.46,11.01,5.81,11.34,13.1,6.24
2026-04-20 00:37:48,CD_2,4.52,10.94,5.99,11.38,13.0,6.22
2026-04-20 00:37:48,CD_2,4.47,10.99,5.89,11.44,13.1,6.23
2026-04-20 00:37:48,CD_2,4.43,10.91,6.17,11.4,13.0,6.28
2026-04-20 00:37:49,CD_2,4.5,10.77,5.98,11.4,13.0,6.23
2026-04-20 00:37:49,CD_2,4.45,10.99,6.0,11.34,13.2,6.22
2026-04-20 00:37:50,CD_2,4.46,10.99,5.96,11.33,13.0,6.25
2026-04-20 00:37:50,CD_2,4.64,10.98,5.96,11.39,13.0,6.25
2026-04-20 00:37:50,CD_2,4.51,11.69,5.75,11.41,13.1,6.22
2026-04-20 00:37:51,CD_2,4.55,10.93,6.1,11.34,13.0,6.22
2026-04-20 00:37:51,CD_2,4.53,10.98,6.06,11.33,13.0,6.25
2026-04-20 00:37:52,CD_2,4.52,10.93,5.92,11.38,13.0,6.26
2026-04-20 00:37:52,CD_2,4.64,10.64,5.78,11.32,13.1,6.26
2026-04-20 00:37:52,CD_2,4.64,10.84,5.85,11.33,13.1,6.25
2026-04-20 00:37:53,CD_2,4.53,10.92,5.98,11.36,13.0,6.25
2026-04-20 00:37:53,CD_2,4.51,10.69,5.87,11.46,13.1,6.24
2026-04-20 00:37:54,CD_2,4.47,10.81,6.11,11.34,13.0,6.22
2026-04-20 00:37:54,CD_2,4.45,10.98,6.01,11.37,13.0,6.22
2026-04-20 00:37:54,CD_2,4.49,10.81,6.01,11.38,13.1,6.25
2026-04-20 00:37:55,CD_2,4.46,10.93,6.0,11.36,13.1,6.25
2026-04-20 00:37:55,CD_2,4.45,10.97,5.96,11.36,13.0,6.23
2026-04-20 00:37:56,CD_2,4.59,10.79,6.03,11.43,13.1,6.22
2026-04-20 00:37:56,CD_2,4.5,10.99,6.06,11.38,13.0,6.31
2026-04-20 00:37:56,CD_2,4.66,10.94,6.0,11.43,13.1,6.25
2026-04-20 00:37:57,CD_2,4.41,10.92,5.98,11.37,13.2,6.23
2026-04-20 00:37:57,CD_2,4.47,10.93,6.02,11.38,13.3,6.22
2026-04-20 00:37:58,CD_2,4.51,11.01,6.02,11.36,13.0,6.27
2026-04-20 00:37:58,CD_2,4.47,10.96,6.0,11.45,13.3,6.25
2026-04-20 00:37:58,CD_2,4.49,10.97,5.86,11.37,13.1,6.24
2026-04-20 00:37:59,CD_2,4.49,10.82,5.99,11.34,13.0,6.23
2026-04-20 00:37:59,CD_2,4.45,10.83,6.04,11.34,12.9,6.27
2026-04-20 00:37:59,CD_2,4.56,10.97,5.95,11.36,13.0,6.23
2026-04-20 00:38:00,CD_2,4.51,11.0,5.97,11.41,13.1,6.23
2026-04-20 00:38:00,CD_2,4.61,10.97,5.77,11.4,13.0,6.23
2026-04-20 00:38:01,CD_2,4.97,10.92,5.99,11.35,13.0,6.27
2026-04-20 00:38:01,CD_2,4.54,10.91,5.93,11.36,13.0,6.26
2026-04-20 00:38:01,CD_2,4.44,10.83,6.03,11.37,13.0,6.23
2026-04-20 00:38:02,CD_2,4.44,10.99,5.96,11.41,13.0,6.23
2026-04-20 00:38:02,CD_2,4.48,10.99,5.98,11.36,13.1,6.25
2026-04-20 00:38:03,CD_2,4.46,10.92,5.97,11.38,13.0,6.24
2026-04-20 00:38:03,CD_2,4.54,10.73,5.96,11.36,13.0,6.22
2026-04-20 00:38:03,CD_2,4.47,10.62,5.75,11.44,13.0,6.23
2026-04-20 00:38:04,CD_2,4.49,10.64,5.76,11.34,13.2,6.29
2026-04-20 00:38:04,CD_2,4.67,10.74,5.83,11.38,13.0,6.35
2026-04-20 00:38:05,CD_2,4.87,10.82,5.65,11.33,13.0,6.28
2026-04-20 00:38:05,CD_2,4.59,10.76,5.72,11.38,13.1,6.26
2026-04-20 00:38:05,CD_2,4.45,10.63,5.88,11.34,13.0,6.3
2026-04-20 00:38:06,CD_2,4.6,10.64,5.7,11.39,13.2,6.26
2026-04-20 00:38:06,CD_2,4.47,10.81,5.79,11.38,13.0,6.26
2026-04-20 00:38:07,CD_2,4.46,10.78,5.68,11.35,13.0,6.23
2026-04-20 00:38:07,CD_2,4.45,10.68,5.7,11.4,13.0,6.3
2026-04-20 00:38:07,CD_2,4.45,10.85,5.94,11.37,13.0,6.29
2026-04-20 00:38:08,CD_2,4.54,10.66,5.69,11.42,13.0,6.25
2026-04-20 00:38:08,CD_2,4.58,10.86,6.01,11.41,13.0,6.31
2026-04-20 00:38:09,CD_2,4.52,10.76,6.07,11.32,13.1,6.32
2026-04-20 00:38:09,CD_2,4.46,10.9,5.99,11.33,13.0,6.26
2026-04-20 00:38:09,CD_2,4.63,10.93,5.99,11.37,13.1,6.26
2026-04-20 00:38:10,CD_2,4.65,10.78,5.92,11.37,13.1,6.24
2026-04-20 00:38:10,CD_2,4.51,10.94,5.78,11.35,13.0,6.28
2026-04-20 00:38:11,CD_2,4.48,10.92,5.89,11.39,13.1,6.26
2026-04-20 00:38:11,CD_2,4.51,10.94,5.9,11.3,13.0,6.25
2026-04-20 00:38:24,CD_3,5.56,11.51,5.23,10.26,11.76,7.49
2026-04-20 00:38:25,CD_3,5.58,10.9,5.24,10.32,11.76,7.43
2026-04-20 00:38:25,CD_3,5.6,11.19,5.21,10.2,11.83,7.43
2026-04-20 00:38:25,CD_3,5.81,10.98,5.24,10.23,11.84,7.48
2026-04-20 00:38:26,CD_3,5.79,10.99,5.3,10.28,11.76,7.47
2026-04-20 00:38:26,CD_3,5.76,10.88,5.33,10.24,11.77,7.57
2026-04-20 00:38:27,CD_3,5.67,10.97,5.39,10.28,11.8,7.63
2026-04-20 00:38:27,CD_3,5.64,10.76,5.46,10.22,11.83,7.66
2026-04-20 00:38:27,CD_3,5.61,10.69,5.25,10.22,11.82,7.6
2026-04-20 00:38:28,CD_3,5.53,10.58,5.24,10.23,11.76,7.69
2026-04-20 00:38:28,CD_3,5.69,10.62,5.21,10.2,11.71,7.69
2026-04-20 00:38:29,CD_3,5.52,10.47,5.37,10.2,11.81,7.63
2026-04-20 00:38:29,CD_3,5.57,10.35,5.29,10.28,11.84,7.6
2026-04-20 00:38:29,CD_3,5.56,10.22,5.49,10.3,11.75,7.75
2026-04-20 00:38:30,CD_3,5.57,10.23,5.35,10.24,11.74,7.64
2026-04-20 00:38:30,CD_3,5.62,10.35,5.35,10.2,11.81,7.67
2026-04-20 00:38:31,CD_3,5.64,10.34,5.23,10.23,11.81,7.65
2026-04-20 00:38:31,CD_3,5.56,10.24,5.54,10.21,12.0,7.69
2026-04-20 00:38:31,CD_3,5.73,10.46,5.25,10.23,11.85,7.72
2026-04-20 00:38:32,CD_3,5.59,10.35,5.19,10.22,11.85,7.68
2026-04-20 00:38:32,CD_3,5.69,10.16,5.24,10.26,11.75,7.73
2026-04-20 00:38:33,CD_3,5.64,10.47,5.27,10.21,11.77,7.75
2026-04-20 00:38:33,CD_3,5.53,10.43,5.35,10.21,11.76,7.71
2026-04-20 00:38:33,CD_3,5.48,10.39,5.24,10.26,11.78,7.77
2026-04-20 00:38:34,CD_3,5.55,10.29,5.3,10.21,11.81,7.74
2026-04-20 00:38:34,CD_3,5.57,10.28,5.64,10.2,11.79,7.81
2026-04-20 00:38:35,CD_3,5.53,10.24,5.2,10.2,11.82,7.7
2026-04-20 00:38:35,CD_3,5.71,10.41,5.21,10.23,11.81,7.71
2026-04-20 00:38:35,CD_3,5.72,10.43,5.2,10.26,11.94,7.76
2026-04-20 00:38:36,CD_3,5.8,10.41,5.22,10.29,11.84,7.81
2026-04-20 00:38:36,CD_3,5.69,10.39,5.23,10.23,11.77,7.82
2026-04-20 00:38:37,CD_3,5.71,10.39,5.22,10.24,11.95,7.78
2026-04-20 00:38:37,CD_3,5.72,10.4,5.23,10.18,12.06,7.77
2026-04-20 00:38:37,CD_3,5.54,10.36,5.22,10.21,11.76,7.79
2026-04-20 00:38:38,CD_3,5.63,10.15,5.29,10.22,11.83,7.79
2026-04-20 00:38:38,CD_3,5.5,10.43,5.29,10.27,11.81,7.9
2026-04-20 00:38:39,CD_3,5.59,10.15,5.28,10.2,11.78,7.8
2026-04-20 00:38:39,CD_3,5.51,10.07,5.25,10.3,11.81,7.73
2026-04-20 00:38:39,CD_3,5.65,10.16,5.22,10.21,11.81,7.78
2026-04-20 00:38:40,CD_3,5.58,10.16,5.2,10.25,11.86,7.7
2026-04-20 00:38:40,CD_3,5.69,10.16,5.19,10.18,11.76,7.74
2026-04-20 00:38:41,CD_3,5.58,10.25,5.21,10.22,11.79,7.73
2026-04-20 00:38:41,CD_3,5.48,10.23,5.17,10.24,11.8,7.81
2026-04-20 00:38:41,CD_3,5.6,10.05,5.24,10.21,11.79,7.85
2026-04-20 00:38:42,CD_3,5.77,10.19,5.29,10.28,11.8,7.87
2026-04-20 00:38:42,CD_3,5.52,10.29,5.47,10.26,11.8,7.91
2026-04-20 00:38:43,CD_3,5.6,10.07,5.24,10.23,11.81,7.89
2026-04-20 00:38:43,CD_3,5.48,10.06,5.29,10.2,11.75,7.79
2026-04-20 00:38:44,CD_3,5.57,10.07,5.22,10.21,11.82,7.7
2026-04-20 00:38:44,CD_3,5.52,10.25,5.31,10.29,11.83,7.76
2026-04-20 00:38:44,CD_3,5.49,10.26,5.35,10.24,11.84,7.86
2026-04-20 00:38:45,CD_3,5.53,10.25,5.29,10.22,11.81,7.86
2026-04-20 00:38:45,CD_3,5.64,10.31,5.23,10.2,11.78,7.83
2026-04-20 00:38:45,CD_3,5.53,10.31,5.46,10.34,11.82,7.77
2026-04-20 00:38:46,CD_3,5.54,10.27,5.33,10.22,11.9,7.83
2026-04-20 00:38:46,CD_3,5.58,10.13,5.35,10.25,11.76,7.97
2026-04-20 00:38:47,CD_3,5.57,10.3,5.18,10.24,11.72,7.9
2026-04-20 00:38:47,CD_3,5.69,10.3,5.21,10.24,11.76,7.95
2026-04-20 00:38:47,CD_3,5.61,10.23,5.22,10.25,11.74,7.94
2026-04-20 00:38:48,CD_3,5.48,10.26,5.2,10.23,11.82,7.98
2026-04-20 00:38:48,CD_3,5.52,10.16,5.2,10.23,11.73,7.98
2026-04-20 00:38:49,CD_3,5.53,10.06,5.4,10.2,11.78,7.85
2026-04-20 00:38:49,CD_3,5.63,10.15,5.23,10.23,11.71,7.85
2026-04-20 00:38:49,CD_3,5.48,10.16,5.26,10.21,11.81,7.82
2026-04-20 00:38:50,CD_3,5.54,10.26,5.2,10.28,11.87,7.8
2026-04-20 00:38:50,CD_3,5.5,10.3,5.2,10.21,11.83,7.83
2026-04-20 00:38:51,CD_3,5.58,10.15,5.21,10.22,11.85,7.83
2026-04-20 00:38:51,CD_3,5.6,10.26,5.23,10.26,11.74,7.79
2026-04-20 00:38:51,CD_3,5.64,10.3,5.35,10.25,11.83,7.87
2026-04-20 00:38:52,CD_3,5.61,10.26,5.37,10.2,11.77,7.87
2026-04-20 00:38:52,CD_3,5.46,10.14,5.23,10.29,11.8,7.84
2026-04-20 00:38:53,CD_3,5.49,10.29,5.21,10.25,11.78,7.82
2026-04-20 00:38:53,CD_3,5.46,10.29,5.26,10.24,11.8,7.76
2026-04-20 00:38:53,CD_3,5.63,10.29,5.21,10.22,11.8,7.74
2026-04-20 00:38:54,CD_3,5.74,10.08,5.19,10.22,11.77,7.84
2026-04-20 00:38:54,CD_3,5.66,10.26,5.23,10.29,11.94,7.76
2026-04-20 00:38:55,CD_3,5.91,10.23,5.21,10.22,11.75,7.85
2026-04-20 00:38:55,CD_3,5.48,10.24,5.26,10.29,11.83,7.8
2026-04-20 00:38:55,CD_3,5.53,10.08,5.59,10.24,11.85,7.95
2026-04-20 00:38:56,CD_3,5.61,10.23,5.37,10.24,11.86,7.93
2026-04-20 00:38:56,CD_3,5.56,10.28,5.34,10.44,11.76,7.93
2026-04-20 00:38:57,CD_3,5.54,10.28,5.41,10.2,11.82,7.83
2026-04-20 00:38:57,CD_3,5.45,10.3,5.26,10.22,11.81,7.88
2026-04-20 00:38:57,CD_3,5.52,10.23,5.29,10.25,11.8,7.82
2026-04-20 00:38:58,CD_3,5.55,10.31,5.42,10.25,11.82,7.9
2026-04-20 00:38:58,CD_3,5.79,10.15,5.23,10.2,11.8,7.88
2026-04-20 00:38:59,CD_3,5.65,10.27,5.21,10.24,11.89,7.78
2026-04-20 00:38:59,CD_3,5.46,10.23,5.21,10.2,11.88,7.83
2026-04-20 00:38:59,CD_3,5.49,10.31,5.24,10.29,11.8,7.88
2026-04-20 00:39:00,CD_3,5.5,10.23,5.32,10.31,11.79,7.88
2026-04-20 00:39:00,CD_3,5.57,10.3,5.38,10.23,11.76,7.84
2026-04-20 00:39:01,CD_3,5.45,10.25,5.25,10.19,11.8,7.81
2026-04-20 00:39:01,CD_3,5.69,9.97,5.19,10.24,11.75,7.87
2026-04-20 00:39:01,CD_3,5.53,10.23,5.24,10.26,11.86,7.82
2026-04-20 00:39:02,CD_3,5.59,10.18,5.61,10.25,11.76,7.82
2026-04-20 00:39:02,CD_3,5.52,10.11,5.29,10.27,11.83,7.82
2026-04-20 00:39:03,CD_3,5.88,10.18,5.2,10.24,11.79,7.88
2026-04-20 00:39:03,CD_3,5.51,10.15,5.28,10.23,11.76,7.73
2026-04-20 00:39:03,CD_3,5.48,10.25,5.17,10.3,11.85,7.86
2026-04-20 00:39:04,CD_3,5.66,10.26,5.2,10.3,11.76,7.85
2026-04-20 00:39:04,CD_3,5.76,10.23,5.22,10.25,11.78,7.82
2026-04-20 00:39:05,CD_3,5.57,10.21,5.43,10.26,11.78,7.85
2026-04-20 00:39:05,CD_3,5.68,10.28,5.52,10.22,11.81,7.84
2026-04-20 00:39:05,CD_3,5.68,10.02,5.17,10.25,12.07,7.88
2026-04-20 00:39:06,CD_3,5.7,10.22,5.2,10.2,11.92,7.94
2026-04-20 00:39:06,CD_3,5.77,10.23,5.21,10.23,11.9,7.96
2026-04-20 00:39:07,CD_3,5.61,10.23,5.29,10.24,11.77,7.97
2026-04-20 00:39:07,CD_3,5.58,9.98,5.24,10.26,11.79,7.99
2026-04-20 00:39:07,CD_3,5.66,10.25,5.27,10.21,11.78,7.92
2026-04-20 00:39:08,CD_3,5.49,10.22,5.2,10.2,11.77,7.88
2026-04-20 00:39:08,CD_3,5.67,10.16,5.22,10.17,11.78,7.77
2026-04-20 00:39:09,CD_3,5.56,10.14,5.17,10.27,11.83,7.74
2026-04-20 00:39:09,CD_3,5.54,10.14,5.23,10.21,11.81,7.83
2026-04-20 00:39:09,CD_3,5.56,10.01,5.22,10.25,11.78,7.85
2026-04-20 00:39:10,CD_3,5.54,10.04,5.21,10.19,11.81,7.8
2026-04-20 00:39:10,CD_3,5.65,9.91,5.34,10.31,11.81,7.75
2026-04-20 00:39:11,CD_3,5.52,10.09,5.22,10.22,11.77,7.85
2026-04-20 00:39:11,CD_3,5.5,10.02,5.38,10.33,11.83,7.87
2026-04-20 00:39:11,CD_3,5.52,9.94,5.23,10.2,11.76,7.84
2026-04-20 00:39:12,CD_3,5.54,10.05,5.2,10.18,11.86,7.88
2026-04-20 00:39:12,CD_3,5.51,10.04,5.36,10.21,11.78,8.0
2026-04-20 00:39:13,CD_3,5.52,10.07,5.21,10.25,11.8,7.87
2026-04-20 00:39:13,CD_3,5.61,10.04,5.23,10.23,11.7,7.85
2026-04-20 00:39:13,CD_3,5.78,10.13,5.21,10.29,11.89,7.78
2026-04-20 00:39:14,CD_3,5.54,10.02,5.24,10.19,11.87,7.94
2026-04-20 00:39:14,CD_3,5.57,10.01,5.29,10.3,11.79,7.92
2026-04-20 00:39:15,CD_3,5.51,10.13,5.21,10.22,11.83,7.93
2026-04-20 00:39:15,CD_3,5.65,10.02,5.36,10.22,11.83,7.9
2026-04-20 00:39:15,CD_3,5.52,9.93,5.28,10.27,11.8,7.91
2026-04-20 00:39:16,CD_3,5.71,10.16,5.2,10.25,11.76,8.0
2026-04-20 00:39:16,CD_3,5.47,10.0,5.25,10.27,11.78,7.86
2026-04-20 00:39:17,CD_3,5.48,10.2,5.25,10.22,11.75,7.81
2026-04-20 00:39:17,CD_3,5.57,10.04,5.27,10.26,11.79,7.81
2026-04-20 00:39:17,CD_3,5.49,10.02,5.22,10.21,11.78,7.83
2026-04-20 00:39:18,CD_3,5.59,10.06,5.22,10.21,11.78,7.85
2026-04-20 00:39:18,CD_3,5.6,10.03,5.25,10.2,11.78,7.98
2026-04-20 00:39:19,CD_3,5.55,10.23,5.25,10.22,11.75,8.02
2026-04-20 00:39:19,CD_3,5.62,9.99,5.29,10.27,11.79,7.98
2026-04-20 00:39:19,CD_3,5.51,10.21,5.22,10.24,11.8,7.92
2026-04-20 00:39:20,CD_3,5.53,10.23,5.26,10.23,11.83,7.82
2026-04-20 00:39:20,CD_3,5.54,10.21,5.21,10.21,11.77,7.99
2026-04-20 00:39:21,CD_3,5.49,10.21,5.18,10.21,11.91,7.94
2026-04-20 00:39:21,CD_3,5.48,10.08,5.22,10.23,11.78,7.92
2026-04-20 00:39:21,CD_3,5.52,10.16,5.29,10.24,11.8,7.87
2026-04-20 00:39:22,CD_3,5.49,10.25,5.21,10.19,11.77,7.97
2026-04-20 00:39:22,CD_3,5.53,10.2,5.21,10.28,11.75,7.93
2026-04-20 00:39:23,CD_3,5.62,10.21,5.4,10.31,11.74,7.92
2026-04-20 00:39:23,CD_3,5.63,10.21,5.21,10.24,11.77,7.88
2026-04-20 00:39:23,CD_3,5.76,10.07,5.21,10.17,11.8,7.92
2026-04-20 00:39:24,CD_3,5.5,10.13,5.16,10.19,11.86,8.02
2026-04-20 00:39:24,CD_3,5.52,9.95,5.38,10.25,11.78,7.91
2026-04-20 00:39:25,CD_3,5.55,10.02,5.64,10.24,11.75,7.77
2026-04-20 00:39:25,CD_3,5.87,10.0,5.17,10.25,11.8,7.83
2026-04-20 00:39:25,CD_3,5.61,10.01,5.36,10.18,11.91,7.86
2026-04-20 00:39:26,CD_3,5.48,9.97,5.26,10.21,11.85,7.85
2026-04-20 00:39:26,CD_3,5.61,10.09,5.3,10.21,11.82,7.83
2026-04-20 00:39:27,CD_3,5.65,9.95,5.21,10.2,11.78,7.77
2026-04-20 00:39:27,CD_3,5.56,10.14,5.23,10.17,11.81,7.81
2026-04-20 00:39:27,CD_3,5.49,10.02,5.25,10.23,11.75,7.83
2026-04-20 00:39:28,CD_3,5.64,9.92,5.17,10.2,11.77,7.82
2026-04-20 00:39:28,CD_3,5.62,10.08,5.23,10.2,11.77,8.03
2026-04-20 00:39:29,CD_3,5.46,10.13,5.24,10.21,11.99,7.88
2026-04-20 00:39:29,CD_3,5.46,10.21,5.26,10.18,11.88,7.85
2026-04-20 00:39:29,CD_3,5.75,10.12,5.34,10.2,11.81,7.85
2026-04-20 00:39:30,CD_3,5.5,10.2,5.23,10.2,11.79,7.94
2026-04-20 00:39:30,CD_3,5.46,10.17,5.25,10.2,11.79,7.85
2026-04-20 00:39:31,CD_3,5.47,10.21,5.27,10.22,11.73,7.86
2026-04-20 00:39:31,CD_3,5.52,10.22,5.18,10.28,11.75,7.93
2026-04-20 00:39:31,CD_3,5.64,10.21,5.18,10.27,11.81,7.95
2026-04-20 00:39:32,CD_3,5.57,10.11,5.22,10.2,11.76,7.89
2026-04-20 00:39:32,CD_3,5.59,10.19,5.21,10.21,11.82,7.79
2026-04-20 00:39:33,CD_3,5.72,10.25,5.22,10.21,11.77,7.91
2026-04-20 00:39:33,CD_3,5.56,10.2,5.44,10.29,11.73,7.88
2026-04-20 00:39:33,CD_3,5.55,10.32,5.34,10.25,11.75,7.85
2026-04-20 00:39:34,CD_3,5.63,10.24,5.18,10.19,11.82,7.83
2026-04-20 00:39:34,CD_3,5.64,10.22,5.4,10.21,12.03,7.91
2026-04-20 00:39:35,CD_3,5.51,10.06,5.23,10.21,11.7,7.87
2026-04-20 00:39:35,CD_3,5.51,10.22,5.2,10.19,11.73,7.81
2026-04-20 00:39:35,CD_3,5.47,9.99,5.43,10.32,11.75,7.78
2026-04-20 00:39:36,CD_3,5.48,10.2,5.22,10.22,11.71,7.81
2026-04-20 00:39:36,CD_3,5.67,10.14,5.2,10.21,11.78,7.92
2026-04-20 00:39:37,CD_3,5.67,9.97,5.22,10.25,11.74,7.85
2026-04-20 00:39:37,CD_3,5.48,9.99,5.22,10.17,11.78,7.83
2026-04-20 00:39:37,CD_3,5.5,10.03,5.23,10.21,11.84,7.86
2026-04-20 00:39:38,CD_3,5.48,10.01,5.13,10.23,11.75,7.97
2026-04-20 00:39:38,CD_3,5.5,10.16,5.28,10.28,11.8,7.85
2026-04-20 00:39:39,CD_3,5.51,9.9,5.26,10.22,11.81,7.79
2026-04-20 00:39:39,CD_3,5.59,10.02,5.19,10.2,11.86,7.95
2026-04-20 00:39:39,CD_3,5.49,10.08,5.25,10.19,11.76,7.91
2026-04-20 00:39:40,CD_3,5.56,10.03,5.22,10.23,11.76,7.99
2026-04-20 00:39:40,CD_3,5.5,10.04,5.2,10.23,11.85,7.87
2026-04-20 00:39:41,CD_3,5.5,10.0,5.2,10.2,11.83,7.86
2026-04-20 00:39:41,CD_3,5.59,9.94,5.21,10.21,11.84,7.75
2026-04-20 00:39:41,CD_3,5.53,10.18,5.19,10.2,11.79,7.8
2026-04-20 00:39:42,CD_3,5.54,10.21,5.21,10.24,11.83,7.84
2026-04-20 00:39:42,CD_3,5.62,10.26,5.19,10.23,11.75,7.93
2026-04-20 00:39:43,CD_3,5.6,10.2,5.37,10.25,11.74,7.86
2026-04-20 00:39:43,CD_3,5.5,10.25,5.26,10.19,11.77,7.75
2026-04-20 00:39:43,CD_3,5.45,10.22,5.42,10.24,11.77,7.85
2026-04-20 00:39:44,CD_3,5.47,10.22,5.51,10.27,11.74,7.9
2026-04-20 00:40:01,CD_4,5.2,12.07,6.11,10.09,12.5,6.87
2026-04-20 00:40:02,CD_4,5.08,11.65,5.77,10.05,12.46,6.83
2026-04-20 00:40:02,CD_4,5.09,11.8,5.68,10.02,12.4,6.83
2026-04-20 00:40:03,CD_4,5.16,11.78,5.67,10.09,12.6,6.87
2026-04-20 00:40:03,CD_4,5.17,11.76,5.64,10.02,12.39,6.95
2026-04-20 00:40:03,CD_4,5.11,11.46,5.86,10.04,12.37,6.92
2026-04-20 00:40:04,CD_4,5.09,11.65,5.7,10.05,12.36,6.99
2026-04-20 00:40:04,CD_4,5.16,11.6,5.88,10.08,12.45,7.0
2026-04-20 00:40:04,CD_4,5.12,11.54,5.66,10.01,12.44,7.05
2026-04-20 00:40:05,CD_4,5.07,11.41,5.66,10.03,12.45,7.06
2026-04-20 00:40:05,CD_4,5.42,11.09,5.76,10.06,12.48,7.15
2026-04-20 00:40:06,CD_4,5.07,11.25,5.8,10.04,12.39,7.09
2026-04-20 00:40:06,CD_4,5.54,11.28,5.65,10.03,12.59,7.12
2026-04-20 00:40:06,CD_4,5.22,10.75,5.69,10.04,12.41,7.09
2026-04-20 00:40:07,CD_4,5.07,10.94,5.63,10.06,12.45,7.12
2026-04-20 00:40:07,CD_4,5.1,10.86,5.81,10.0,12.38,7.07
2026-04-20 00:40:08,CD_4,5.17,10.9,5.77,10.0,12.36,7.11
2026-04-20 00:40:08,CD_4,5.1,10.94,5.8,10.0,12.44,7.12
2026-04-20 00:40:08,CD_4,5.15,10.77,5.87,9.98,12.43,7.19
2026-04-20 00:40:09,CD_4,5.2,10.88,5.67,10.08,12.52,7.17
2026-04-20 00:40:09,CD_4,5.12,11.09,5.78,10.03,12.45,7.15
2026-04-20 00:40:10,CD_4,5.33,10.79,5.7,10.02,12.37,7.1
2026-04-20 00:40:10,CD_4,5.13,10.79,5.76,10.0,12.39,7.08
2026-04-20 00:40:11,CD_4,5.14,10.99,5.67,10.01,12.52,7.13
2026-04-20 00:40:11,CD_4,5.27,10.61,5.64,10.04,12.41,7.2
2026-04-20 00:40:11,CD_4,5.05,10.92,5.78,10.03,12.46,7.2
2026-04-20 00:40:12,CD_4,5.17,11.02,5.73,10.01,12.41,7.19
2026-04-20 00:40:12,CD_4,5.03,10.7,5.67,10.02,12.4,7.26
2026-04-20 00:40:13,CD_4,5.09,10.75,5.69,10.0,12.39,7.19
2026-04-20 00:40:13,CD_4,5.07,10.7,5.62,10.06,12.55,7.15
2026-04-20 00:40:13,CD_4,5.08,10.95,5.73,10.04,12.49,7.17
2026-04-20 00:40:14,CD_4,5.07,10.77,5.7,10.04,12.41,7.24
2026-04-20 00:40:14,CD_4,5.15,10.63,5.71,10.07,12.57,7.24
2026-04-20 00:40:15,CD_4,5.25,10.64,5.65,10.1,12.48,7.26
2026-04-20 00:40:15,CD_4,5.17,10.9,5.71,10.02,12.39,7.22
2026-04-20 00:40:15,CD_4,5.09,10.95,6.1,10.02,12.42,7.19
2026-04-20 00:40:16,CD_4,5.12,10.99,5.74,10.05,12.43,7.25
2026-04-20 00:40:16,CD_4,5.0,10.79,5.94,9.99,12.42,7.18
2026-04-20 00:40:17,CD_4,5.05,10.9,5.75,10.05,12.4,7.2
2026-04-20 00:40:17,CD_4,5.08,10.75,5.73,10.04,12.55,7.2
2026-04-20 00:40:17,CD_4,5.06,10.6,5.62,10.08,12.41,7.22
2026-04-20 00:40:18,CD_4,5.24,10.86,5.73,10.04,12.52,7.21
2026-04-20 00:40:18,CD_4,5.14,10.89,5.76,10.03,12.41,7.15
2026-04-20 00:40:19,CD_4,5.29,10.9,5.69,10.05,12.46,7.18
2026-04-20 00:40:19,CD_4,5.02,10.87,5.74,10.06,12.42,7.34
2026-04-20 00:40:19,CD_4,5.05,10.83,5.66,10.04,12.45,7.26
2026-04-20 00:40:20,CD_4,5.09,10.7,5.62,10.0,12.39,7.2
2026-04-20 00:40:20,CD_4,5.32,10.81,5.92,10.05,12.44,7.18
2026-04-20 00:40:21,CD_4,5.21,10.57,5.65,10.02,12.37,7.22
2026-04-20 00:40:21,CD_4,5.05,10.62,5.68,10.03,12.43,7.23
2026-04-20 00:40:21,CD_4,5.03,10.56,5.7,10.06,12.4,7.16
2026-04-20 00:40:22,CD_4,5.08,10.63,5.66,10.06,12.45,7.23
2026-04-20 00:40:22,CD_4,5.06,10.81,5.64,10.08,12.41,7.36
2026-04-20 00:40:23,CD_4,5.03,10.75,5.72,10.01,12.41,7.23
2026-04-20 00:40:23,CD_4,5.06,10.8,5.76,10.03,12.43,7.22
2026-04-20 00:40:23,CD_4,5.02,10.59,5.75,10.03,12.34,7.35
2026-04-20 00:40:24,CD_4,5.01,10.83,5.72,10.06,12.39,7.27
2026-04-20 00:40:24,CD_4,5.14,10.7,5.8,10.04,12.44,7.26
2026-04-20 00:40:25,CD_4,5.22,10.72,5.75,10.06,12.36,7.22
2026-04-20 00:40:25,CD_4,5.07,10.75,5.67,10.06,12.42,7.24
2026-04-20 00:40:25,CD_4,5.08,10.79,5.65,10.14,12.44,7.28
2026-04-20 00:40:26,CD_4,5.06,10.8,5.65,10.1,12.41,7.26
2026-04-20 00:40:26,CD_4,5.05,10.83,5.66,10.05,12.44,7.22
2026-04-20 00:40:27,CD_4,5.05,10.83,5.73,10.02,12.49,7.21
2026-04-20 00:40:27,CD_4,5.06,10.84,5.64,10.0,12.39,7.26
2026-04-20 00:40:27,CD_4,5.07,10.73,5.7,10.01,12.44,7.23
2026-04-20 00:40:28,CD_4,5.03,10.83,5.7,10.06,12.36,7.21
2026-04-20 00:40:28,CD_4,5.13,10.81,5.72,10.0,12.47,7.21
2026-04-20 00:40:29,CD_4,5.03,10.81,5.87,10.05,12.41,7.3
2026-04-20 00:40:29,CD_4,5.22,10.82,5.66,10.02,12.44,7.29
2026-04-20 00:40:29,CD_4,5.04,10.74,5.67,10.02,12.38,7.26
2026-04-20 00:40:30,CD_4,5.11,10.81,5.63,9.98,12.39,7.28
2026-04-20 00:40:30,CD_4,5.07,10.86,5.69,10.04,12.43,7.19
2026-04-20 00:40:31,CD_4,5.01,10.62,5.68,10.02,12.47,7.19
2026-04-20 00:40:31,CD_4,4.98,10.58,5.67,10.0,12.38,7.2
2026-04-20 00:40:31,CD_4,5.08,10.79,5.74,10.06,12.42,7.33
2026-04-20 00:40:32,CD_4,5.08,10.6,5.93,10.01,12.36,7.24
2026-04-20 00:40:32,CD_4,5.02,10.54,5.77,10.08,12.41,7.26
2026-04-20 00:40:33,CD_4,5.01,10.53,5.68,10.03,12.53,7.2
2026-04-20 00:40:33,CD_4,4.98,10.57,5.65,9.99,12.64,7.22
2026-04-20 00:40:33,CD_4,5.05,10.64,5.66,10.02,12.44,7.23
2026-04-20 00:40:34,CD_4,5.05,10.61,5.64,10.01,12.38,7.24
2026-04-20 00:40:34,CD_4,5.07,10.67,5.72,10.02,12.41,7.22
2026-04-20 00:40:35,CD_4,5.04,10.61,5.85,10.04,12.41,7.24
2026-04-20 00:40:35,CD_4,5.09,10.57,5.64,10.04,12.37,7.29
2026-04-20 00:40:35,CD_4,5.05,11.76,5.77,10.02,12.42,7.24
2026-04-20 00:40:36,CD_4,5.18,10.6,5.68,10.04,12.43,7.27
2026-04-20 00:40:36,CD_4,5.04,10.38,5.71,10.06,12.39,7.31
2026-04-20 00:40:37,CD_4,5.02,10.6,5.66,10.01,12.47,7.29
2026-04-20 00:40:37,CD_4,4.99,10.55,5.72,10.03,12.41,7.22
2026-04-20 00:40:37,CD_4,5.03,10.72,5.64,10.04,12.43,7.2
2026-04-20 00:40:38,CD_4,4.97,10.55,5.7,10.03,12.43,7.32
2026-04-20 00:40:38,CD_4,5.01,10.59,5.63,10.05,12.61,7.33
2026-04-20 00:40:39,CD_4,5.02,10.71,5.69,10.03,12.42,7.23
2026-04-20 00:40:39,CD_4,5.15,10.65,5.74,10.04,12.36,7.23
2026-04-20 00:40:39,CD_4,5.14,10.8,5.83,10.21,12.47,7.3
2026-04-20 00:40:40,CD_4,4.98,10.67,5.87,9.98,12.36,7.24
2026-04-20 00:40:40,CD_4,5.13,10.78,5.69,10.02,12.37,7.22
2026-04-20 00:40:41,CD_4,5.08,10.83,5.78,10.0,12.39,7.22
2026-04-20 00:40:41,CD_4,5.02,10.81,5.64,10.03,12.4,7.31
2026-04-20 00:40:41,CD_4,5.06,10.72,5.67,10.0,12.66,7.25
2026-04-20 00:40:42,CD_4,5.06,10.79,5.8,10.02,12.53,7.22
2026-04-20 00:40:42,CD_4,5.03,10.79,5.75,10.01,12.37,7.23
2026-04-20 00:40:43,CD_4,5.02,10.83,5.64,9.99,12.39,7.39
2026-04-20 00:40:43,CD_4,5.01,10.78,5.93,10.0,12.49,7.32
2026-04-20 00:40:43,CD_4,5.07,10.59,5.72,10.04,12.6,7.26
2026-04-20 00:40:44,CD_4,5.07,10.81,5.74,9.98,12.44,7.25
2026-04-20 00:40:44,CD_4,5.18,10.77,5.73,10.05,12.4,7.25
2026-04-20 00:40:45,CD_4,5.01,10.43,5.81,10.02,12.42,7.22
2026-04-20 00:40:45,CD_4,5.04,10.46,5.77,10.07,12.36,7.19
2026-04-20 00:40:45,CD_4,5.07,10.53,5.7,9.97,12.44,7.2
2026-04-20 00:40:46,CD_4,5.08,10.76,5.69,10.05,12.47,7.27
2026-04-20 00:40:46,CD_4,5.07,10.76,5.69,10.04,12.52,7.22
2026-04-20 00:40:47,CD_4,5.27,10.77,5.66,10.02,12.43,7.25
2026-04-20 00:40:47,CD_4,5.0,10.78,5.71,10.05,12.45,7.25
2026-04-20 00:40:47,CD_4,5.08,10.73,5.64,10.04,12.43,7.4
2026-04-20 00:40:48,CD_4,5.27,10.72,5.83,9.98,12.41,7.32
2026-04-20 00:40:48,CD_4,5.02,10.79,5.67,9.98,12.36,7.28
2026-04-20 00:40:48,CD_4,5.1,10.77,5.63,10.02,12.41,7.21
2026-04-20 00:40:49,CD_4,5.0,10.77,5.7,10.02,12.53,7.35
2026-04-20 00:40:49,CD_4,4.97,10.56,5.65,10.06,12.4,7.27
2026-04-20 00:40:50,CD_4,5.07,10.75,5.7,10.05,12.41,7.25
2026-04-20 00:40:50,CD_4,4.99,10.76,5.76,9.99,12.45,7.25
2026-04-20 00:40:50,CD_4,5.0,10.62,5.65,10.01,12.51,7.26
2026-04-20 00:40:51,CD_4,5.03,10.5,5.65,10.05,12.48,7.27
2026-04-20 00:40:51,CD_4,5.03,10.52,5.65,10.02,12.4,7.24
2026-04-20 00:40:52,CD_4,5.01,10.77,5.68,10.01,12.44,7.18
2026-04-20 00:40:52,CD_4,5.24,10.73,5.62,10.03,12.39,7.33
2026-04-20 00:40:52,CD_4,5.0,10.61,5.65,10.18,12.51,7.27
2026-04-20 00:40:53,CD_4,5.05,10.76,5.69,10.0,12.49,7.24
2026-04-20 00:40:53,CD_4,5.08,10.81,5.69,10.01,12.45,7.25
2026-04-20 00:40:54,CD_4,5.08,10.75,5.89,10.03,12.41,7.34
2026-04-20 00:40:54,CD_4,5.0,10.58,5.68,10.02,12.52,7.26
2026-04-20 00:40:54,CD_4,5.03,10.72,5.67,10.02,12.47,7.23
2026-04-20 00:40:55,CD_4,5.0,10.75,5.68,10.04,12.44,7.16
2026-04-20 00:40:55,CD_4,5.03,10.76,5.73,10.02,12.55,7.33
2026-04-20 00:40:56,CD_4,5.21,10.65,5.67,10.06,12.43,7.17
2026-04-20 00:40:56,CD_4,5.04,10.54,5.65,10.06,12.4,7.3
2026-04-20 00:40:56,CD_4,4.99,10.46,5.65,10.11,12.35,7.23
2026-04-20 00:40:57,CD_4,5.3,10.56,5.69,10.03,12.38,7.41
2026-04-20 00:40:57,CD_4,5.42,10.49,5.79,10.04,12.39,7.32
2026-04-20 00:40:58,CD_4,5.26,10.73,5.65,10.03,12.42,7.33
2026-04-20 00:40:58,CD_4,5.04,10.32,5.69,10.03,12.45,7.27
2026-04-20 00:40:58,CD_4,5.01,10.6,5.7,10.02,12.51,7.3
2026-04-20 00:40:59,CD_4,5.01,10.59,5.64,10.02,12.43,7.26
2026-04-20 00:40:59,CD_4,5.0,10.51,5.64,10.0,12.42,7.32
2026-04-20 00:41:00,CD_4,5.04,10.31,5.67,10.06,12.39,7.24
2026-04-20 00:41:00,CD_4,5.02,10.37,5.61,10.06,12.5,7.35
2026-04-20 00:41:00,CD_4,5.03,10.47,5.74,10.06,12.43,7.28
2026-04-20 00:41:01,CD_4,5.0,10.58,5.68,10.05,12.44,7.25
2026-04-20 00:41:01,CD_4,5.16,10.52,5.7,10.04,12.53,7.37
2026-04-20 00:41:02,CD_4,4.98,10.55,5.69,10.08,12.46,7.37
2026-04-20 00:41:02,CD_4,5.05,10.54,5.84,10.09,12.4,7.45
2026-04-20 00:41:02,CD_4,5.19,10.69,5.62,10.06,12.36,7.34
2026-04-20 00:41:03,CD_4,5.06,10.74,5.71,10.02,12.46,7.32
2026-04-20 00:41:03,CD_4,5.26,10.72,5.72,10.01,12.49,7.39
2026-04-20 00:41:04,CD_4,5.03,10.54,5.67,10.06,12.43,7.32
2026-04-20 00:41:04,CD_4,5.02,10.7,5.69,10.0,12.45,7.2
2026-04-20 00:41:04,CD_4,4.98,10.61,5.71,10.0,12.4,7.28
2026-04-20 00:41:05,CD_4,5.02,10.73,5.66,9.99,12.36,7.36
2026-04-20 00:41:05,CD_4,5.25,10.59,5.71,10.06,12.4,7.27
2026-04-20 00:41:06,CD_4,5.04,10.62,5.7,10.02,12.38,7.26
2026-04-20 00:41:06,CD_4,5.15,10.73,5.73,9.98,12.58,7.25
2026-04-20 00:41:06,CD_4,5.06,10.73,5.98,9.98,12.4,7.34
2026-04-20 00:41:07,CD_4,5.09,10.73,5.7,10.05,12.41,7.27
2026-04-20 00:41:07,CD_4,5.18,10.72,5.71,10.08,12.42,7.13
2026-04-20 00:41:08,CD_4,5.09,10.49,5.65,10.0,12.38,7.25
2026-04-20 00:41:08,CD_4,5.04,10.73,6.0,10.03,12.32,7.38
2026-04-20 00:41:08,CD_4,5.06,10.73,5.7,10.05,12.44,7.31
2026-04-20 00:41:09,CD_4,5.1,10.56,6.06,10.07,12.39,7.28
2026-04-20 00:41:09,CD_4,5.1,10.67,5.69,10.02,12.37,7.3
2026-04-20 00:41:10,CD_4,5.04,10.76,5.65,10.04,12.34,7.37
2026-04-20 00:41:10,CD_4,5.15,10.7,5.76,10.08,12.45,7.33
2026-04-20 00:41:10,CD_4,5.08,10.52,6.12,10.03,12.5,7.26
2026-04-20 00:41:11,CD_4,5.18,10.57,5.7,10.03,12.67,7.22
2026-04-20 00:41:11,CD_4,5.2,10.69,5.75,10.07,12.39,7.28
2026-04-20 00:41:12,CD_4,4.98,10.58,5.82,10.02,12.47,7.29
2026-04-20 00:41:12,CD_4,5.01,10.73,5.71,10.05,12.44,7.27
2026-04-20 00:41:12,CD_4,4.98,10.57,5.99,10.0,12.41,7.25
2026-04-20 00:41:13,CD_4,5.01,10.72,5.74,10.0,12.5,7.34
2026-04-20 00:41:13,CD_4,5.08,10.55,5.66,10.01,12.41,7.18
2026-04-20 00:41:14,CD_4,5.25,10.68,5.67,10.08,12.47,7.29
2026-04-20 00:41:14,CD_4,4.98,10.7,5.71,9.99,12.45,7.24
2026-04-20 00:41:14,CD_4,5.08,10.56,5.64,10.08,12.4,7.29
2026-04-20 00:41:15,CD_4,5.15,10.67,5.69,9.98,12.45,7.18
2026-04-20 00:41:15,CD_4,5.06,10.68,5.65,10.06,12.52,7.26
2026-04-20 00:41:16,CD_4,5.11,10.71,5.73,10.03,12.38,7.26
2026-04-20 00:41:16,CD_4,5.01,10.71,5.77,10.03,12.37,7.27
2026-04-20 00:41:16,CD_4,5.08,10.69,5.66,10.03,12.42,7.28
2026-04-20 00:41:17,CD_4,5.02,10.72,5.65,10.04,12.45,7.26
2026-04-20 00:41:17,CD_4,5.03,10.76,5.7,9.98,12.42,7.25
2026-04-20 00:41:18,CD_4,5.05,10.68,5.65,10.0,12.36,7.32
2026-04-20 00:41:18,CD_4,5.15,10.69,5.69,10.03,12.55,7.27
2026-04-20 00:41:18,CD_4,5.26,10.72,5.81,9.98,12.44,7.26
2026-04-20 00:41:19,CD_4,5.24,10.69,5.73,10.06,12.43,7.25
2026-04-20 00:41:19,CD_4,5.36,10.73,5.85,10.0,12.4,7.34
2026-04-20 00:41:19,CD_4,5.03,10.61,5.68,10.01,12.42,7.25
2026-04-20 00:41:20,CD_4,5.06,10.53,5.73,10.0,12.35,7.22
2026-04-20 00:41:20,CD_4,5.12,10.4,5.76,10.0,12.42,7.36
2026-04-20 00:41:21,CD_4,5.04,10.42,5.63,10.03,12.47,7.39
