Timestamp,Frequency (Hz),V_AD,V_AB,V_BC,V_CD,V_AC,V_BD
2026-04-12 22:05:37,1000,7.48,7.1,7.4,8.26,9.83,7.2
2026-04-12 22:05:37,1000,6.43,7.1,7.4,7.76,10.19,7.24
2026-04-12 22:05:37,1000,7.42,7.1,7.68,7.7,10.37,7.34
2026-04-12 22:05:38,1000,7.58,7.1,8.12,7.43,10.32,7.46
2026-04-12 22:05:38,1000,7.63,7.09,8.37,7.31,10.38,7.52
2026-04-12 22:05:38,1000,7.8,7.09,8.7,7.36,10.83,7.63
2026-04-12 22:05:39,1000,7.8,7.09,8.53,7.57,10.47,7.59
2026-04-12 22:05:39,1000,7.79,7.09,8.79,7.3,10.13,7.65
2026-04-12 22:05:40,1000,7.91,7.09,8.72,7.51,10.52,7.61
2026-04-12 22:05:40,1000,7.87,7.09,8.62,7.51,10.48,7.65
2026-04-12 22:05:40,1000,7.93,7.09,9.07,7.23,10.4,7.69
2026-04-12 22:05:41,1000,7.98,7.09,9.21,7.2,10.33,7.72
2026-04-12 22:05:41,1000,8.0,7.1,9.19,7.18,10.06,7.78
2026-04-12 22:05:41,1000,8.04,7.09,9.2,7.11,10.37,7.86
2026-04-12 22:05:42,1000,8.02,7.09,9.23,7.13,10.03,7.8
2026-04-12 22:05:42,1000,8.19,7.09,9.3,7.13,10.14,7.83
2026-04-12 22:05:43,1000,8.05,7.09,9.36,7.1,10.59,7.67
2026-04-12 22:05:43,1000,8.17,7.08,9.47,7.11,10.43,7.89
2026-04-12 22:05:43,1000,8.06,7.08,9.02,7.4,10.03,7.74
2026-04-12 22:05:44,1000,7.97,7.08,9.2,7.13,10.16,7.82
2026-04-12 22:05:44,1000,8.16,7.08,9.56,7.09,10.13,7.91
2026-04-12 22:05:44,1000,8.18,7.08,9.02,7.34,10.32,7.85
2026-04-12 22:05:45,1000,8.1,7.08,9.53,7.15,10.36,7.87
2026-04-12 22:05:45,1000,8.04,7.08,9.44,7.13,10.34,7.88
2026-04-12 22:05:45,1000,8.21,7.08,9.09,7.36,10.18,7.73
2026-04-12 22:05:46,1000,8.12,7.08,9.05,7.52,10.41,7.72
2026-04-12 22:05:46,1000,7.94,7.08,9.17,7.24,10.27,7.81
2026-04-12 22:05:47,1000,8.04,7.08,9.33,7.15,10.26,7.84
2026-04-12 22:05:47,1000,8.05,7.07,9.33,7.07,10.36,7.86
2026-04-12 22:05:47,1000,8.21,7.08,9.09,7.34,10.66,7.74
2026-04-12 22:05:48,1000,8.09,7.07,8.97,7.47,10.21,7.8
2026-04-12 22:05:48,1000,7.97,7.08,9.49,7.15,10.36,7.79
2026-04-12 22:05:48,1000,8.13,7.08,8.79,7.31,10.22,7.7
2026-04-12 22:05:49,1000,8.12,7.08,9.27,7.22,10.36,7.79
2026-04-12 22:05:49,1000,8.08,7.07,8.94,7.49,10.18,7.77
2026-04-12 22:05:50,1000,7.96,7.07,8.88,7.41,10.24,7.8
2026-04-12 22:05:50,1000,8.07,7.07,8.83,7.56,10.31,7.74
2026-04-12 22:05:50,1000,7.93,7.07,8.91,7.48,10.31,7.75
2026-04-12 22:05:51,1000,7.9,7.07,8.87,7.58,10.29,7.74
2026-04-12 22:05:51,1000,8.04,7.06,9.08,7.3,10.29,7.84
2026-04-12 22:05:51,1000,8.02,7.06,8.99,7.5,10.03,7.68
2026-04-12 22:05:52,1000,8.01,7.06,8.75,7.61,10.59,7.7
2026-04-12 22:05:52,1000,7.97,7.06,9.04,7.27,10.23,7.81
2026-04-12 22:05:52,1000,8.12,7.06,9.5,7.18,10.52,7.87
2026-04-12 22:05:53,1000,8.07,7.06,9.37,7.15,10.4,7.89
2026-04-12 22:05:53,1000,8.18,7.06,9.36,7.11,10.37,7.91
2026-04-12 22:05:54,1000,8.21,7.06,9.22,7.13,10.79,7.88
2026-04-12 22:05:54,1000,8.2,7.07,9.32,7.15,10.22,7.81
2026-04-12 22:05:54,1000,8.18,7.06,9.0,7.45,10.37,7.76
2026-04-12 22:05:55,1000,7.98,7.06,8.79,7.58,10.38,7.75
2026-04-12 22:05:55,1000,7.95,7.06,8.9,7.47,10.25,7.8
2026-04-12 22:05:55,1000,8.09,7.06,8.83,7.54,10.23,7.78
2026-04-12 22:05:56,1000,8.0,7.06,8.84,7.6,10.3,7.7
2026-04-12 22:05:56,1000,7.98,7.05,8.64,7.61,10.48,7.67
2026-04-12 22:05:56,1000,8.1,7.05,9.14,7.3,10.12,7.82
2026-04-12 22:05:57,1000,8.13,7.05,9.28,7.22,10.02,7.87
2026-04-12 22:05:57,1000,8.08,7.06,9.44,7.14,10.04,7.9
2026-04-12 22:05:58,1000,8.16,7.06,9.29,7.13,10.33,7.98
2026-04-12 22:05:58,1000,8.14,7.06,9.27,7.13,10.31,7.9
2026-04-12 22:05:58,1000,8.26,7.06,9.16,7.13,10.42,8.03
2026-04-12 22:05:59,1000,8.24,7.06,9.02,7.42,10.08,7.79
2026-04-12 22:05:59,1000,8.07,7.06,9.4,7.12,10.44,7.88
2026-04-12 22:05:59,1000,8.19,7.06,8.83,7.21,10.15,7.91
2026-04-12 22:06:00,1000,8.23,7.05,9.33,7.18,10.36,7.86
2026-04-12 22:06:00,1000,8.18,7.05,8.94,7.47,10.64,7.79
2026-04-12 22:06:01,1000,8.0,7.05,8.6,7.53,10.39,7.75
2026-04-12 22:06:01,1000,8.12,7.05,9.21,7.26,10.38,7.78
2026-04-12 22:06:01,1000,8.17,7.05,9.36,7.22,10.17,7.85
2026-04-12 22:06:02,1000,8.19,7.05,8.95,7.48,10.36,7.78
2026-04-12 22:06:02,1000,7.96,7.04,8.8,7.47,10.3,7.72
2026-04-12 22:06:02,1000,8.14,7.04,9.16,7.28,10.15,7.85
2026-04-12 22:06:03,1000,8.04,7.05,8.92,7.48,10.35,7.78
2026-04-12 22:06:03,1000,7.96,7.05,8.85,7.56,10.45,7.69
2026-04-12 22:06:04,1000,8.08,7.04,9.1,7.26,10.21,7.81
2026-04-12 22:06:04,1000,8.01,7.04,9.24,7.18,10.08,7.78
2026-04-12 22:06:04,1000,8.25,7.05,8.85,7.54,10.32,7.73
2026-04-12 22:06:05,1000,8.01,7.04,9.09,7.23,10.39,7.87
2026-04-12 22:06:05,1000,8.04,7.05,9.39,7.19,10.02,7.91
2026-04-12 22:06:05,1000,8.09,7.05,9.41,7.16,10.29,7.85
2026-04-12 22:06:06,1000,8.3,7.04,9.25,7.16,10.1,7.88
2026-04-12 22:06:06,1000,8.18,7.04,9.18,7.11,10.37,7.87
2026-04-12 22:06:06,1000,8.2,7.04,8.85,7.44,10.14,7.74
2026-04-12 22:06:07,1000,8.14,7.05,9.1,7.25,10.52,7.83
2026-04-12 22:06:07,1000,8.1,7.04,9.25,7.16,10.53,7.87
2026-04-12 22:06:08,1000,8.12,7.05,9.36,7.11,10.37,7.86
2026-04-12 22:06:08,1000,8.2,7.04,8.91,7.39,11.17,7.76
2026-04-12 22:06:08,1000,8.07,7.04,9.1,7.23,10.15,7.83
2026-04-12 22:06:09,1000,8.18,7.04,9.16,7.17,10.42,7.85
2026-04-12 22:06:09,1000,8.19,7.04,9.2,7.16,10.09,7.86
2026-04-12 22:06:09,1000,8.2,7.04,9.14,7.11,10.37,7.75
2026-04-12 22:06:10,1000,8.16,7.05,9.21,7.13,10.41,7.77
2026-04-12 22:06:10,1000,8.2,7.04,9.1,7.19,10.39,7.85
2026-04-12 22:06:11,1000,8.19,7.04,8.84,7.41,10.3,7.86
2026-04-12 22:06:11,1000,8.01,7.04,8.82,7.58,10.45,7.71
2026-04-12 22:06:11,1000,7.98,7.04,9.0,7.26,10.53,7.8
2026-04-12 22:06:12,1000,8.04,7.04,9.2,7.2,10.37,7.83
2026-04-12 22:06:12,1000,8.17,7.04,9.11,7.15,10.34,7.85
2026-04-12 22:06:12,1000,8.17,7.04,9.34,7.15,10.28,7.85
2026-04-12 22:06:13,1000,8.14,7.05,8.77,7.48,10.34,7.7
2026-04-12 22:06:13,1000,8.06,7.04,9.06,7.17,10.52,7.78
2026-04-12 22:06:13,1000,8.16,7.04,9.05,7.19,10.45,7.83
2026-04-12 22:06:14,1000,8.09,7.04,9.05,7.15,10.46,7.85
2026-04-12 22:06:14,1000,8.21,7.04,9.03,7.15,10.43,7.84
2026-04-12 22:06:15,1000,8.1,7.04,9.12,7.06,10.44,7.89
2026-04-12 22:06:15,1000,8.16,7.04,8.83,7.44,10.39,7.72
2026-04-12 22:06:15,1000,8.03,7.04,8.98,7.2,10.43,7.81
2026-04-12 22:06:16,1000,8.12,7.04,8.93,7.53,10.41,7.7
2026-04-12 22:06:16,1000,8.06,7.04,8.95,7.24,10.9,7.79
2026-04-12 22:06:16,1000,8.09,7.04,8.99,7.18,10.45,7.82
2026-04-12 22:06:17,1000,8.16,7.04,8.99,7.15,10.41,7.83
2026-04-12 22:06:17,1000,8.03,7.04,8.98,7.2,10.74,7.81
2026-04-12 22:06:17,1000,8.07,7.04,8.88,7.37,10.49,7.74
2026-04-12 22:06:18,1000,8.11,7.04,8.56,7.57,10.31,7.7
2026-04-12 22:06:18,1000,7.9,7.04,8.56,7.53,10.39,7.65
2026-04-12 22:06:19,1000,7.96,7.04,8.82,7.31,10.49,7.75
2026-04-12 22:06:19,1000,8.0,7.04,8.92,7.22,10.36,7.78
2026-04-12 22:06:19,1000,8.05,7.04,8.77,7.45,10.4,7.71
2026-04-12 22:06:20,1000,7.91,7.04,8.54,7.61,10.25,7.66
2026-04-12 22:06:20,1000,7.86,7.04,8.5,7.65,10.27,7.6
2026-04-12 22:06:20,1000,7.92,7.04,8.66,7.27,10.26,7.74
2026-04-12 22:06:21,1000,8.06,7.04,8.71,7.54,10.42,7.65
2026-04-12 22:06:21,1000,8.06,7.04,8.84,7.26,10.33,7.74
2026-04-12 22:06:21,1000,7.98,7.04,8.87,7.18,10.42,7.8
2026-04-12 22:06:22,1000,8.13,7.04,8.9,7.17,10.41,7.8
2026-04-12 22:06:22,1000,8.17,7.04,8.86,7.16,10.39,7.8
2026-04-12 22:06:23,1000,8.11,7.03,8.87,7.15,10.27,7.78
2026-04-12 22:06:23,1000,8.05,7.04,8.63,7.51,10.39,7.72
2026-04-12 22:06:23,1000,7.9,7.04,8.72,7.25,10.38,7.74
2026-04-12 22:06:24,1000,8.01,7.04,8.83,7.15,10.39,7.77
2026-04-12 22:06:24,1000,8.11,7.04,8.8,7.16,10.32,7.75
2026-04-12 22:06:24,1000,8.04,7.03,8.53,7.47,10.2,7.7
2026-04-12 22:06:25,1000,7.89,7.04,8.55,7.58,10.49,7.63
2026-04-12 22:06:25,1000,8.02,7.04,8.67,7.34,10.11,7.71
2026-04-12 22:06:26,1000,8.02,7.04,8.82,7.21,10.41,7.71
2026-04-12 22:06:26,1000,8.1,7.04,8.54,7.56,10.49,7.64
2026-04-12 22:06:26,1000,7.94,7.04,8.63,7.27,10.3,7.7
2026-04-12 22:06:27,1000,7.95,7.03,8.49,7.59,10.25,7.64
2026-04-12 22:06:27,1000,7.86,7.04,8.66,7.26,10.33,7.7
2026-04-12 22:06:27,1000,7.94,7.04,8.74,7.22,10.81,7.75
2026-04-12 22:06:28,1000,8.1,7.03,8.54,7.24,10.26,7.79
2026-04-12 22:06:28,1000,7.98,7.04,8.65,7.21,11.08,7.77
2026-04-12 22:06:28,1000,7.98,7.03,8.45,7.56,10.97,7.62
2026-04-12 22:06:29,1000,7.95,7.04,8.65,7.24,10.34,7.69
2026-04-12 22:06:29,1000,8.07,7.03,8.46,7.58,10.66,7.62
2026-04-12 22:06:29,1000,7.85,7.04,8.61,7.28,10.37,7.67
2026-04-12 22:06:30,1000,8.04,7.04,8.67,7.19,10.33,7.72
2026-04-12 22:06:30,1000,7.96,7.04,8.78,7.19,10.43,7.74
2026-04-12 22:06:31,1000,8.0,7.03,8.69,7.16,10.24,7.74
2026-04-12 22:06:31,1000,7.95,7.03,8.5,7.49,10.35,7.62
2026-04-12 22:06:31,1000,7.96,7.03,8.53,7.27,10.3,7.68
2026-04-12 22:06:32,1000,8.02,7.04,8.37,7.48,10.36,7.61
2026-04-12 22:06:32,1000,7.85,7.04,8.56,7.25,10.33,7.68
2026-04-12 22:06:32,1000,7.91,7.04,8.66,7.18,10.36,7.71
2026-04-12 22:06:33,1000,7.94,7.04,8.61,7.16,10.26,7.71
2026-04-12 22:06:33,1000,7.96,7.04,8.43,7.43,10.33,7.64
2026-04-12 22:06:33,1000,7.92,7.04,8.55,7.2,10.36,7.67
2026-04-12 22:06:34,1000,7.91,7.04,8.55,7.18,10.31,7.7
2026-04-12 22:06:34,1000,8.02,7.04,8.56,7.21,10.37,7.71
2026-04-12 22:06:35,1000,8.09,7.04,8.54,7.16,10.16,7.69
2026-04-12 22:06:35,1000,7.95,7.03,8.4,7.53,10.44,7.6
2026-04-12 22:06:35,1000,7.92,7.04,8.45,7.23,10.29,7.65
2026-04-12 22:06:36,1000,7.9,7.04,8.49,7.18,10.38,7.6
2026-04-12 22:06:36,1000,8.06,7.04,8.46,7.22,10.29,7.7
2026-04-12 22:06:36,1000,7.99,7.03,8.23,7.39,10.62,7.62
2026-04-12 22:06:37,1000,7.83,7.04,8.07,7.61,10.35,7.56
2026-04-12 22:06:37,1000,7.93,7.04,8.12,7.65,11.01,7.51
2026-04-12 22:06:37,1000,7.81,7.04,8.32,7.35,10.37,7.6
2026-04-12 22:06:38,1000,7.79,7.04,8.42,7.22,10.32,7.64
2026-04-12 22:06:38,1000,7.97,7.04,8.39,7.18,10.23,7.64
2026-04-12 22:06:39,1000,7.91,7.04,8.26,7.57,10.27,7.54
2026-04-12 22:06:39,1000,7.93,7.04,8.26,7.28,10.29,7.6
2026-04-12 22:06:39,1000,7.91,7.04,8.37,7.3,10.47,7.64
2026-04-12 22:06:40,1000,7.85,7.04,8.4,7.12,10.44,7.66
2026-04-12 22:06:40,1000,7.99,7.05,8.45,7.17,10.36,7.62
2026-04-12 22:06:40,1000,8.09,7.04,8.53,7.23,10.47,7.67
2026-04-12 22:06:41,1000,7.89,7.04,8.23,7.5,10.28,7.56
2026-04-12 22:06:41,1000,7.84,7.05,8.09,7.56,10.15,7.57
2026-04-12 22:06:42,1000,7.88,7.04,8.25,7.33,10.63,7.63
2026-04-12 22:06:42,1000,7.82,7.04,8.3,7.28,10.7,7.64
2026-04-12 22:06:42,1000,7.95,7.04,8.11,7.5,10.21,7.57
2026-04-12 22:06:43,1000,7.86,7.05,8.29,7.27,10.27,7.61
2026-04-12 22:06:43,1000,7.82,7.05,8.34,7.21,10.25,7.62
2026-04-12 22:06:43,1000,7.97,7.04,8.27,7.2,10.13,7.61
2026-04-12 22:06:44,1000,7.96,7.05,8.12,7.49,10.28,7.58
2026-04-12 22:06:44,1000,7.84,7.05,8.19,7.28,10.17,7.59
2026-04-12 22:06:44,1000,7.99,7.05,8.07,7.56,10.09,7.52
2026-04-12 22:06:45,1000,7.79,7.04,8.18,7.3,10.21,7.54
2026-04-12 22:06:45,1000,7.96,7.05,8.2,7.17,10.51,7.58
2026-04-12 22:06:46,1000,7.84,7.05,8.08,7.51,10.65,7.52
2026-04-12 22:06:46,1000,7.74,7.05,7.92,7.6,10.54,7.45
2026-04-12 22:06:46,1000,7.79,7.05,8.08,7.35,10.42,7.54
2026-04-12 22:06:47,1000,7.92,7.05,7.93,7.5,10.17,7.5
2026-04-12 22:06:47,1000,7.79,7.05,8.16,7.29,10.14,7.55
2026-04-12 22:06:47,1000,7.84,7.05,8.0,7.61,10.57,7.48
2026-04-12 22:06:48,1000,7.71,7.05,8.18,7.21,10.16,7.54
2026-04-12 22:06:48,1000,7.85,7.05,8.13,7.22,10.68,7.56
2026-04-12 22:06:49,1000,7.84,7.05,8.14,7.2,10.43,7.55
2026-04-12 22:06:49,1000,7.84,7.05,7.91,7.54,10.17,7.48
2026-04-12 22:06:49,1000,7.71,7.06,8.06,7.21,10.28,7.52
2026-04-12 22:06:50,1000,7.78,7.05,7.95,7.5,10.23,7.49
2026-04-12 22:06:50,1000,7.73,7.05,8.08,7.29,10.16,7.51
2026-04-12 22:06:50,1000,7.76,7.05,8.14,7.23,10.19,7.53
2026-04-12 22:06:51,1000,7.8,7.05,8.08,7.2,10.4,7.54
2026-04-12 22:06:51,1000,7.81,7.04,8.26,7.19,10.41,7.53
2026-04-12 22:06:51,1000,7.87,7.05,8.26,7.18,10.4,7.53
2026-04-12 22:06:52,1000,7.83,7.04,8.18,7.17,10.29,7.52
2026-04-12 22:06:52,1000,7.83,7.04,8.14,7.19,10.24,7.51
2026-04-12 22:06:53,1000,7.82,7.05,8.1,7.2,10.52,7.51
2026-04-12 22:06:53,1000,7.8,7.05,8.06,7.21,10.44,7.5
2026-04-12 22:06:53,1000,7.76,7.04,8.19,7.16,10.52,7.51
2026-04-12 22:06:54,1000,7.81,7.04,7.84,7.58,11.05,7.42
2026-04-12 22:06:54,1000,7.7,7.05,7.97,7.2,10.47,7.46
2026-04-12 22:06:54,1000,7.78,7.05,8.03,7.24,10.49,7.46
2026-04-12 22:06:55,1000,7.75,7.05,7.99,7.16,10.1,7.47
2026-04-12 22:06:55,1000,7.81,7.05,7.84,7.46,10.49,7.42
2026-04-12 22:06:55,1000,7.69,7.05,7.93,7.24,10.44,7.44
2026-04-12 22:06:56,1000,7.67,7.05,7.97,7.17,10.33,7.44
2026-04-12 22:06:56,1000,7.7,7.05,7.95,7.21,10.39,7.45
2026-04-12 22:06:57,1000,7.73,7.05,7.96,7.2,10.19,7.44
2026-04-12 22:06:57,1000,7.69,7.04,7.98,7.18,10.09,7.43
2026-04-12 22:06:57,1000,7.76,7.04,7.83,7.28,10.1,7.44
2026-04-12 22:06:58,1000,7.68,7.04,7.95,7.2,10.35,7.43
2026-04-12 22:06:58,1000,7.61,7.04,7.94,7.18,10.29,7.42
2026-04-12 22:06:58,1000,7.72,7.04,7.91,7.17,10.14,7.41
2026-04-12 22:06:59,1000,7.72,7.04,7.89,7.18,10.36,7.43
2026-04-12 22:06:59,1000,7.69,7.04,7.93,7.17,10.12,7.42
2026-04-12 22:06:59,1000,7.65,7.04,7.86,7.23,10.44,7.4
2026-04-12 22:07:00,1000,7.58,7.04,7.7,7.44,10.66,7.36
2026-04-12 22:07:00,1000,7.65,7.05,7.85,7.28,10.8,7.37
2026-04-12 22:07:01,1000,7.59,7.04,7.86,7.27,10.59,7.38
2026-04-12 22:07:01,1000,7.6,7.04,7.85,7.2,10.51,7.37
2026-04-12 22:07:01,1000,7.58,7.04,7.64,7.54,10.69,7.32
2026-04-12 22:07:02,1000,7.48,7.04,7.77,7.27,10.1,7.33
2026-04-12 22:07:02,1000,7.61,7.04,7.77,7.3,10.53,7.35
2026-04-12 22:07:02,1000,7.59,7.04,7.66,7.3,10.17,7.32
2026-04-12 22:07:03,1000,7.59,7.03,7.84,7.28,10.36,7.32
2026-04-12 22:07:03,1000,7.53,7.03,7.64,7.46,10.47,7.3
2026-04-12 22:07:04,1000,7.46,7.04,7.65,7.4,10.1,7.32
2026-04-12 22:07:04,1000,7.51,7.04,7.78,7.27,10.45,7.32
2026-04-12 22:07:04,1000,7.49,7.03,7.75,7.22,10.3,7.31
2026-04-12 22:07:05,1000,7.47,7.03,7.73,7.23,10.31,7.32
2026-04-12 22:07:05,1000,7.48,7.04,7.58,7.5,10.29,7.29
2026-04-12 22:07:05,1000,7.43,7.03,7.47,7.59,10.43,7.28
2026-04-12 22:07:06,1000,7.43,7.03,7.48,7.69,10.44,7.27
2026-04-12 22:07:06,1000,7.42,7.04,7.6,7.38,10.25,7.27
2026-04-12 22:07:06,1000,7.39,7.03,7.68,7.28,10.09,7.28
2026-04-12 22:07:07,1000,7.43,7.04,7.66,7.19,10.46,7.28
2026-04-12 22:07:07,1000,7.4,7.03,7.52,7.53,10.05,7.27
2026-04-12 22:07:08,1000,7.36,7.03,7.62,7.34,10.51,7.43
2026-04-12 22:07:08,1000,7.59,7.03,7.72,7.16,10.49,7.28
2026-04-12 22:07:08,1000,7.4,7.02,7.69,7.22,10.43,7.29
2026-04-12 22:07:09,1000,7.4,7.02,7.5,7.51,10.18,7.26
2026-04-12 22:07:09,1000,7.34,7.03,7.62,7.29,10.3,7.42
2026-04-12 22:07:09,1000,7.57,7.02,7.73,7.23,10.31,7.29
2026-04-12 22:07:10,1000,7.4,7.02,7.63,7.23,10.09,7.27
2026-04-12 22:07:10,1000,7.37,7.02,7.6,7.23,10.12,7.27
2026-04-12 22:07:10,1000,7.35,7.02,7.59,7.24,10.38,7.45
2026-04-12 22:07:11,1000,7.55,7.02,7.68,7.23,10.22,7.28
2026-04-12 22:07:11,1000,7.38,7.03,7.44,7.56,10.45,7.26
2026-04-12 22:07:12,1000,7.34,7.03,7.51,7.36,10.07,7.34
2026-04-12 22:07:12,1000,7.45,7.02,7.62,7.23,9.93,7.27
2026-04-12 22:07:12,1000,7.34,7.02,7.55,7.2,10.06,7.26
2026-04-12 22:07:13,1000,7.34,7.02,7.42,7.51,10.53,7.34
2026-04-12 22:07:13,1000,7.42,7.02,7.43,7.53,10.2,7.26
2026-04-12 22:07:13,1000,7.33,7.03,7.52,7.37,10.19,7.26
2026-04-12 22:07:14,1000,7.32,7.02,7.37,7.65,10.18,7.28
2026-04-12 22:07:14,1000,7.33,7.03,7.43,7.36,10.11,7.31
2026-04-12 22:07:15,1000,7.38,7.02,7.52,7.24,9.92,7.41
2026-04-12 22:07:15,1000,7.47,7.02,7.54,7.27,10.21,7.26
2026-04-12 22:07:15,1000,7.32,7.02,7.39,7.5,10.16,7.31
2026-04-12 22:07:16,1000,7.37,7.02,7.4,7.57,9.88,7.27
2026-04-12 22:07:16,1000,7.33,7.02,7.33,7.65,10.27,7.28
2026-04-12 22:07:16,1000,7.35,7.02,7.38,7.67,9.64,7.27
2026-04-12 22:07:17,1000,7.33,7.03,7.44,7.37,10.0,7.32
2026-04-12 22:07:17,1000,7.35,7.02,7.51,7.25,9.91,7.4
2026-04-12 22:07:17,1000,7.44,7.02,7.52,7.31,9.63,7.26
2026-04-12 22:07:18,1000,7.32,7.02,7.35,7.62,9.96,7.29
2026-04-12 22:07:18,1000,7.34,7.02,7.28,7.73,10.21,7.3
2026-04-12 22:07:18,1000,7.36,7.02,7.36,7.33,9.62,7.29
2026-04-12 22:07:19,1000,7.33,7.02,7.42,7.28,9.73,7.26
2026-04-12 22:07:19,1000,7.33,7.02,7.44,7.29,9.57,7.26
2026-04-12 22:07:20,1000,7.32,7.02,7.43,7.32,9.71,7.34
2026-04-12 22:07:20,1000,7.38,7.02,7.37,7.5,9.88,7.27
2026-04-12 22:07:20,1000,7.33,7.02,7.26,7.7,9.71,7.31
2026-04-12 22:07:21,1000,7.36,7.02,7.36,7.4,9.61,7.27
2026-04-12 22:07:21,1000,7.36,7.02,7.34,7.55,9.69,7.29
2026-04-12 22:07:21,1000,7.34,7.02,7.27,7.67,10.01,7.26
2026-04-12 22:07:22,1000,7.32,7.02,7.32,7.64,10.15,7.29
2026-04-12 22:07:22,1000,7.35,7.02,7.35,7.39,9.76,7.27
2026-04-12 22:07:23,1000,7.35,7.02,7.42,7.26,9.65,7.35
2026-04-12 22:07:23,1000,7.39,7.01,7.42,7.34,9.54,7.25
2026-04-12 22:07:23,1000,7.32,7.02,7.31,7.51,9.85,7.28
2026-04-12 22:07:24,1000,7.34,7.02,7.32,7.59,9.65,7.29
2026-04-12 22:07:24,1000,7.34,7.02,7.37,7.3,9.63,7.29
2026-04-12 22:07:24,1000,7.35,7.02,7.32,7.57,9.41,7.29
2026-04-12 22:07:25,1000,7.34,7.02,7.35,7.32,9.44,7.28
2026-04-12 22:07:25,1000,7.32,7.02,7.37,7.28,9.54,7.32
2026-04-12 22:07:25,1000,7.37,7.02,7.46,7.26,9.35,7.25
2026-04-12 22:07:26,1000,7.32,7.02,7.3,7.47,9.77,7.28
2026-04-12 22:07:26,1000,7.34,7.02,7.3,7.6,9.59,7.29
2026-04-12 22:07:26,1000,7.34,7.02,7.38,7.34,9.57,7.28
2026-04-12 22:07:27,1000,7.35,7.02,7.29,7.58,9.53,7.32
2026-04-12 22:07:27,1000,7.35,7.02,7.33,7.36,9.2,7.27
2026-04-12 22:07:28,1000,7.33,7.02,7.34,7.3,9.54,7.31
2026-04-12 22:07:28,1000,7.35,7.01,7.39,7.27,9.57,7.35
2026-04-12 22:07:28,1000,7.42,7.02,7.33,7.43,9.75,7.31
2026-04-12 22:07:29,1000,7.37,7.02,7.29,7.57,9.86,7.29
2026-04-12 22:07:29,1000,7.35,7.02,7.33,7.37,9.51,7.28
2026-04-12 22:07:29,1000,7.34,7.01,7.29,7.48,9.9,7.28
2026-04-12 22:07:30,1000,7.33,7.02,7.4,7.33,9.39,7.33
2026-04-12 22:07:30,1000,7.36,7.02,7.38,7.26,9.49,7.37
2026-04-12 22:07:31,1000,7.41,7.02,7.39,7.28,9.39,7.25
2026-04-12 22:07:31,1000,7.33,7.02,7.25,7.56,9.39,7.3
2026-04-12 22:07:31,1000,7.33,7.02,7.31,7.4,9.17,7.26
2026-04-12 22:07:32,1000,7.32,7.02,7.37,7.29,9.53,7.35
2026-04-12 22:07:32,1000,7.4,7.01,7.36,7.31,9.21,7.25
2026-04-12 22:07:32,1000,7.31,7.02,7.34,7.29,9.09,7.26
2026-04-12 22:07:33,1000,7.32,7.02,7.25,7.67,9.34,7.33
2026-04-12 22:07:33,1000,7.37,7.02,7.3,7.37,9.45,7.26
2026-04-12 22:07:33,1000,7.34,7.01,7.37,7.26,9.22,7.25
2026-04-12 22:07:34,1000,7.32,7.02,7.33,7.31,8.98,7.26
2026-04-12 22:07:34,1000,7.32,7.02,7.31,7.29,9.32,7.3
2026-04-12 22:07:35,1000,7.35,7.01,7.27,7.46,9.41,7.27
2026-04-12 22:07:35,1000,7.33,7.02,7.3,7.39,9.12,7.28
2026-04-12 22:07:35,1000,7.33,7.02,7.23,7.63,9.71,7.34
2026-04-12 22:07:36,1000,7.38,7.02,7.26,7.38,9.23,7.25
2026-04-12 22:07:36,1000,7.32,7.02,7.25,7.59,9.51,7.32
2026-04-12 22:07:36,1000,7.37,7.02,7.27,7.39,8.87,7.31
2026-04-12 22:07:37,1000,7.34,7.02,7.26,7.35,9.35,7.27
2026-04-12 22:07:37,1000,7.33,7.01,7.35,7.29,9.03,7.26
2026-04-12 22:07:37,1000,7.31,7.01,7.32,7.27,9.06,7.25
2026-04-12 22:07:38,1000,7.32,7.02,7.31,7.29,9.3,7.29
2026-04-12 22:07:38,1000,7.37,7.01,7.35,7.25,9.29,7.34
2026-04-12 22:07:39,1000,7.39,7.01,7.35,7.3,9.29,7.25
2026-04-12 22:07:39,1000,7.31,7.02,7.24,7.6,9.36,7.32
2026-04-12 22:07:39,1000,7.37,7.02,7.27,7.37,9.15,7.26
2026-04-12 22:07:40,1000,7.32,7.01,7.35,7.29,9.32,7.32
2026-04-12 22:07:40,1000,7.36,7.01,7.27,7.45,9.66,7.3
2026-04-12 22:07:40,1000,7.34,7.02,7.32,7.35,9.24,7.26
2026-04-12 22:07:41,1000,7.31,7.01,7.3,7.32,8.97,7.27
2026-04-12 22:07:41,1000,7.32,7.02,7.3,7.3,8.96,7.26
2026-04-12 22:07:41,1000,7.32,7.02,7.3,7.29,9.22,7.28
2026-04-12 22:07:42,1000,7.34,7.01,7.26,7.48,9.62,7.29
2026-04-12 22:07:42,1000,7.33,7.01,7.33,7.28,9.03,7.25
2026-04-12 22:07:43,1000,7.31,7.02,7.32,7.37,9.17,7.26
2026-04-12 22:07:43,1000,7.32,7.02,7.29,7.33,9.03,7.27
2026-04-12 22:07:43,1000,7.33,7.02,7.33,7.28,9.14,7.25
2026-04-12 22:07:44,1000,7.31,7.02,7.31,7.31,9.11,7.28
2026-04-12 22:07:44,1000,7.35,7.01,7.34,7.26,9.22,7.33
2026-04-12 22:07:44,1000,7.36,7.01,7.32,7.31,8.92,7.24
2026-04-12 22:07:45,1000,7.31,7.02,7.31,7.29,9.04,7.31
2026-04-12 22:07:45,1000,7.34,7.02,7.31,7.32,9.18,7.26
2026-04-12 22:07:46,1000,7.31,7.01,7.28,7.32,9.01,7.31
2026-04-12 22:07:46,1000,7.34,7.01,7.34,7.27,9.15,7.32
2026-04-12 22:07:46,1000,7.39,7.01,7.34,7.26,8.88,7.25
2026-04-12 22:07:47,1000,7.31,7.02,7.31,7.29,9.0,7.29
2026-04-12 22:07:47,1000,7.35,7.02,7.33,7.27,9.06,7.32
2026-04-12 22:07:47,1000,7.36,7.01,7.35,7.25,8.71,7.25
2026-04-12 22:07:48,1000,7.31,7.01,7.29,7.3,8.89,7.28
2026-04-12 22:07:48,1000,7.33,7.01,7.3,7.31,9.07,7.25
2026-04-12 22:07:49,1000,7.31,7.01,7.29,7.41,8.99,7.26
2026-04-12 22:07:49,1000,7.32,7.01,7.28,7.34,8.84,7.27
2026-04-12 22:07:49,1000,7.32,7.02,7.32,7.28,9.14,7.31
2026-04-12 22:07:50,1000,7.39,7.01,7.34,7.25,8.84,7.25
2026-04-12 22:07:50,1000,7.3,7.01,7.3,7.29,8.71,7.25
2026-04-12 22:07:50,1000,7.32,7.01,7.29,7.28,9.0,7.28
2026-04-12 22:07:51,1000,7.33,7.02,7.34,7.23,8.99,7.32
2026-04-12 22:07:51,1000,7.37,7.01,7.26,7.45,9.22,7.29
2026-04-12 22:07:51,1000,7.33,7.01,7.25,7.54,9.07,7.28
2026-04-12 22:07:52,1000,7.33,7.02,7.27,7.33,8.76,7.31
2026-04-12 22:07:52,1000,7.35,7.01,7.27,7.3,9.0,7.26
2026-04-12 22:07:53,1000,7.32,7.01,7.25,7.51,8.97,7.32
2026-04-12 22:07:53,1000,7.38,7.01,7.26,7.33,8.75,7.25
2026-04-12 22:07:53,1000,7.31,7.01,7.3,7.27,8.8,7.27
2026-04-12 22:07:54,1000,7.31,7.01,7.26,7.37,8.89,7.29
2026-04-12 22:07:54,1000,7.33,7.01,7.26,7.3,8.88,7.31
2026-04-12 22:07:54,1000,7.33,7.01,7.19,7.54,9.21,7.25
2026-04-12 22:07:55,1000,7.31,7.02,7.21,7.63,9.03,7.38
2026-04-12 22:07:55,1000,7.42,7.02,7.25,7.36,8.92,7.24
2026-04-12 22:07:55,1000,7.31,7.01,7.29,7.28,8.99,7.29
2026-04-12 22:07:56,1000,7.32,7.01,7.32,7.31,8.92,7.29
2026-04-12 22:07:56,1000,7.36,7.01,7.26,7.51,9.34,7.31
2026-04-12 22:07:57,1000,7.36,7.02,7.26,7.37,8.6,7.31
2026-04-12 22:07:57,1000,7.36,7.01,7.2,7.55,9.18,7.24
2026-04-12 22:07:57,1000,7.31,7.01,7.21,7.66,8.93,7.39
2026-04-12 22:07:58,1000,7.42,7.02,7.24,7.38,9.0,7.24
2026-04-12 22:07:58,1000,7.3,7.02,7.29,7.28,8.82,7.27
2026-04-12 22:07:58,1000,7.32,7.02,7.29,7.32,8.86,7.26
2026-04-12 22:07:59,1000,7.31,7.01,7.22,7.55,8.99,7.34
2026-04-12 22:07:59,1000,7.38,7.02,7.26,7.32,8.6,7.32
2026-04-12 22:07:59,1000,7.37,7.02,7.26,7.29,8.62,7.33
2026-04-12 22:08:00,1000,7.36,7.02,7.2,7.67,8.84,7.45
2026-04-12 22:08:00,1000,7.45,7.02,7.23,7.37,8.9,7.24
2026-04-12 22:08:01,1000,7.3,7.02,7.29,7.32,8.78,7.27
2026-04-12 22:08:01,1000,7.32,7.02,7.27,7.32,8.82,7.26
2026-04-12 22:08:01,1000,7.31,7.01,7.23,7.46,9.13,7.26
2026-04-12 22:08:02,1000,7.31,7.01,7.22,7.59,9.12,7.38
2026-04-12 22:08:02,1000,7.41,7.02,7.18,7.66,8.87,7.44
2026-04-12 22:08:02,1000,7.45,7.02,7.22,7.42,8.66,7.37
2026-04-12 22:08:03,1000,7.41,7.01,7.24,7.35,8.83,7.24
2026-04-12 22:08:03,1000,7.3,7.01,7.2,7.59,9.0,7.38
2026-04-12 22:08:03,1000,7.43,7.02,7.25,7.32,8.63,7.37
2026-04-12 22:08:04,1000,7.39,7.02,7.19,7.67,8.89,7.44
2026-04-12 22:08:04,1000,7.46,7.02,7.23,7.4,8.62,7.38
2026-04-12 22:08:05,1000,7.4,7.02,7.25,7.33,8.72,7.35
2026-04-12 22:08:05,1000,7.35,7.01,7.24,7.4,8.93,7.37
2026-04-12 22:08:05,1000,7.38,7.02,7.2,7.57,9.07,7.26
2026-04-12 22:08:06,1000,7.32,7.02,7.21,7.63,8.87,7.4
2026-04-12 22:08:06,1000,7.44,7.02,7.24,7.39,8.79,7.24
2026-04-12 22:08:06,1000,7.3,7.01,7.21,7.61,8.92,7.39
2026-04-12 22:08:07,1000,7.43,7.02,7.24,7.41,8.84,7.24
2026-04-12 22:08:07,1000,7.3,7.02,7.21,7.5,8.93,7.33
2026-04-12 22:08:07,1000,7.37,7.02,7.19,7.65,9.13,7.43
2026-04-12 22:08:08,1000,7.45,7.02,7.22,7.42,8.69,7.38
2026-04-12 22:08:08,1000,7.41,7.02,7.18,7.65,9.01,7.51
2026-04-12 22:08:09,1000,7.48,7.02,7.17,7.78,8.92,7.51
2026-04-12 22:08:09,1000,7.5,7.02,7.2,7.43,8.66,7.25
2026-04-12 22:08:09,1000,7.31,7.01,7.27,7.33,8.67,7.32
2026-04-12 22:08:10,1000,7.36,7.02,7.26,7.27,8.85,7.25
2026-04-12 22:08:10,1000,7.31,7.01,7.29,7.28,8.87,7.28
2026-04-12 22:08:10,1000,7.33,7.02,7.31,7.27,8.66,7.25
2026-04-12 22:08:11,1000,7.31,7.02,7.3,7.3,8.8,7.26
2026-04-12 22:08:11,1000,7.32,7.02,7.24,7.45,9.17,7.27
2026-04-12 22:08:11,1000,7.31,7.01,7.28,7.35,8.83,7.28
2026-04-12 22:08:12,1000,7.33,7.02,7.27,7.34,8.67,7.29
2026-04-12 22:08:12,1000,7.34,7.01,7.28,7.3,8.8,7.26
2026-04-12 22:08:13,1000,7.31,7.02,7.3,7.28,8.86,7.29
2026-04-12 22:08:13,1000,7.33,7.01,7.25,7.46,9.12,7.27
2026-04-12 22:08:13,1000,7.31,7.01,7.23,7.59,8.82,7.37
2026-04-12 22:08:14,1000,7.4,7.02,7.25,7.3,8.87,7.25
2026-04-12 22:08:14,1000,7.3,7.01,7.22,7.55,9.09,7.38
2026-04-12 22:08:14,1000,7.42,7.02,7.25,7.3,8.63,7.24
2026-04-12 22:08:15,1000,7.3,7.01,7.28,7.28,8.85,7.27
2026-04-12 22:08:15,1000,7.32,7.01,7.3,7.24,8.65,7.25
2026-04-12 22:08:15,1000,7.31,7.01,7.22,7.51,9.1,7.35
2026-04-12 22:08:16,1000,7.4,7.02,7.18,7.81,9.03,7.5
2026-04-12 22:08:16,1000,7.51,7.02,7.17,7.75,8.93,7.56
2026-04-12 22:08:17,1000,7.52,7.02,7.16,7.8,8.9,7.55
2026-04-12 22:08:17,1000,7.53,7.02,7.17,7.85,9.08,7.56
2026-04-12 22:08:17,1000,7.56,7.02,7.2,7.44,8.76,7.25
2026-04-12 22:08:18,1000,7.32,7.02,7.2,7.56,9.12,7.24
2026-04-12 22:08:18,1000,7.31,7.02,7.2,7.66,8.75,7.44
2026-04-12 22:08:18,1000,7.45,7.02,7.24,7.37,8.64,7.36
2026-04-12 22:08:19,1000,7.4,7.02,7.18,7.6,9.03,7.47
2026-04-12 22:08:19,1000,7.47,7.02,7.22,7.37,8.59,7.38
2026-04-12 22:08:19,1000,7.4,7.02,7.25,7.35,8.58,7.33
2026-04-12 22:08:20,1000,7.37,7.01,7.24,7.35,8.79,7.24
2026-04-12 22:08:20,1000,7.3,7.02,7.27,7.24,8.64,7.3
2026-04-12 22:08:20,1000,7.33,7.01,7.25,7.3,8.84,7.26
2026-04-12 22:08:21,1000,7.3,7.0,7.23,7.5,8.99,7.26
2026-04-12 22:08:21,1000,7.3,7.01,7.21,7.57,8.98,7.36
2026-04-12 22:08:22,1000,7.4,7.01,7.26,7.37,8.55,7.34
2026-04-12 22:08:22,1000,7.36,7.02,7.19,7.55,8.96,7.25
2026-04-12 22:08:22,1000,7.31,7.01,7.26,7.38,8.77,7.3
2026-04-12 22:08:23,1000,7.34,7.01,7.23,7.41,8.96,7.26
2026-04-12 22:08:23,1000,7.3,7.01,7.22,7.58,9.12,7.4
2026-04-12 22:08:23,1000,7.41,7.02,7.25,7.38,8.59,7.33
2026-04-12 22:08:24,1000,7.38,7.02,7.25,7.27,8.8,7.25
2026-04-12 22:08:24,1000,7.3,7.01,7.29,7.27,8.83,7.28
2026-04-12 22:08:25,1000,7.31,7.01,7.25,7.45,8.97,7.27
2026-04-12 22:08:25,1000,7.31,7.01,7.23,7.58,9.1,7.36
2026-04-12 22:08:25,1000,7.4,7.01,7.25,7.4,8.82,7.24
2026-04-12 22:08:26,1000,7.3,7.01,7.28,7.27,8.64,7.28
2026-04-12 22:08:26,1000,7.32,7.01,7.21,7.61,8.99,7.42
2026-04-12 22:08:26,1000,7.45,7.02,7.18,7.65,8.96,7.48
2026-04-12 22:08:27,1000,7.49,7.02,7.16,7.83,8.85,7.55
2026-04-12 22:08:27,1000,7.54,7.02,7.21,7.35,8.59,7.38
2026-04-12 22:08:27,1000,7.42,7.01,7.17,7.75,8.87,7.52
2026-04-12 22:08:28,1000,7.51,7.02,7.21,7.43,8.79,7.24
2026-04-12 22:08:28,1000,7.3,7.02,7.22,7.52,8.96,7.39
2026-04-12 22:08:28,1000,7.41,7.02,7.22,7.38,8.58,7.37
2026-04-12 22:08:29,1000,7.41,7.02,7.25,7.36,8.69,7.25
2026-04-12 22:08:29,1000,7.3,7.02,7.22,7.49,8.92,7.25
2026-04-12 22:08:30,1000,7.3,7.01,7.21,7.61,9.01,7.41
2026-04-12 22:08:30,1000,7.46,7.02,7.18,7.76,9.13,7.49
2026-04-12 22:08:30,1000,7.5,7.02,7.23,7.39,8.55,7.4
2026-04-12 22:08:31,1000,7.41,7.02,7.23,7.34,8.61,7.37
2026-04-12 22:08:31,1000,7.36,7.01,7.19,7.67,9.05,7.47
2026-04-12 22:08:31,1000,7.49,7.01,7.22,7.33,8.71,7.24
2026-04-12 22:08:32,1000,7.3,7.01,7.2,7.56,8.99,7.25
2026-04-12 22:08:32,1000,7.3,7.02,7.26,7.38,8.49,7.33
2026-04-12 22:08:32,1000,7.35,7.01,7.25,7.35,8.61,7.32
2026-04-12 22:08:33,1000,7.37,7.02,7.25,7.34,8.77,7.25
2026-04-12 22:08:33,1000,7.3,7.01,7.29,7.24,8.79,7.27
2026-04-12 22:08:34,1000,7.31,7.01,7.23,7.48,9.1,7.26
2026-04-12 22:08:34,1000,7.3,7.01,7.28,7.3,8.81,7.28
2026-04-12 22:08:34,1000,7.31,7.01,7.29,7.33,8.86,7.26
2026-04-12 22:08:35,1000,7.31,7.01,7.26,7.3,8.61,7.25
2026-04-12 22:08:35,1000,7.3,7.01,7.29,7.28,8.59,7.28
2026-04-12 22:08:35,1000,7.32,7.01,7.27,7.29,8.75,7.26
2026-04-12 22:08:36,1000,7.31,7.01,7.3,7.27,8.78,7.29
2026-04-12 22:08:36,1000,7.33,7.01,7.3,7.21,8.62,7.25
2026-04-12 22:08:37,1000,7.31,7.01,7.22,7.48,8.94,7.25
2026-04-12 22:08:37,1000,7.31,7.01,7.28,7.35,8.83,7.27
2026-04-12 22:08:37,1000,7.33,7.02,7.26,7.34,8.62,7.3
2026-04-12 22:08:38,1000,7.35,7.01,7.26,7.31,8.65,7.29
2026-04-12 22:08:38,1000,7.33,7.01,7.26,7.31,8.81,7.25
2026-04-12 22:08:38,1000,7.31,7.01,7.31,7.26,8.52,7.26
2026-04-12 22:08:39,1000,7.32,7.01,7.21,7.51,9.06,7.25
2026-04-12 22:08:39,1000,7.3,7.01,7.21,7.56,9.02,7.25
2026-04-12 22:08:39,1000,7.3,7.02,7.22,7.54,8.97,7.25
2026-04-12 22:08:40,1000,7.31,7.02,7.28,7.32,8.63,7.26
2026-04-12 22:08:40,1000,7.3,7.01,7.24,7.53,8.94,7.4
2026-04-12 22:08:41,1000,7.4,7.02,7.25,7.35,8.65,7.25
2026-04-12 22:08:41,1000,7.3,7.01,7.27,7.35,8.78,7.31
2026-04-12 22:08:41,1000,7.34,7.01,7.2,7.53,8.84,7.25
2026-04-12 22:08:42,1000,7.3,7.01,7.21,7.51,8.85,7.36
2026-04-12 22:08:42,1000,7.38,7.02,7.24,7.36,8.77,7.25
2026-04-12 22:08:42,1000,7.29,7.01,7.28,7.3,8.73,7.26
2026-04-12 22:08:43,1000,7.32,7.01,7.23,7.48,9.02,7.26
2026-04-12 22:08:43,1000,7.3,7.01,7.22,7.59,8.78,7.39
2026-04-12 22:08:43,1000,7.42,7.02,7.17,7.73,8.99,7.51
2026-04-12 22:08:44,1000,7.53,7.02,7.22,7.38,8.75,7.24
2026-04-12 22:08:44,1000,7.3,7.01,7.2,7.52,8.77,7.4
2026-04-12 22:08:45,1000,7.42,7.01,7.18,7.72,8.99,7.5
2026-04-12 22:08:45,1000,7.51,7.02,7.17,7.71,9.03,7.56
2026-04-12 22:08:45,1000,7.53,7.02,7.21,7.34,8.54,7.25
2026-04-12 22:08:46,1000,7.31,7.02,7.27,7.31,8.52,7.31
2026-04-12 22:08:46,1000,7.35,7.02,7.25,7.32,8.72,7.25
2026-04-12 22:08:46,1000,7.3,7.01,7.27,7.28,8.77,7.27
2026-04-12 22:08:47,1000,7.3,7.01,7.23,7.49,8.82,7.31
2026-04-12 22:08:47,1000,7.36,7.02,7.24,7.4,8.84,7.35
2026-04-12 22:08:47,1000,7.38,7.01,7.19,7.53,8.88,7.25
2026-04-12 22:08:48,1000,7.3,7.02,7.2,7.6,8.96,7.43
2026-04-12 22:08:48,1000,7.46,7.02,7.17,7.77,8.74,7.48
2026-04-12 22:08:49,1000,7.51,7.02,7.16,7.86,9.0,7.59
2026-04-12 22:08:49,1000,7.56,7.02,7.2,7.42,8.51,7.46
2026-04-12 22:08:49,1000,7.46,7.02,7.17,7.71,8.76,7.45
2026-04-12 22:08:50,1000,7.48,7.02,7.23,7.37,8.72,7.24
2026-04-12 22:08:50,1000,7.3,7.02,7.21,7.61,8.98,7.46
2026-04-12 22:08:50,1000,7.46,7.02,7.22,7.4,8.75,7.24
2026-04-12 22:08:51,1000,7.3,7.01,7.27,7.28,8.59,7.28
2026-04-12 22:08:51,1000,7.34,7.01,7.27,7.32,8.43,7.3
2026-04-12 22:08:51,1000,7.35,7.02,7.24,7.39,8.77,7.37
2026-04-12 22:08:52,1000,7.39,7.02,7.19,7.63,8.95,7.47
2026-04-12 22:08:52,1000,7.47,7.02,7.21,7.44,8.6,7.37
2026-04-12 22:08:53,1000,7.36,7.02,7.24,7.3,8.61,7.38
2026-04-12 22:08:53,1000,7.37,7.02,7.25,7.31,8.54,7.31
2026-04-12 22:08:53,1000,7.36,7.02,7.25,7.34,8.54,7.31
2026-04-12 22:08:54,1000,7.36,7.01,7.19,7.57,8.93,7.25
2026-04-12 22:08:54,1000,7.3,7.01,7.2,7.65,8.93,7.44
2026-04-12 22:08:54,1000,7.47,7.02,7.22,7.37,8.79,7.24
2026-04-12 22:08:55,1000,7.29,7.01,7.27,7.28,8.54,7.28
2026-04-12 22:08:55,1000,7.33,7.02,7.2,7.55,8.91,7.25
2026-04-12 22:08:55,1000,7.31,7.01,7.27,7.38,8.79,7.31
2026-04-12 22:08:56,1000,7.35,7.02,7.24,7.44,8.81,7.37
2026-04-12 22:08:56,1000,7.4,7.01,7.24,7.33,8.51,7.35
2026-04-12 22:08:57,1000,7.37,7.01,7.25,7.31,8.73,7.25
2026-04-12 22:08:57,1000,7.3,7.01,7.28,7.28,8.47,7.27
2026-04-12 22:08:57,1000,7.33,7.02,7.21,7.55,8.72,7.39
2026-04-12 22:08:58,1000,7.4,7.02,7.24,7.4,8.81,7.39
2026-04-12 22:08:58,1000,7.37,7.01,7.23,7.34,8.37,7.36
2026-04-12 22:08:58,1000,7.35,7.02,7.24,7.33,8.65,7.24
2026-04-12 22:08:59,1000,7.29,7.01,7.22,7.53,8.97,7.26
2026-04-12 22:08:59,1000,7.3,7.02,7.28,7.32,8.6,7.26
2026-04-12 22:09:00,1000,7.32,7.01,7.24,7.52,8.87,7.37
2026-04-12 22:09:00,1000,7.42,7.02,7.25,7.38,8.65,7.25
2026-04-12 22:09:00,1000,7.3,7.02,7.22,7.49,8.8,7.36
2026-04-12 22:09:01,1000,7.38,7.02,7.19,7.64,8.73,7.47
2026-04-12 22:09:01,1000,7.48,7.02,7.23,7.38,8.73,7.24
2026-04-12 22:09:01,1000,7.3,7.01,7.21,7.62,8.9,7.44
2026-04-12 22:09:02,1000,7.46,7.02,7.23,7.36,8.75,7.24
2026-04-12 22:09:02,1000,7.3,7.01,7.28,7.29,8.7,7.27
2026-04-12 22:09:02,1000,7.31,7.01,7.3,7.27,8.69,7.28
2026-04-12 22:09:03,1000,7.32,7.01,7.31,7.28,8.63,7.28
2026-04-12 22:09:03,1000,7.31,7.01,7.24,7.53,9.0,7.35
2026-04-12 22:09:04,1000,7.38,7.02,7.25,7.35,8.72,7.25
2026-04-12 22:09:04,1000,7.3,7.02,7.22,7.5,8.95,7.25
2026-04-12 22:09:04,1000,7.3,7.01,7.28,7.32,8.7,7.26
2026-04-12 22:09:05,1000,7.3,7.01,7.23,7.55,9.0,7.38
2026-04-12 22:09:05,1000,7.41,7.02,7.23,7.35,8.48,7.35
2026-04-12 22:09:05,1000,7.4,7.01,7.24,7.31,8.48,7.32
2026-04-12 22:09:06,1000,7.35,7.01,7.19,7.52,8.99,7.25
2026-04-12 22:09:06,1000,7.3,7.01,7.21,7.64,8.86,7.44
2026-04-12 22:09:06,1000,7.47,7.02,7.23,7.43,8.79,7.39
2026-04-12 22:09:07,1000,7.43,7.02,7.18,7.63,8.96,7.26
2026-04-12 22:09:07,1000,7.31,7.02,7.2,7.54,8.87,7.24
2026-04-12 22:09:07,1000,7.3,7.01,7.22,7.6,8.71,7.43
2026-04-12 22:09:08,1000,7.46,7.01,7.23,7.38,8.5,7.37
2026-04-12 22:09:08,1000,7.42,7.02,7.19,7.68,8.66,7.52
2026-04-12 22:09:09,1000,7.52,7.02,7.2,7.35,8.55,7.46
2026-04-12 22:09:09,1000,7.42,7.02,7.24,7.34,8.74,7.24
2026-04-12 22:09:09,1000,7.29,7.01,7.28,7.29,8.54,7.27
2026-04-12 22:09:10,1000,7.33,7.02,7.2,7.54,8.89,7.25
2026-04-12 22:09:10,1000,7.3,7.01,7.21,7.61,8.87,7.45
2026-04-12 22:09:10,1000,7.48,7.02,7.23,7.36,8.7,7.24
2026-04-12 22:09:11,1000,7.3,7.01,7.27,7.29,8.49,7.31
2026-04-12 22:09:11,1000,7.35,7.01,7.25,7.32,8.63,7.26
2026-04-12 22:09:11,1000,7.3,7.01,7.28,7.33,8.76,7.27
2026-04-12 22:09:12,1000,7.33,7.01,7.25,7.26,8.63,7.25
2026-04-12 22:09:12,1000,7.31,7.01,7.28,7.29,8.73,7.27
2026-04-12 22:09:13,1000,7.32,7.01,7.29,7.26,8.7,7.28
2026-04-12 22:09:13,1000,7.32,7.01,7.3,7.28,8.49,7.24
2026-04-12 22:09:13,1000,7.31,7.01,7.27,7.28,8.57,7.26
2026-04-12 22:09:14,1000,7.32,7.01,7.2,7.61,8.93,7.44
2026-04-12 22:09:14,1000,7.46,7.02,7.23,7.36,8.52,7.35
2026-04-12 22:09:14,1000,7.39,7.02,7.24,7.32,8.66,7.25
2026-04-12 22:09:15,1000,7.29,7.01,7.21,7.52,8.97,7.25
2026-04-12 22:09:15,1000,7.3,7.01,7.28,7.31,8.59,7.25
2026-04-12 22:09:16,1000,7.3,7.01,7.29,7.32,8.8,7.26
2026-04-12 22:09:16,1000,7.31,7.02,7.26,7.27,8.57,7.29
2026-04-12 22:09:16,1000,7.34,7.01,7.25,7.32,8.69,7.25
2026-04-12 22:09:17,1000,7.29,7.01,7.28,7.28,8.72,7.27
2026-04-12 22:09:17,1000,7.32,7.01,7.29,7.27,8.47,7.25
2026-04-12 22:09:17,1000,7.31,7.01,7.2,7.51,8.75,7.33
2026-04-12 22:09:18,1000,7.38,7.01,7.24,7.4,8.53,7.34
2026-04-12 22:09:18,1000,7.38,7.01,7.18,7.63,8.81,7.5
2026-04-12 22:09:18,1000,7.5,7.02,7.22,7.42,8.76,7.24
2026-04-12 22:09:19,1000,7.3,7.01,7.2,7.59,8.71,7.46
2026-04-12 22:09:19,1000,7.45,7.02,7.21,7.46,8.63,7.43
2026-04-12 22:09:20,1000,7.42,7.02,7.23,7.36,8.57,7.4
2026-04-12 22:09:20,1000,7.39,7.01,7.18,7.6,8.83,7.26
2026-04-12 22:09:20,1000,7.31,7.02,7.24,7.38,8.7,7.33
2026-04-12 22:09:21,1000,7.37,7.02,7.24,7.32,8.51,7.34
2026-04-12 22:09:21,1000,7.37,7.02,7.24,7.32,8.67,7.25
2026-04-12 22:09:21,1000,7.29,7.01,7.25,7.32,8.67,7.27
2026-04-12 22:09:22,1000,7.31,7.01,7.23,7.5,8.87,7.37
2026-04-12 22:09:22,1000,7.4,7.01,7.18,7.67,8.66,7.5
2026-04-12 22:09:23,1000,7.5,7.01,7.21,7.38,8.69,7.24
2026-04-12 22:09:23,1000,7.3,7.01,7.2,7.54,8.99,7.45
2026-04-12 22:09:23,1000,7.45,7.02,7.23,7.35,8.75,7.24
2026-04-12 22:09:24,1000,7.29,7.01,7.27,7.28,8.48,7.28
2026-04-12 22:09:24,1000,7.32,7.01,7.19,7.61,8.86,7.48
2026-04-12 22:09:24,1000,7.47,7.02,7.17,7.68,8.96,7.56
2026-04-12 22:09:25,1000,7.52,7.02,7.19,7.47,8.53,7.49
2026-04-12 22:09:25,1000,7.44,7.02,7.21,7.38,8.48,7.42
2026-04-12 22:09:25,1000,7.43,7.02,7.23,7.27,8.54,7.37
2026-04-12 22:09:26,1000,7.38,7.02,7.24,7.32,8.68,7.24
2026-04-12 22:09:26,1000,7.29,7.01,7.27,7.29,8.61,7.26
2026-04-12 22:09:27,1000,7.3,7.01,7.23,7.52,8.96,7.38
2026-04-12 22:09:27,1000,7.4,7.01,7.24,7.34,8.46,7.34
2026-04-12 22:09:27,1000,7.38,7.02,7.18,7.64,8.92,7.52
2026-04-12 22:09:28,1000,7.51,7.02,7.22,7.37,8.63,7.24
2026-04-12 22:09:28,1000,7.3,7.02,7.21,7.5,8.85,7.24
2026-04-12 22:09:28,1000,7.3,7.01,7.27,7.31,8.6,7.25
2026-04-12 22:09:29,1000,7.29,7.01,7.22,7.53,8.95,7.4
2026-04-12 22:09:29,1000,7.43,7.02,7.18,7.72,8.88,7.55
2026-04-12 22:09:29,1000,7.53,7.02,7.23,7.34,8.57,7.41
2026-04-12 22:09:30,1000,7.43,7.01,7.22,7.33,8.62,7.24
2026-04-12 22:09:30,1000,7.29,7.01,7.26,7.29,8.48,7.29
2026-04-12 22:09:30,1000,7.34,7.02,7.2,7.5,8.89,7.24
2026-04-12 22:09:31,1000,7.3,7.01,7.2,7.54,8.92,7.25
2026-04-12 22:09:31,1000,7.3,7.01,7.2,7.61,8.94,7.45
2026-04-12 22:09:32,1000,7.48,7.02,7.23,7.37,8.68,7.24
2026-04-12 22:09:32,1000,7.29,7.01,7.26,7.29,8.79,7.27
2026-04-12 22:09:32,1000,7.3,7.01,7.23,7.51,8.71,7.38
2026-04-12 22:09:33,1000,7.4,7.01,7.18,7.63,8.91,7.52
2026-04-12 22:09:33,1000,7.5,7.02,7.22,7.38,8.47,7.39
2026-04-12 22:09:33,1000,7.41,7.01,7.18,7.63,8.7,7.46
2026-04-12 22:09:34,1000,7.47,7.02,7.18,7.73,8.68,7.54
2026-04-12 22:09:34,1000,7.54,7.02,7.22,7.39,8.7,7.24
2026-04-12 22:09:34,1000,7.3,7.01,7.25,7.29,8.49,7.31
2026-04-12 22:09:35,1000,7.35,7.02,7.24,7.38,8.63,7.35
2026-04-12 22:09:35,1000,7.4,7.02,7.25,7.35,8.64,7.25
2026-04-12 22:09:36,1000,7.3,7.02,7.29,7.28,8.74,7.28
2026-04-12 22:09:36,1000,7.32,7.02,7.3,7.27,8.5,7.25
2026-04-12 22:09:36,1000,7.31,7.02,7.27,7.29,8.49,7.27
2026-04-12 22:09:37,1000,7.33,7.02,7.26,7.3,8.63,7.26
2026-04-12 22:09:37,1000,7.3,7.01,7.29,7.28,8.59,7.26
2026-04-12 22:09:37,1000,7.31,7.01,7.23,7.55,8.73,7.36
2026-04-12 22:09:38,1000,7.4,7.02,7.23,7.34,8.67,7.24
2026-04-12 22:09:38,1000,7.3,7.02,7.22,7.58,8.93,7.39
2026-04-12 22:09:38,1000,7.42,7.02,7.17,7.69,8.96,7.26
2026-04-12 22:09:39,1000,7.32,7.01,7.25,7.39,8.79,7.35
2026-04-12 22:09:39,1000,7.36,7.02,7.24,7.35,8.52,7.24
2026-04-12 22:09:40,1000,7.29,7.02,7.28,7.28,8.51,7.27
2026-04-12 22:09:40,1000,7.33,7.01,7.27,7.29,8.46,7.29
2026-04-12 22:09:40,1000,7.34,7.01,7.25,7.3,8.67,7.25
2026-04-12 22:09:41,1000,7.31,7.01,7.28,7.25,8.56,7.27
2026-04-12 22:09:41,1000,7.3,7.02,7.26,7.38,8.75,7.32
2026-04-12 22:09:41,1000,7.35,7.02,7.26,7.37,8.63,7.31
2026-04-12 22:09:42,1000,7.35,7.01,7.24,7.34,8.5,7.33
2026-04-12 22:09:42,1000,7.37,7.01,7.24,7.32,8.45,7.32
2026-04-12 22:09:43,1000,7.36,7.02,7.23,7.36,8.66,7.25
2026-04-12 22:09:43,1000,7.3,7.01,7.21,7.55,8.9,7.38
2026-04-12 22:09:43,1000,7.42,7.02,7.23,7.34,8.57,7.24
2026-04-12 22:09:44,1000,7.29,7.01,7.22,7.56,8.64,7.44
2026-04-12 22:09:44,1000,7.44,7.02,7.23,7.29,8.51,7.37
2026-04-12 22:09:44,1000,7.39,7.01,7.23,7.33,8.7,7.25
2026-04-12 22:09:45,1000,7.29,7.01,7.26,7.29,8.63,7.26
2026-04-12 22:09:45,1000,7.3,7.01,7.23,7.55,8.7,7.37
2026-04-12 22:09:45,1000,7.4,7.01,7.24,7.31,8.47,7.34
2026-04-12 22:09:46,1000,7.37,7.02,7.24,7.32,8.64,7.25
2026-04-12 22:09:46,1000,7.29,7.01,7.29,7.29,8.4,7.26
2026-04-12 22:09:47,1000,7.32,7.01,7.2,7.54,8.85,7.24
2026-04-12 22:09:47,1000,7.29,7.01,7.21,7.58,8.95,7.39
2026-04-12 22:09:47,1000,7.44,7.02,7.17,7.78,8.87,7.57
2026-04-12 22:09:48,1000,7.55,7.02,7.2,7.38,8.64,7.24
2026-04-12 22:09:48,1000,7.3,7.01,7.19,7.61,8.77,7.47
2026-04-12 22:09:48,1000,7.48,7.02,7.22,7.37,8.69,7.24
2026-04-12 22:09:49,1000,7.29,7.01,7.26,7.31,8.69,7.25
2026-04-12 22:09:49,1000,7.31,7.01,7.27,7.28,8.42,7.27
2026-04-12 22:09:49,1000,7.31,7.01,7.2,7.5,8.95,7.25
2026-04-12 22:09:50,1000,7.29,7.01,7.21,7.61,8.7,7.43
2026-04-12 22:09:50,1000,7.44,7.02,7.24,7.33,8.67,7.25
2026-04-12 22:09:51,1000,7.29,7.02,7.26,7.29,8.45,7.28
2026-04-12 22:09:51,1000,7.33,7.02,7.2,7.58,8.93,7.46
2026-04-12 22:09:51,1000,7.47,7.01,7.22,7.35,8.54,7.4
2026-04-12 22:09:52,1000,7.4,7.02,7.23,7.38,8.59,7.39
2026-04-12 22:09:52,1000,7.38,7.02,7.24,7.37,8.55,7.37
2026-04-12 22:09:52,1000,7.39,7.02,7.24,7.33,8.5,7.34
2026-04-12 22:09:53,1000,7.37,7.01,7.25,7.32,8.64,7.25
2026-04-12 22:09:53,1000,7.29,7.01,7.22,7.49,8.86,7.25
2026-04-12 22:09:53,1000,7.3,7.01,7.21,7.59,8.89,7.44
2026-04-12 22:09:54,1000,7.45,7.02,7.25,7.35,8.68,7.25
2026-04-12 22:09:54,1000,7.3,7.01,7.27,7.3,8.63,7.26
2026-04-12 22:09:55,1000,7.3,7.02,7.3,7.27,8.64,7.27
2026-04-12 22:09:55,1000,7.31,7.01,7.23,7.53,8.95,7.37
2026-04-12 22:09:55,1000,7.4,7.02,7.25,7.34,8.47,7.34
2026-04-12 22:09:56,1000,7.37,7.02,7.19,7.61,8.86,7.25
2026-04-12 22:09:56,1000,7.3,7.02,7.28,7.32,8.63,7.25
2026-04-12 22:09:56,1000,7.3,7.01,7.22,7.54,8.74,7.38
2026-04-12 22:09:57,1000,7.42,7.02,7.23,7.35,8.47,7.36
2026-04-12 22:09:57,1000,7.37,7.02,7.24,7.3,8.51,7.34
2026-04-12 22:09:57,1000,7.37,7.02,7.19,7.57,8.95,7.25
2026-04-12 22:09:58,1000,7.3,7.02,7.22,7.64,8.96,7.45
2026-04-12 22:09:58,1000,7.48,7.02,7.18,7.63,8.87,7.28
2026-04-12 22:09:59,1000,7.32,7.02,7.25,7.33,8.54,7.32
2026-04-12 22:09:59,1000,7.37,7.02,7.2,7.54,8.86,7.25
2026-04-12 22:09:59,1000,7.31,7.02,7.21,7.6,8.95,7.48
2026-04-12 22:10:00,1000,7.47,7.02,7.23,7.38,8.57,7.25
2026-04-12 22:10:00,1000,7.3,7.02,7.21,7.58,8.94,7.5
2026-04-12 22:10:00,1000,7.48,7.02,7.23,7.43,8.78,7.41
2026-04-12 22:10:01,1000,7.42,7.02,7.23,7.38,8.54,7.24
2026-04-12 22:10:01,1000,7.3,7.02,7.21,7.56,8.68,7.44
2026-04-12 22:10:01,1000,7.45,7.02,7.23,7.37,8.51,7.4
2026-04-12 22:10:02,1000,7.43,7.02,7.24,7.34,8.44,7.37
2026-04-12 22:10:02,1000,7.37,7.02,7.24,7.34,8.61,7.24
2026-04-12 22:10:03,1000,7.29,7.01,7.28,7.29,8.5,7.27
2026-04-12 22:10:03,1000,7.31,7.01,7.2,7.5,8.78,7.24
2026-04-12 22:10:03,1000,7.3,7.01,7.27,7.32,8.56,7.25
2026-04-12 22:10:04,1000,7.29,7.01,7.22,7.53,8.91,7.39
2026-04-12 22:10:04,1000,7.43,7.02,7.18,7.71,8.95,7.53
2026-04-12 22:10:04,1000,7.53,7.02,7.17,7.8,9.03,7.59
2026-04-12 22:10:05,1000,7.57,7.02,7.2,7.41,8.64,7.26
2026-04-12 22:10:05,1000,7.31,7.02,7.19,7.54,8.68,7.42
2026-04-12 22:10:05,1000,7.44,7.02,7.18,7.6,8.94,7.26
2026-04-12 22:10:06,1000,7.31,7.01,7.21,7.66,8.96,7.48
2026-04-12 22:10:06,1000,7.49,7.02,7.23,7.32,8.62,7.24
2026-04-12 22:10:07,1000,7.29,7.01,7.26,7.31,8.65,7.25
2026-04-12 22:10:07,1000,7.3,7.01,7.22,7.55,8.96,7.41
2026-04-12 22:10:07,1000,7.44,7.02,7.22,7.35,8.66,7.34
2026-04-12 22:10:08,1000,7.33,7.02,7.22,7.39,8.66,7.31
2026-04-12 22:10:08,1000,7.33,7.02,7.26,7.39,8.76,7.33
2026-04-12 22:10:08,1000,7.35,7.02,7.24,7.3,8.51,7.24
2026-04-12 22:10:09,1000,7.29,7.01,7.27,7.28,8.71,7.27
2026-04-12 22:10:09,1000,7.31,7.01,7.29,7.31,8.58,7.25
2026-04-12 22:10:09,1000,7.31,7.02,7.27,7.28,8.63,7.26
2026-04-12 22:10:10,1000,7.3,7.01,7.22,7.55,8.93,7.41
2026-04-12 22:10:10,1000,7.42,7.02,7.23,7.38,8.46,7.35
2026-04-12 22:10:11,1000,7.38,7.02,7.24,7.32,8.55,7.32
2026-04-12 22:10:11,1000,7.36,7.02,7.24,7.3,8.45,7.31
2026-04-12 22:10:11,1000,7.35,7.01,7.25,7.3,8.46,7.3
2026-04-12 22:10:12,1000,7.34,7.02,7.19,7.55,8.86,7.25
2026-04-12 22:10:12,1000,7.3,7.01,7.25,7.37,8.67,7.33
2026-04-12 22:10:12,1000,7.36,7.02,7.25,7.33,8.5,7.33
2026-04-12 22:10:13,1000,7.36,7.02,7.25,7.31,8.68,7.25
2026-04-12 22:10:13,1000,7.3,7.01,7.28,7.28,8.52,7.28
2026-04-12 22:10:14,1000,7.31,7.02,7.27,7.31,8.58,7.25
2026-04-12 22:10:14,1000,7.29,7.01,7.22,7.55,8.86,7.45
2026-04-12 22:10:14,1000,7.44,7.02,7.18,7.58,8.82,7.26
2026-04-12 22:10:15,1000,7.31,7.02,7.26,7.32,8.54,7.25
2026-04-12 22:10:15,1000,7.3,7.02,7.22,7.54,8.62,7.43
2026-04-12 22:10:15,1000,7.45,7.02,7.23,7.35,8.6,7.24
2026-04-12 22:10:16,1000,7.29,7.01,7.21,7.59,8.83,7.5
2026-04-12 22:10:16,1000,7.47,7.02,7.22,7.36,8.65,7.24
2026-04-12 22:10:16,1000,7.3,7.02,7.2,7.52,8.9,7.25
2026-04-12 22:10:17,1000,7.3,7.01,7.27,7.29,8.59,7.25
2026-04-12 22:10:17,1000,7.3,7.01,7.23,7.5,8.82,7.25
2026-04-12 22:10:17,1000,7.3,7.01,7.21,7.57,8.9,7.42
2026-04-12 22:10:18,1000,7.45,7.02,7.23,7.35,8.61,7.24
2026-04-12 22:10:18,1000,7.29,7.01,7.27,7.3,8.58,7.26
2026-04-12 22:10:19,1000,7.3,7.01,7.28,7.33,8.39,7.29
2026-04-12 22:10:19,1000,7.31,7.02,7.25,7.31,8.7,7.25
2026-04-12 22:10:19,1000,7.3,7.01,7.28,7.28,8.48,7.27
2026-04-12 22:10:20,1000,7.31,7.02,7.21,7.52,8.65,7.45
2026-04-12 22:10:20,1000,7.45,7.02,7.18,7.64,8.76,7.54
2026-04-12 22:10:20,1000,7.51,7.02,7.22,7.39,8.49,7.25
2026-04-12 22:10:21,1000,7.29,7.01,7.27,7.29,8.66,7.25
2026-04-12 22:10:21,1000,7.29,7.01,7.28,7.28,8.65,7.26
2026-04-12 22:10:22,1000,7.31,7.01,7.23,7.46,8.76,7.38
2026-04-12 22:10:22,1000,7.4,7.02,7.24,7.34,8.47,7.36
2026-04-12 22:10:22,1000,7.38,7.01,7.23,7.38,8.72,7.25
2026-04-12 22:10:23,1000,7.29,7.01,7.21,7.47,8.56,7.34
2026-04-12 22:10:23,1000,7.37,7.02,7.25,7.34,8.48,7.34
2026-04-12 22:10:23,1000,7.37,7.02,7.24,7.32,8.67,7.25
2026-04-12 22:10:24,1000,7.29,7.01,7.28,7.25,8.67,7.25
2026-04-12 22:10:24,1000,7.31,7.01,7.29,7.27,8.52,7.27
2026-04-12 22:10:24,1000,7.31,7.02,7.26,7.28,8.48,7.26
2026-04-12 22:10:25,1000,7.32,7.02,7.27,7.3,8.56,7.26
2026-04-12 22:10:25,1000,7.3,7.01,7.21,7.45,8.89,7.26
2026-04-12 22:10:26,1000,7.29,7.01,7.21,7.57,8.87,7.41
2026-04-12 22:10:26,1000,7.44,7.02,7.24,7.34,8.6,7.24
2026-04-12 22:10:26,1000,7.29,7.02,7.26,7.35,8.51,7.31
2026-04-12 22:10:27,1000,7.34,7.02,7.25,7.33,8.6,7.25
2026-04-12 22:10:27,1000,7.3,7.01,7.27,7.28,8.47,7.27
2026-04-12 22:10:27,1000,7.32,7.01,7.25,7.3,8.48,7.29
2026-04-12 22:10:28,1000,7.34,7.01,7.25,7.24,8.63,7.25
2026-04-12 22:10:28,1000,7.3,7.01,7.22,7.5,8.91,7.25
2026-04-12 22:10:28,1000,7.29,7.01,7.27,7.35,8.69,7.3
2026-04-12 22:10:29,1000,7.33,7.01,7.19,7.6,8.91,7.47
2026-04-12 22:10:29,1000,7.49,7.02,7.22,7.38,8.46,7.39
2026-04-12 22:10:30,1000,7.41,7.02,7.24,7.32,8.64,7.25
2026-04-12 22:10:30,1000,7.29,7.01,7.21,7.56,8.62,7.44
2026-04-12 22:10:30,1000,7.45,7.02,7.22,7.44,8.71,7.41
2026-04-12 22:10:31,1000,7.43,7.02,7.24,7.32,8.48,7.36
2026-04-12 22:10:31,1000,7.38,7.02,7.25,7.31,8.65,7.25
2026-04-12 22:10:31,1000,7.29,7.02,7.26,7.28,8.61,7.27
2026-04-12 22:10:32,1000,7.31,7.01,7.24,7.49,8.73,7.35
2026-04-12 22:10:32,1000,7.38,7.02,7.24,7.34,8.49,7.35
2026-04-12 22:10:32,1000,7.38,7.02,7.25,7.32,8.48,7.34
2026-04-12 22:10:33,1000,7.36,7.02,7.24,7.3,8.48,7.32
2026-04-12 22:10:33,1000,7.34,7.01,7.25,7.29,8.51,7.3
2026-04-12 22:10:34,1000,7.34,7.01,7.2,7.53,8.85,7.24
2026-04-12 22:10:34,1000,7.3,7.02,7.2,7.63,8.87,7.48
2026-04-12 22:10:34,1000,7.47,7.02,7.22,7.42,8.57,7.41
2026-04-12 22:10:35,1000,7.41,7.02,7.24,7.34,8.41,7.38
2026-04-12 22:10:35,1000,7.39,7.02,7.19,7.66,8.83,7.56
2026-04-12 22:10:35,1000,7.51,7.02,7.22,7.39,8.44,7.44
2026-04-12 22:10:36,1000,7.43,7.01,7.24,7.3,8.44,7.37
2026-04-12 22:10:36,1000,7.4,7.02,7.25,7.32,8.59,7.24
2026-04-12 22:10:36,1000,7.29,7.01,7.27,7.29,8.58,7.25
2026-04-12 22:10:37,1000,7.29,7.01,7.27,7.33,8.65,7.28
2026-04-12 22:10:37,1000,7.33,7.01,7.25,7.31,8.48,7.25
2026-04-12 22:10:38,1000,7.29,7.01,7.28,7.28,8.46,7.26
2026-04-12 22:10:38,1000,7.31,7.01,7.26,7.29,8.63,7.26
2026-04-12 22:10:38,1000,7.3,7.01,7.28,7.28,8.47,7.25
2026-04-12 22:10:39,1000,7.31,7.01,7.21,7.59,8.61,7.45
2026-04-12 22:10:39,1000,7.47,7.02,7.17,7.66,8.86,7.27
2026-04-12 22:10:39,1000,7.33,7.02,7.25,7.4,8.54,7.37
2026-04-12 22:10:40,1000,7.37,7.02,7.22,7.39,8.64,7.34
2026-04-12 22:10:40,1000,7.35,7.02,7.25,7.37,8.41,7.37
2026-04-12 22:10:41,1000,7.38,7.02,7.19,7.62,8.87,7.52
2026-04-12 22:10:41,1000,7.49,7.02,7.2,7.4,8.46,7.47
2026-04-12 22:10:41,1000,7.45,7.02,7.22,7.35,8.47,7.4
2026-04-12 22:10:42,1000,7.39,7.01,7.24,7.31,8.69,7.24
2026-04-12 22:10:42,1000,7.29,7.01,7.27,7.28,8.65,7.26
2026-04-12 22:10:42,1000,7.29,7.01,7.28,7.27,8.57,7.26
2026-04-12 22:10:43,1000,7.3,7.01,7.27,7.3,8.63,7.28
2026-04-12 22:10:43,1000,7.31,7.01,7.29,7.26,8.5,7.28
2026-04-12 22:10:44,1000,7.34,7.01,7.3,7.26,8.46,7.25
2026-04-12 22:10:44,1000,7.29,7.01,7.28,7.28,8.43,7.26
2026-04-12 22:10:44,1000,7.31,7.01,7.26,7.29,8.66,7.26
2026-04-12 22:10:45,1000,7.3,7.01,7.28,7.27,8.64,7.27
2026-04-12 22:10:45,1000,7.31,7.01,7.29,7.31,8.72,7.26
2026-04-12 22:10:45,1000,7.31,7.01,7.27,7.35,8.45,7.25
2026-04-12 22:10:46,1000,7.31,7.02,7.26,7.31,8.62,7.25
2026-04-12 22:10:46,1000,7.3,7.01,7.27,7.34,8.5,7.28
2026-04-12 22:10:46,1000,7.32,7.02,7.2,7.61,8.86,7.48
2026-04-12 22:10:47,1000,7.47,7.02,7.22,7.47,8.51,7.45
2026-04-12 22:10:47,1000,7.46,7.02,7.23,7.34,8.42,7.38
2026-04-12 22:10:48,1000,7.4,7.02,7.18,7.7,8.82,7.57
2026-04-12 22:10:48,1000,7.55,7.02,7.21,7.39,8.66,7.24
2026-04-12 22:10:48,1000,7.3,7.01,7.26,7.29,8.67,7.25
2026-04-12 22:10:49,1000,7.3,7.01,7.22,7.55,8.9,7.42
2026-04-12 22:10:49,1000,7.43,7.02,7.23,7.36,8.54,7.24
2026-04-12 22:10:49,1000,7.29,7.02,7.27,7.35,8.67,7.34
2026-04-12 22:10:50,1000,7.36,7.02,7.2,7.59,8.7,7.47
2026-04-12 22:10:50,1000,7.49,7.02,7.18,7.76,8.92,7.6
2026-04-12 22:10:50,1000,7.56,7.02,7.22,7.39,8.46,7.44
2026-04-12 22:10:51,1000,7.43,7.02,7.23,7.35,8.67,7.24
2026-04-12 22:10:51,1000,7.29,7.02,7.25,7.29,8.59,7.25
2026-04-12 22:10:52,1000,7.3,7.02,7.22,7.57,8.9,7.42
2026-04-12 22:10:52,1000,7.43,7.02,7.24,7.34,8.64,7.24
2026-04-12 22:10:52,1000,7.29,7.01,7.29,7.29,8.43,7.26
2026-04-12 22:10:53,1000,7.31,7.01,7.26,7.29,8.62,7.26
2026-04-12 22:10:53,1000,7.3,7.02,7.23,7.45,8.78,7.26
2026-04-12 22:10:53,1000,7.29,7.01,7.26,7.35,8.66,7.31
2026-04-12 22:10:54,1000,7.34,7.02,7.2,7.58,8.63,7.49
2026-04-12 22:10:54,1000,7.49,7.02,7.22,7.36,8.54,7.24
2026-04-12 22:10:54,1000,7.29,7.01,7.26,7.36,8.66,7.32
2026-04-12 22:10:55,1000,7.35,7.02,7.25,7.35,8.68,7.25
2026-04-12 22:10:55,1000,7.29,7.01,7.22,7.46,8.91,7.25
2026-04-12 22:10:56,1000,7.29,7.01,7.28,7.28,8.62,7.27
2026-04-12 22:10:56,1000,7.31,7.01,7.3,7.27,8.49,7.24
2026-04-12 22:10:56,1000,7.3,7.01,7.27,7.26,8.48,7.26
2026-04-12 22:10:57,1000,7.31,7.01,7.25,7.29,8.63,7.25
2026-04-12 22:10:57,1000,7.3,7.01,7.27,7.27,8.62,7.27
2026-04-12 22:10:57,1000,7.31,7.01,7.29,7.25,8.42,7.25
2026-04-12 22:10:58,1000,7.3,7.01,7.22,7.56,8.68,7.44
2026-04-12 22:10:58,1000,7.44,7.02,7.23,7.34,8.41,7.36
2026-04-12 22:10:59,1000,7.39,7.02,7.24,7.32,8.61,7.24
2026-04-12 22:10:59,1000,7.29,7.01,7.28,7.28,8.54,7.26
2026-04-12 22:10:59,1000,7.31,7.01,7.22,7.58,8.86,7.41
2026-04-12 22:11:00,1000,7.43,7.01,7.24,7.33,8.62,7.24
2026-04-12 22:11:00,1000,7.29,7.01,7.26,7.29,8.59,7.25
2026-04-12 22:11:00,1000,7.3,7.01,7.22,7.45,8.69,7.31
2026-04-12 22:11:01,1000,7.36,7.01,7.19,7.61,8.79,7.5
2026-04-12 22:11:01,1000,7.49,7.02,7.22,7.3,8.5,7.42
2026-04-12 22:11:01,1000,7.4,7.02,7.25,7.33,8.7,7.24
2026-04-12 22:11:02,1000,7.29,7.02,7.28,7.29,8.42,7.26
2026-04-12 22:11:02,1000,7.31,7.01,7.21,7.54,8.75,7.45
2026-04-12 22:11:03,1000,7.44,7.02,7.22,7.36,8.45,7.24
2026-04-12 22:11:03,1000,7.29,7.01,7.27,7.27,8.42,7.29
2026-04-12 22:11:03,1000,7.34,7.02,7.25,7.31,8.61,7.25
2026-04-12 22:11:04,1000,7.3,7.01,7.22,7.49,8.78,7.42
2026-04-12 22:11:04,1000,7.43,7.02,7.23,7.34,8.44,7.24
2026-04-12 22:11:04,1000,7.29,7.01,7.27,7.28,8.45,7.27
2026-04-12 22:11:05,1000,7.32,7.01,7.26,7.3,8.6,7.25
2026-04-12 22:11:05,1000,7.29,7.01,7.28,7.27,8.62,7.26
2026-04-12 22:11:05,1000,7.31,7.01,7.29,7.28,8.39,7.25
2026-04-12 22:11:06,1000,7.31,7.01,7.26,7.36,8.52,7.28
2026-04-12 22:11:06,1000,7.33,7.01,7.19,7.58,8.85,7.47
2026-04-12 22:11:07,1000,7.48,7.02,7.22,7.38,8.43,7.43
2026-04-12 22:11:07,1000,7.43,7.02,7.22,7.37,8.57,7.33
2026-04-12 22:11:07,1000,7.33,7.02,7.25,7.32,8.6,7.25
2026-04-12 22:11:08,1000,7.3,7.02,7.27,7.29,8.45,7.26
2026-04-12 22:11:08,1000,7.32,7.01,7.26,7.31,8.43,7.28
2026-04-12 22:11:08,1000,7.34,7.02,7.24,7.34,8.59,7.26
2026-04-12 22:11:09,1000,7.3,7.02,7.23,7.5,8.79,7.38
2026-04-12 22:11:09,1000,7.42,7.02,7.18,7.67,8.8,7.59
2026-04-12 22:11:10,1000,7.52,7.02,7.22,7.37,8.44,7.41
2026-04-12 22:11:10,1000,7.43,7.02,7.23,7.31,8.43,7.34
2026-04-12 22:11:10,1000,7.38,7.01,7.25,7.32,8.58,7.24
2026-04-12 22:11:11,1000,7.29,7.02,7.26,7.29,8.56,7.26
2026-04-12 22:11:11,1000,7.29,7.01,7.29,7.25,8.51,7.26
2026-04-12 22:11:11,1000,7.31,7.01,7.23,7.5,8.46,7.38
2026-04-12 22:11:12,1000,7.4,7.01,7.19,7.67,8.77,7.58
2026-04-12 22:11:12,1000,7.54,7.02,7.22,7.39,8.44,7.44
2026-04-12 22:11:12,1000,7.45,7.02,7.24,7.29,8.48,7.35
2026-04-12 22:11:13,1000,7.39,7.02,7.25,7.31,8.57,7.24
2026-04-12 22:11:13,1000,7.29,7.01,7.28,7.29,8.6,7.26
2026-04-12 22:11:14,1000,7.29,7.02,7.27,7.33,8.58,7.28
2026-04-12 22:11:14,1000,7.32,7.02,7.2,7.58,8.68,7.53
2026-04-12 22:11:14,1000,7.51,7.02,7.18,7.68,8.81,7.57
2026-04-12 22:11:15,1000,7.56,7.02,7.21,7.37,8.62,7.24
2026-04-12 22:11:15,1000,7.3,7.01,7.25,7.35,8.7,7.33
2026-04-12 22:11:15,1000,7.36,7.02,7.18,7.61,8.63,7.5
2026-04-12 22:11:16,1000,7.49,7.02,7.22,7.37,8.46,7.45
2026-04-12 22:11:16,1000,7.43,7.02,7.23,7.33,8.62,7.24
2026-04-12 22:11:16,1000,7.29,7.01,7.27,7.26,8.44,7.28
2026-04-12 22:11:17,1000,7.33,7.02,7.25,7.31,8.56,7.25
2026-04-12 22:11:17,1000,7.3,7.02,7.22,7.46,8.59,7.33
2026-04-12 22:11:18,1000,7.35,7.02,7.25,7.38,8.71,7.35
2026-04-12 22:11:18,1000,7.37,7.02,7.23,7.34,8.45,7.24
2026-04-12 22:11:18,1000,7.29,7.01,7.27,7.29,8.44,7.28
2026-04-12 22:11:19,1000,7.32,7.02,7.26,7.29,8.63,7.26
2026-04-12 22:11:19,1000,7.3,7.02,7.29,7.27,8.6,7.27
2026-04-12 22:11:19,1000,7.3,7.02,7.29,7.27,8.39,7.26
2026-04-12 22:11:20,1000,7.31,7.01,7.21,7.56,8.82,7.46
2026-04-12 22:11:20,1000,7.46,7.02,7.18,7.73,8.8,7.6
2026-04-12 22:11:20,1000,7.56,7.02,7.17,7.71,8.83,7.6
2026-04-12 22:11:21,1000,7.58,7.02,7.2,7.4,8.45,7.26
2026-04-12 22:11:21,1000,7.31,7.01,7.25,7.31,8.66,7.24
2026-04-12 22:11:22,1000,7.29,7.01,7.27,7.26,8.63,7.26
2026-04-12 22:11:22,1000,7.31,7.02,7.28,7.28,8.48,7.26
2026-04-12 22:11:22,1000,7.31,7.01,7.26,7.3,8.56,7.25
2026-04-12 22:11:23,1000,7.3,7.01,7.29,7.28,8.58,7.26
2026-04-12 22:11:23,1000,7.31,7.02,7.28,7.34,8.62,7.27
2026-04-12 22:11:23,1000,7.32,7.01,7.25,7.35,8.61,7.33
2026-04-12 22:11:24,1000,7.36,7.01,7.19,7.58,8.82,7.49
2026-04-12 22:11:24,1000,7.5,7.02,7.22,7.43,8.61,7.45
2026-04-12 22:11:24,1000,7.47,7.02,7.18,7.64,8.65,7.55
2026-04-12 22:11:25,1000,7.55,7.02,7.21,7.38,8.6,7.26
2026-04-12 22:11:25,1000,7.31,7.02,7.2,7.54,8.87,7.24
2026-04-12 22:11:26,1000,7.3,7.01,7.19,7.58,8.85,7.24
2026-04-12 22:11:26,1000,7.3,7.01,7.21,7.64,8.92,7.46
2026-04-12 22:11:26,1000,7.49,7.02,7.18,7.65,8.76,7.6
2026-04-12 22:11:27,1000,7.58,7.02,7.21,7.39,8.44,7.44
2026-04-12 22:11:27,1000,7.44,7.02,7.24,7.33,8.4,7.39
2026-04-12 22:11:27,1000,7.4,7.02,7.24,7.32,8.41,7.36
2026-04-12 22:11:28,1000,7.37,7.02,7.24,7.32,8.45,7.34
2026-04-12 22:11:28,1000,7.37,7.02,7.19,7.61,8.77,7.57
2026-04-12 22:11:28,1000,7.53,7.02,7.22,7.37,8.43,7.43
2026-04-12 22:11:29,1000,7.42,7.02,7.24,7.33,8.57,7.24
2026-04-12 22:11:29,1000,7.29,7.01,7.26,7.29,8.57,7.25
2026-04-12 22:11:30,1000,7.29,7.01,7.22,7.52,8.82,7.25
2026-04-12 22:11:30,1000,7.29,7.01,7.22,7.57,8.59,7.41
2026-04-12 22:11:30,1000,7.44,7.02,7.17,7.68,8.74,7.6
2026-04-12 22:11:31,1000,7.56,7.02,7.17,7.64,8.86,7.29
2026-04-12 22:11:31,1000,7.34,7.02,7.23,7.33,8.57,7.24
2026-04-12 22:11:31,1000,7.29,7.01,7.21,7.49,8.62,7.36
2026-04-12 22:11:32,1000,7.39,7.02,7.23,7.33,8.47,7.24
2026-04-12 22:11:32,1000,7.29,7.01,7.26,7.35,8.69,7.31
2026-04-12 22:11:32,1000,7.35,7.01,7.23,7.38,8.41,7.37
2026-04-12 22:11:33,1000,7.38,7.02,7.24,7.33,8.6,7.25
2026-04-12 22:11:33,1000,7.29,7.01,7.27,7.29,8.58,7.26
2026-04-12 22:11:34,1000,7.3,7.01,7.23,7.45,8.58,7.34
2026-04-12 22:11:34,1000,7.37,7.02,7.2,7.56,8.83,7.25
2026-04-12 22:11:34,1000,7.3,7.02,7.2,7.6,8.89,7.48
2026-04-12 22:11:35,1000,7.49,7.02,7.23,7.36,8.56,7.23
2026-04-12 22:11:35,1000,7.29,7.01,7.21,7.59,8.74,7.45
2026-04-12 22:11:35,1000,7.47,7.02,7.23,7.35,8.44,7.37
2026-04-12 22:11:36,1000,7.4,7.02,7.24,7.33,8.6,7.24
2026-04-12 22:11:36,1000,7.29,7.01,7.22,7.5,8.85,7.25
2026-04-12 22:11:36,1000,7.29,7.02,7.21,7.49,8.82,7.25
2026-04-12 22:11:37,1000,7.29,7.01,7.21,7.6,8.89,7.45
2026-04-12 22:11:37,1000,7.47,7.02,7.23,7.35,8.61,7.24
2026-04-12 22:11:38,1000,7.29,7.02,7.26,7.28,8.37,7.29
2026-04-12 22:11:38,1000,7.33,7.02,7.25,7.3,8.47,7.29
2026-04-12 22:11:38,1000,7.32,7.01,7.25,7.29,8.49,7.32
2026-04-12 22:11:39,1000,7.32,7.02,7.24,7.32,8.46,7.24
2026-04-12 22:11:39,1000,7.29,7.01,7.21,7.52,8.69,7.39
2026-04-12 22:11:39,1000,7.42,7.02,7.22,7.36,8.46,7.24
2026-04-12 22:11:40,1000,7.29,7.01,7.26,7.29,8.43,7.3
2026-04-12 22:11:40,1000,7.33,7.01,7.26,7.32,8.43,7.3
2026-04-12 22:11:40,1000,7.35,7.01,7.23,7.35,8.49,7.34
2026-04-12 22:11:41,1000,7.39,7.01,7.19,7.57,8.79,7.25
2026-04-12 22:11:41,1000,7.3,7.01,7.24,7.38,8.65,7.35
2026-04-12 22:11:42,1000,7.4,7.02,7.19,7.62,8.64,7.55
2026-04-12 22:11:42,5000,7.3,7.02,7.17,7.8,8.84,7.56
2026-04-12 22:11:42,5000,5.72,7.03,7.17,7.86,8.72,7.61
2026-04-12 22:11:43,5000,7.64,7.03,7.16,7.88,8.68,7.66
2026-04-12 22:11:43,5000,7.66,7.03,7.16,7.88,8.75,7.7
2026-04-12 22:11:43,5000,7.64,7.02,7.16,7.97,8.7,7.69
2026-04-12 22:11:44,5000,7.67,7.02,7.18,7.49,8.51,7.55
2026-04-12 22:11:44,5000,7.49,7.03,7.16,7.81,8.72,7.63
2026-04-12 22:11:44,5000,7.63,7.03,7.16,7.87,8.75,7.64
2026-04-12 22:11:45,5000,7.64,7.03,7.16,7.86,8.72,7.68
2026-04-12 22:11:45,5000,7.66,7.02,7.15,7.86,8.76,7.67
2026-04-12 22:11:45,5000,7.66,7.03,7.16,7.88,8.74,7.69
2026-04-12 22:11:46,5000,7.67,7.03,7.15,7.91,8.74,7.72
2026-04-12 22:11:46,5000,7.68,7.03,7.16,7.92,8.69,7.7
2026-04-12 22:11:46,5000,7.67,7.03,7.16,7.97,8.75,7.66
2026-04-12 22:11:47,5000,7.69,7.03,7.16,7.89,8.69,7.69
2026-04-12 22:11:47,5000,7.66,7.03,7.16,7.96,8.68,7.7
2026-04-12 22:11:48,5000,7.7,7.03,7.16,7.89,8.82,7.66
2026-04-12 22:11:48,5000,7.66,7.03,7.16,7.96,8.74,7.7
2026-04-12 22:11:48,5000,7.68,7.04,7.16,7.93,8.74,7.67
2026-04-12 22:11:49,5000,7.69,7.03,7.16,8.01,8.79,7.69
2026-04-12 22:11:49,5000,7.68,7.03,7.16,7.85,8.71,7.75
2026-04-12 22:11:49,5000,7.62,7.03,7.19,7.47,8.52,7.29
2026-04-12 22:11:50,5000,7.32,7.03,7.25,7.37,8.54,7.21
2026-04-12 22:11:50,5000,7.27,7.02,7.22,7.64,8.6,7.45
2026-04-12 22:11:50,5000,7.51,7.02,7.18,7.73,8.71,7.56
2026-04-12 22:11:51,5000,7.59,7.03,7.17,7.82,8.74,7.65
2026-04-12 22:11:51,5000,7.62,7.03,7.17,7.87,8.76,7.68
2026-04-12 22:11:51,5000,7.67,7.03,7.16,7.85,8.75,7.67
2026-04-12 22:11:52,5000,7.66,7.03,7.2,7.5,8.48,7.26
2026-04-12 22:11:52,5000,7.32,7.03,7.19,7.63,8.77,7.53
2026-04-12 22:11:52,5000,7.55,7.03,7.17,7.83,8.76,7.65
2026-04-12 22:11:53,5000,7.64,7.03,7.16,7.9,8.76,7.66
2026-04-12 22:11:53,5000,7.65,7.03,7.17,7.89,8.73,7.66
2026-04-12 22:11:54,5000,7.66,7.03,7.16,7.83,8.8,7.69
2026-04-12 22:11:54,5000,7.68,7.03,7.16,7.9,8.65,7.69
2026-04-12 22:11:54,5000,7.68,7.03,7.19,7.51,8.61,7.31
2026-04-12 22:11:55,5000,7.35,7.02,7.19,7.58,8.7,7.45
2026-04-12 22:11:55,5000,7.47,7.02,7.24,7.44,8.51,7.21
2026-04-12 22:11:55,5000,7.27,7.03,7.21,7.66,8.69,7.36
2026-04-12 22:11:56,5000,7.44,7.03,7.19,7.68,8.75,7.56
2026-04-12 22:11:56,5000,7.57,7.03,7.17,7.87,8.76,7.62
2026-04-12 22:11:56,5000,7.65,7.03,7.16,7.85,8.8,7.64
2026-04-12 22:11:57,5000,7.65,7.03,7.21,7.46,8.52,7.23
2026-04-12 22:11:57,5000,7.29,7.03,7.2,7.63,8.82,7.5
2026-04-12 22:11:57,5000,7.52,7.03,7.17,7.78,8.76,7.61
2026-04-12 22:11:58,5000,7.59,7.03,7.16,7.84,8.7,7.67
2026-04-12 22:11:58,5000,7.66,7.03,7.16,7.89,8.74,7.67
2026-04-12 22:11:58,5000,7.66,7.03,7.16,7.86,8.68,7.71
2026-04-12 22:11:59,5000,7.67,7.03,7.16,7.94,8.74,7.75
2026-04-12 22:11:59,5000,7.71,7.03,7.16,7.92,8.63,7.67
2026-04-12 22:12:00,5000,7.68,7.03,7.16,7.91,8.74,7.71
2026-04-12 22:12:00,5000,7.67,7.03,7.16,7.87,8.68,7.74
2026-04-12 22:12:00,5000,7.63,7.02,7.19,7.51,8.53,7.27
2026-04-12 22:12:01,5000,7.33,7.03,7.19,7.67,8.73,7.53
2026-04-12 22:12:01,5000,7.57,7.03,7.18,7.83,8.84,7.67
2026-04-12 22:12:01,5000,7.62,7.03,7.16,7.87,8.8,7.66
2026-04-12 22:12:02,5000,7.66,7.03,7.16,7.9,8.65,7.69
2026-04-12 22:12:02,5000,7.66,7.03,7.16,7.93,8.69,7.69
2026-04-12 22:12:02,5000,7.68,7.03,7.16,7.91,8.68,7.73
2026-04-12 22:12:03,5000,7.69,7.03,7.16,7.98,8.69,7.71
2026-04-12 22:12:03,5000,7.7,7.03,7.15,7.92,8.68,7.73
2026-04-12 22:12:03,5000,7.71,7.03,7.16,7.9,8.6,7.73
2026-04-12 22:12:04,5000,7.69,7.03,7.16,7.96,8.66,7.68
2026-04-12 22:12:04,5000,7.69,7.02,7.15,7.97,8.64,7.75
2026-04-12 22:12:04,5000,7.7,7.03,7.16,7.98,8.71,7.71
2026-04-12 22:12:05,5000,7.7,7.03,7.15,7.94,8.72,7.72
2026-04-12 22:12:05,5000,7.69,7.03,7.16,7.84,8.59,7.71
2026-04-12 22:12:05,5000,7.65,7.03,7.19,7.42,8.48,7.28
2026-04-12 22:12:06,5000,7.31,7.02,7.27,7.4,8.47,7.21
2026-04-12 22:12:06,5000,7.26,7.02,7.22,7.57,8.68,7.47
2026-04-12 22:12:07,5000,7.49,7.03,7.17,7.73,8.75,7.58
2026-04-12 22:12:07,5000,7.59,7.03,7.17,7.81,8.7,7.63
2026-04-12 22:12:07,5000,7.65,7.03,7.21,7.45,8.5,7.22
2026-04-12 22:12:08,5000,7.3,7.02,7.2,7.66,8.68,7.53
2026-04-12 22:12:08,5000,7.54,7.03,7.17,7.76,8.8,7.62
2026-04-12 22:12:08,5000,7.59,7.03,7.21,7.46,8.44,7.22
2026-04-12 22:12:09,5000,7.29,7.02,7.19,7.61,8.68,7.5
2026-04-12 22:12:09,5000,7.53,7.02,7.17,7.77,8.8,7.58
2026-04-12 22:12:09,5000,7.59,7.03,7.17,7.8,8.71,7.65
2026-04-12 22:12:10,5000,7.61,7.03,7.16,7.84,8.78,7.64
2026-04-12 22:12:10,5000,7.67,7.03,7.16,7.91,8.79,7.65
2026-04-12 22:12:10,5000,7.67,7.03,7.16,7.83,8.77,7.7
2026-04-12 22:12:11,5000,7.67,7.03,7.19,7.49,8.45,7.26
2026-04-12 22:12:11,5000,7.31,7.02,7.25,7.38,8.43,7.21
2026-04-12 22:12:12,5000,7.26,7.02,7.22,7.62,8.7,7.45
2026-04-12 22:12:12,5000,7.49,7.03,7.18,7.77,8.82,7.6
2026-04-12 22:12:12,5000,7.61,7.03,7.17,7.8,8.74,7.66
2026-04-12 22:12:13,5000,7.63,7.03,7.16,7.86,8.8,7.7
2026-04-12 22:12:13,5000,7.65,7.03,7.16,7.96,8.76,7.71
2026-04-12 22:12:13,5000,7.69,7.03,7.16,7.93,8.78,7.72
2026-04-12 22:12:14,5000,7.69,7.03,7.16,7.92,8.71,7.72
2026-04-12 22:12:14,5000,7.68,7.03,7.16,7.86,8.7,7.7
2026-04-12 22:12:14,5000,7.73,7.03,7.16,7.89,8.62,7.71
2026-04-12 22:12:15,5000,7.7,7.03,7.16,7.86,8.58,7.73
2026-04-12 22:12:15,5000,7.69,7.03,7.16,7.92,8.7,7.72
2026-04-12 22:12:15,5000,7.7,7.03,7.16,7.93,8.63,7.67
2026-04-12 22:12:16,5000,7.7,7.03,7.16,7.94,8.73,7.71
2026-04-12 22:12:16,5000,7.68,7.03,7.16,7.83,8.63,7.45
2026-04-12 22:12:16,5000,7.42,7.03,7.22,7.44,8.5,7.21
2026-04-12 22:12:17,5000,7.28,7.03,7.28,7.36,8.52,7.22
2026-04-12 22:12:17,5000,7.26,7.03,7.21,7.58,8.77,7.41
2026-04-12 22:12:18,5000,7.47,7.03,7.19,7.7,8.75,7.53
2026-04-12 22:12:18,5000,7.55,7.03,7.22,7.41,8.53,7.21
2026-04-12 22:12:18,5000,7.28,7.02,7.21,7.67,8.74,7.48
2026-04-12 22:12:19,5000,7.5,7.03,7.17,7.83,8.8,7.64
2026-04-12 22:12:19,5000,7.63,7.03,7.16,7.86,8.68,7.67
2026-04-12 22:12:19,5000,7.65,7.03,7.16,7.86,8.59,7.69
2026-04-12 22:12:20,5000,7.67,7.03,7.16,7.82,8.59,7.72
2026-04-12 22:12:20,5000,7.67,7.04,7.16,7.94,8.67,7.71
2026-04-12 22:12:20,5000,7.7,7.03,7.16,7.98,8.71,7.75
2026-04-12 22:12:21,5000,7.71,7.03,7.16,7.96,8.74,7.73
2026-04-12 22:12:21,5000,7.7,7.03,7.16,7.94,8.65,7.7
2026-04-12 22:12:21,5000,7.71,7.03,7.2,7.47,8.46,7.55
2026-04-12 22:12:22,5000,7.5,7.03,7.21,7.41,8.51,7.21
2026-04-12 22:12:22,5000,7.28,7.03,7.21,7.66,8.63,7.52
2026-04-12 22:12:22,5000,7.54,7.03,7.18,7.73,8.69,7.63
2026-04-12 22:12:23,5000,7.62,7.03,7.22,7.44,8.5,7.21
2026-04-12 22:12:23,5000,7.28,7.02,7.2,7.62,8.74,7.48
2026-04-12 22:12:24,5000,7.54,7.03,7.18,7.75,8.64,7.63
2026-04-12 22:12:24,5000,7.63,7.03,7.22,7.44,8.46,7.21
2026-04-12 22:12:24,5000,7.28,7.02,7.2,7.68,8.73,7.51
2026-04-12 22:12:25,5000,7.54,7.03,7.17,7.79,8.79,7.57
2026-04-12 22:12:25,5000,7.6,7.03,7.16,7.87,8.17,7.69
2026-04-12 22:12:25,5000,7.67,7.03,7.16,7.83,8.72,7.68
2026-04-12 22:12:26,5000,7.66,7.02,7.16,7.87,8.64,7.72
2026-04-12 22:12:26,5000,7.69,7.03,7.16,7.89,8.72,7.75
2026-04-12 22:12:26,5000,7.69,7.03,7.19,7.51,8.43,7.3
2026-04-12 22:12:27,5000,7.36,7.02,7.18,7.55,8.68,7.24
2026-04-12 22:12:27,5000,7.29,7.02,7.19,7.66,8.75,7.52
2026-04-12 22:12:27,5000,7.55,7.02,7.17,7.78,8.76,7.63
2026-04-12 22:12:28,5000,7.63,7.02,7.16,7.83,8.59,7.64
2026-04-12 22:12:28,5000,7.64,7.03,7.16,7.85,8.74,7.71
2026-04-12 22:12:28,5000,7.7,7.03,7.16,7.9,8.78,7.72
2026-04-12 22:12:29,5000,7.7,7.03,7.16,7.98,8.66,7.67
2026-04-12 22:12:29,5000,7.69,7.03,7.16,7.9,8.59,7.72
2026-04-12 22:12:30,5000,7.69,7.03,7.15,7.92,8.71,7.71
2026-04-12 22:12:30,5000,7.71,7.03,7.16,7.89,8.75,7.72
2026-04-12 22:12:30,5000,7.7,7.03,7.16,7.97,8.57,7.71
2026-04-12 22:12:31,5000,7.71,7.03,7.16,7.97,8.66,7.71
2026-04-12 22:12:31,5000,7.73,7.03,7.16,7.92,8.78,7.76
2026-04-12 22:12:31,5000,7.69,7.03,7.16,7.93,8.65,7.72
2026-04-12 22:12:32,5000,7.7,7.03,7.16,7.91,8.66,7.69
2026-04-12 22:12:32,5000,7.69,7.03,7.16,7.93,8.7,7.7
2026-04-12 22:12:32,5000,7.66,7.03,7.2,7.48,8.53,7.31
2026-04-12 22:12:33,5000,7.34,7.03,7.24,7.39,8.5,7.21
2026-04-12 22:12:33,5000,7.26,7.02,7.21,7.63,8.63,7.48
2026-04-12 22:12:33,5000,7.5,7.03,7.18,7.73,8.68,7.58
2026-04-12 22:12:34,5000,7.59,7.03,7.17,7.74,8.66,7.66
2026-04-12 22:12:34,5000,7.65,7.03,7.16,7.85,8.7,7.69
2026-04-12 22:12:34,5000,7.67,7.03,7.19,7.49,8.53,7.24
2026-04-12 22:12:35,5000,7.3,7.02,7.19,7.7,8.7,7.51
2026-04-12 22:12:35,5000,7.57,7.02,7.22,7.43,8.48,7.21
2026-04-12 22:12:36,5000,7.28,7.03,7.21,7.62,8.67,7.5
2026-04-12 22:12:36,5000,7.54,7.03,7.23,7.41,8.47,7.2
2026-04-12 22:12:36,5000,7.27,7.02,7.21,7.61,8.74,7.47
2026-04-12 22:12:37,5000,7.51,7.03,7.17,7.79,8.65,7.62
2026-04-12 22:12:37,5000,7.59,7.03,7.16,7.84,8.68,7.65
2026-04-12 22:12:37,5000,7.68,7.03,7.16,7.86,8.68,7.7
2026-04-12 22:12:38,5000,7.64,7.03,7.16,7.84,8.72,7.7
2026-04-12 22:12:38,5000,7.59,7.02,7.19,7.53,8.52,7.23
2026-04-12 22:12:38,5000,7.31,7.03,7.19,7.66,8.72,7.51
2026-04-12 22:12:39,5000,7.55,7.03,7.17,7.78,8.73,7.59
2026-04-12 22:12:39,5000,7.64,7.02,7.16,7.83,8.69,7.68
2026-04-12 22:12:39,5000,7.65,7.03,7.2,7.45,8.47,7.25
2026-04-12 22:12:40,5000,7.31,7.02,7.19,7.63,8.66,7.53
2026-04-12 22:12:40,5000,7.57,7.03,7.17,7.74,8.68,7.6
2026-04-12 22:12:40,5000,7.63,7.02,7.16,7.84,8.74,7.66
2026-04-12 22:12:41,5000,7.65,7.03,7.16,7.87,8.68,7.69
2026-04-12 22:12:41,5000,7.66,7.03,7.16,7.93,8.71,7.65
2026-04-12 22:12:42,5000,7.67,7.03,7.16,7.86,8.69,7.72
2026-04-12 22:12:42,5000,7.7,7.03,7.16,7.91,8.66,7.72
2026-04-12 22:12:42,5000,7.71,7.03,7.16,7.95,8.71,7.71
2026-04-12 22:12:43,5000,7.7,7.03,7.16,7.96,8.7,7.77
2026-04-12 22:12:43,5000,7.7,7.03,7.15,7.92,8.57,7.72
2026-04-12 22:12:43,5000,7.62,7.03,7.19,7.52,8.53,7.29
2026-04-12 22:12:44,5000,7.34,7.03,7.19,7.68,8.71,7.56
2026-04-12 22:12:44,5000,7.56,7.03,7.21,7.45,8.43,7.21
2026-04-12 22:12:44,5000,7.29,7.03,7.2,7.59,8.73,7.21
2026-04-12 22:12:45,5000,7.28,7.02,7.21,7.64,8.72,7.49
2026-04-12 22:12:45,5000,7.53,7.03,7.17,7.77,8.74,7.63
2026-04-12 22:12:45,5000,7.62,7.03,7.16,7.78,8.61,7.67
2026-04-12 22:12:46,5000,7.62,7.03,7.16,7.88,8.68,7.71
2026-04-12 22:12:46,5000,7.67,7.03,7.16,7.94,8.67,7.71
2026-04-12 22:12:46,5000,7.69,7.03,7.19,7.5,8.5,7.24
2026-04-12 22:12:47,5000,7.32,7.02,7.19,7.72,8.63,7.55
2026-04-12 22:12:47,5000,7.55,7.03,7.17,7.78,8.64,7.62
2026-04-12 22:12:48,5000,7.61,7.03,7.16,7.8,8.71,7.68
2026-04-12 22:12:48,5000,7.65,7.03,7.16,7.84,8.71,7.71
2026-04-12 22:12:48,5000,7.69,7.03,7.16,7.85,8.69,7.39
2026-04-12 22:12:49,5000,7.45,7.02,7.24,7.41,8.48,7.2
2026-04-12 22:12:49,5000,7.27,7.02,7.26,7.35,8.56,7.22
2026-04-12 22:12:49,5000,7.26,7.02,7.22,7.51,8.59,7.41
2026-04-12 22:12:50,5000,7.44,7.02,7.18,7.69,8.67,7.57
2026-04-12 22:12:50,5000,7.57,7.03,7.16,7.79,8.7,7.64
2026-04-12 22:12:50,5000,7.64,7.03,7.16,7.81,8.74,7.66
2026-04-12 22:12:51,5000,7.64,7.02,7.16,7.93,8.67,7.64
2026-04-12 22:12:51,5000,7.68,7.04,7.16,7.98,8.66,7.74
2026-04-12 22:12:51,5000,7.72,7.03,7.16,7.89,8.71,7.72
2026-04-12 22:12:52,5000,7.72,7.03,7.16,7.94,8.6,7.77
2026-04-12 22:12:52,5000,7.73,7.03,7.15,7.93,8.71,7.73
2026-04-12 22:12:52,5000,7.72,7.03,7.16,7.92,8.71,7.74
2026-04-12 22:12:53,5000,7.71,7.03,7.15,7.98,8.65,7.72
2026-04-12 22:12:53,5000,7.7,7.03,7.15,7.95,8.66,7.73
2026-04-12 22:12:54,5000,7.7,7.03,7.15,7.96,8.7,7.73
2026-04-12 22:12:54,5000,7.68,7.02,7.19,7.48,8.49,7.27
2026-04-12 22:12:54,5000,7.32,7.03,7.19,7.7,8.66,7.58
2026-04-12 22:12:55,5000,7.6,7.03,7.17,7.83,8.79,7.62
2026-04-12 22:12:55,5000,7.62,7.03,7.16,7.84,8.77,7.67
2026-04-12 22:12:55,5000,7.68,7.03,7.16,7.88,8.49,7.65
2026-04-12 22:12:56,5000,7.67,7.03,7.16,7.9,8.53,7.72
2026-04-12 22:12:56,5000,7.69,7.02,7.2,7.52,8.5,7.25
2026-04-12 22:12:56,5000,7.32,7.02,7.19,7.61,8.68,7.22
2026-04-12 22:12:57,5000,7.3,7.02,7.2,7.68,8.81,7.55
2026-04-12 22:12:57,5000,7.55,7.03,7.17,7.83,8.8,7.64
2026-04-12 22:12:57,5000,7.63,7.03,7.16,7.82,8.75,7.3
2026-04-12 22:12:58,5000,7.37,7.02,7.18,7.71,8.8,7.58
2026-04-12 22:12:58,5000,7.6,7.03,7.17,7.82,8.76,7.66
2026-04-12 22:12:59,5000,7.65,7.03,7.21,7.48,8.53,7.21
2026-04-12 22:12:59,5000,7.29,7.02,7.26,7.38,8.37,7.21
2026-04-12 22:12:59,5000,7.26,7.02,7.2,7.57,8.75,7.44
2026-04-12 22:13:00,5000,7.44,7.02,7.25,7.41,8.47,7.33
2026-04-12 22:13:00,5000,7.37,7.02,7.24,7.41,8.62,7.23
2026-04-12 22:13:00,5000,7.26,7.02,7.22,7.62,8.75,7.38
2026-04-12 22:13:01,5000,7.44,7.02,7.18,7.68,8.71,7.56
2026-04-12 22:13:01,5000,7.59,7.02,7.22,7.46,8.46,7.2
2026-04-12 22:13:01,5000,7.27,7.02,7.21,7.54,8.64,7.21
2026-04-12 22:13:02,5000,7.27,7.02,7.2,7.66,8.76,7.49
2026-04-12 22:13:02,5000,7.51,7.02,7.17,7.73,8.76,7.59
2026-04-12 22:13:02,5000,7.59,7.03,7.16,7.8,8.69,7.63
2026-04-12 22:13:03,5000,7.64,7.03,7.16,7.88,8.74,7.7
2026-04-12 22:13:03,5000,7.68,7.03,7.16,7.92,8.58,7.72
2026-04-12 22:13:04,5000,7.69,7.03,7.16,7.82,8.69,7.7
2026-04-12 22:13:04,5000,7.68,7.03,7.15,7.94,8.56,7.72
2026-04-12 22:13:04,5000,7.72,7.03,7.15,7.88,8.72,7.68
2026-04-12 22:13:05,5000,7.7,7.03,7.16,7.92,8.71,7.74
2026-04-12 22:13:05,5000,7.71,7.03,7.16,7.95,8.59,7.72
2026-04-12 22:13:05,5000,7.68,7.02,7.2,7.47,8.53,7.24
2026-04-12 22:13:06,5000,7.32,7.02,7.19,7.65,8.66,7.52
2026-04-12 22:13:06,5000,7.57,7.03,7.17,7.75,8.74,7.64
2026-04-12 22:13:06,5000,7.62,7.03,7.16,7.89,8.68,7.69
2026-04-12 22:13:07,5000,7.69,7.03,7.16,7.86,8.75,7.68
2026-04-12 22:13:07,5000,7.67,7.03,7.16,7.92,8.74,7.72
2026-04-12 22:13:07,5000,7.68,7.02,7.16,7.92,8.68,7.7
2026-04-12 22:13:08,5000,7.67,7.03,7.16,7.91,8.67,7.74
2026-04-12 22:13:08,5000,7.7,7.03,7.16,7.86,8.72,7.73
2026-04-12 22:13:08,5000,7.71,7.03,7.15,7.93,8.74,7.73
2026-04-12 22:13:09,5000,7.7,7.03,7.16,7.94,8.71,7.71
2026-04-12 22:13:09,5000,7.69,7.03,7.18,7.52,8.47,7.26
2026-04-12 22:13:09,5000,7.33,7.02,7.24,7.34,8.5,7.2
2026-04-12 22:13:10,5000,7.26,7.02,7.21,7.59,8.74,7.46
2026-04-12 22:13:10,5000,7.51,7.02,7.18,7.71,8.64,7.55
2026-04-12 22:13:11,5000,7.55,7.02,7.21,7.45,8.53,7.21
2026-04-12 22:13:11,5000,7.29,7.03,7.2,7.65,8.74,7.49
2026-04-12 22:13:11,5000,7.54,7.03,7.17,7.78,8.75,7.64
2026-04-12 22:13:12,5000,7.59,7.03,7.17,7.87,8.72,7.69
2026-04-12 22:13:12,5000,7.67,7.03,7.16,7.93,8.74,7.73
2026-04-12 22:13:12,5000,7.69,7.03,7.16,7.86,8.68,7.67
2026-04-12 22:13:13,5000,7.68,7.02,7.16,7.89,8.57,7.72
2026-04-12 22:13:13,5000,7.7,7.03,7.15,7.87,8.77,7.69
2026-04-12 22:13:13,5000,7.7,7.03,7.16,7.91,8.78,7.72
2026-04-12 22:13:14,5000,7.68,7.02,7.16,7.88,8.68,7.72
2026-04-12 22:13:14,5000,7.71,7.03,7.2,7.49,8.54,7.25
2026-04-12 22:13:14,5000,7.32,7.02,7.19,7.66,8.75,7.51
2026-04-12 22:13:15,5000,7.54,7.02,7.17,7.86,8.69,7.64
2026-04-12 22:13:15,5000,7.62,7.03,7.16,7.87,8.73,7.68
2026-04-12 22:13:15,5000,7.68,7.02,7.15,7.82,8.72,7.37
2026-04-12 22:13:16,5000,7.38,7.03,7.23,7.42,8.47,7.21
2026-04-12 22:13:16,5000,7.26,7.02,7.27,7.33,8.46,7.21
2026-04-12 22:13:17,5000,7.26,7.02,7.3,7.31,8.46,7.24
2026-04-12 22:13:17,5000,7.26,7.02,7.23,7.57,8.76,7.34
2026-04-12 22:13:17,5000,7.42,7.03,7.2,7.68,8.69,7.53
2026-04-12 22:13:18,5000,7.57,7.03,7.22,7.44,8.48,7.21
2026-04-12 22:13:18,5000,7.27,7.03,7.21,7.63,8.69,7.47
2026-04-12 22:13:18,5000,7.5,7.03,7.17,7.68,8.77,7.22
2026-04-12 22:13:19,5000,7.31,7.02,7.19,7.69,8.65,7.49
2026-04-12 22:13:19,5000,7.55,7.03,7.17,7.79,8.71,7.59
2026-04-12 22:13:19,5000,7.64,7.03,7.17,7.79,8.59,7.67
2026-04-12 22:13:20,5000,7.63,7.03,7.16,7.9,8.62,7.7
2026-04-12 22:13:20,5000,7.69,7.03,7.16,7.84,8.73,7.73
2026-04-12 22:13:20,5000,7.69,7.02,7.16,7.95,8.66,7.71
2026-04-12 22:13:21,5000,7.69,7.03,7.16,7.91,8.7,7.72
2026-04-12 22:13:21,5000,7.68,7.03,7.2,7.51,8.48,7.25
2026-04-12 22:13:22,5000,7.33,7.02,7.19,7.63,8.69,7.54
2026-04-12 22:13:22,5000,7.52,7.02,7.22,7.46,8.45,7.21
2026-04-12 22:13:22,5000,7.28,7.02,7.21,7.6,8.75,7.49
2026-04-12 22:13:23,5000,7.54,7.03,7.17,7.78,8.58,7.62
2026-04-12 22:13:23,5000,7.63,7.02,7.16,7.82,8.59,7.66
2026-04-12 22:13:23,5000,7.66,7.03,7.16,7.91,8.73,7.72
2026-04-12 22:13:24,5000,7.7,7.03,7.16,7.9,8.78,7.71
2026-04-12 22:13:24,5000,7.68,7.02,7.15,7.85,8.76,7.37
2026-04-12 22:13:24,5000,7.42,7.03,7.18,7.74,8.8,7.56
2026-04-12 22:13:25,5000,7.62,7.02,7.17,7.85,8.7,7.69
2026-04-12 22:13:25,5000,7.66,7.03,7.16,7.84,8.72,7.49
2026-04-12 22:13:25,5000,7.65,7.03,7.16,7.95,8.79,7.75
2026-04-12 22:13:26,5000,7.7,7.03,7.16,7.93,8.79,7.7
2026-04-12 22:13:26,5000,7.72,7.03,7.2,7.46,8.47,7.25
2026-04-12 22:13:26,5000,7.32,7.03,7.19,7.66,8.74,7.55
2026-04-12 22:13:27,5000,7.57,7.03,7.17,7.76,8.68,7.29
2026-04-12 22:13:27,5000,7.32,7.02,7.19,7.7,8.75,7.56
2026-04-12 22:13:28,5000,7.58,7.03,7.17,7.78,8.81,7.65
2026-04-12 22:13:28,5000,7.64,7.03,7.16,7.84,8.8,7.62
2026-04-12 22:13:28,5000,7.68,7.03,7.16,7.92,8.75,7.72
2026-04-12 22:13:29,5000,7.66,7.03,7.16,7.89,8.76,7.69
2026-04-12 22:13:29,5000,7.7,7.03,7.16,7.88,8.68,7.71
2026-04-12 22:13:29,5000,7.71,7.03,7.16,7.94,8.68,7.74
2026-04-12 22:13:30,5000,7.71,7.03,7.19,7.5,8.52,7.26
2026-04-12 22:13:30,5000,7.33,7.03,7.18,7.7,8.75,7.58
2026-04-12 22:13:30,5000,7.56,7.03,7.17,7.8,8.7,7.67
2026-04-12 22:13:31,5000,7.66,7.03,7.15,7.87,8.73,7.71
2026-04-12 22:13:31,5000,7.68,7.03,7.16,7.85,8.7,7.67
2026-04-12 22:13:31,5000,7.71,7.03,7.16,7.85,8.71,7.7
2026-04-12 22:13:32,5000,7.69,7.03,7.15,7.93,8.65,7.75
2026-04-12 22:13:32,5000,7.7,7.02,7.16,7.93,8.71,7.41
2026-04-12 22:13:32,5000,7.42,7.02,7.23,7.4,8.45,7.21
2026-04-12 22:13:33,5000,7.27,7.03,7.21,7.64,8.69,7.54
2026-04-12 22:13:33,5000,7.53,7.02,7.17,7.76,8.75,7.61
2026-04-12 22:13:34,5000,7.63,7.03,7.17,7.75,8.73,7.3
2026-04-12 22:13:34,5000,7.36,7.03,7.19,7.71,8.7,7.56
2026-04-12 22:13:34,5000,7.57,7.02,7.17,7.81,8.75,7.65
2026-04-12 22:13:35,5000,7.65,7.03,7.16,7.8,8.68,7.69
2026-04-12 22:13:35,5000,7.67,7.02,7.16,7.88,8.68,7.72
2026-04-12 22:13:35,5000,7.71,7.03,7.15,7.87,8.58,7.71
2026-04-12 22:13:36,5000,7.67,7.03,7.16,7.8,8.71,7.7
2026-04-12 22:13:36,5000,7.7,7.03,7.16,7.92,8.48,7.73
2026-04-12 22:13:36,5000,7.71,7.03,7.15,7.92,8.73,7.75
2026-04-12 22:13:37,5000,7.71,7.03,7.19,7.55,8.45,7.26
2026-04-12 22:13:37,5000,7.34,7.03,7.2,7.57,8.68,7.21
2026-04-12 22:13:37,5000,7.28,7.02,7.19,7.63,8.7,7.48
2026-04-12 22:13:38,5000,7.44,7.03,7.22,7.44,8.54,7.21
2026-04-12 22:13:38,5000,7.27,7.02,7.22,7.63,8.71,7.45
2026-04-12 22:13:39,5000,7.51,7.03,7.17,7.74,8.55,7.62
2026-04-12 22:13:39,5000,7.61,7.03,7.16,7.82,8.72,7.7
2026-04-12 22:13:39,5000,7.66,7.03,7.2,7.49,8.47,7.23
2026-04-12 22:13:40,5000,7.3,7.03,7.2,7.56,8.57,7.51
2026-04-12 22:13:40,5000,7.52,7.02,7.22,7.42,8.46,7.2
2026-04-12 22:13:40,5000,7.26,7.02,7.21,7.64,8.73,7.45
2026-04-12 22:13:41,5000,7.53,7.03,7.18,7.8,8.64,7.6
2026-04-12 22:13:41,5000,7.62,7.03,7.17,7.84,8.67,7.66
2026-04-12 22:13:41,5000,7.68,7.03,7.21,7.46,8.51,7.22
2026-04-12 22:13:42,5000,7.3,7.02,7.25,7.36,8.49,7.21
2026-04-12 22:13:42,5000,7.26,7.02,7.22,7.59,8.78,7.42
2026-04-12 22:13:42,5000,7.47,7.03,7.18,7.74,8.7,7.56
2026-04-12 22:13:43,5000,7.58,7.02,7.22,7.45,8.37,7.45
2026-04-12 22:13:43,5000,7.44,7.02,7.23,7.36,8.43,7.21
2026-04-12 22:13:44,5000,7.27,7.02,7.25,7.37,8.48,7.23
2026-04-12 22:13:44,5000,7.26,7.02,7.28,7.35,8.43,7.23
2026-04-12 22:13:44,5000,7.26,7.03,7.23,7.53,8.72,7.33
2026-04-12 22:13:45,5000,7.4,7.03,7.19,7.72,8.66,7.55
2026-04-12 22:13:45,5000,7.55,7.02,7.17,7.78,8.73,7.63
2026-04-12 22:13:45,5000,7.63,7.03,7.22,7.45,8.47,7.21
2026-04-12 22:13:46,5000,7.29,7.03,7.2,7.59,8.77,7.5
2026-04-12 22:13:46,5000,7.53,7.02,7.18,7.77,8.7,7.65
2026-04-12 22:13:46,5000,7.63,7.03,7.16,7.88,8.73,7.66
2026-04-12 22:13:47,5000,7.67,7.03,7.16,7.84,8.77,7.67
2026-04-12 22:13:47,5000,7.68,7.03,7.16,7.86,8.64,7.66
2026-04-12 22:13:47,5000,7.71,7.03,7.16,7.86,8.71,7.73
2026-04-12 22:13:48,5000,7.73,7.03,7.16,7.92,8.7,7.74
2026-04-12 22:13:48,5000,7.72,7.03,7.16,7.91,8.78,7.71
2026-04-12 22:13:48,5000,7.7,7.03,7.16,7.81,8.7,7.73
2026-04-12 22:13:49,5000,7.6,7.02,7.2,7.49,8.48,7.25
2026-04-12 22:13:49,5000,7.32,7.03,7.19,7.72,8.61,7.57
2026-04-12 22:13:50,5000,7.59,7.02,7.17,7.79,8.65,7.59
2026-04-12 22:13:50,5000,7.64,7.02,7.16,7.86,8.67,7.72
2026-04-12 22:13:50,5000,7.66,7.03,7.16,7.88,8.68,7.72
2026-04-12 22:13:51,5000,7.72,7.02,7.16,7.94,8.68,7.72
2026-04-12 22:13:51,5000,7.72,7.03,7.15,7.95,8.66,7.7
2026-04-12 22:13:51,5000,7.71,7.03,7.2,7.51,8.49,7.27
2026-04-12 22:13:52,5000,7.33,7.03,7.2,7.7,8.67,7.55
2026-04-12 22:13:52,5000,7.58,7.02,7.17,7.76,8.72,7.67
2026-04-12 22:13:52,5000,7.65,7.03,7.16,7.88,8.67,7.67
2026-04-12 22:13:53,5000,7.67,7.03,7.16,7.84,8.66,7.7
2026-04-12 22:13:53,5000,7.69,7.03,7.16,7.91,8.59,7.68
2026-04-12 22:13:53,5000,7.72,7.04,7.16,7.92,8.69,7.71
2026-04-12 22:13:54,5000,7.73,7.03,7.16,7.84,8.6,7.68
2026-04-12 22:13:54,5000,7.61,7.02,7.21,7.45,8.42,7.23
2026-04-12 22:13:54,5000,7.3,7.03,7.2,7.72,8.76,7.54
2026-04-12 22:13:55,5000,7.57,7.03,7.17,7.81,8.69,7.68
2026-04-12 22:13:55,5000,7.66,7.03,7.16,7.81,8.58,7.6
2026-04-12 22:13:56,5000,7.68,7.03,7.2,7.51,8.47,7.24
2026-04-12 22:13:56,5000,7.32,7.03,7.2,7.68,8.77,7.54
2026-04-12 22:13:56,5000,7.58,7.03,7.18,7.77,8.65,7.64
2026-04-12 22:13:57,5000,7.65,7.03,7.16,7.86,8.72,7.71
2026-04-12 22:13:57,5000,7.67,7.03,7.16,7.92,8.69,7.71
2026-04-12 22:13:57,5000,7.73,7.03,7.16,7.89,8.68,7.75
2026-04-12 22:13:58,5000,7.73,7.03,7.16,7.86,8.66,7.71
2026-04-12 22:13:58,5000,7.69,7.03,7.16,7.97,8.66,7.73
2026-04-12 22:13:58,5000,7.73,7.03,7.16,7.94,8.65,7.72
2026-04-12 22:13:59,5000,7.72,7.03,7.16,8.0,8.66,7.72
2026-04-12 22:13:59,5000,7.74,7.03,7.16,7.84,8.63,7.72
2026-04-12 22:13:59,5000,7.65,7.03,7.2,7.44,8.43,7.54
2026-04-12 22:14:00,5000,7.51,7.03,7.18,7.64,8.69,7.25
2026-04-12 22:14:00,5000,7.32,7.03,7.2,7.7,8.8,7.55
2026-04-12 22:14:00,5000,7.6,7.03,7.17,7.8,8.74,7.64
2026-04-12 22:14:01,5000,7.63,7.03,7.21,7.47,8.44,7.22
2026-04-12 22:14:01,5000,7.29,7.03,7.2,7.65,8.72,7.56
2026-04-12 22:14:02,5000,7.57,7.02,7.17,7.79,8.72,7.64
2026-04-12 22:14:02,5000,7.65,7.03,7.16,7.84,8.72,7.68
2026-04-12 22:14:02,5000,7.68,7.03,7.16,7.91,8.69,7.72
2026-04-12 22:14:03,5000,7.7,7.03,7.15,7.88,8.77,7.66
2026-04-12 22:14:03,5000,7.68,7.02,7.15,7.93,8.65,7.73
2026-04-12 22:14:03,5000,7.7,7.03,7.16,7.89,8.65,7.67
2026-04-12 22:14:04,5000,7.72,7.03,7.16,7.95,8.71,7.73
2026-04-12 22:14:04,5000,7.72,7.03,7.15,7.97,8.6,7.75
2026-04-12 22:14:04,5000,7.73,7.03,7.19,7.48,8.45,7.27
2026-04-12 22:14:05,5000,7.33,7.03,7.18,7.72,8.71,7.56
2026-04-12 22:14:05,5000,7.58,7.03,7.17,7.74,8.66,7.29
2026-04-12 22:14:05,5000,7.34,7.03,7.2,7.63,8.59,7.52
2026-04-12 22:14:06,5000,7.53,7.02,7.24,7.43,8.48,7.2
2026-04-12 22:14:06,5000,7.27,7.02,7.2,7.62,8.7,7.49
2026-04-12 22:14:06,5000,7.54,7.03,7.18,7.74,8.72,7.62
2026-04-12 22:14:07,5000,7.61,7.03,7.17,7.81,8.66,7.64
2026-04-12 22:14:07,5000,7.66,7.03,7.16,7.82,8.58,7.72
2026-04-12 22:14:07,5000,7.68,7.02,7.16,7.9,8.62,7.69
2026-04-12 22:14:08,5000,7.69,7.03,7.16,7.84,8.73,7.72
2026-04-12 22:14:08,5000,7.73,7.03,7.16,7.93,8.59,7.74
2026-04-12 22:14:09,5000,7.71,7.03,7.16,7.88,8.78,7.73
2026-04-12 22:14:09,5000,7.74,7.03,7.19,7.51,8.43,7.26
2026-04-12 22:14:09,5000,7.33,7.02,7.2,7.6,8.74,7.55
2026-04-12 22:14:10,5000,7.56,7.03,7.17,7.81,8.74,7.67
2026-04-12 22:14:10,5000,7.69,7.02,7.16,7.84,8.7,7.65
2026-04-12 22:14:10,5000,7.68,7.03,7.16,7.89,8.66,7.74
2026-04-12 22:14:11,5000,7.71,7.03,7.16,7.88,8.52,7.71
2026-04-12 22:14:11,5000,7.66,7.03,7.19,7.5,8.44,7.26
2026-04-12 22:14:11,5000,7.32,7.03,7.19,7.67,8.72,7.56
2026-04-12 22:14:12,5000,7.58,7.03,7.17,7.81,8.74,7.63
2026-04-12 22:14:12,5000,7.66,7.03,7.16,7.91,8.66,7.67
2026-04-12 22:14:12,5000,7.7,7.03,7.16,7.86,8.71,7.73
2026-04-12 22:14:13,5000,7.68,7.03,7.16,7.87,8.72,7.73
2026-04-12 22:14:13,5000,7.7,7.03,7.16,7.9,8.76,7.75
2026-04-12 22:14:13,5000,7.73,7.03,7.16,7.88,8.7,7.72
2026-04-12 22:14:14,5000,7.73,7.02,7.16,7.92,8.63,7.75
2026-04-12 22:14:14,5000,7.73,7.03,7.15,7.96,8.67,7.78
2026-04-12 22:14:15,5000,7.7,7.03,7.16,7.89,8.64,7.73
2026-04-12 22:14:15,5000,7.74,7.03,7.16,7.91,8.62,7.72
2026-04-12 22:14:15,5000,7.74,7.03,7.16,7.84,8.62,7.7
2026-04-12 22:14:16,5000,7.74,7.03,7.16,7.92,8.66,7.69
2026-04-12 22:14:16,5000,7.71,7.03,7.16,7.93,8.68,7.72
2026-04-12 22:14:16,5000,7.67,7.03,7.19,7.49,8.48,7.26
2026-04-12 22:14:17,5000,7.32,7.03,7.26,7.39,8.45,7.21
2026-04-12 22:14:17,5000,7.26,7.03,7.21,7.66,8.68,7.51
2026-04-12 22:14:17,5000,7.52,7.03,7.24,7.4,8.51,7.21
2026-04-12 22:14:18,5000,7.27,7.02,7.2,7.63,8.73,7.49
2026-04-12 22:14:18,5000,7.51,7.03,7.17,7.7,8.72,7.62
2026-04-12 22:14:18,5000,7.6,7.03,7.16,7.86,8.67,7.68
2026-04-12 22:14:19,5000,7.69,7.03,7.16,7.88,8.72,7.68
2026-04-12 22:14:19,5000,7.67,7.03,7.16,7.95,8.71,7.73
2026-04-12 22:14:19,5000,7.71,7.03,7.2,7.52,8.54,7.24
2026-04-12 22:14:20,5000,7.3,7.02,7.19,7.69,8.7,7.57
2026-04-12 22:14:20,5000,7.58,7.03,7.17,7.81,8.73,7.62
2026-04-12 22:14:21,5000,7.66,7.03,7.17,7.86,8.65,7.71
2026-04-12 22:14:21,5000,7.68,7.03,7.2,7.46,8.5,7.23
2026-04-12 22:14:21,5000,7.3,7.02,7.19,7.71,8.67,7.56
2026-04-12 22:14:22,5000,7.57,7.03,7.17,7.71,8.71,7.63
2026-04-12 22:14:22,5000,7.56,7.02,7.2,7.5,8.43,7.21
2026-04-12 22:14:22,5000,7.29,7.02,7.19,7.64,8.73,7.52
2026-04-12 22:14:23,5000,7.56,7.03,7.17,7.82,8.65,7.62
2026-04-12 22:14:23,5000,7.66,7.02,7.17,7.85,8.79,7.66
2026-04-12 22:14:23,5000,7.67,7.03,7.16,7.93,8.72,7.7
2026-04-12 22:14:24,5000,7.7,7.03,7.16,7.94,8.66,7.69
2026-04-12 22:14:24,5000,7.72,7.03,7.16,7.91,8.67,7.73
2026-04-12 22:14:24,5000,7.74,7.03,7.16,7.91,8.63,7.76
2026-04-12 22:14:25,5000,7.73,7.03,7.16,7.84,8.61,7.76
2026-04-12 22:14:25,5000,7.72,7.03,7.16,7.95,8.66,7.72
2026-04-12 22:14:25,5000,7.76,7.03,7.18,7.57,8.54,7.3
2026-04-12 22:14:26,5000,7.36,7.03,7.18,7.71,8.69,7.56
2026-04-12 22:14:26,5000,7.6,7.03,7.17,7.83,8.71,7.67
2026-04-12 22:14:27,5000,7.64,7.03,7.16,7.9,8.71,7.7
2026-04-12 22:14:27,5000,7.73,7.03,7.19,7.46,8.45,7.27
2026-04-12 22:14:27,5000,7.31,7.02,7.25,7.4,8.41,7.21
2026-04-12 22:14:28,5000,7.26,7.02,7.2,7.65,8.68,7.47
2026-04-12 22:14:28,5000,7.52,7.02,7.17,7.7,8.69,7.57
2026-04-12 22:14:28,5000,7.6,7.03,7.17,7.82,8.63,7.64
2026-04-12 22:14:29,5000,7.64,7.03,7.16,7.88,8.66,7.63
2026-04-12 22:14:29,5000,7.69,7.03,7.16,7.92,8.66,7.75
2026-04-12 22:14:29,5000,7.72,7.03,7.16,7.91,8.66,7.73
2026-04-12 22:14:30,5000,7.71,7.03,7.16,7.96,8.52,7.79
2026-04-12 22:14:30,5000,7.73,7.03,7.16,7.89,8.66,7.74
2026-04-12 22:14:30,5000,7.72,7.03,7.19,7.53,8.47,7.26
2026-04-12 22:14:31,5000,7.33,7.02,7.19,7.59,8.66,7.55
2026-04-12 22:14:31,5000,7.58,7.03,7.17,7.79,8.73,7.64
2026-04-12 22:14:32,5000,7.64,7.03,7.17,7.87,8.72,7.67
2026-04-12 22:14:32,5000,7.7,7.03,7.16,7.85,8.72,7.7
2026-04-12 22:14:32,5000,7.68,7.03,7.16,7.85,8.75,7.75
2026-04-12 22:14:33,5000,7.66,7.03,7.2,7.48,8.42,7.25
2026-04-12 22:14:33,5000,7.33,7.03,7.19,7.68,8.75,7.59
2026-04-12 22:14:33,5000,7.58,7.03,7.17,7.82,8.73,7.59
2026-04-12 22:14:34,5000,7.65,7.03,7.16,7.87,8.68,7.7
2026-04-12 22:14:34,5000,7.66,7.02,7.2,7.49,8.56,7.23
2026-04-12 22:14:34,5000,7.3,7.02,7.19,7.62,8.63,7.21
2026-04-12 22:14:35,5000,7.28,7.03,7.2,7.71,8.77,7.54
2026-04-12 22:14:35,5000,7.58,7.02,7.18,7.82,8.72,7.61
2026-04-12 22:14:35,5000,7.64,7.02,7.16,7.8,8.68,7.68
2026-04-12 22:14:36,5000,7.69,7.03,7.16,7.87,8.72,7.69
2026-04-12 22:14:36,5000,7.7,7.03,7.16,7.89,8.7,7.75
2026-04-12 22:14:36,5000,7.71,7.03,7.19,7.51,8.49,7.24
2026-04-12 22:14:37,5000,7.31,7.02,7.2,7.64,8.52,7.56
2026-04-12 22:14:37,5000,7.58,7.03,7.17,7.77,8.61,7.64
2026-04-12 22:14:38,5000,7.61,7.03,7.17,7.76,8.62,7.62
2026-04-12 22:14:38,5000,7.54,7.03,7.23,7.45,8.57,7.21
2026-04-12 22:14:38,5000,7.27,7.03,7.21,7.66,8.69,7.51
2026-04-12 22:14:39,5000,7.55,7.02,7.17,7.76,8.77,7.62
2026-04-12 22:14:39,5000,7.65,7.03,7.21,7.46,8.46,7.21
2026-04-12 22:14:39,5000,7.28,7.02,7.2,7.65,8.66,7.49
2026-04-12 22:14:40,5000,7.52,7.03,7.17,7.8,8.62,7.62
2026-04-12 22:14:40,5000,7.63,7.03,7.21,7.44,8.4,7.21
2026-04-12 22:14:40,5000,7.28,7.02,7.2,7.63,8.67,7.49
2026-04-12 22:14:41,5000,7.51,7.03,7.17,7.74,8.69,7.57
2026-04-12 22:14:41,5000,7.6,7.03,7.17,7.82,8.68,7.66
2026-04-12 22:14:41,5000,7.65,7.03,7.16,7.81,8.67,7.65
2026-04-12 22:14:42,5000,7.68,7.03,7.16,7.84,8.65,7.71
2026-04-12 22:14:42,5000,7.72,7.03,7.16,7.9,8.61,7.72
2026-04-12 22:14:43,5000,7.72,7.03,7.2,7.5,8.48,7.24
2026-04-12 22:14:43,5000,7.31,7.03,7.19,7.62,8.58,7.52
2026-04-12 22:14:43,5000,7.52,7.03,7.18,7.68,8.72,7.61
2026-04-12 22:14:44,5000,7.57,7.03,7.21,7.43,8.48,7.21
2026-04-12 22:14:44,5000,7.28,7.03,7.21,7.66,8.68,7.53
2026-04-12 22:14:44,5000,7.53,7.03,7.18,7.79,8.67,7.61
2026-04-12 22:14:45,5000,7.63,7.03,7.16,7.85,8.68,7.67
2026-04-12 22:14:45,5000,7.68,7.03,7.17,7.85,8.72,7.69
2026-04-12 22:14:45,5000,7.68,7.03,7.16,7.83,8.66,7.72
2026-04-12 22:14:46,5000,7.7,7.03,7.16,7.92,8.68,7.71
2026-04-12 22:14:46,5000,7.73,7.03,7.16,7.88,8.69,7.73
2026-04-12 22:14:46,5000,7.73,7.03,7.16,7.86,8.58,7.74
2026-04-12 22:14:47,5000,7.71,7.03,7.16,7.9,8.7,7.77
2026-04-12 22:14:47,5000,7.72,7.03,7.16,7.93,8.77,7.75
2026-04-12 22:14:47,5000,7.73,7.03,7.16,7.95,8.64,7.74
2026-04-12 22:14:48,5000,7.72,7.03,7.16,7.94,8.7,7.69
2026-04-12 22:14:48,5000,7.7,7.03,7.15,7.95,8.69,7.74
2026-04-12 22:14:48,5000,7.74,7.03,7.16,7.88,8.67,7.75
2026-04-12 22:14:49,5000,7.73,7.03,7.16,7.85,8.69,7.67
2026-04-12 22:14:49,5000,7.66,7.03,7.19,7.51,8.46,7.29
2026-04-12 22:14:50,5000,7.32,7.02,7.19,7.7,8.69,7.57
2026-04-12 22:14:50,5000,7.54,7.02,7.22,7.43,8.49,7.45
2026-04-12 22:14:50,5000,7.45,7.03,7.23,7.37,8.45,7.21
2026-04-12 22:14:51,5000,7.26,7.03,7.27,7.34,8.44,7.22
2026-04-12 22:14:51,5000,7.26,7.02,7.23,7.55,8.66,7.4
2026-04-12 22:14:51,5000,7.46,7.03,7.19,7.63,8.68,7.42
2026-04-12 22:14:52,5000,7.49,7.03,7.18,7.72,8.68,7.6
2026-04-12 22:14:52,5000,7.63,7.03,7.17,7.81,8.73,7.65
2026-04-12 22:14:52,5000,7.67,7.03,7.17,7.8,8.69,7.29
2026-04-12 22:14:53,5000,7.36,7.03,7.19,7.76,8.68,7.61
2026-04-12 22:14:53,5000,7.62,7.03,7.17,7.8,8.73,7.62
2026-04-12 22:14:53,5000,7.66,7.03,7.16,7.85,8.66,7.69
2026-04-12 22:14:54,5000,7.67,7.03,7.16,7.89,8.72,7.68
2026-04-12 22:14:54,5000,7.69,7.03,7.16,7.9,8.76,7.75
2026-04-12 22:14:55,5000,7.71,7.03,7.16,7.86,8.7,7.68
2026-04-12 22:14:55,5000,7.71,7.03,7.16,7.97,8.7,7.73
2026-04-12 22:14:55,5000,7.72,7.03,7.16,7.94,8.64,7.77
2026-04-12 22:14:56,5000,7.71,7.03,7.16,7.94,8.65,7.73
2026-04-12 22:14:56,5000,7.74,7.03,7.16,7.77,8.67,7.7
2026-04-12 22:14:56,5000,7.61,7.03,7.21,7.48,8.47,7.22
2026-04-12 22:14:57,5000,7.29,7.03,7.2,7.7,8.72,7.54
2026-04-12 22:14:57,5000,7.57,7.03,7.17,7.76,8.62,7.65
2026-04-12 22:14:57,5000,7.65,7.03,7.16,7.83,8.67,7.69
2026-04-12 22:14:58,5000,7.7,7.03,7.16,7.86,8.68,7.7
2026-04-12 22:14:58,5000,7.71,7.03,7.16,7.91,8.71,7.73
2026-04-12 22:14:58,5000,7.72,7.03,7.15,7.94,8.77,7.72
2026-04-12 22:14:59,5000,7.71,7.03,7.16,7.98,8.59,7.74
2026-04-12 22:14:59,5000,7.71,7.03,7.16,7.88,8.69,7.78
2026-04-12 22:14:59,5000,7.74,7.03,7.16,7.94,8.67,7.76
2026-04-12 22:15:00,5000,7.72,7.04,7.16,7.95,8.75,7.74
2026-04-12 22:15:00,5000,7.74,7.03,7.16,7.92,8.76,7.77
2026-04-12 22:15:01,5000,7.72,7.03,7.16,7.92,8.71,7.73
2026-04-12 22:15:01,5000,7.75,7.03,7.16,7.94,8.7,7.74
2026-04-12 22:15:01,5000,7.75,7.03,7.15,7.93,8.58,7.72
2026-04-12 22:15:02,5000,7.67,7.03,7.19,7.48,8.47,7.24
2026-04-12 22:15:02,5000,7.31,7.02,7.19,7.69,8.66,7.55
2026-04-12 22:15:02,5000,7.58,7.02,7.17,7.83,8.72,7.65
2026-04-12 22:15:03,5000,7.67,7.03,7.16,7.86,8.71,7.69
2026-04-12 22:15:03,5000,7.67,7.03,7.15,7.8,8.51,7.72
2026-04-12 22:15:03,5000,7.72,7.02,7.15,7.9,8.57,7.72
2026-04-12 22:15:04,5000,7.71,7.03,7.16,7.96,8.66,7.7
2026-04-12 22:15:04,5000,7.74,7.03,7.15,7.92,8.7,7.78
2026-04-12 22:15:04,5000,7.72,7.03,7.16,7.95,8.71,7.77
2026-04-12 22:15:05,5000,7.75,7.03,7.16,7.96,8.73,7.78
2026-04-12 22:15:05,5000,7.74,7.03,7.15,7.95,8.68,7.73
2026-04-12 22:15:05,5000,7.72,7.03,7.16,7.9,8.68,7.72
2026-04-12 22:15:06,5000,7.72,7.03,7.16,7.9,8.57,7.73
2026-04-12 22:15:06,5000,7.72,7.02,7.19,7.56,8.45,7.25
2026-04-12 22:15:06,5000,7.33,7.03,7.24,7.39,8.44,7.36
2026-04-12 22:15:07,5000,7.36,7.02,7.24,7.35,8.42,7.2
2026-04-12 22:15:07,5000,7.25,7.02,7.27,7.34,8.49,7.23
2026-04-12 22:15:08,5000,7.25,7.02,7.22,7.57,8.77,7.39
2026-04-12 22:15:08,5000,7.44,7.02,7.18,7.71,8.73,7.52
2026-04-12 22:15:08,5000,7.59,7.03,7.17,7.8,8.8,7.63
2026-04-12 22:15:09,5000,7.65,7.03,7.21,7.48,8.45,7.21
2026-04-12 22:15:09,5000,7.29,7.03,7.2,7.58,8.62,7.51
2026-04-12 22:15:09,5000,7.54,7.03,7.17,7.82,8.78,7.61
2026-04-12 22:15:10,5000,7.63,7.03,7.22,7.46,8.49,7.21
2026-04-12 22:15:10,5000,7.28,7.03,7.21,7.58,8.67,7.5
2026-04-12 22:15:10,5000,7.54,7.03,7.18,7.76,8.72,7.61
2026-04-12 22:15:11,5000,7.64,7.03,7.16,7.83,8.68,7.69
2026-04-12 22:15:11,5000,7.68,7.02,7.16,7.9,8.73,7.7
2026-04-12 22:15:11,5000,7.71,7.03,7.16,7.88,8.61,7.72
2026-04-12 22:15:12,5000,7.71,7.03,7.16,7.86,8.62,7.73
2026-04-12 22:15:12,5000,7.71,7.03,7.2,7.52,8.5,7.25
2026-04-12 22:15:13,5000,7.31,7.03,7.26,7.41,8.46,7.21
2026-04-12 22:15:13,5000,7.27,7.03,7.22,7.63,8.71,7.47
2026-04-12 22:15:13,5000,7.5,7.03,7.18,7.77,8.78,7.61
2026-04-12 22:15:14,5000,7.61,7.03,7.16,7.8,8.72,7.65
2026-04-12 22:15:14,5000,7.66,7.03,7.16,7.89,8.79,7.71
2026-04-12 22:15:14,5000,7.71,7.03,7.16,7.93,8.72,7.74
2026-04-12 22:15:15,5000,7.72,7.03,7.16,7.89,8.71,7.72
2026-04-12 22:15:15,5000,7.75,7.03,7.16,7.9,8.69,7.77
2026-04-12 22:15:15,5000,7.73,7.03,7.16,7.93,8.73,7.67
2026-04-12 22:15:16,5000,7.67,7.03,7.16,7.89,8.62,7.73
2026-04-12 22:15:16,5000,7.71,7.03,7.16,7.84,8.6,7.69
2026-04-12 22:15:16,5000,7.71,7.03,7.16,7.95,8.71,7.73
2026-04-12 22:15:17,5000,7.73,7.03,7.21,7.5,8.45,7.26
2026-04-12 22:15:17,5000,7.32,7.02,7.19,7.68,8.68,7.57
2026-04-12 22:15:17,5000,7.59,7.02,7.17,7.74,8.71,7.66
2026-04-12 22:15:18,5000,7.6,7.03,7.21,7.46,8.43,7.22
2026-04-12 22:15:18,5000,7.29,7.02,7.19,7.63,8.73,7.56
2026-04-12 22:15:19,5000,7.58,7.02,7.17,7.81,8.72,7.65
2026-04-12 22:15:19,5000,7.65,7.03,7.16,7.83,8.71,7.69
2026-04-12 22:15:19,5000,7.67,7.03,7.2,7.53,8.47,7.23
2026-04-12 22:15:20,5000,7.3,7.03,7.2,7.68,8.73,7.55
2026-04-12 22:15:20,5000,7.58,7.03,7.17,7.77,8.68,7.6
2026-04-12 22:15:20,5000,7.64,7.03,7.16,7.82,8.67,7.71
2026-04-12 22:15:21,5000,7.72,7.03,7.16,7.83,8.65,7.69
2026-04-12 22:15:21,5000,7.72,7.03,7.16,7.84,8.52,7.74
2026-04-12 22:15:21,5000,7.72,7.03,7.16,7.9,8.67,7.75
2026-04-12 22:15:22,5000,7.71,7.03,7.16,7.92,8.58,7.74
2026-04-12 22:15:22,5000,7.73,7.03,7.16,7.91,8.71,7.74
2026-04-12 22:15:22,5000,7.73,7.03,7.16,7.88,8.67,7.75
2026-04-12 22:15:23,5000,7.74,7.03,7.16,7.89,8.69,7.75
2026-04-12 22:15:23,5000,7.68,7.03,7.16,7.78,8.59,7.68
2026-04-12 22:15:23,5000,7.63,7.02,7.2,7.49,8.54,7.23
2026-04-12 22:15:24,5000,7.3,7.03,7.2,7.71,8.71,7.57
2026-04-12 22:15:24,5000,7.59,7.03,7.17,7.8,8.72,7.65
2026-04-12 22:15:24,5000,7.65,7.03,7.16,7.8,8.6,7.66
2026-04-12 22:15:25,5000,7.7,7.03,7.16,7.87,8.76,7.74
2026-04-12 22:15:25,5000,7.7,7.03,7.19,7.48,8.55,7.23
2026-04-12 22:15:26,5000,7.31,7.02,7.17,7.62,8.51,7.57
2026-04-12 22:15:26,5000,7.59,7.03,7.17,7.78,8.63,7.66
2026-04-12 22:15:26,5000,7.65,7.02,7.16,7.9,8.66,7.72
2026-04-12 22:15:27,5000,7.73,7.03,7.16,7.89,8.76,7.73
2026-04-12 22:15:27,5000,7.71,7.03,7.15,7.92,8.64,7.66
2026-04-12 22:15:27,5000,7.72,7.03,7.16,7.97,8.62,7.73
2026-04-12 22:15:28,5000,7.74,7.02,7.15,7.92,8.58,7.75
2026-04-12 22:15:28,5000,7.74,7.03,7.15,7.95,8.54,7.78
2026-04-12 22:15:28,5000,7.75,7.03,7.16,7.88,8.68,7.4
2026-04-12 22:15:29,5000,7.42,7.02,7.17,7.72,8.71,7.62
2026-04-12 22:15:29,5000,7.65,7.02,7.16,7.88,8.63,7.64
2026-04-12 22:15:29,5000,7.68,7.03,7.16,7.82,8.63,7.71
2026-04-12 22:15:30,5000,7.69,7.03,7.16,7.87,8.74,7.71
2026-04-12 22:15:30,5000,7.71,7.03,7.15,7.82,8.71,7.76
2026-04-12 22:15:30,5000,7.73,7.03,7.16,7.94,8.71,7.8
2026-04-12 22:15:31,5000,7.74,7.03,7.16,8.02,8.66,7.75
2026-04-12 22:15:31,5000,7.75,7.03,7.16,7.9,8.69,7.75
2026-04-12 22:15:32,5000,7.72,7.03,7.16,7.85,8.71,7.71
2026-04-12 22:15:32,5000,7.72,7.03,7.16,7.92,8.61,7.76
2026-04-12 22:15:32,5000,7.74,7.03,7.19,7.51,8.43,7.27
2026-04-12 22:15:33,5000,7.34,7.03,7.18,7.62,8.55,7.55
2026-04-12 22:15:33,5000,7.6,7.03,7.16,7.78,8.69,7.64
2026-04-12 22:15:33,5000,7.69,7.03,7.16,7.79,8.69,7.71
2026-04-12 22:15:34,5000,7.67,7.02,7.16,7.91,8.65,7.73
2026-04-12 22:15:34,5000,7.64,7.02,7.2,7.5,8.44,7.23
2026-04-12 22:15:34,5000,7.31,7.02,7.19,7.65,8.71,7.55
2026-04-12 22:15:35,5000,7.57,7.03,7.17,7.73,8.71,7.64
2026-04-12 22:15:35,5000,7.66,7.02,7.16,7.85,8.57,7.72
2026-04-12 22:15:35,5000,7.69,7.03,7.15,7.89,8.7,7.7
2026-04-12 22:15:36,5000,7.73,7.03,7.15,7.88,8.68,7.79
2026-04-12 22:15:36,5000,7.74,7.03,7.16,7.94,8.58,7.74
2026-04-12 22:15:36,5000,7.75,7.03,7.15,7.89,8.63,7.76
2026-04-12 22:15:37,5000,7.73,7.02,7.16,7.89,8.65,7.75
2026-04-12 22:15:37,5000,7.72,7.02,7.15,7.86,8.59,7.73
2026-04-12 22:15:38,5000,7.73,7.02,7.15,7.94,8.64,7.68
2026-04-12 22:15:38,5000,7.72,7.03,7.15,7.91,8.64,7.74
2026-04-12 22:15:38,5000,7.72,7.03,7.16,7.9,8.68,7.72
2026-04-12 22:15:39,5000,7.73,7.02,7.15,7.9,8.68,7.74
2026-04-12 22:15:39,5000,7.73,7.02,7.16,7.86,8.69,7.72
2026-04-12 22:15:39,5000,7.66,7.02,7.2,7.48,8.46,7.25
2026-04-12 22:15:40,5000,7.31,7.02,7.19,7.66,8.73,7.56
2026-04-12 22:15:40,5000,7.57,7.02,7.17,7.75,8.75,7.65
2026-04-12 22:15:40,5000,7.62,7.03,7.21,7.5,8.48,7.21
2026-04-12 22:15:41,5000,7.28,7.02,7.2,7.59,8.68,7.21
2026-04-12 22:15:41,5000,7.27,7.02,7.2,7.66,8.69,7.49
2026-04-12 22:15:41,5000,7.55,7.03,7.17,7.76,8.74,7.64
2026-04-12 22:15:42,5000,7.63,7.02,7.16,7.82,8.69,7.68
2026-04-12 22:15:42,5000,7.69,7.03,7.16,7.87,8.57,7.7
2026-04-12 22:15:42,5000,7.71,7.03,7.16,7.9,8.7,7.71
2026-04-12 22:15:43,5000,7.72,7.03,7.16,7.88,8.68,7.75
2026-04-12 22:15:43,5000,7.74,7.03,7.16,7.81,8.55,7.77
2026-04-12 22:15:43,5000,7.72,7.03,7.15,7.95,8.58,7.77
2026-04-12 22:15:44,5000,7.77,7.03,7.2,7.48,8.36,7.27
2026-04-12 22:15:44,5000,7.32,7.02,7.19,7.63,8.7,7.58
2026-04-12 22:15:45,5000,7.59,7.03,7.21,7.42,8.47,7.44
2026-04-12 22:15:45,5000,7.45,7.02,7.18,7.67,8.74,7.58
2026-04-12 22:15:45,5000,7.6,7.02,7.22,7.43,8.43,7.2
2026-04-12 22:15:46,5000,7.28,7.02,7.2,7.68,8.69,7.48
2026-04-12 22:15:46,5000,7.52,7.03,7.18,7.77,8.67,7.64
2026-04-12 22:15:46,5000,7.61,7.02,7.16,7.81,8.7,7.7
2026-04-12 22:15:47,5000,7.67,7.02,7.16,7.85,8.7,7.72
2026-04-12 22:15:47,5000,7.68,7.03,7.16,7.92,8.64,7.73
2026-04-12 22:15:47,5000,7.73,7.03,7.15,7.89,8.7,7.77
2026-04-12 22:15:48,5000,7.73,7.03,7.16,7.92,8.66,7.72
2026-04-12 22:15:48,5000,7.76,7.03,7.16,7.88,8.7,7.72
2026-04-12 22:15:48,5000,7.72,7.03,7.16,7.9,8.61,7.76
2026-04-12 22:15:49,5000,7.72,7.03,7.16,7.92,8.62,7.75
2026-04-12 22:15:49,5000,7.73,7.03,7.16,7.96,8.71,7.75
2026-04-12 22:15:49,5000,7.72,7.03,7.16,7.92,8.7,7.77
2026-04-12 22:15:50,5000,7.72,7.03,7.16,7.92,8.53,7.78
2026-04-12 22:15:50,5000,7.7,7.02,7.2,7.46,8.46,7.25
2026-04-12 22:15:51,5000,7.31,7.02,7.19,7.7,8.71,7.57
2026-04-12 22:15:51,5000,7.59,7.03,7.17,7.75,8.68,7.69
2026-04-12 22:15:51,5000,7.66,7.02,7.16,7.8,8.61,7.69
2026-04-12 22:15:52,5000,7.68,7.03,7.16,7.93,8.78,7.75
2026-04-12 22:15:52,5000,7.73,7.03,7.16,8.0,8.63,7.78
2026-04-12 22:15:52,5000,7.74,7.03,7.16,7.89,8.69,7.78
2026-04-12 22:15:53,5000,7.7,7.03,7.16,7.89,8.63,7.75
2026-04-12 22:15:53,5000,7.72,7.03,7.16,7.9,8.69,7.75
2026-04-12 22:15:53,5000,7.75,7.03,7.16,7.84,8.64,7.41
2026-04-12 22:15:54,5000,7.45,7.03,7.17,7.74,8.7,7.66
2026-04-12 22:15:54,5000,7.64,7.03,7.22,7.45,8.42,7.21
2026-04-12 22:15:54,5000,7.29,7.03,7.21,7.54,8.61,7.52
2026-04-12 22:15:55,5000,7.53,7.03,7.18,7.68,8.57,7.64
2026-04-12 22:15:55,5000,7.63,7.02,7.17,7.78,8.63,7.67
2026-04-12 22:15:55,5000,7.62,7.02,7.21,7.45,8.42,7.22
2026-04-12 22:15:56,5000,7.3,7.03,7.19,7.61,8.69,7.54
2026-04-12 22:15:56,5000,7.57,7.03,7.18,7.73,8.69,7.66
2026-04-12 22:15:57,5000,7.63,7.03,7.17,7.82,8.72,7.65
2026-04-12 22:15:57,5000,7.69,7.03,7.2,7.49,8.42,7.23
2026-04-12 22:15:57,5000,7.3,7.02,7.2,7.6,8.72,7.56
2026-04-12 22:15:58,5000,7.58,7.02,7.17,7.77,8.66,7.67
2026-04-12 22:15:58,5000,7.65,7.03,7.17,7.77,8.71,7.65
2026-04-12 22:15:58,5000,7.66,7.03,7.17,7.84,8.65,7.71
2026-04-12 22:15:59,5000,7.73,7.03,7.16,7.87,8.7,7.7
2026-04-12 22:15:59,5000,7.73,7.03,7.16,7.87,8.62,7.74
2026-04-12 22:15:59,5000,7.7,7.03,7.2,7.47,8.45,7.24
2026-04-12 22:16:00,5000,7.31,7.03,7.18,7.61,8.61,7.57
2026-04-12 22:16:00,5000,7.59,7.03,7.17,7.76,8.77,7.66
2026-04-12 22:16:00,5000,7.66,7.02,7.16,7.75,8.74,7.31
2026-04-12 22:16:01,5000,7.35,7.02,7.25,7.4,8.46,7.21
2026-04-12 22:16:01,5000,7.26,7.02,7.21,7.62,8.68,7.49
2026-04-12 22:16:02,5000,7.5,7.03,7.18,7.73,8.67,7.61
2026-04-12 22:16:02,5000,7.63,7.03,7.21,7.44,8.52,7.21
2026-04-12 22:16:02,5000,7.28,7.02,7.2,7.65,8.71,7.49
2026-04-12 22:16:03,5000,7.54,7.03,7.17,7.76,8.71,7.61
2026-04-12 22:16:03,5000,7.63,7.03,7.16,7.83,8.67,7.71
2026-04-12 22:16:03,5000,7.7,7.03,7.16,7.88,8.65,7.73
2026-04-12 22:16:04,5000,7.7,7.03,7.16,7.92,8.77,7.72
2026-04-12 22:16:04,5000,7.72,7.03,7.16,7.87,8.72,7.74
2026-04-12 22:16:04,5000,7.71,7.03,7.16,7.92,8.64,7.72
2026-04-12 22:16:05,5000,7.73,7.03,7.16,7.9,8.68,7.77
2026-04-12 22:16:05,5000,7.74,7.03,7.16,7.94,8.65,7.76
2026-04-12 22:16:05,5000,7.74,7.02,7.21,7.47,8.47,7.25
2026-04-12 22:16:06,5000,7.31,7.03,7.19,7.65,8.65,7.55
2026-04-12 22:16:06,5000,7.54,7.03,7.22,7.41,8.46,7.2
2026-04-12 22:16:06,5000,7.28,7.02,7.26,7.36,8.47,7.22
2026-04-12 22:16:07,5000,7.26,7.02,7.22,7.57,8.74,7.41
2026-04-12 22:16:07,5000,7.47,7.02,7.18,7.72,8.67,7.62
2026-04-12 22:16:08,5000,7.62,7.03,7.17,7.83,8.69,7.68
2026-04-12 22:16:08,5000,7.68,7.03,7.16,7.84,8.61,7.72
2026-04-12 22:16:08,5000,7.72,7.03,7.16,7.81,8.59,7.72
2026-04-12 22:16:09,5000,7.72,7.03,7.16,7.89,8.7,7.73
2026-04-12 22:16:09,5000,7.72,7.03,7.2,7.47,8.54,7.23
2026-04-12 22:16:09,5000,7.31,7.02,7.19,7.6,8.52,7.55
2026-04-12 22:16:10,5000,7.58,7.03,7.17,7.77,8.72,7.65
2026-04-12 22:16:10,5000,7.66,7.03,7.21,7.45,8.36,7.21
2026-04-12 22:16:10,5000,7.29,7.03,7.2,7.61,8.71,7.5
2026-04-12 22:16:11,5000,7.56,7.02,7.18,7.74,8.67,7.65
2026-04-12 22:16:11,5000,7.67,7.03,7.16,7.78,8.59,7.69
2026-04-12 22:16:11,5000,7.65,7.02,7.2,7.49,8.42,7.22
2026-04-12 22:16:12,5000,7.3,7.02,7.2,7.62,8.65,7.54
2026-04-12 22:16:12,5000,7.55,7.03,7.17,7.76,8.71,7.65
2026-04-12 22:16:12,5000,7.67,7.03,7.21,7.47,8.49,7.2
2026-04-12 22:16:13,5000,7.28,7.02,7.2,7.64,8.6,7.52
2026-04-12 22:16:13,5000,7.56,7.02,7.18,7.73,8.7,7.63
2026-04-12 22:16:14,5000,7.65,7.03,7.16,7.82,8.69,7.71
2026-04-12 22:16:14,5000,7.68,7.03,7.16,7.85,8.64,7.69
2026-04-12 22:16:14,5000,7.71,7.03,7.16,7.88,8.7,7.72
2026-04-12 22:16:15,5000,7.7,7.03,7.16,7.9,8.7,7.78
2026-04-12 22:16:15,5000,7.71,7.03,7.2,7.5,8.51,7.23
2026-04-12 22:16:15,5000,7.31,7.02,7.19,7.66,8.61,7.53
2026-04-12 22:16:16,5000,7.57,7.02,7.17,7.75,8.7,7.64
2026-04-12 22:16:16,5000,7.63,7.03,7.16,7.83,8.72,7.74
2026-04-12 22:16:16,5000,7.71,7.03,7.16,7.89,8.63,7.65
2026-04-12 22:16:17,5000,7.59,7.02,7.22,7.46,8.45,7.21
2026-04-12 22:16:17,5000,7.28,7.03,7.2,7.68,8.64,7.54
2026-04-12 22:16:17,5000,7.56,7.03,7.17,7.75,8.65,7.65
2026-04-12 22:16:18,5000,7.66,7.03,7.16,7.84,8.56,7.67
2026-04-12 22:16:18,5000,7.72,7.03,7.16,7.88,8.67,7.73
2026-04-12 22:16:18,5000,7.69,7.03,7.2,7.49,8.51,7.23
2026-04-12 22:16:19,5000,7.31,7.02,7.18,7.6,8.65,7.58
2026-04-12 22:16:19,5000,7.56,7.02,7.17,7.79,8.65,7.66
2026-04-12 22:16:20,5000,7.66,7.03,7.16,7.8,8.65,7.71
2026-04-12 22:16:20,5000,7.7,7.02,7.16,7.82,8.68,7.71
2026-04-12 22:16:20,5000,7.7,7.02,7.16,7.86,8.7,7.74
2026-04-12 22:16:21,5000,7.73,7.03,7.16,7.86,8.64,7.77
2026-04-12 22:16:21,5000,7.73,7.03,7.16,7.86,8.62,7.75
2026-04-12 22:16:21,5000,7.73,7.03,7.16,7.92,8.65,7.7
2026-04-12 22:16:22,5000,7.73,7.03,7.16,7.97,8.57,7.78
2026-04-12 22:16:22,5000,7.69,7.03,7.19,7.47,8.43,7.25
2026-04-12 22:16:22,5000,7.32,7.02,7.19,7.7,8.67,7.56
2026-04-12 22:16:23,5000,7.57,7.03,7.17,7.76,8.77,7.7
2026-04-12 22:16:23,5000,7.68,7.03,7.16,7.83,8.69,7.71
2026-04-12 22:16:23,5000,7.71,7.03,7.16,7.81,8.72,7.74
2026-04-12 22:16:24,5000,7.72,7.03,7.16,7.89,8.67,7.81
2026-04-12 22:16:24,5000,7.74,7.03,7.16,7.88,8.69,7.75
2026-04-12 22:16:24,5000,7.76,7.03,7.16,7.78,8.7,7.75
2026-04-12 22:16:25,5000,7.7,7.03,7.16,7.91,8.53,7.75
2026-04-12 22:16:25,5000,7.75,7.03,7.16,7.89,8.68,7.76
2026-04-12 22:16:25,5000,7.73,7.03,7.15,7.93,8.69,7.76
2026-04-12 22:16:26,5000,7.61,7.03,7.16,7.9,8.7,7.76
2026-04-12 22:16:26,5000,7.73,7.03,7.16,7.93,8.54,7.75
2026-04-12 22:16:27,5000,7.7,7.02,7.15,7.87,8.63,7.76
2026-04-12 22:16:27,5000,7.74,7.03,7.15,7.86,8.68,7.77
2026-04-12 22:16:27,5000,7.67,7.03,7.16,7.8,8.64,7.67
2026-04-12 22:16:28,5000,7.63,7.03,7.2,7.52,8.45,7.27
2026-04-12 22:16:28,5000,7.32,7.03,7.19,7.67,8.8,7.59
2026-04-12 22:16:28,5000,7.61,7.03,7.17,7.82,8.6,7.69
2026-04-12 22:16:29,5000,7.66,7.02,7.16,7.85,8.65,7.74
2026-04-12 22:16:29,5000,7.71,7.02,7.16,7.91,8.67,7.75
2026-04-12 22:16:29,5000,7.73,7.03,7.15,7.79,8.7,7.34
2026-04-12 22:16:30,5000,7.4,7.02,7.17,7.76,8.7,7.62
2026-04-12 22:16:30,5000,7.65,7.03,7.16,7.82,8.69,7.72
2026-04-12 22:16:30,5000,7.7,7.03,7.15,7.82,8.68,7.73
2026-04-12 22:16:31,5000,7.71,7.03,7.16,7.91,8.69,7.73
2026-04-12 22:16:31,5000,7.74,7.03,7.15,7.94,8.6,7.78
2026-04-12 22:16:32,5000,7.76,7.02,7.19,7.48,8.48,7.25
2026-04-12 22:16:32,5000,7.31,7.02,7.18,7.68,8.64,7.58
2026-04-12 22:16:32,5000,7.57,7.02,7.16,7.75,8.66,7.68
2026-04-12 22:16:33,5000,7.64,7.02,7.21,7.44,8.51,7.22
2026-04-12 22:16:33,5000,7.29,7.02,7.26,7.27,8.47,7.21
2026-04-12 22:16:33,5000,7.25,7.02,7.21,7.58,8.71,7.46
2026-04-12 22:16:34,5000,7.5,7.03,7.18,7.72,8.72,7.6
2026-04-12 22:16:34,5000,7.63,7.03,7.16,7.81,8.65,7.69
2026-04-12 22:16:34,5000,7.67,7.03,7.17,7.83,8.56,7.73
2026-04-12 22:16:35,5000,7.71,7.03,7.16,7.9,8.67,7.75
2026-04-12 22:16:35,5000,7.73,7.03,7.15,7.89,8.68,7.71
2026-04-12 22:16:35,5000,7.73,7.03,7.16,7.9,8.63,7.7
2026-04-12 22:16:36,5000,7.72,7.03,7.16,7.87,8.71,7.77
2026-04-12 22:16:36,5000,7.7,7.03,7.19,7.53,8.48,7.24
2026-04-12 22:16:36,5000,7.31,7.02,7.19,7.6,8.69,7.55
2026-04-12 22:16:37,5000,7.57,7.03,7.17,7.77,8.66,7.66
2026-04-12 22:16:37,5000,7.66,7.03,7.16,7.81,8.71,7.71
2026-04-12 22:16:37,5000,7.69,7.03,7.16,7.83,8.69,7.73
2026-04-12 22:16:38,5000,7.72,7.03,7.16,7.9,8.67,7.75
2026-04-12 22:16:38,5000,7.67,7.03,7.2,7.48,8.39,7.23
2026-04-12 22:16:39,5000,7.3,7.03,7.19,7.69,8.63,7.58
2026-04-12 22:16:39,5000,7.57,7.03,7.17,7.66,8.69,7.26
2026-04-12 22:16:39,5000,7.33,7.02,7.19,7.75,8.66,7.57
2026-04-12 22:16:40,5000,7.59,7.02,7.17,7.81,8.73,7.67
2026-04-12 22:16:40,5000,7.67,7.02,7.16,7.84,8.72,7.71
2026-04-12 22:16:40,5000,7.7,7.03,7.16,7.9,8.69,7.71
2026-04-12 22:16:41,5000,7.69,7.03,7.15,7.9,8.65,7.75
2026-04-12 22:16:41,5000,7.76,7.02,7.19,7.47,8.44,7.24
2026-04-12 22:16:41,5000,7.32,7.03,7.19,7.65,8.69,7.56
2026-04-12 22:16:42,5000,7.58,7.02,7.17,7.74,8.71,7.65
2026-04-12 22:16:42,5000,7.65,7.02,7.21,7.47,8.43,7.21
2026-04-12 22:16:42,5000,7.28,7.02,7.2,7.64,8.69,7.54
2026-04-12 22:16:43,5000,7.57,7.02,7.17,7.79,8.61,7.65
2026-04-12 22:16:43,5000,7.66,7.02,7.16,7.79,8.65,7.7
2026-04-12 22:16:44,5000,7.61,7.03,7.21,7.46,8.45,7.21
2026-04-12 22:16:44,5000,7.29,7.02,7.19,7.64,8.59,7.54
2026-04-12 22:16:44,5000,7.59,7.02,7.17,7.76,8.72,7.64
2026-04-12 22:16:45,5000,7.65,7.02,7.16,7.87,8.75,7.69
2026-04-12 22:16:45,5000,7.72,7.03,7.16,7.86,8.75,7.71
2026-04-12 22:16:45,5000,7.72,7.03,7.16,7.88,8.63,7.72
2026-04-12 22:16:46,5000,7.72,7.02,7.16,7.88,8.64,7.78
2026-04-12 22:16:46,5000,7.74,7.03,7.16,7.9,8.59,7.79
2026-04-12 22:16:46,5000,7.74,7.03,7.16,7.92,8.64,7.69
2026-04-12 22:16:47,5000,7.7,7.03,7.16,7.89,8.7,7.74
2026-04-12 22:16:47,5000,7.74,7.02,7.16,7.87,8.67,7.75
2026-04-12 22:16:47,5000,7.72,7.03,7.16,7.91,8.66,7.74
2026-04-12 22:16:48,5000,7.74,7.03,7.16,7.88,8.68,7.77
2026-04-12 22:16:48,5000,7.74,7.02,7.16,7.92,8.74,7.79
2026-04-12 22:16:48,5000,7.72,7.03,7.16,7.9,8.66,7.71
2026-04-12 22:16:49,5000,7.65,7.03,7.19,7.5,8.42,7.56
2026-04-12 22:16:49,5000,7.55,7.02,7.17,7.75,8.66,7.67
2026-04-12 22:16:49,5000,7.67,7.02,7.16,7.83,8.62,7.73
2026-04-12 22:16:50,5000,7.69,7.03,7.2,7.49,8.52,7.22
2026-04-12 22:16:50,5000,7.3,7.03,7.2,7.64,8.64,7.55
2026-04-12 22:16:51,5000,7.58,7.03,7.17,7.76,8.63,7.65
2026-04-12 22:16:51,5000,7.65,7.03,7.16,7.84,8.55,7.7
2026-04-12 22:16:51,5000,7.72,7.02,7.16,7.87,8.71,7.7
2026-04-12 22:16:52,5000,7.73,7.03,7.16,7.87,8.64,7.73
2026-04-12 22:16:52,5000,7.73,7.02,7.15,7.78,8.73,7.35
2026-04-12 22:16:52,5000,7.41,7.03,7.17,7.71,8.63,7.62
2026-04-12 22:16:53,5000,7.63,7.02,7.17,7.81,8.65,7.69
2026-04-12 22:16:53,5000,7.68,7.03,7.16,7.8,8.7,7.7
2026-04-12 22:16:53,5000,7.69,7.03,7.16,7.85,8.7,7.75
2026-04-12 22:16:54,5000,7.74,7.03,7.16,7.93,8.65,7.78
2026-04-12 22:16:54,5000,7.73,7.03,7.16,7.87,8.67,7.75
2026-04-12 22:16:54,5000,7.69,7.03,7.2,7.5,8.38,7.49
2026-04-12 22:16:55,5000,7.53,7.02,7.17,7.71,8.63,7.65
2026-04-12 22:16:55,5000,7.66,7.03,7.16,7.82,8.65,7.69
2026-04-12 22:16:55,5000,7.71,7.02,7.16,7.78,8.62,7.67
2026-04-12 22:16:56,5000,7.7,7.03,7.16,7.81,8.64,7.69
2026-04-12 22:16:56,5000,7.7,7.03,7.16,7.85,8.59,7.72
2026-04-12 22:16:57,5000,7.71,7.03,7.16,7.78,8.73,7.33
2026-04-12 22:16:57,5000,7.39,7.02,7.18,7.73,8.75,7.58
2026-04-12 22:16:57,5000,7.61,7.03,7.16,7.8,8.7,7.68
2026-04-12 22:16:58,5000,7.67,7.03,7.16,7.82,8.63,7.71
2026-04-12 22:16:58,5000,7.7,7.02,7.16,7.9,8.7,7.74
2026-04-12 22:16:58,5000,7.73,7.02,7.16,7.86,8.68,7.73
2026-04-12 22:16:59,5000,7.74,7.03,7.16,7.89,8.68,7.75
2026-04-12 22:16:59,5000,7.74,7.03,7.16,7.83,8.51,7.73
2026-04-12 22:16:59,5000,7.73,7.03,7.16,7.85,8.68,7.72
2026-04-12 22:17:00,5000,7.65,7.03,7.19,7.5,8.43,7.53
2026-04-12 22:17:00,5000,7.51,7.03,7.17,7.69,8.6,7.7
2026-04-12 22:17:00,5000,7.62,7.02,7.2,7.45,8.35,7.51
2026-04-12 22:17:01,5000,7.48,7.02,7.17,7.67,8.62,7.62
2026-04-12 22:17:01,5000,7.56,7.03,7.22,7.42,8.5,7.2
2026-04-12 22:17:02,5000,7.28,7.02,7.26,7.35,8.39,7.22
2026-04-12 22:17:02,5000,7.25,7.02,7.22,7.6,8.7,7.45
2026-04-12 22:17:02,5000,7.49,7.03,7.18,7.79,8.71,7.63
2026-04-12 22:17:03,5000,7.64,7.03,7.17,7.78,8.64,7.68
2026-04-12 22:17:03,5000,7.67,7.03,7.16,7.82,8.7,7.68
2026-04-12 22:17:03,5000,7.72,7.03,7.16,7.84,8.6,7.7
2026-04-12 22:17:04,5000,7.7,7.03,7.2,7.48,8.55,7.22
2026-04-12 22:17:04,5000,7.3,7.02,7.2,7.58,8.67,7.2
2026-04-12 22:17:04,5000,7.28,7.02,7.2,7.71,8.67,7.52
2026-04-12 22:17:05,5000,7.54,7.03,7.17,7.76,8.67,7.65
2026-04-12 22:17:05,5000,7.64,7.02,7.16,7.82,8.71,7.73
2026-04-12 22:17:05,5000,7.7,7.02,7.16,7.83,8.71,7.74
2026-04-12 22:17:06,5000,7.72,7.03,7.16,7.89,8.6,7.77
2026-04-12 22:17:06,5000,7.76,7.02,7.16,7.82,8.63,7.73
2026-04-12 22:17:06,5000,7.69,7.02,7.19,7.53,8.46,7.52
2026-04-12 22:17:07,5000,7.53,7.03,7.17,7.71,8.64,7.64
2026-04-12 22:17:07,5000,7.67,7.03,7.17,7.85,8.65,7.72
2026-04-12 22:17:08,5000,7.7,7.03,7.16,7.77,8.76,7.73
2026-04-12 22:17:08,5000,7.72,7.02,7.16,7.92,8.69,7.73
2026-04-12 22:17:08,5000,7.75,7.03,7.16,7.93,8.64,7.75
2026-04-12 22:17:09,5000,7.76,7.03,7.16,7.84,8.63,7.69
2026-04-12 22:17:09,5000,7.73,7.03,7.16,7.99,8.66,7.8
2026-04-12 22:17:09,5000,7.76,7.02,7.16,7.91,8.65,7.75
2026-04-12 22:17:10,5000,7.73,7.03,7.16,7.91,8.65,7.74
2026-04-12 22:17:10,5000,7.74,7.03,7.16,7.9,8.65,7.69
2026-04-12 22:17:10,5000,7.72,7.03,7.16,7.9,8.61,7.76
2026-04-12 22:17:11,5000,7.73,7.03,7.2,7.51,8.44,7.25
2026-04-12 22:17:11,5000,7.32,7.02,7.19,7.6,8.59,7.56
2026-04-12 22:17:11,5000,7.56,7.02,7.17,7.71,8.72,7.7
2026-04-12 22:17:12,5000,7.6,7.02,7.21,7.48,8.42,7.46
2026-04-12 22:17:12,5000,7.47,7.02,7.24,7.38,8.43,7.21
2026-04-12 22:17:12,5000,7.26,7.02,7.21,7.6,8.65,7.49
2026-04-12 22:17:13,5000,7.52,7.02,7.17,7.71,8.68,7.63
2026-04-12 22:17:13,5000,7.6,7.03,7.16,7.81,8.7,7.68
2026-04-12 22:17:14,5000,7.66,7.03,7.16,7.8,8.7,7.67
2026-04-12 22:17:14,5000,7.67,7.02,7.21,7.49,8.49,7.21
2026-04-12 22:17:14,5000,7.28,7.02,7.26,7.38,8.44,7.21
2026-04-12 22:17:15,5000,7.26,7.02,7.22,7.62,8.71,7.44
2026-04-12 22:17:15,5000,7.48,7.03,7.18,7.75,8.74,7.57
2026-04-12 22:17:15,5000,7.61,7.03,7.17,7.78,8.62,7.65
2026-04-12 22:17:16,5000,7.68,7.03,7.16,7.84,8.72,7.68
2026-04-12 22:17:16,5000,7.69,7.03,7.17,7.91,8.61,7.69
2026-04-12 22:17:16,5000,7.72,7.03,7.16,7.86,8.76,7.78
2026-04-12 22:17:17,5000,7.73,7.03,7.21,7.47,8.51,7.22
2026-04-12 22:17:17,5000,7.29,7.03,7.21,7.54,8.68,7.5
2026-04-12 22:17:17,5000,7.48,7.02,7.18,7.77,8.72,7.64
2026-04-12 22:17:18,5000,7.64,7.03,7.17,7.81,8.67,7.67
2026-04-12 22:17:18,5000,7.69,7.03,7.2,7.45,8.5,7.22
2026-04-12 22:17:19,5000,7.29,7.02,7.2,7.68,8.7,7.53
2026-04-12 22:17:19,5000,7.57,7.03,7.18,7.84,8.71,7.67
2026-04-12 22:17:19,5000,7.66,7.03,7.17,7.8,8.66,7.7
2026-04-12 22:17:20,5000,7.69,7.03,7.16,7.87,8.66,7.72
2026-04-12 22:17:20,5000,7.71,7.03,7.16,7.87,8.65,7.76
2026-04-12 22:17:20,5000,7.71,7.03,7.16,7.83,8.7,7.76
2026-04-12 22:17:21,5000,7.72,7.03,7.16,7.77,8.76,7.32
2026-04-12 22:17:21,5000,7.39,7.03,7.19,7.75,8.7,7.63
2026-04-12 22:17:21,5000,7.65,7.03,7.17,7.84,8.62,7.65
2026-04-12 22:17:22,5000,7.69,7.03,7.16,7.84,8.68,7.74
2026-04-12 22:17:22,5000,7.69,7.03,7.16,7.91,8.65,7.76
2026-04-12 22:17:22,5000,7.75,7.03,7.16,7.81,8.74,7.37
2026-04-12 22:17:23,5000,7.41,7.02,7.24,7.42,8.52,7.21
2026-04-12 22:17:23,5000,7.26,7.02,7.21,7.63,8.66,7.49
2026-04-12 22:17:23,5000,7.52,7.03,7.18,7.74,8.75,7.63
2026-04-12 22:17:24,5000,7.61,7.03,7.21,7.47,8.41,7.21
2026-04-12 22:17:24,5000,7.28,7.02,7.2,7.61,8.72,7.54
2026-04-12 22:17:25,5000,7.55,7.03,7.17,7.77,8.67,7.66
2026-04-12 22:17:25,5000,7.67,7.03,7.16,7.86,8.68,7.7
2026-04-12 22:17:25,5000,7.68,7.03,7.17,7.85,8.7,7.73
2026-04-12 22:17:26,5000,7.74,7.03,7.16,7.88,8.69,7.7
2026-04-12 22:17:26,5000,7.72,7.03,7.16,7.77,8.68,7.74
2026-04-12 22:17:26,5000,7.7,7.03,7.2,7.47,8.44,7.24
2026-04-12 22:17:27,5000,7.31,7.02,7.25,7.36,8.5,7.21
2026-04-12 22:17:27,5000,7.26,7.02,7.22,7.59,8.67,7.46
2026-04-12 22:17:27,5000,7.48,7.03,7.18,7.75,8.7,7.59
2026-04-12 22:17:28,5000,7.61,7.03,7.16,7.67,8.65,7.58
2026-04-12 22:17:28,5000,7.54,7.03,7.17,7.79,8.62,7.63
2026-04-12 22:17:28,5000,7.58,7.03,7.2,7.48,8.52,7.21
2026-04-12 22:17:29,5000,7.29,7.02,7.2,7.66,8.72,7.53
2026-04-12 22:17:29,5000,7.57,7.02,7.17,7.78,8.69,7.63
2026-04-12 22:17:29,5000,7.64,7.03,7.17,7.81,8.77,7.69
2026-04-12 22:17:30,5000,7.68,7.03,7.16,7.9,8.72,7.73
2026-04-12 22:17:30,5000,7.72,7.03,7.16,7.83,8.66,7.76
2026-04-12 22:17:31,5000,7.74,7.03,7.16,7.9,8.72,7.74
2026-04-12 22:17:31,5000,7.73,7.03,7.16,7.99,8.74,7.81
2026-04-12 22:17:31,5000,7.77,7.03,7.19,7.48,8.51,7.26
2026-04-12 22:17:32,5000,7.33,7.02,7.19,7.68,8.68,7.58
2026-04-12 22:17:32,5000,7.6,7.03,7.17,7.78,8.76,7.69
2026-04-12 22:17:32,5000,7.68,7.03,7.16,7.86,8.73,7.7
2026-04-12 22:17:33,5000,7.7,7.03,7.17,7.9,8.74,7.72
2026-04-12 22:17:33,5000,7.7,7.03,7.16,7.96,8.63,7.74
2026-04-12 22:17:33,5000,7.76,7.03,7.16,7.83,8.66,7.65
2026-04-12 22:17:34,5000,7.61,7.03,7.21,7.48,8.53,7.21
2026-04-12 22:17:34,5000,7.29,7.02,7.19,7.69,8.73,7.55
2026-04-12 22:17:34,5000,7.58,7.03,7.17,7.79,8.69,7.67
2026-04-12 22:17:35,5000,7.64,7.03,7.16,7.84,8.78,7.71
2026-04-12 22:17:35,10000,7.7,7.03,7.16,7.93,8.76,7.71
2026-04-12 22:17:36,10000,5.42,7.03,7.15,7.91,8.75,7.74
2026-04-12 22:17:36,10000,7.71,7.03,7.15,7.94,8.7,7.76
2026-04-12 22:17:36,10000,7.75,7.03,7.15,7.93,8.6,7.75
2026-04-12 22:17:37,10000,7.75,7.03,7.15,7.91,8.61,7.77
2026-04-12 22:17:37,10000,7.74,7.03,7.15,7.93,8.72,7.76
2026-04-12 22:17:37,10000,7.75,7.03,7.15,7.86,8.72,7.72
2026-04-12 22:17:38,10000,7.73,7.03,7.15,7.93,8.74,7.75
2026-04-12 22:17:38,10000,7.73,7.03,7.16,7.96,8.66,7.75
2026-04-12 22:17:38,10000,7.74,7.03,7.2,7.52,8.47,7.24
2026-04-12 22:17:39,10000,7.32,7.02,7.19,7.67,8.6,7.51
2026-04-12 22:17:39,10000,7.51,7.02,7.22,7.45,8.53,7.19
2026-04-12 22:17:39,10000,7.27,7.02,7.21,7.62,8.72,7.48
2026-04-12 22:17:40,10000,7.52,7.03,7.17,7.72,8.65,7.6
2026-04-12 22:17:40,10000,7.64,7.03,7.17,7.78,8.78,7.71
2026-04-12 22:17:40,10000,7.69,7.03,7.15,7.89,8.77,7.74
2026-04-12 22:17:41,10000,7.71,7.03,7.2,7.47,8.52,7.23
2026-04-12 22:17:41,10000,7.3,7.03,7.19,7.67,8.73,7.55
2026-04-12 22:17:42,10000,7.56,7.02,7.17,7.81,8.77,7.7
2026-04-12 22:17:42,10000,7.67,7.03,7.16,7.85,8.7,7.73
2026-04-12 22:17:42,10000,7.71,7.03,7.16,7.84,8.77,7.32
2026-04-12 22:17:43,10000,7.4,7.03,7.18,7.76,8.77,7.57
2026-04-12 22:17:43,10000,7.62,7.03,7.16,7.79,8.64,7.7
2026-04-12 22:17:43,10000,7.68,7.03,7.16,7.82,8.66,7.74
2026-04-12 22:17:44,10000,7.72,7.02,7.15,7.89,8.69,7.74
2026-04-12 22:17:44,10000,7.74,7.02,7.15,7.9,8.56,7.76
2026-04-12 22:17:44,10000,7.65,7.03,7.2,7.52,8.48,7.22
2026-04-12 22:17:45,10000,7.3,7.02,7.19,7.68,8.66,7.56
2026-04-12 22:17:45,10000,7.59,7.03,7.17,7.81,8.68,7.64
2026-04-12 22:17:45,10000,7.64,7.03,7.16,7.87,8.66,7.7
2026-04-12 22:17:46,10000,7.69,7.03,7.15,7.9,8.7,7.71
2026-04-12 22:17:46,10000,7.72,7.03,7.15,7.93,8.68,7.78
2026-04-12 22:17:46,10000,7.73,7.03,7.16,7.89,8.73,7.75
2026-04-12 22:17:47,10000,7.73,7.03,7.16,7.89,8.67,7.76
2026-04-12 22:17:47,10000,7.74,7.03,7.15,7.93,8.73,7.75
2026-04-12 22:17:47,10000,7.75,7.03,7.16,7.87,8.6,7.76
2026-04-12 22:17:48,10000,7.74,7.03,7.2,7.49,8.46,7.23
2026-04-12 22:17:48,10000,7.31,7.03,7.19,7.74,8.76,7.55
2026-04-12 22:17:49,10000,7.6,7.03,7.17,7.79,8.7,7.67
2026-04-12 22:17:49,10000,7.64,7.02,7.16,7.82,8.7,7.7
2026-04-12 22:17:49,10000,7.71,7.03,7.15,7.86,8.76,7.35
2026-04-12 22:17:50,10000,7.41,7.03,7.23,7.43,8.51,7.19
2026-04-12 22:17:50,10000,7.26,7.03,7.2,7.64,8.74,7.49
2026-04-12 22:17:50,10000,7.52,7.03,7.18,7.73,8.71,7.61
2026-04-12 22:17:51,10000,7.63,7.03,7.17,7.8,8.58,7.68
2026-04-12 22:17:51,10000,7.7,7.03,7.16,7.82,8.71,7.71
2026-04-12 22:17:51,10000,7.7,7.03,7.16,7.89,8.61,7.71
2026-04-12 22:17:52,10000,7.72,7.03,7.15,7.91,8.68,7.74
2026-04-12 22:17:52,10000,7.72,7.03,7.15,7.93,8.64,7.76
2026-04-12 22:17:52,10000,7.73,7.03,7.15,7.89,8.71,7.72
2026-04-12 22:17:53,10000,7.74,7.03,7.15,7.94,8.76,7.76
2026-04-12 22:17:53,10000,7.72,7.03,7.15,7.96,8.74,7.69
2026-04-12 22:17:53,10000,7.73,7.03,7.18,7.51,8.52,7.25
2026-04-12 22:17:54,10000,7.32,7.03,7.19,7.65,8.74,7.56
2026-04-12 22:17:54,10000,7.59,7.03,7.16,7.79,8.71,7.62
2026-04-12 22:17:55,10000,7.68,7.03,7.16,7.87,8.71,7.71
2026-04-12 22:17:55,10000,7.65,7.03,7.21,7.49,8.45,7.23
2026-04-12 22:17:55,10000,7.3,7.02,7.2,7.6,8.61,7.53
2026-04-12 22:17:56,10000,7.57,7.03,7.17,7.76,8.74,7.66
2026-04-12 22:17:56,10000,7.66,7.03,7.15,7.84,8.77,7.71
2026-04-12 22:17:56,10000,7.7,7.02,7.16,7.88,8.71,7.73
2026-04-12 22:17:57,10000,7.7,7.03,7.16,7.94,8.68,7.67
2026-04-12 22:17:57,10000,7.73,7.03,7.15,7.88,8.74,7.73
2026-04-12 22:17:57,10000,7.75,7.03,7.16,7.81,8.69,7.34
2026-04-12 22:17:58,10000,7.41,7.02,7.18,7.7,8.64,7.66
2026-04-12 22:17:58,10000,7.65,7.03,7.16,7.85,8.57,7.69
2026-04-12 22:17:58,10000,7.71,7.03,7.16,7.84,8.7,7.75
2026-04-12 22:17:59,10000,7.73,7.03,7.15,7.89,8.68,7.78
2026-04-12 22:17:59,10000,7.71,7.03,7.16,7.92,8.72,7.71
2026-04-12 22:17:59,10000,7.74,7.03,7.19,7.53,8.49,7.25
2026-04-12 22:18:00,10000,7.31,7.02,7.19,7.63,8.69,7.53
2026-04-12 22:18:00,10000,7.58,7.03,7.16,7.78,8.68,7.71
2026-04-12 22:18:01,10000,7.6,7.02,7.22,7.45,8.53,7.19
2026-04-12 22:18:01,10000,7.27,7.02,7.19,7.62,8.69,7.54
2026-04-12 22:18:01,10000,7.57,7.03,7.17,7.79,8.75,7.62
2026-04-12 22:18:02,10000,7.64,7.03,7.16,7.88,8.63,7.73
2026-04-12 22:18:02,10000,7.74,7.03,7.16,7.86,8.7,7.72
2026-04-12 22:18:02,10000,7.73,7.03,7.16,7.88,8.65,7.72
2026-04-12 22:18:03,10000,7.71,7.03,7.15,7.94,8.73,7.7
2026-04-12 22:18:03,10000,7.74,7.03,7.15,7.9,8.74,7.77
2026-04-12 22:18:03,10000,7.72,7.03,7.15,7.91,8.68,7.75
2026-04-12 22:18:04,10000,7.73,7.03,7.16,7.9,8.74,7.74
2026-04-12 22:18:04,10000,7.71,7.03,7.15,8.0,8.66,7.79
2026-04-12 22:18:04,10000,7.76,7.03,7.19,7.54,8.48,7.26
2026-04-12 22:18:05,10000,7.33,7.03,7.19,7.71,8.7,7.56
2026-04-12 22:18:05,10000,7.6,7.03,7.17,7.82,8.73,7.71
2026-04-12 22:18:05,10000,7.66,7.03,7.16,7.81,8.69,7.73
2026-04-12 22:18:06,10000,7.65,7.02,7.21,7.49,8.49,7.21
2026-04-12 22:18:06,10000,7.29,7.02,7.19,7.69,8.71,7.56
2026-04-12 22:18:07,10000,7.6,7.02,7.16,7.77,8.74,7.66
2026-04-12 22:18:07,10000,7.66,7.03,7.16,7.8,8.73,7.69
2026-04-12 22:18:07,10000,7.69,7.03,7.16,7.9,8.72,7.67
2026-04-12 22:18:08,10000,7.69,7.03,7.15,7.95,8.75,7.75
2026-04-12 22:18:08,10000,7.76,7.03,7.15,7.93,8.68,7.77
2026-04-12 22:18:08,10000,7.73,7.03,7.15,7.94,8.61,7.73
2026-04-12 22:18:09,10000,7.73,7.03,7.15,7.92,8.71,7.73
2026-04-12 22:18:09,10000,7.76,7.03,7.15,7.95,8.73,7.77
2026-04-12 22:18:09,10000,7.74,7.03,7.15,7.85,8.7,7.77
2026-04-12 22:18:10,10000,7.74,7.02,7.15,7.92,8.65,7.7
2026-04-12 22:18:10,10000,7.73,7.02,7.15,7.87,8.72,7.74
2026-04-12 22:18:10,10000,7.73,7.03,7.15,7.93,8.67,7.78
2026-04-12 22:18:11,10000,7.75,7.03,7.15,7.89,8.65,7.78
2026-04-12 22:18:11,10000,7.7,7.03,7.2,7.49,8.38,7.27
2026-04-12 22:18:11,10000,7.33,7.02,7.25,7.4,8.48,7.2
2026-04-12 22:18:12,10000,7.25,7.03,7.21,7.58,8.52,7.46
2026-04-12 22:18:12,10000,7.52,7.03,7.17,7.75,8.74,7.65
2026-04-12 22:18:13,10000,7.64,7.03,7.16,7.86,8.68,7.68
2026-04-12 22:18:13,10000,7.69,7.03,7.16,7.86,8.71,7.72
2026-04-12 22:18:13,10000,7.74,7.03,7.16,7.93,8.72,7.75
2026-04-12 22:18:14,10000,7.75,7.03,7.15,7.99,8.69,7.75
2026-04-12 22:18:14,10000,7.77,7.02,7.15,7.97,8.7,7.75
2026-04-12 22:18:14,10000,7.75,7.03,7.15,7.93,8.55,7.74
2026-04-12 22:18:15,10000,7.75,7.03,7.15,7.94,8.76,7.77
2026-04-12 22:18:15,10000,7.75,7.02,7.15,7.9,8.66,7.75
2026-04-12 22:18:15,10000,7.75,7.03,7.15,7.84,8.77,7.38
2026-04-12 22:18:16,10000,7.44,7.02,7.17,7.79,8.65,7.63
2026-04-12 22:18:16,10000,7.66,7.02,7.16,7.83,8.74,7.7
2026-04-12 22:18:16,10000,7.7,7.03,7.15,7.8,8.62,7.71
2026-04-12 22:18:17,10000,7.65,7.03,7.2,7.52,8.49,7.22
2026-04-12 22:18:17,10000,7.3,7.02,7.19,7.67,8.65,7.54
2026-04-12 22:18:17,10000,7.58,7.02,7.22,7.46,8.51,7.19
2026-04-12 22:18:18,10000,7.27,7.02,7.2,7.64,8.68,7.47
2026-04-12 22:18:18,10000,7.52,7.02,7.17,7.8,8.78,7.64
2026-04-12 22:18:19,10000,7.62,7.02,7.16,7.86,8.74,7.71
2026-04-12 22:18:19,10000,7.7,7.02,7.15,7.9,8.77,7.32
2026-04-12 22:18:19,10000,7.39,7.02,7.18,7.76,8.78,7.54
2026-04-12 22:18:20,10000,7.6,7.02,7.15,7.86,8.69,7.74
2026-04-12 22:18:20,10000,7.7,7.02,7.15,7.91,8.72,7.75
2026-04-12 22:18:20,10000,7.72,7.03,7.15,7.96,8.51,7.74
2026-04-12 22:18:21,10000,7.73,7.03,7.15,7.92,8.71,7.73
2026-04-12 22:18:21,10000,7.73,7.03,7.19,7.51,8.51,7.23
2026-04-12 22:18:21,10000,7.32,7.02,7.19,7.62,8.64,7.49
2026-04-12 22:18:22,10000,7.55,7.02,7.17,7.73,8.7,7.26
2026-04-12 22:18:22,10000,7.33,7.03,7.19,7.68,8.74,7.54
2026-04-12 22:18:22,10000,7.57,7.03,7.21,7.43,8.49,7.19
2026-04-12 22:18:23,10000,7.27,7.02,7.21,7.65,8.74,7.49
2026-04-12 22:18:23,10000,7.54,7.02,7.17,7.8,8.75,7.64
2026-04-12 22:18:24,10000,7.66,7.03,7.21,7.45,8.51,7.2
2026-04-12 22:18:24,10000,7.27,7.02,7.19,7.68,8.68,7.51
2026-04-12 22:18:24,10000,7.55,7.03,7.17,7.77,8.78,7.62
2026-04-12 22:18:25,10000,7.66,7.03,7.2,7.49,8.48,7.2
2026-04-12 22:18:25,10000,7.27,7.02,7.19,7.58,8.73,7.49
2026-04-12 22:18:25,10000,7.54,7.02,7.16,7.81,8.67,7.64
2026-04-12 22:18:26,10000,7.64,7.02,7.16,7.79,8.68,7.7
2026-04-12 22:18:26,10000,7.68,7.02,7.15,7.88,8.68,7.36
2026-04-12 22:18:26,10000,7.41,7.02,7.18,7.74,8.72,7.56
2026-04-12 22:18:27,10000,7.6,7.02,7.15,7.86,8.66,7.73
2026-04-12 22:18:27,10000,7.72,7.02,7.2,7.43,8.43,7.22
2026-04-12 22:18:27,10000,7.29,7.02,7.24,7.39,8.49,7.2
2026-04-12 22:18:28,10000,7.25,7.02,7.27,7.36,8.49,7.22
2026-04-12 22:18:28,10000,7.24,7.02,7.23,7.55,8.76,7.37
2026-04-12 22:18:29,10000,7.44,7.03,7.19,7.75,8.7,7.56
2026-04-12 22:18:29,10000,7.59,7.03,7.16,7.82,8.77,7.67
2026-04-12 22:18:29,10000,7.66,7.03,7.16,7.91,8.76,7.73
2026-04-12 22:18:30,10000,7.72,7.03,7.16,7.89,8.65,7.73
2026-04-12 22:18:30,10000,7.74,7.02,7.15,7.74,8.75,7.33
2026-04-12 22:18:30,10000,7.39,7.02,7.17,7.76,8.75,7.61
2026-04-12 22:18:31,10000,7.63,7.03,7.16,7.76,8.71,7.7
2026-04-12 22:18:31,10000,7.68,7.03,7.15,7.84,8.57,7.72
2026-04-12 22:18:31,10000,7.71,7.02,7.15,7.88,8.73,7.77
2026-04-12 22:18:32,10000,7.74,7.03,7.15,7.94,8.66,7.76
2026-04-12 22:18:32,10000,7.76,7.02,7.16,7.89,8.68,7.74
2026-04-12 22:18:32,10000,7.73,7.03,7.15,7.91,8.54,7.78
2026-04-12 22:18:33,10000,7.72,7.03,7.16,7.88,8.74,7.76
2026-04-12 22:18:33,10000,7.7,7.03,7.2,7.49,8.45,7.24
2026-04-12 22:18:33,10000,7.3,7.03,7.25,7.38,8.49,7.2
2026-04-12 22:18:34,10000,7.26,7.02,7.22,7.64,8.65,7.47
2026-04-12 22:18:34,10000,7.51,7.03,7.17,7.75,8.65,7.64
2026-04-12 22:18:35,10000,7.64,7.03,7.16,7.79,8.69,7.67
2026-04-12 22:18:35,10000,7.67,7.03,7.16,7.87,8.65,7.73
2026-04-12 22:18:35,10000,7.71,7.03,7.16,7.89,8.74,7.73
2026-04-12 22:18:36,10000,7.73,7.03,7.16,7.83,8.76,7.72
2026-04-12 22:18:36,10000,7.72,7.03,7.15,7.91,8.75,7.75
2026-04-12 22:18:36,10000,7.74,7.03,7.15,7.91,8.73,7.76
2026-04-12 22:18:37,10000,7.75,7.03,7.15,7.9,8.64,7.77
2026-04-12 22:18:37,10000,7.72,7.03,7.15,7.81,8.7,7.37
2026-04-12 22:18:37,10000,7.42,7.03,7.18,7.75,8.67,7.6
2026-04-12 22:18:38,10000,7.64,7.03,7.16,7.81,8.72,7.72
2026-04-12 22:18:38,10000,7.7,7.03,7.16,7.84,8.67,7.7
2026-04-12 22:18:38,10000,7.73,7.03,7.15,7.82,8.62,7.67
2026-04-12 22:18:39,10000,7.6,7.03,7.21,7.46,8.53,7.2
2026-04-12 22:18:39,10000,7.28,7.02,7.19,7.66,8.69,7.54
2026-04-12 22:18:39,10000,7.56,7.02,7.17,7.76,8.7,7.61
2026-04-12 22:18:40,10000,7.64,7.02,7.16,7.81,8.63,7.7
2026-04-12 22:18:40,10000,7.67,7.02,7.15,7.9,8.7,7.74
2026-04-12 22:18:41,10000,7.74,7.02,7.15,7.9,8.73,7.35
2026-04-12 22:18:41,10000,7.41,7.03,7.18,7.74,8.73,7.58
2026-04-12 22:18:41,10000,7.64,7.03,7.16,7.82,8.71,7.69
2026-04-12 22:18:42,10000,7.7,7.03,7.16,7.9,8.71,7.74
2026-04-12 22:18:42,10000,7.71,7.03,7.15,7.9,8.76,7.7
2026-04-12 22:18:42,10000,7.75,7.03,7.15,7.88,8.6,7.75
2026-04-12 22:18:43,10000,7.75,7.03,7.19,7.47,8.5,7.24
2026-04-12 22:18:43,10000,7.32,7.03,7.19,7.67,8.69,7.57
2026-04-12 22:18:43,10000,7.58,7.03,7.17,7.73,8.62,7.64
2026-04-12 22:18:44,10000,7.66,7.03,7.16,7.82,8.55,7.72
2026-04-12 22:18:44,10000,7.64,7.03,7.21,7.43,8.45,7.22
2026-04-12 22:18:44,10000,7.28,7.02,7.2,7.64,8.61,7.58
2026-04-12 22:18:45,10000,7.59,7.03,7.17,7.76,8.67,7.67
2026-04-12 22:18:45,10000,7.67,7.03,7.17,7.78,8.72,7.71
2026-04-12 22:18:45,10000,7.71,7.03,7.16,7.83,8.68,7.67
2026-04-12 22:18:46,10000,7.7,7.03,7.15,7.91,8.69,7.74
2026-04-12 22:18:46,10000,7.73,7.03,7.19,7.49,8.52,7.24
2026-04-12 22:18:46,10000,7.31,7.02,7.2,7.56,8.55,7.5
2026-04-12 22:18:47,10000,7.55,7.03,7.17,7.72,8.73,7.63
2026-04-12 22:18:47,10000,7.61,7.03,7.17,7.81,8.72,7.66
2026-04-12 22:18:48,10000,7.67,7.03,7.16,7.85,8.7,7.7
2026-04-12 22:18:48,10000,7.7,7.02,7.16,7.87,8.69,7.69
2026-04-12 22:18:48,10000,7.73,7.03,7.16,7.92,8.74,7.75
2026-04-12 22:18:49,10000,7.75,7.03,7.15,7.85,8.7,7.75
2026-04-12 22:18:49,10000,7.75,7.02,7.15,7.91,8.64,7.71
2026-04-12 22:18:49,10000,7.78,7.03,7.15,7.84,8.64,7.69
2026-04-12 22:18:50,10000,7.6,7.03,7.21,7.48,8.54,7.2
2026-04-12 22:18:50,10000,7.28,7.02,7.2,7.69,8.72,7.52
2026-04-12 22:18:50,10000,7.55,7.03,7.17,7.79,8.7,7.64
2026-04-12 22:18:51,10000,7.64,7.03,7.16,7.86,8.73,7.71
2026-04-12 22:18:51,10000,7.71,7.03,7.16,7.84,8.69,7.73
2026-04-12 22:18:51,10000,7.73,7.03,7.16,7.8,8.72,7.36
2026-04-12 22:18:52,10000,7.41,7.02,7.17,7.73,8.69,7.64
2026-04-12 22:18:52,10000,7.65,7.02,7.21,7.44,8.44,7.2
2026-04-12 22:18:53,10000,7.27,7.02,7.19,7.63,8.68,7.51
2026-04-12 22:18:53,10000,7.55,7.02,7.17,7.77,8.78,7.66
2026-04-12 22:18:53,10000,7.67,7.03,7.16,7.84,8.66,7.67
2026-04-12 22:18:54,10000,7.7,7.03,7.16,7.82,8.68,7.3
2026-04-12 22:18:54,10000,7.38,7.02,7.17,7.77,8.7,7.58
2026-04-12 22:18:54,10000,7.63,7.03,7.16,7.81,8.72,7.71
2026-04-12 22:18:55,10000,7.7,7.03,7.16,7.8,8.57,7.7
2026-04-12 22:18:55,10000,7.63,7.03,7.2,7.51,8.47,7.52
2026-04-12 22:18:55,10000,7.54,7.03,7.17,7.74,8.63,7.62
2026-04-12 22:18:56,10000,7.65,7.02,7.16,7.84,8.69,7.71
2026-04-12 22:18:56,10000,7.7,7.03,7.16,7.82,8.57,7.69
2026-04-12 22:18:56,10000,7.7,7.03,7.16,7.87,8.69,7.74
2026-04-12 22:18:57,10000,7.73,7.03,7.16,7.86,8.67,7.75
2026-04-12 22:18:57,10000,7.74,7.03,7.16,7.88,8.66,7.77
2026-04-12 22:18:57,10000,7.74,7.03,7.16,7.93,8.71,7.76
2026-04-12 22:18:58,10000,7.76,7.03,7.16,7.95,8.73,7.74
2026-04-12 22:18:58,10000,7.73,7.03,7.15,7.95,8.67,7.78
2026-04-12 22:18:58,10000,7.75,7.03,7.16,7.92,8.72,7.73
2026-04-12 22:18:59,10000,7.77,7.03,7.15,7.94,8.66,7.76
2026-04-12 22:18:59,10000,7.77,7.03,7.15,7.95,8.66,7.79
2026-04-12 22:19:00,10000,7.76,7.02,7.15,7.98,8.65,7.8
2026-04-12 22:19:00,10000,7.75,7.03,7.15,7.86,8.71,7.77
2026-04-12 22:19:00,10000,7.67,7.03,7.19,7.54,8.56,7.59
2026-04-12 22:19:01,10000,7.54,7.02,7.16,7.79,8.66,7.67
2026-04-12 22:19:01,10000,7.7,7.03,7.16,7.9,8.74,7.75
2026-04-12 22:19:01,10000,7.74,7.03,7.16,7.92,8.63,7.73
2026-04-12 22:19:02,10000,7.73,7.03,7.16,7.89,8.61,7.73
2026-04-12 22:19:02,10000,7.75,7.03,7.16,7.89,8.54,7.73
2026-04-12 22:19:02,10000,7.72,7.03,7.15,7.85,8.67,7.75
2026-04-12 22:19:03,10000,7.74,7.03,7.19,7.49,8.49,7.24
2026-04-12 22:19:03,10000,7.3,7.02,7.19,7.6,8.79,7.2
2026-04-12 22:19:03,10000,7.28,7.02,7.2,7.67,8.74,7.51
2026-04-12 22:19:04,10000,7.55,7.02,7.17,7.79,8.65,7.65
2026-04-12 22:19:04,10000,7.66,7.03,7.16,7.82,8.78,7.72
2026-04-12 22:19:04,10000,7.71,7.03,7.16,7.86,8.69,7.72
2026-04-12 22:19:05,10000,7.73,7.03,7.15,7.91,8.68,7.73
2026-04-12 22:19:05,10000,7.73,7.03,7.15,7.85,8.68,7.77
2026-04-12 22:19:06,10000,7.74,7.03,7.16,7.92,8.64,7.75
2026-04-12 22:19:06,10000,7.67,7.03,7.19,7.51,8.46,7.24
2026-04-12 22:19:06,10000,7.32,7.03,7.18,7.69,8.68,7.59
2026-04-12 22:19:07,10000,7.62,7.02,7.16,7.85,8.68,7.66
2026-04-12 22:19:07,10000,7.69,7.02,7.15,7.82,8.63,7.71
2026-04-12 22:19:07,10000,7.71,7.02,7.15,7.84,8.67,7.71
2026-04-12 22:19:08,10000,7.7,7.03,7.16,7.88,8.72,7.72
2026-04-12 22:19:08,10000,7.73,7.03,7.15,7.91,8.69,7.7
2026-04-12 22:19:08,10000,7.72,7.03,7.15,7.91,8.68,7.75
2026-04-12 22:19:09,10000,7.74,7.03,7.19,7.49,8.47,7.23
2026-04-12 22:19:09,10000,7.31,7.02,7.19,7.68,8.7,7.55
2026-04-12 22:19:09,10000,7.59,7.02,7.16,7.77,8.7,7.64
2026-04-12 22:19:10,10000,7.63,7.03,7.16,7.89,8.65,7.73
2026-04-12 22:19:10,10000,7.72,7.03,7.16,7.93,8.72,7.73
2026-04-12 22:19:10,10000,7.73,7.03,7.15,7.9,8.68,7.76
2026-04-12 22:19:11,10000,7.75,7.03,7.16,7.82,8.68,7.72
2026-04-12 22:19:11,10000,7.67,7.03,7.2,7.51,8.48,7.23
2026-04-12 22:19:12,10000,7.3,7.02,7.19,7.65,8.71,7.57
2026-04-12 22:19:12,10000,7.59,7.03,7.17,7.8,8.72,7.68
2026-04-12 22:19:12,10000,7.68,7.03,7.16,7.87,8.68,7.7
2026-04-12 22:19:13,10000,7.72,7.03,7.15,7.88,8.65,7.77
2026-04-12 22:19:13,10000,7.73,7.03,7.16,7.89,8.65,7.76
2026-04-12 22:19:13,10000,7.75,7.02,7.2,7.48,8.45,7.23
2026-04-12 22:19:14,10000,7.31,7.03,7.19,7.66,8.69,7.55
2026-04-12 22:19:14,10000,7.58,7.02,7.17,7.76,8.66,7.67
2026-04-12 22:19:14,10000,7.67,7.03,7.16,7.84,8.64,7.73
2026-04-12 22:19:15,10000,7.69,7.02,7.16,7.9,8.63,7.74
2026-04-12 22:19:15,10000,7.74,7.03,7.15,7.92,8.71,7.75
2026-04-12 22:19:15,10000,7.72,7.03,7.15,7.93,8.69,7.77
2026-04-12 22:19:16,10000,7.75,7.02,7.19,7.5,8.48,7.23
2026-04-12 22:19:16,10000,7.31,7.02,7.18,7.68,8.65,7.54
2026-04-12 22:19:16,10000,7.53,7.02,7.22,7.44,8.48,7.2
2026-04-12 22:19:17,10000,7.26,7.02,7.19,7.67,8.65,7.53
2026-04-12 22:19:17,10000,7.58,7.03,7.17,7.71,8.69,7.62
2026-04-12 22:19:18,10000,7.64,7.03,7.16,7.79,8.71,7.72
2026-04-12 22:19:18,10000,7.7,7.03,7.15,7.85,8.7,7.72
2026-04-12 22:19:18,10000,7.72,7.03,7.15,7.87,8.63,7.72
2026-04-12 22:19:19,10000,7.72,7.03,7.15,7.91,8.55,7.75
2026-04-12 22:19:19,10000,7.73,7.03,7.15,7.94,8.66,7.77
2026-04-12 22:19:19,10000,7.75,7.03,7.15,7.91,8.64,7.78
2026-04-12 22:19:20,10000,7.75,7.03,7.15,7.89,8.67,7.75
2026-04-12 22:19:20,10000,7.73,7.03,7.15,7.93,8.61,7.79
2026-04-12 22:19:20,10000,7.76,7.03,7.15,7.89,8.74,7.77
2026-04-12 22:19:21,10000,7.76,7.03,7.15,7.9,8.64,7.77
2026-04-12 22:19:21,10000,7.77,7.03,7.15,7.93,8.6,7.72
2026-04-12 22:19:21,10000,7.76,7.03,7.15,7.97,8.65,7.8
2026-04-12 22:19:22,10000,7.66,7.03,7.19,7.51,8.42,7.26
2026-04-12 22:19:22,10000,7.31,7.03,7.25,7.38,8.36,7.2
2026-04-12 22:19:22,10000,7.25,7.02,7.21,7.65,8.71,7.5
2026-04-12 22:19:23,10000,7.54,7.02,7.17,7.72,8.72,7.64
2026-04-12 22:19:23,10000,7.65,7.03,7.16,7.72,8.54,7.69
2026-04-12 22:19:24,10000,7.7,7.03,7.16,7.84,8.69,7.73
2026-04-12 22:19:24,10000,7.72,7.03,7.2,7.52,8.41,7.22
2026-04-12 22:19:24,10000,7.3,7.02,7.19,7.62,8.66,7.54
2026-04-12 22:19:25,10000,7.59,7.03,7.16,7.84,8.76,7.68
2026-04-12 22:19:25,10000,7.69,7.02,7.15,7.87,8.68,7.76
2026-04-12 22:19:25,10000,7.73,7.02,7.19,7.48,8.53,7.2
2026-04-12 22:19:26,10000,7.29,7.02,7.19,7.65,8.67,7.55
2026-04-12 22:19:26,10000,7.57,7.02,7.17,7.74,8.65,7.67
2026-04-12 22:19:26,10000,7.62,7.03,7.16,7.72,8.69,7.67
2026-04-12 22:19:27,10000,7.67,7.02,7.15,7.89,8.63,7.73
2026-04-12 22:19:27,10000,7.71,7.03,7.16,7.9,8.66,7.73
2026-04-12 22:19:27,10000,7.7,7.03,7.2,7.48,8.4,7.22
2026-04-12 22:19:28,10000,7.29,7.02,7.18,7.59,8.63,7.52
2026-04-12 22:19:28,10000,7.51,7.03,7.24,7.44,8.39,7.2
2026-04-12 22:19:28,10000,7.26,7.02,7.21,7.63,8.74,7.5
2026-04-12 22:19:29,10000,7.55,7.03,7.17,7.74,8.63,7.66
2026-04-12 22:19:29,10000,7.65,7.03,7.16,7.75,8.71,7.68
2026-04-12 22:19:30,10000,7.68,7.03,7.16,7.88,8.74,7.72
2026-04-12 22:19:30,10000,7.71,7.02,7.2,7.5,8.46,7.21
2026-04-12 22:19:30,10000,7.3,7.02,7.19,7.62,8.67,7.56
2026-04-12 22:19:31,10000,7.58,7.03,7.17,7.79,8.74,7.68
2026-04-12 22:19:31,10000,7.68,7.03,7.16,7.82,8.73,7.72
2026-04-12 22:19:31,10000,7.71,7.03,7.16,7.84,8.61,7.71
2026-04-12 22:19:32,10000,7.73,7.03,7.15,7.93,8.72,7.73
2026-04-12 22:19:32,10000,7.76,7.03,7.16,7.93,8.63,7.78
2026-04-12 22:19:32,10000,7.75,7.03,7.2,7.46,8.46,7.25
2026-04-12 22:19:33,10000,7.33,7.03,7.18,7.61,8.67,7.59
2026-04-12 22:19:33,10000,7.59,7.02,7.17,7.77,8.69,7.65
2026-04-12 22:19:33,10000,7.62,7.03,7.21,7.5,8.56,7.43
2026-04-12 22:19:34,10000,7.45,7.03,7.25,7.42,8.48,7.19
2026-04-12 22:19:34,10000,7.26,7.02,7.21,7.65,8.72,7.49
2026-04-12 22:19:34,10000,7.52,7.02,7.17,7.76,8.73,7.63
2026-04-12 22:19:35,10000,7.66,7.02,7.16,7.83,8.75,7.67
2026-04-12 22:19:35,10000,7.69,7.02,7.2,7.48,8.53,7.21
2026-04-12 22:19:36,10000,7.28,7.02,7.2,7.68,8.7,7.54
2026-04-12 22:19:36,10000,7.56,7.03,7.17,7.83,8.69,7.64
2026-04-12 22:19:36,10000,7.67,7.02,7.16,7.82,8.77,7.29
2026-04-12 22:19:37,10000,7.38,7.02,7.18,7.76,8.66,7.56
2026-04-12 22:19:37,10000,7.63,7.02,7.16,7.79,8.75,7.72
2026-04-12 22:19:37,10000,7.68,7.03,7.21,7.48,8.45,7.2
2026-04-12 22:19:38,10000,7.28,7.02,7.2,7.65,8.54,7.56
2026-04-12 22:19:38,10000,7.58,7.02,7.23,7.46,8.48,7.2
2026-04-12 22:19:38,10000,7.26,7.02,7.21,7.61,8.73,7.49
2026-04-12 22:19:39,10000,7.53,7.03,7.17,7.72,8.6,7.51
2026-04-12 22:19:39,10000,7.52,7.02,7.23,7.41,8.44,7.35
2026-04-12 22:19:40,10000,7.38,7.02,7.24,7.42,8.44,7.2
2026-04-12 22:19:40,10000,7.25,7.02,7.29,7.38,8.41,7.22
2026-04-12 22:19:40,10000,7.24,7.02,7.23,7.6,8.71,7.36
2026-04-12 22:19:41,10000,7.45,7.03,7.19,7.73,8.68,7.57
2026-04-12 22:19:41,10000,7.59,7.03,7.17,7.82,8.75,7.68
2026-04-12 22:19:41,10000,7.68,7.03,7.16,7.84,8.75,7.68
2026-04-12 22:19:42,10000,7.7,7.03,7.16,7.87,8.71,7.73
2026-04-12 22:19:42,10000,7.73,7.03,7.16,7.9,8.72,7.73
2026-04-12 22:19:42,10000,7.75,7.03,7.15,7.88,8.67,7.75
2026-04-12 22:19:43,10000,7.75,7.03,7.15,7.84,8.71,7.76
2026-04-12 22:19:43,10000,7.72,7.02,7.16,7.9,8.66,7.76
2026-04-12 22:19:43,10000,7.75,7.03,7.15,7.87,8.7,7.74
2026-04-12 22:19:44,10000,7.74,7.03,7.15,7.96,8.71,7.75
2026-04-12 22:19:44,10000,7.75,7.02,7.15,7.94,8.7,7.76
2026-04-12 22:19:44,10000,7.77,7.03,7.15,7.91,8.67,7.75
2026-04-12 22:19:45,10000,7.67,7.03,7.2,7.46,8.49,7.23
2026-04-12 22:19:45,10000,7.31,7.02,7.19,7.67,8.7,7.58
2026-04-12 22:19:46,10000,7.59,7.02,7.22,7.45,8.45,7.19
2026-04-12 22:19:46,10000,7.27,7.02,7.2,7.61,8.71,7.52
2026-04-12 22:19:46,10000,7.56,7.03,7.17,7.76,8.74,7.64
2026-04-12 22:19:47,10000,7.65,7.03,7.16,7.86,8.72,7.69
2026-04-12 22:19:47,10000,7.71,7.03,7.21,7.49,8.52,7.21
2026-04-12 22:19:47,10000,7.28,7.02,7.19,7.7,8.69,7.54
2026-04-12 22:19:48,10000,7.56,7.03,7.17,7.79,8.7,7.67
2026-04-12 22:19:48,10000,7.65,7.03,7.21,7.48,8.48,7.19
2026-04-12 22:19:48,10000,7.28,7.02,7.2,7.66,8.64,7.49
2026-04-12 22:19:49,10000,7.54,7.02,7.17,7.79,8.77,7.59
2026-04-12 22:19:49,10000,7.63,7.02,7.16,7.83,8.66,7.72
2026-04-12 22:19:49,10000,7.69,7.03,7.15,7.84,8.66,7.73
2026-04-12 22:19:50,10000,7.71,7.02,7.16,7.8,8.62,7.68
2026-04-12 22:19:50,10000,7.67,7.02,7.2,7.5,8.54,7.22
2026-04-12 22:19:50,10000,7.29,7.02,7.19,7.63,8.71,7.55
2026-04-12 22:19:51,10000,7.57,7.03,7.17,7.8,8.73,7.66
2026-04-12 22:19:51,10000,7.67,7.03,7.16,7.85,8.75,7.71
2026-04-12 22:19:51,10000,7.7,7.03,7.16,7.82,8.67,7.72
2026-04-12 22:19:52,10000,7.73,7.03,7.15,7.88,8.62,7.73
2026-04-12 22:19:52,10000,7.73,7.03,7.15,7.92,8.66,7.67
2026-04-12 22:19:53,10000,7.73,7.02,7.15,7.96,8.65,7.8
2026-04-12 22:19:53,10000,7.76,7.02,7.15,7.88,8.68,7.76
2026-04-12 22:19:53,10000,7.76,7.03,7.15,7.93,8.71,7.76
2026-04-12 22:19:54,10000,7.76,7.03,7.15,7.95,8.63,7.78
2026-04-12 22:19:54,10000,7.78,7.03,7.15,7.92,8.66,7.78
2026-04-12 22:19:54,10000,7.78,7.03,7.15,7.84,8.51,7.75
2026-04-12 22:19:55,10000,7.73,7.03,7.15,7.94,8.71,7.78
2026-04-12 22:19:55,10000,7.75,7.03,7.15,7.93,8.69,7.76
2026-04-12 22:19:55,10000,7.7,7.03,7.19,7.49,8.5,7.24
2026-04-12 22:19:56,10000,7.32,7.02,7.19,7.69,8.65,7.6
2026-04-12 22:19:56,10000,7.62,7.03,7.17,7.85,8.67,7.69
2026-04-12 22:19:56,10000,7.69,7.03,7.15,7.83,8.72,7.74
2026-04-12 22:19:57,10000,7.72,7.03,7.15,7.94,8.55,7.74
2026-04-12 22:19:57,10000,7.75,7.02,7.15,7.89,8.67,7.77
2026-04-12 22:19:57,10000,7.73,7.03,7.15,7.91,8.64,7.79
2026-04-12 22:19:58,10000,7.73,7.03,7.15,7.95,8.6,7.78
2026-04-12 22:19:58,10000,7.76,7.03,7.15,7.91,8.69,7.81
2026-04-12 22:19:59,10000,7.72,7.03,7.15,7.92,8.66,7.77
2026-04-12 22:19:59,10000,7.75,7.03,7.15,7.93,8.69,7.77
2026-04-12 22:19:59,10000,7.75,7.03,7.15,7.91,8.71,7.73
2026-04-12 22:20:00,10000,7.76,7.03,7.15,7.91,8.69,7.76
2026-04-12 22:20:00,10000,7.76,7.03,7.15,7.93,8.73,7.79
2026-04-12 22:20:00,10000,7.75,7.03,7.16,7.92,8.64,7.82
2026-04-12 22:20:01,10000,7.71,7.02,7.19,7.46,8.48,7.26
2026-04-12 22:20:01,10000,7.31,7.03,7.25,7.42,8.52,7.2
2026-04-12 22:20:01,10000,7.25,7.02,7.21,7.54,8.68,7.2
2026-04-12 22:20:02,10000,7.25,7.02,7.21,7.6,8.6,7.48
2026-04-12 22:20:02,10000,7.52,7.03,7.18,7.77,8.63,7.62
2026-04-12 22:20:02,10000,7.64,7.03,7.16,7.84,8.69,7.68
2026-04-12 22:20:03,10000,7.71,7.03,7.16,7.85,8.68,7.73
2026-04-12 22:20:03,10000,7.7,7.03,7.16,7.87,8.6,7.72
2026-04-12 22:20:03,10000,7.74,7.02,7.2,7.48,8.45,7.24
2026-04-12 22:20:04,10000,7.31,7.02,7.19,7.7,8.67,7.57
2026-04-12 22:20:04,10000,7.59,7.02,7.17,7.81,8.76,7.69
2026-04-12 22:20:05,10000,7.66,7.02,7.22,7.47,8.51,7.2
2026-04-12 22:20:05,10000,7.28,7.02,7.2,7.65,8.72,7.54
2026-04-12 22:20:05,10000,7.56,7.03,7.17,7.8,8.65,7.63
2026-04-12 22:20:06,10000,7.66,7.03,7.15,7.83,8.77,7.71
2026-04-12 22:20:06,10000,7.7,7.02,7.16,7.82,8.62,7.77
2026-04-12 22:20:06,10000,7.66,7.03,7.2,7.49,8.49,7.22
2026-04-12 22:20:07,10000,7.3,7.02,7.19,7.7,8.65,7.57
2026-04-12 22:20:07,10000,7.59,7.02,7.22,7.46,8.48,7.19
2026-04-12 22:20:07,10000,7.27,7.03,7.2,7.6,8.59,7.49
2026-04-12 22:20:08,10000,7.54,7.03,7.17,7.75,8.73,7.65
2026-04-12 22:20:08,10000,7.66,7.03,7.16,7.85,8.73,7.7
2026-04-12 22:20:08,10000,7.7,7.03,7.16,7.85,8.73,7.7
2026-04-12 22:20:09,10000,7.72,7.02,7.16,7.88,8.7,7.7
2026-04-12 22:20:09,10000,7.72,7.02,7.16,7.91,8.67,7.74
2026-04-12 22:20:09,10000,7.75,7.02,7.15,7.88,8.68,7.79
2026-04-12 22:20:10,10000,7.74,7.03,7.15,7.86,8.64,7.77
2026-04-12 22:20:10,10000,7.76,7.03,7.15,7.93,8.61,7.76
2026-04-12 22:20:11,10000,7.77,7.03,7.16,7.92,8.68,7.75
2026-04-12 22:20:11,10000,7.76,7.03,7.15,7.91,8.72,7.75
2026-04-12 22:20:11,10000,7.74,7.03,7.15,7.89,8.68,7.77
2026-04-12 22:20:12,10000,7.69,7.02,7.19,7.51,8.43,7.28
2026-04-12 22:20:12,10000,7.34,7.03,7.24,7.39,8.45,7.2
2026-04-12 22:20:12,10000,7.26,7.02,7.22,7.67,8.55,7.49
2026-04-12 22:20:13,10000,7.55,7.03,7.18,7.73,8.77,7.6
2026-04-12 22:20:13,10000,7.65,7.03,7.17,7.78,8.71,7.66
2026-04-12 22:20:13,10000,7.69,7.03,7.16,7.86,8.7,7.68
2026-04-12 22:20:14,10000,7.71,7.03,7.15,7.9,8.72,7.75
2026-04-12 22:20:14,10000,7.74,7.03,7.19,7.53,8.53,7.22
2026-04-12 22:20:14,10000,7.29,7.02,7.2,7.61,8.57,7.55
2026-04-12 22:20:15,10000,7.58,7.03,7.17,7.79,8.7,7.69
2026-04-12 22:20:15,10000,7.67,7.03,7.16,7.84,8.68,7.71
2026-04-12 22:20:15,10000,7.72,7.03,7.15,7.88,8.7,7.73
2026-04-12 22:20:16,10000,7.72,7.03,7.15,7.89,8.72,7.69
2026-04-12 22:20:16,10000,7.75,7.02,7.16,7.92,8.71,7.77
2026-04-12 22:20:17,10000,7.74,7.02,7.16,7.83,8.66,7.78
2026-04-12 22:20:17,10000,7.74,7.02,7.15,7.86,8.64,7.71
2026-04-12 22:20:17,10000,7.67,7.02,7.19,7.53,8.55,7.24
2026-04-12 22:20:18,10000,7.32,7.02,7.18,7.68,8.69,7.6
2026-04-12 22:20:18,10000,7.61,7.03,7.17,7.81,8.69,7.69
2026-04-12 22:20:18,10000,7.68,7.03,7.16,7.86,8.68,7.72
2026-04-12 22:20:19,10000,7.73,7.03,7.15,7.88,8.72,7.74
2026-04-12 22:20:19,10000,7.77,7.03,7.15,7.83,8.66,7.78
2026-04-12 22:20:19,10000,7.73,7.03,7.16,7.92,8.69,7.77
2026-04-12 22:20:20,10000,7.76,7.03,7.15,7.9,8.73,7.76
2026-04-12 22:20:20,10000,7.75,7.03,7.15,7.94,8.61,7.74
2026-04-12 22:20:20,10000,7.75,7.02,7.15,7.93,8.69,7.78
2026-04-12 22:20:21,10000,7.74,7.03,7.15,7.92,8.71,7.81
2026-04-12 22:20:21,10000,7.77,7.03,7.19,7.53,8.5,7.25
2026-04-12 22:20:21,10000,7.33,7.03,7.19,7.59,8.6,7.57
2026-04-12 22:20:22,10000,7.6,7.03,7.17,7.81,8.7,7.67
2026-04-12 22:20:22,10000,7.71,7.03,7.16,7.86,8.58,7.71
2026-04-12 22:20:23,10000,7.66,7.03,7.21,7.43,8.45,7.23
2026-04-12 22:20:23,10000,7.29,7.03,7.26,7.39,8.41,7.21
2026-04-12 22:20:23,10000,7.25,7.02,7.22,7.62,8.68,7.46
2026-04-12 22:20:24,10000,7.5,7.03,7.25,7.41,8.47,7.2
2026-04-12 22:20:24,10000,7.25,7.03,7.21,7.64,8.67,7.45
2026-04-12 22:20:24,10000,7.52,7.02,7.18,7.73,8.76,7.61
2026-04-12 22:20:25,10000,7.62,7.03,7.22,7.46,8.43,7.19
2026-04-12 22:20:25,10000,7.27,7.02,7.2,7.66,8.75,7.55
2026-04-12 22:20:25,10000,7.56,7.02,7.17,7.73,8.74,7.66
2026-04-12 22:20:26,10000,7.63,7.03,7.16,7.85,8.69,7.68
2026-04-12 22:20:26,10000,7.7,7.02,7.16,7.87,8.69,7.74
2026-04-12 22:20:26,10000,7.71,7.03,7.17,7.75,8.67,7.67
2026-04-12 22:20:27,10000,7.72,7.03,7.16,7.89,8.7,7.75
2026-04-12 22:20:27,10000,7.74,7.03,7.19,7.51,8.52,7.23
2026-04-12 22:20:27,10000,7.31,7.02,7.25,7.37,8.49,7.21
2026-04-12 22:20:28,10000,7.25,7.02,7.2,7.57,8.72,7.42
2026-04-12 22:20:28,10000,7.46,7.03,7.25,7.4,8.41,7.2
2026-04-12 22:20:29,10000,7.25,7.03,7.27,7.39,8.58,7.27
2026-04-12 22:20:29,10000,7.31,7.03,7.25,7.44,8.53,7.3
2026-04-12 22:20:29,10000,7.35,7.03,7.24,7.42,8.5,7.21
2026-04-12 22:20:30,10000,7.24,7.02,7.21,7.58,8.66,7.41
2026-04-12 22:20:30,10000,7.48,7.03,7.18,7.75,8.67,7.58
2026-04-12 22:20:30,10000,7.61,7.03,7.17,7.79,8.68,7.65
2026-04-12 22:20:31,10000,7.66,7.02,7.16,7.84,8.62,7.7
2026-04-12 22:20:31,10000,7.71,7.03,7.16,7.87,8.73,7.74
2026-04-12 22:20:31,10000,7.71,7.03,7.15,7.92,8.69,7.75
2026-04-12 22:20:32,10000,7.73,7.03,7.15,7.93,8.76,7.76
2026-04-12 22:20:32,10000,7.75,7.03,7.21,7.48,8.47,7.22
2026-04-12 22:20:32,10000,7.31,7.03,7.19,7.66,8.7,7.54
2026-04-12 22:20:33,10000,7.58,7.03,7.17,7.74,8.72,7.67
2026-04-12 22:20:33,10000,7.67,7.03,7.16,7.82,8.7,7.72
2026-04-12 22:20:34,10000,7.74,7.03,7.16,7.82,8.76,7.31
2026-04-12 22:20:34,10000,7.39,7.02,7.18,7.76,8.78,7.59
2026-04-12 22:20:34,10000,7.63,7.03,7.17,7.75,8.73,7.68
2026-04-12 22:20:35,10000,7.62,7.03,7.21,7.5,8.46,7.21
2026-04-12 22:20:35,10000,7.29,7.02,7.19,7.69,8.69,7.58
2026-04-12 22:20:35,10000,7.58,7.03,7.22,7.46,8.44,7.19
2026-04-12 22:20:36,10000,7.27,7.03,7.2,7.6,8.62,7.5
2026-04-12 22:20:36,10000,7.54,7.03,7.18,7.78,8.64,7.64
2026-04-12 22:20:36,10000,7.65,7.03,7.16,7.82,8.74,7.66
2026-04-12 22:20:37,10000,7.69,7.03,7.16,7.88,8.7,7.73
2026-04-12 22:20:37,10000,7.72,7.03,7.16,7.86,8.67,7.72
2026-04-12 22:20:37,10000,7.73,7.03,7.16,7.89,8.76,7.77
2026-04-12 22:20:38,10000,7.75,7.03,7.15,7.89,8.72,7.77
2026-04-12 22:20:38,10000,7.74,7.03,7.16,7.89,8.61,7.79
2026-04-12 22:20:38,10000,7.74,7.03,7.15,7.87,8.52,7.75
2026-04-12 22:20:39,10000,7.77,7.03,7.16,7.83,8.78,7.78
2026-04-12 22:20:39,10000,7.75,7.03,7.15,7.92,8.54,7.79
2026-04-12 22:20:40,10000,7.75,7.03,7.15,7.76,8.63,7.68
2026-04-12 22:20:40,10000,7.6,7.03,7.22,7.51,8.49,7.21
2026-04-12 22:20:40,10000,7.29,7.03,7.2,7.73,8.7,7.58
2026-04-12 22:20:41,10000,7.61,7.03,7.17,7.79,8.65,7.66
2026-04-12 22:20:41,10000,7.68,7.03,7.16,7.88,8.71,7.72
2026-04-12 22:20:41,10000,7.73,7.03,7.15,7.92,8.7,7.71
2026-04-12 22:20:42,10000,7.71,7.03,7.21,7.5,8.47,7.23
2026-04-12 22:20:42,10000,7.31,7.03,7.2,7.6,8.57,7.56
2026-04-12 22:20:42,10000,7.59,7.03,7.17,7.77,8.73,7.66
2026-04-12 22:20:43,10000,7.67,7.03,7.16,7.89,8.72,7.71
2026-04-12 22:20:43,10000,7.72,7.03,7.16,7.91,8.72,7.73
2026-04-12 22:20:43,10000,7.74,7.03,7.16,7.89,8.62,7.7
2026-04-12 22:20:44,10000,7.75,7.03,7.16,7.83,8.7,7.79
2026-04-12 22:20:44,10000,7.75,7.02,7.16,7.91,8.59,7.8
2026-04-12 22:20:44,10000,7.76,7.02,7.15,7.89,8.76,7.75
2026-04-12 22:20:45,10000,7.76,7.03,7.15,7.87,8.67,7.78
2026-04-12 22:20:45,10000,7.69,7.03,7.2,7.53,8.46,7.25
2026-04-12 22:20:46,10000,7.32,7.02,7.19,7.7,8.73,7.6
2026-04-12 22:20:46,10000,7.61,7.03,7.17,7.81,8.71,7.65
2026-04-12 22:20:46,10000,7.69,7.03,7.16,7.87,8.74,7.76
2026-04-12 22:20:47,10000,7.72,7.03,7.16,7.9,8.65,7.74
2026-04-12 22:20:47,10000,7.75,7.03,7.16,7.88,8.74,7.77
2026-04-12 22:20:47,10000,7.74,7.03,7.15,7.92,8.66,7.78
2026-04-12 22:20:48,10000,7.77,7.02,7.15,7.88,8.65,7.76
2026-04-12 22:20:48,10000,7.75,7.03,7.15,7.96,8.6,7.81
2026-04-12 22:20:48,10000,7.77,7.03,7.16,7.89,8.73,7.81
2026-04-12 22:20:49,10000,7.77,7.03,7.15,7.93,8.59,7.81
2026-04-12 22:20:49,10000,7.78,7.03,7.15,7.95,8.66,7.74
2026-04-12 22:20:49,10000,7.77,7.03,7.15,7.95,8.66,7.81
2026-04-12 22:20:50,10000,7.75,7.03,7.15,7.92,8.74,7.78
2026-04-12 22:20:50,10000,7.77,7.03,7.16,7.93,8.68,7.42
2026-04-12 22:20:50,10000,7.42,7.02,7.23,7.41,8.42,7.2
2026-04-12 22:20:51,10000,7.27,7.03,7.27,7.38,8.48,7.22
2026-04-12 22:20:51,10000,7.25,7.02,7.22,7.55,8.72,7.43
2026-04-12 22:20:52,10000,7.48,7.02,7.18,7.7,8.55,7.58
2026-04-12 22:20:52,10000,7.61,7.03,7.17,7.78,8.66,7.68
2026-04-12 22:20:52,10000,7.69,7.03,7.16,7.86,8.7,7.71
2026-04-12 22:20:53,10000,7.73,7.03,7.16,7.9,8.72,7.68
2026-04-12 22:20:53,10000,7.74,7.03,7.16,7.91,8.69,7.76
2026-04-12 22:20:53,10000,7.73,7.03,7.15,7.9,8.72,7.78
2026-04-12 22:20:54,10000,7.74,7.02,7.15,7.94,8.73,7.75
2026-04-12 22:20:54,10000,7.76,7.03,7.15,7.94,8.71,7.72
2026-04-12 22:20:54,10000,7.74,7.03,7.15,7.9,8.65,7.76
2026-04-12 22:20:55,10000,7.75,7.03,7.15,7.9,8.66,7.78
2026-04-12 22:20:55,10000,7.76,7.03,7.16,7.87,8.66,7.75
2026-04-12 22:20:55,10000,7.77,7.03,7.15,7.95,8.64,7.8
2026-04-12 22:20:56,10000,7.77,7.03,7.2,7.46,8.46,7.26
2026-04-12 22:20:56,10000,7.31,7.03,7.19,7.66,8.57,7.56
2026-04-12 22:20:56,10000,7.52,7.03,7.22,7.4,8.46,7.19
2026-04-12 22:20:57,10000,7.27,7.03,7.21,7.64,8.66,7.51
2026-04-12 22:20:57,10000,7.54,7.02,7.18,7.68,8.72,7.65
2026-04-12 22:20:58,10000,7.66,7.03,7.16,7.83,8.61,7.7
2026-04-12 22:20:58,10000,7.7,7.03,7.16,7.83,8.68,7.69
2026-04-12 22:20:58,10000,7.72,7.03,7.16,7.91,8.68,7.75
2026-04-12 22:20:59,10000,7.74,7.03,7.15,7.95,8.74,7.73
2026-04-12 22:20:59,10000,7.73,7.03,7.16,7.94,8.64,7.77
2026-04-12 22:20:59,10000,7.76,7.03,7.15,7.9,8.7,7.77
2026-04-12 22:21:00,10000,7.76,7.03,7.15,7.9,8.7,7.74
2026-04-12 22:21:00,10000,7.76,7.03,7.15,7.96,8.75,7.81
2026-04-12 22:21:00,10000,7.78,7.03,7.15,7.84,8.65,7.76
2026-04-12 22:21:01,10000,7.76,7.03,7.15,7.95,8.54,7.76
2026-04-12 22:21:01,10000,7.77,7.03,7.16,7.92,8.67,7.76
2026-04-12 22:21:01,10000,7.75,7.02,7.15,7.86,8.6,7.78
2026-04-12 22:21:02,10000,7.64,7.02,7.2,7.52,8.54,7.6
2026-04-12 22:21:02,10000,7.55,7.02,7.16,7.83,8.54,7.7
2026-04-12 22:21:02,10000,7.73,7.03,7.16,7.84,8.68,7.76
2026-04-12 22:21:03,10000,7.73,7.03,7.19,7.52,8.52,7.23
2026-04-12 22:21:03,10000,7.3,7.03,7.19,7.57,8.68,7.2
2026-04-12 22:21:04,10000,7.28,7.03,7.2,7.7,8.68,7.52
2026-04-12 22:21:04,10000,7.57,7.03,7.17,7.8,8.67,7.66
2026-04-12 22:21:04,10000,7.67,7.03,7.16,7.86,8.67,7.68
2026-04-12 22:21:05,10000,7.69,7.03,7.16,7.78,8.74,7.75
2026-04-12 22:21:05,10000,7.72,7.03,7.15,7.94,8.73,7.77
2026-04-12 22:21:05,10000,7.77,7.03,7.2,7.51,8.45,7.24
2026-04-12 22:21:06,10000,7.32,7.02,7.19,7.67,8.73,7.56
2026-04-12 22:21:06,10000,7.58,7.03,7.17,7.78,8.74,7.7
2026-04-12 22:21:06,10000,7.66,7.03,7.21,7.49,8.47,7.21
2026-04-12 22:21:07,10000,7.29,7.02,7.19,7.67,8.7,7.58
2026-04-12 22:21:07,10000,7.59,7.03,7.17,7.77,8.67,7.67
2026-04-12 22:21:07,10000,7.62,7.03,7.21,7.47,8.47,7.21
2026-04-12 22:21:08,10000,7.28,7.03,7.21,7.61,8.73,7.51
2026-04-12 22:21:08,10000,7.56,7.03,7.17,7.81,8.65,7.67
2026-04-12 22:21:08,10000,7.67,7.03,7.17,7.82,8.7,7.69
2026-04-12 22:21:09,10000,7.72,7.03,7.21,7.47,8.4,7.21
2026-04-12 22:21:09,10000,7.29,7.03,7.2,7.66,8.71,7.55
2026-04-12 22:21:10,10000,7.59,7.03,7.17,7.79,8.69,7.72
2026-04-12 22:21:10,10000,7.67,7.03,7.16,7.87,8.69,7.7
2026-04-12 22:21:10,10000,7.73,7.03,7.16,7.86,8.75,7.74
2026-04-12 22:21:11,10000,7.71,7.03,7.16,7.91,8.69,7.75
2026-04-12 22:21:11,10000,7.75,7.03,7.15,7.9,8.77,7.77
2026-04-12 22:21:11,10000,7.77,7.03,7.2,7.5,8.49,7.22
2026-04-12 22:21:12,10000,7.31,7.03,7.2,7.69,8.68,7.56
2026-04-12 22:21:12,10000,7.59,7.02,7.17,7.79,8.7,7.69
2026-04-12 22:21:12,10000,7.66,7.03,7.16,7.77,8.71,7.73
2026-04-12 22:21:13,10000,7.73,7.03,7.16,7.88,8.65,7.65
2026-04-12 22:21:13,10000,7.59,7.02,7.21,7.46,8.48,7.19
2026-04-12 22:21:13,10000,7.27,7.02,7.21,7.63,8.68,7.52
2026-04-12 22:21:14,10000,7.55,7.02,7.18,7.75,8.64,7.68
2026-04-12 22:21:14,10000,7.67,7.03,7.16,7.82,8.52,7.7
2026-04-12 22:21:14,10000,7.73,7.03,7.16,7.88,8.71,7.76
2026-04-12 22:21:15,10000,7.74,7.03,7.2,7.5,8.48,7.22
2026-04-12 22:21:15,10000,7.3,7.02,7.26,7.37,8.41,7.2
2026-04-12 22:21:16,10000,7.25,7.02,7.22,7.63,8.69,7.46
2026-04-12 22:21:16,10000,7.51,7.03,7.18,7.73,8.78,7.63
2026-04-12 22:21:16,10000,7.63,7.03,7.16,7.8,8.79,7.7
2026-04-12 22:21:17,10000,7.7,7.03,7.16,7.84,8.64,7.73
2026-04-12 22:21:17,10000,7.74,7.03,7.16,7.89,8.62,7.77
2026-04-12 22:21:17,10000,7.74,7.03,7.16,7.85,8.65,7.76
2026-04-12 22:21:18,10000,7.76,7.03,7.15,7.9,8.54,7.78
2026-04-12 22:21:18,10000,7.78,7.03,7.16,7.84,8.69,7.73
2026-04-12 22:21:18,10000,7.68,7.03,7.19,7.53,8.44,7.24
2026-04-12 22:21:19,10000,7.32,7.02,7.2,7.69,8.65,7.57
2026-04-12 22:21:19,10000,7.6,7.03,7.17,7.78,8.71,7.7
2026-04-12 22:21:19,10000,7.68,7.03,7.16,7.83,8.69,7.72
2026-04-12 22:21:20,10000,7.73,7.03,7.16,7.9,8.65,7.76
2026-04-12 22:21:20,10000,7.74,7.03,7.16,7.88,8.69,7.72
2026-04-12 22:21:20,10000,7.74,7.03,7.16,7.92,8.7,7.77
2026-04-12 22:21:21,10000,7.76,7.03,7.16,7.89,8.65,7.77
2026-04-12 22:21:21,10000,7.77,7.03,7.15,7.92,8.74,7.79
2026-04-12 22:21:22,10000,7.77,7.03,7.16,7.93,8.74,7.78
2026-04-12 22:21:22,10000,7.75,7.03,7.15,7.95,8.71,7.78
2026-04-12 22:21:22,10000,7.78,7.03,7.15,7.86,8.74,7.72
2026-04-12 22:21:23,10000,7.75,7.03,7.15,7.96,8.66,7.78
2026-04-12 22:21:23,10000,7.78,7.03,7.15,7.98,8.7,7.81
2026-04-12 22:21:23,10000,7.79,7.03,7.15,7.85,8.64,7.67
2026-04-12 22:21:24,10000,7.64,7.02,7.16,7.84,8.67,7.68
2026-04-12 22:21:24,10000,7.64,7.02,7.2,7.52,8.5,7.23
2026-04-12 22:21:24,10000,7.31,7.02,7.2,7.65,8.73,7.56
2026-04-12 22:21:25,10000,7.6,7.03,7.16,7.77,8.68,7.65
2026-04-12 22:21:25,10000,7.69,7.03,7.16,7.86,8.73,7.71
2026-04-12 22:21:25,10000,7.72,7.03,7.17,7.83,8.7,7.71
2026-04-12 22:21:26,10000,7.71,7.03,7.16,7.82,8.77,7.74
2026-04-12 22:21:26,10000,7.73,7.03,7.16,7.89,8.72,7.77
2026-04-12 22:21:26,10000,7.74,7.03,7.15,7.94,8.7,7.75
2026-04-12 22:21:27,10000,7.76,7.03,7.16,7.79,8.71,7.76
2026-04-12 22:21:27,10000,7.76,7.03,7.15,7.91,8.57,7.71
2026-04-12 22:21:28,10000,7.75,7.03,7.15,7.92,8.7,7.74
2026-04-12 22:21:28,10000,7.77,7.03,7.19,7.55,8.44,7.25
2026-04-12 22:21:28,10000,7.33,7.02,7.19,7.58,8.65,7.21
2026-04-12 22:21:29,10000,7.29,7.02,7.19,7.67,8.71,7.54
2026-04-12 22:21:29,10000,7.55,7.02,7.17,7.67,8.69,7.26
2026-04-12 22:21:29,10000,7.31,7.02,7.19,7.71,8.76,7.52
2026-04-12 22:21:30,10000,7.57,7.03,7.17,7.8,8.74,7.68
2026-04-12 22:21:30,10000,7.68,7.03,7.16,7.85,8.62,7.74
2026-04-12 22:21:30,10000,7.72,7.02,7.21,7.45,8.43,7.21
2026-04-12 22:21:31,10000,7.29,7.02,7.19,7.69,8.63,7.54
2026-04-12 22:21:31,10000,7.57,7.02,7.17,7.75,8.71,7.69
2026-04-12 22:21:31,10000,7.65,7.02,7.16,7.85,8.68,7.72
2026-04-12 22:21:32,10000,7.74,7.02,7.15,7.85,8.71,7.76
2026-04-12 22:21:32,10000,7.73,7.03,7.15,7.92,8.64,7.77
2026-04-12 22:21:32,10000,7.73,7.03,7.15,7.87,8.74,7.74
2026-04-12 22:21:33,10000,7.76,7.03,7.15,7.93,8.66,7.78
2026-04-12 22:21:33,10000,7.75,7.02,7.15,7.93,8.66,7.74
2026-04-12 22:21:34,10000,7.76,7.03,7.15,7.88,8.71,7.75
2026-04-12 22:21:34,10000,7.74,7.03,7.15,7.92,8.61,7.77
2026-04-12 22:21:34,10000,7.76,7.02,7.15,7.85,8.7,7.75
2026-04-12 22:21:35,10000,7.69,7.03,7.19,7.53,8.5,7.24
2026-04-12 22:21:35,10000,7.32,7.03,7.18,7.67,8.7,7.61
2026-04-12 22:21:35,10000,7.62,7.03,7.17,7.82,8.62,7.67
2026-04-12 22:21:36,10000,7.67,7.03,7.16,7.78,8.68,7.73
2026-04-12 22:21:36,10000,7.71,7.03,7.16,7.88,8.6,7.71
2026-04-12 22:21:36,10000,7.74,7.03,7.16,7.9,8.69,7.78
2026-04-12 22:21:37,10000,7.74,7.03,7.15,7.93,8.66,7.76
2026-04-12 22:21:37,10000,7.77,7.03,7.16,7.9,8.63,7.77
2026-04-12 22:21:37,10000,7.77,7.03,7.2,7.48,8.49,7.24
2026-04-12 22:21:38,10000,7.31,7.03,7.19,7.67,8.67,7.57
2026-04-12 22:21:38,10000,7.59,7.02,7.17,7.8,8.74,7.68
2026-04-12 22:21:38,10000,7.66,7.03,7.21,7.49,8.49,7.2
2026-04-12 22:21:39,10000,7.29,7.02,7.19,7.68,8.69,7.54
2026-04-12 22:21:39,10000,7.58,7.03,7.17,7.77,8.7,7.58
2026-04-12 22:21:40,10000,7.65,7.03,7.16,7.83,8.62,7.72
2026-04-12 22:21:40,10000,7.67,7.02,7.19,7.51,8.47,7.22
2026-04-12 22:21:40,10000,7.3,7.02,7.19,7.67,8.67,7.56
2026-04-12 22:21:41,10000,7.6,7.03,7.17,7.75,8.68,7.67
2026-04-12 22:21:41,10000,7.68,7.03,7.16,7.85,8.66,7.72
2026-04-12 22:21:41,10000,7.73,7.02,7.15,7.9,8.74,7.69
2026-04-12 22:21:42,10000,7.73,7.03,7.16,7.87,8.67,7.77
2026-04-12 22:21:42,10000,7.75,7.03,7.15,7.9,8.66,7.79
2026-04-12 22:21:42,10000,7.75,7.03,7.15,7.88,8.71,7.76
2026-04-12 22:21:43,10000,7.75,7.03,7.15,7.89,8.74,7.79
2026-04-12 22:21:43,10000,7.76,7.03,7.16,7.93,8.62,7.78
2026-04-12 22:21:43,10000,7.76,7.02,7.15,7.89,8.68,7.77
2026-04-12 22:21:44,10000,7.76,7.03,7.15,7.88,8.61,7.77
2026-04-12 22:21:44,10000,7.77,7.03,7.15,7.92,8.64,7.8
2026-04-12 22:21:44,10000,7.77,7.03,7.19,7.53,8.43,7.27
2026-04-12 22:21:45,10000,7.35,7.02,7.19,7.57,8.7,7.5
2026-04-12 22:21:45,10000,7.49,7.02,7.23,7.44,8.44,7.19
2026-04-12 22:21:46,10000,7.26,7.02,7.27,7.34,8.44,7.21
2026-04-12 22:21:46,10000,7.25,7.02,7.28,7.36,8.46,7.22
2026-04-12 22:21:46,10000,7.25,7.02,7.23,7.55,8.47,7.35
2026-04-12 22:21:47,10000,7.43,7.03,7.18,7.7,8.73,7.59
2026-04-12 22:21:47,10000,7.58,7.03,7.17,7.76,8.7,7.65
2026-04-12 22:21:47,10000,7.67,7.03,7.16,7.74,8.54,7.69
2026-04-12 22:21:48,10000,7.7,7.03,7.16,7.85,8.72,7.73
2026-04-12 22:21:48,10000,7.71,7.03,7.2,7.5,8.51,7.21
2026-04-12 22:21:48,10000,7.29,7.03,7.2,7.6,8.69,7.55
2026-04-12 22:21:49,10000,7.57,7.03,7.17,7.8,8.66,7.68
2026-04-12 22:21:49,10000,7.68,7.03,7.16,7.83,8.78,7.71
2026-04-12 22:21:49,10000,7.71,7.03,7.16,7.87,8.66,7.76
2026-04-12 22:21:50,10000,7.73,7.03,7.15,7.88,8.56,7.75
2026-04-12 22:21:50,10000,7.76,7.03,7.16,7.92,8.75,7.77
2026-04-12 22:21:51,10000,7.77,7.03,7.19,7.52,8.48,7.23
2026-04-12 22:21:51,10000,7.31,7.02,7.2,7.57,8.63,7.47
2026-04-12 22:21:51,10000,7.47,7.02,7.24,7.41,8.45,7.2
2026-04-12 22:21:52,10000,7.26,7.03,7.21,7.66,8.71,7.48
2026-04-12 22:21:52,10000,7.53,7.03,7.18,7.73,8.71,7.63
2026-04-12 22:21:52,10000,7.65,7.03,7.17,7.84,8.67,7.69
2026-04-12 22:21:53,10000,7.69,7.03,7.16,7.85,8.72,7.73
2026-04-12 22:21:53,10000,7.74,7.03,7.21,7.5,8.43,7.22
2026-04-12 22:21:53,10000,7.3,7.03,7.2,7.66,8.66,7.52
2026-04-12 22:21:54,10000,7.56,7.03,7.17,7.8,8.65,7.67
2026-04-12 22:21:54,10000,7.66,7.03,7.16,7.81,8.72,7.71
2026-04-12 22:21:54,10000,7.73,7.03,7.16,7.84,8.63,7.76
2026-04-12 22:21:55,10000,7.73,7.03,7.15,7.92,8.69,7.74
2026-04-12 22:21:55,10000,7.73,7.03,7.16,7.85,8.63,7.77
2026-04-12 22:21:55,10000,7.76,7.03,7.16,7.92,8.6,7.77
2026-04-12 22:21:56,10000,7.76,7.03,7.15,7.92,8.69,7.81
2026-04-12 22:21:56,10000,7.77,7.03,7.15,7.9,8.67,7.79
2026-04-12 22:21:57,10000,7.7,7.03,7.19,7.51,8.47,7.59
2026-04-12 22:21:57,10000,7.56,7.03,7.23,7.41,8.42,7.19
2026-04-12 22:21:57,10000,7.26,7.02,7.21,7.6,8.68,7.53
2026-04-12 22:21:58,10000,7.57,7.02,7.17,7.76,8.66,7.63
2026-04-12 22:21:58,10000,7.67,7.02,7.16,7.83,8.79,7.72
2026-04-12 22:21:58,10000,7.72,7.03,7.16,7.89,8.66,7.7
2026-04-12 22:21:59,10000,7.75,7.03,7.16,7.89,8.63,7.75
2026-04-12 22:21:59,10000,7.77,7.02,7.15,7.85,8.71,7.77
2026-04-12 22:21:59,10000,7.75,7.03,7.16,7.91,8.62,7.7
2026-04-12 22:22:00,10000,7.76,7.03,7.16,7.93,8.61,7.78
2026-04-12 22:22:00,10000,7.78,7.03,7.21,7.52,8.49,7.23
2026-04-12 22:22:00,10000,7.31,7.02,7.18,7.71,8.71,7.56
2026-04-12 22:22:01,10000,7.61,7.03,7.17,7.82,8.67,7.67
2026-04-12 22:22:01,10000,7.7,7.03,7.21,7.47,8.47,7.2
2026-04-12 22:22:01,10000,7.29,7.03,7.24,7.38,8.41,7.21
2026-04-12 22:22:02,10000,7.26,7.03,7.21,7.56,8.69,7.45
2026-04-12 22:22:02,10000,7.45,7.03,7.25,7.44,8.49,7.2
2026-04-12 22:22:03,10000,7.25,7.03,7.22,7.6,8.66,7.45
2026-04-12 22:22:03,10000,7.52,7.03,7.18,7.76,8.64,7.58
2026-04-12 22:22:03,10000,7.64,7.02,7.16,7.8,8.67,7.7
2026-04-12 22:22:04,10000,7.69,7.03,7.21,7.48,8.5,7.2
2026-04-12 22:22:04,10000,7.28,7.03,7.2,7.66,8.72,7.53
2026-04-12 22:22:04,10000,7.57,7.03,7.17,7.77,8.62,7.57
2026-04-12 22:22:05,10000,7.65,7.03,7.16,7.86,8.7,7.74
2026-04-12 22:22:05,10000,7.74,7.03,7.16,7.83,8.7,7.72
2026-04-12 22:22:05,10000,7.74,7.03,7.15,7.89,8.66,7.71
2026-04-12 22:22:06,10000,7.75,7.03,7.16,7.91,8.66,7.79
2026-04-12 22:22:06,10000,7.76,7.03,7.2,7.5,8.49,7.24
2026-04-12 22:22:06,10000,7.32,7.03,7.19,7.6,8.55,7.54
2026-04-12 22:22:07,10000,7.61,7.03,7.17,7.79,8.64,7.67
2026-04-12 22:22:07,10000,7.68,7.03,7.16,7.8,8.74,7.71
2026-04-12 22:22:08,10000,7.66,7.03,7.21,7.51,8.52,7.21
2026-04-12 22:22:08,10000,7.29,7.03,7.2,7.67,8.7,7.58
2026-04-12 22:22:08,10000,7.61,7.03,7.17,7.82,8.68,7.69
2026-04-12 22:22:09,10000,7.7,7.03,7.16,7.81,8.69,7.74
2026-04-12 22:22:09,10000,7.71,7.03,7.16,7.85,8.5,7.75
2026-04-12 22:22:09,10000,7.76,7.03,7.16,7.9,8.75,7.78
2026-04-12 22:22:10,10000,7.75,7.03,7.16,7.89,8.71,7.78
2026-04-12 22:22:10,10000,7.77,7.02,7.15,7.9,8.61,7.75
2026-04-12 22:22:10,10000,7.77,7.03,7.16,7.87,8.56,7.74
2026-04-12 22:22:11,10000,7.75,7.03,7.16,7.93,8.67,7.79
2026-04-12 22:22:11,10000,7.77,7.03,7.15,7.94,8.66,7.73
2026-04-12 22:22:11,10000,7.77,7.03,7.16,7.95,8.63,7.74
2026-04-12 22:22:12,10000,7.74,7.03,7.16,7.91,8.73,7.78
2026-04-12 22:22:12,10000,7.77,7.03,7.15,7.94,8.7,7.78
2026-04-12 22:22:12,10000,7.76,7.03,7.15,7.87,8.63,7.77
2026-04-12 22:22:13,10000,7.7,7.02,7.19,7.51,8.49,7.25
2026-04-12 22:22:13,10000,7.33,7.03,7.19,7.68,8.73,7.61
2026-04-12 22:22:13,10000,7.62,7.03,7.16,7.76,8.64,7.69
2026-04-12 22:22:14,10000,7.71,7.03,7.16,7.85,8.74,7.74
2026-04-12 22:22:14,10000,7.74,7.03,7.16,7.9,8.65,7.76
2026-04-12 22:22:15,10000,7.74,7.03,7.15,7.87,8.67,7.71
2026-04-12 22:22:15,10000,7.74,7.03,7.16,7.91,8.66,7.75
2026-04-12 22:22:15,10000,7.76,7.02,7.15,7.88,8.74,7.77
2026-04-12 22:22:16,10000,7.76,7.03,7.15,7.83,8.63,7.78
2026-04-12 22:22:16,10000,7.76,7.03,7.16,7.94,8.58,7.75
2026-04-12 22:22:16,10000,7.79,7.03,7.16,7.92,8.64,7.78
2026-04-12 22:22:17,10000,7.77,7.02,7.19,7.53,8.4,7.27
2026-04-12 22:22:17,10000,7.34,7.03,7.19,7.66,8.68,7.63
2026-04-12 22:22:17,10000,7.63,7.03,7.16,7.8,8.62,7.69
2026-04-12 22:22:18,10000,7.69,7.03,7.16,7.84,8.62,7.72
2026-04-12 22:22:18,10000,7.68,7.03,7.21,7.47,8.36,7.55
2026-04-12 22:22:18,10000,7.51,7.03,7.23,7.4,8.46,7.2
2026-04-12 22:22:19,10000,7.27,7.02,7.2,7.65,8.74,7.52
2026-04-12 22:22:19,10000,7.55,7.03,7.23,7.4,8.45,7.2
2026-04-12 22:22:19,10000,7.26,7.02,7.2,7.67,8.72,7.49
2026-04-12 22:22:20,10000,7.52,7.02,7.18,7.76,8.78,7.66
2026-04-12 22:22:20,10000,7.66,7.03,7.16,7.81,8.64,7.71
2026-04-12 22:22:21,10000,7.7,7.03,7.16,7.81,8.69,7.31
2026-04-12 22:22:21,10000,7.38,7.03,7.18,7.74,8.76,7.58
2026-04-12 22:22:21,10000,7.63,7.03,7.17,7.78,8.67,7.69
2026-04-12 22:22:22,10000,7.68,7.03,7.16,7.85,8.65,7.73
2026-04-12 22:22:22,10000,7.74,7.03,7.16,7.9,8.74,7.73
2026-04-12 22:22:22,10000,7.76,7.03,7.15,7.88,8.75,7.77
2026-04-12 22:22:23,10000,7.76,7.02,7.2,7.48,8.49,7.22
2026-04-12 22:22:23,10000,7.3,7.03,7.19,7.69,8.63,7.57
2026-04-12 22:22:23,10000,7.59,7.03,7.17,7.65,8.66,7.27
2026-04-12 22:22:24,10000,7.32,7.02,7.19,7.7,8.71,7.59
2026-04-12 22:22:24,10000,7.61,7.02,7.17,7.81,8.65,7.68
2026-04-12 22:22:24,10000,7.69,7.03,7.16,7.8,8.71,7.75
2026-04-12 22:22:25,10000,7.73,7.03,7.16,7.86,8.76,7.75
2026-04-12 22:22:25,10000,7.74,7.03,7.16,7.88,8.67,7.78
2026-04-12 22:22:25,10000,7.75,7.03,7.16,7.88,8.72,7.77
2026-04-12 22:22:26,10000,7.77,7.03,7.16,7.92,8.63,7.8
2026-04-12 22:22:26,10000,7.78,7.03,7.16,7.93,8.68,7.78
2026-04-12 22:22:27,10000,7.77,7.03,7.15,7.98,8.71,7.57
2026-04-12 22:22:27,10000,7.77,7.03,7.15,7.93,8.65,7.81
2026-04-12 22:22:27,10000,7.8,7.03,7.19,7.54,8.42,7.26
2026-04-12 22:22:28,10000,7.34,7.03,7.19,7.62,8.65,7.62
2026-04-12 22:22:28,10000,7.63,7.02,7.16,7.8,8.72,7.7
2026-04-12 22:22:28,10000,7.72,7.03,7.16,7.84,8.64,7.74
2026-04-12 22:22:29,10000,7.74,7.03,7.16,7.8,8.63,7.76
2026-04-12 22:22:29,10000,7.71,7.03,7.21,7.49,8.46,7.21
2026-04-12 22:22:29,10000,7.29,7.02,7.2,7.67,8.72,7.55
2026-04-12 22:22:30,10000,7.6,7.03,7.17,7.72,8.72,7.68
2026-04-12 22:22:30,10000,7.68,7.03,7.16,7.73,8.62,7.7
2026-04-12 22:22:30,10000,7.72,7.03,7.16,7.9,8.63,7.72
2026-04-12 22:22:31,10000,7.76,7.03,7.15,7.85,8.76,7.75
2026-04-12 22:22:31,10000,7.74,7.03,7.15,7.84,8.7,7.76
2026-04-12 22:22:31,10000,7.75,7.03,7.15,7.89,8.63,7.75
2026-04-12 22:22:32,10000,7.77,7.03,7.15,7.95,8.62,7.8
2026-04-12 22:22:32,10000,7.8,7.03,7.15,7.92,8.66,7.79
2026-04-12 22:22:33,10000,7.79,7.03,7.15,7.92,8.63,7.83
2026-04-12 22:22:33,10000,7.78,7.03,7.15,7.94,8.67,7.77
2026-04-12 22:22:33,10000,7.78,7.03,7.15,7.96,8.7,7.81
2026-04-12 22:22:34,10000,7.77,7.02,7.19,7.46,8.45,7.25
2026-04-12 22:22:34,10000,7.33,7.02,7.19,7.66,8.69,7.62
2026-04-12 22:22:34,10000,7.57,7.02,7.22,7.46,8.46,7.2
2026-04-12 22:22:35,10000,7.27,7.02,7.2,7.65,8.73,7.54
2026-04-12 22:22:35,10000,7.57,7.03,7.18,7.77,8.69,7.62
2026-04-12 22:22:35,10000,7.68,7.03,7.16,7.82,8.68,7.72
2026-04-12 22:22:36,10000,7.7,7.02,7.15,7.88,8.65,7.75
2026-04-12 22:22:36,10000,7.74,7.03,7.16,7.91,8.64,7.74
2026-04-12 22:22:36,10000,7.75,7.03,7.16,7.86,8.69,7.78
2026-04-12 22:22:37,10000,7.76,7.03,7.15,7.85,8.63,7.78
2026-04-12 22:22:37,10000,7.77,7.03,7.16,7.84,8.65,7.75
2026-04-12 22:22:37,10000,7.77,7.03,7.16,7.82,8.71,7.76
2026-04-12 22:22:38,10000,7.75,7.03,7.15,7.9,8.72,7.83
2026-04-12 22:22:38,10000,7.77,7.03,7.15,7.84,8.72,7.72
2026-04-12 22:22:38,10000,7.76,7.03,7.15,7.94,8.66,7.79
2026-04-12 22:22:39,10000,7.77,7.03,7.15,7.91,8.68,7.78
2026-04-12 22:22:39,10000,7.77,7.03,7.16,7.93,8.63,7.76
2026-04-12 22:22:40,10000,7.75,7.03,7.15,7.89,8.64,7.71
2026-04-12 22:22:40,10000,7.78,7.03,7.15,7.89,8.65,7.8
2026-04-12 22:22:40,10000,7.77,7.03,7.19,7.51,8.47,7.23
2026-04-12 22:22:41,10000,7.32,7.02,7.18,7.6,8.53,7.57
2026-04-12 22:22:41,10000,7.62,7.03,7.17,7.75,8.74,7.69
2026-04-12 22:22:41,10000,7.7,7.03,7.17,7.76,8.51,7.68
2026-04-12 22:22:42,10000,7.66,7.03,7.17,7.82,8.54,7.67
2026-04-12 22:22:42,10000,7.72,7.02,7.16,7.86,8.73,7.71
2026-04-12 22:22:42,10000,7.75,7.03,7.15,7.86,8.71,7.75
2026-04-12 22:22:43,10000,7.73,7.02,7.15,7.87,8.62,7.74
2026-04-12 22:22:43,10000,7.76,7.03,7.15,7.97,8.65,7.75
2026-04-12 22:22:43,10000,7.76,7.03,7.16,7.91,8.7,7.78
2026-04-12 22:22:44,10000,7.79,7.03,7.15,7.9,8.72,7.78
2026-04-12 22:22:44,10000,7.78,7.03,7.15,7.85,8.66,7.75
2026-04-12 22:22:44,10000,7.76,7.03,7.15,7.84,8.72,7.79
2026-04-12 22:22:45,10000,7.67,7.03,7.2,7.51,8.47,7.23
2026-04-12 22:22:45,10000,7.32,7.03,7.19,7.66,8.66,7.58
2026-04-12 22:22:46,10000,7.61,7.02,7.17,7.8,8.63,7.62
2026-04-12 22:22:46,10000,7.69,7.03,7.16,7.88,8.72,7.78
2026-04-12 22:22:46,10000,7.76,7.03,7.16,7.84,8.63,7.74
2026-04-12 22:22:47,10000,7.77,7.03,7.16,7.9,8.63,7.76
2026-04-12 22:22:47,10000,7.74,7.03,7.15,7.93,8.64,7.74
2026-04-12 22:22:47,10000,7.78,7.03,7.15,7.89,8.7,7.79
2026-04-12 22:22:48,10000,7.78,7.03,7.15,7.97,8.63,7.78
2026-04-12 22:22:48,10000,7.78,7.03,7.15,7.93,8.63,7.78
2026-04-12 22:22:48,10000,7.74,7.03,7.19,7.5,8.4,7.25
2026-04-12 22:22:49,10000,7.33,7.03,7.19,7.67,8.68,7.61
2026-04-12 22:22:49,10000,7.64,7.03,7.16,7.77,8.6,7.72
2026-04-12 22:22:49,10000,7.7,7.03,7.16,7.84,8.75,7.71
2026-04-12 22:22:50,10000,7.73,7.03,7.16,7.84,8.65,7.72
2026-04-12 22:22:50,10000,7.71,7.03,7.2,7.5,8.34,7.55
2026-04-12 22:22:50,10000,7.53,7.03,7.22,7.45,8.47,7.19
2026-04-12 22:22:51,10000,7.27,7.03,7.26,7.39,8.44,7.21
2026-04-12 22:22:51,10000,7.25,7.02,7.22,7.58,8.64,7.43
2026-04-12 22:22:52,10000,7.49,7.03,7.18,7.72,8.72,7.63
2026-04-12 22:22:52,10000,7.64,7.03,7.17,7.78,8.73,7.68
2026-04-12 22:22:52,10000,7.71,7.03,7.17,7.84,8.68,7.73
2026-04-12 22:22:53,10000,7.73,7.02,7.16,7.86,8.71,7.71
2026-04-12 22:22:53,10000,7.74,7.03,7.16,7.83,8.71,7.76
2026-04-12 22:22:53,10000,7.78,7.03,7.16,7.87,8.63,7.78
2026-04-12 22:22:54,10000,7.76,7.03,7.16,7.93,8.63,7.78
2026-04-12 22:22:54,10000,7.75,7.03,7.16,7.93,8.71,7.79
2026-04-12 22:22:54,10000,7.78,7.03,7.16,7.92,8.66,7.76
2026-04-12 22:22:55,10000,7.78,7.03,7.15,7.96,8.64,7.79
2026-04-12 22:22:55,10000,7.77,7.03,7.15,7.91,8.71,7.79
2026-04-12 22:22:55,10000,7.78,7.03,7.15,7.82,8.6,7.4
2026-04-12 22:22:56,10000,7.42,7.02,7.24,7.43,8.48,7.19
2026-04-12 22:22:56,10000,7.26,7.03,7.2,7.64,8.72,7.54
2026-04-12 22:22:56,10000,7.56,7.03,7.22,7.44,8.47,7.19
2026-04-12 22:22:57,10000,7.26,7.02,7.25,7.39,8.52,7.22
2026-04-12 22:22:57,10000,7.25,7.02,7.23,7.61,8.67,7.21
2026-04-12 22:22:58,10000,7.25,7.02,7.2,7.63,8.72,7.41
2026-04-12 22:22:58,10000,7.5,7.03,7.18,7.76,8.68,7.63
2026-04-12 22:22:58,10000,7.66,7.02,7.16,7.78,8.67,7.68
2026-04-12 22:22:59,10000,7.69,7.03,7.16,7.82,8.71,7.74
2026-04-12 22:22:59,10000,7.74,7.03,7.15,7.87,8.67,7.78
2026-04-12 22:22:59,10000,7.75,7.03,7.16,7.92,8.65,7.79
2026-04-12 22:23:00,10000,7.76,7.03,7.15,7.89,8.64,7.73
2026-04-12 22:23:00,10000,7.77,7.03,7.16,7.87,8.65,7.74
2026-04-12 22:23:00,10000,7.75,7.02,7.19,7.48,8.49,7.22
2026-04-12 22:23:01,10000,7.31,7.02,7.19,7.61,8.62,7.21
2026-04-12 22:23:01,10000,7.29,7.02,7.2,7.65,8.65,7.56
2026-04-12 22:23:01,10000,7.59,7.02,7.17,7.76,8.66,7.67
2026-04-12 22:23:02,10000,7.67,7.02,7.16,7.76,8.64,7.69
2026-04-12 22:23:02,10000,7.71,7.03,7.16,7.81,8.72,7.69
2026-04-12 22:23:02,10000,7.73,7.03,7.15,7.87,8.69,7.79
2026-04-12 22:23:03,10000,7.76,7.02,7.2,7.5,8.49,7.22
2026-04-12 22:23:03,10000,7.3,7.02,7.19,7.7,8.64,7.6
2026-04-12 22:23:04,10000,7.63,7.03,7.17,7.78,8.7,7.68
2026-04-12 22:23:04,10000,7.69,7.03,7.21,7.48,8.48,7.21
2026-04-12 22:23:04,10000,7.28,7.02,7.2,7.6,8.7,7.51
2026-04-12 22:23:05,10000,7.56,7.03,7.16,7.76,8.71,7.65
2026-04-12 22:23:05,10000,7.66,7.03,7.16,7.83,8.73,7.74
2026-04-12 22:23:05,10000,7.74,7.02,7.2,7.48,8.45,7.22
2026-04-12 22:23:06,10000,7.29,7.03,7.19,7.63,8.69,7.56
2026-04-12 22:23:06,10000,7.59,7.03,7.17,7.74,8.6,7.66
2026-04-12 22:23:06,10000,7.61,7.02,7.22,7.46,8.45,7.19
2026-04-12 22:23:07,10000,7.27,7.02,7.2,7.65,8.55,7.52
2026-04-12 22:23:07,10000,7.57,7.02,7.17,7.71,8.73,7.6
2026-04-12 22:23:07,10000,7.66,7.03,7.16,7.82,8.69,7.71
2026-04-12 22:23:08,10000,7.71,7.03,7.16,7.81,8.73,7.71
2026-04-12 22:23:08,10000,7.69,7.03,7.16,7.91,8.67,7.79
2026-04-12 22:23:09,10000,7.75,7.03,7.16,7.87,8.7,7.78
2026-04-12 22:23:09,10000,7.77,7.03,7.16,7.87,8.66,7.8
2026-04-12 22:23:09,10000,7.79,7.03,7.16,7.9,8.64,7.75
2026-04-12 22:23:10,10000,7.76,7.03,7.15,7.87,8.68,7.77
2026-04-12 22:23:10,10000,7.77,7.03,7.16,7.91,8.61,7.77
2026-04-12 22:23:10,10000,7.75,7.03,7.16,7.86,8.71,7.39
2026-04-12 22:23:11,10000,7.46,7.03,7.17,7.75,8.65,7.63
2026-04-12 22:23:11,10000,7.67,7.03,7.16,7.76,8.7,7.77
2026-04-12 22:23:11,10000,7.73,7.03,7.16,7.78,8.66,7.65
2026-04-12 22:23:12,10000,7.59,7.03,7.23,7.47,8.34,7.2
2026-04-12 22:23:12,10000,7.28,7.02,7.2,7.65,8.68,7.55
2026-04-12 22:23:12,10000,7.58,7.02,7.17,7.76,8.68,7.68
2026-04-12 22:23:13,10000,7.68,7.03,7.16,7.75,8.55,7.71
2026-04-12 22:23:13,10000,7.71,7.03,7.16,7.82,8.65,7.73
2026-04-12 22:23:13,10000,7.74,7.02,7.15,7.85,8.56,7.76
2026-04-12 22:23:14,10000,7.72,7.02,7.15,7.85,8.66,7.75
2026-04-12 22:23:14,10000,7.74,7.03,7.16,7.93,8.74,7.75
2026-04-12 22:23:14,10000,7.77,7.03,7.15,7.91,8.65,7.76
2026-04-12 22:23:15,10000,7.76,7.03,7.15,7.88,8.7,7.8
2026-04-12 22:23:15,10000,7.76,7.03,7.15,7.92,8.66,7.8
2026-04-12 22:23:16,10000,7.8,7.03,7.15,7.96,8.67,7.8
2026-04-12 22:23:16,10000,7.79,7.03,7.15,7.88,8.69,7.82
2026-04-12 22:23:16,10000,7.77,7.03,7.15,7.92,8.64,7.78
2026-04-12 22:23:17,10000,7.77,7.03,7.15,7.84,8.68,7.76
2026-04-12 22:23:17,10000,7.69,7.03,7.2,7.44,8.4,7.24
2026-04-12 22:23:17,10000,7.31,7.03,7.26,7.37,8.46,7.2
2026-04-12 22:23:18,10000,7.25,7.02,7.21,7.64,8.62,7.51
2026-04-12 22:23:18,10000,7.55,7.02,7.17,7.74,8.7,7.63
2026-04-12 22:23:18,10000,7.67,7.03,7.16,7.79,8.62,7.71
2026-04-12 22:23:19,10000,7.71,7.03,7.16,7.87,8.64,7.71
2026-04-12 22:23:19,10000,7.74,7.02,7.15,7.83,8.66,7.77
2026-04-12 22:23:19,10000,7.75,7.03,7.19,7.49,8.46,7.23
2026-04-12 22:23:20,10000,7.3,7.02,7.19,7.6,8.73,7.2
2026-04-12 22:23:20,10000,7.28,7.02,7.2,7.66,8.69,7.54
2026-04-12 22:23:21,10000,7.56,7.02,7.17,7.78,8.71,7.68
2026-04-12 22:23:21,10000,7.68,7.02,7.16,7.8,8.64,7.69
2026-04-12 22:23:21,10000,7.71,7.03,7.16,7.84,8.78,7.79
2026-04-12 22:23:22,10000,7.74,7.03,7.16,7.9,8.62,7.77
2026-04-12 22:23:22,10000,7.75,7.03,7.16,7.81,8.64,7.78
2026-04-12 22:23:22,10000,7.75,7.03,7.15,7.86,8.5,7.78
2026-04-12 22:23:23,10000,7.71,7.03,7.16,7.91,8.76,7.81
2026-04-12 22:23:23,10000,7.77,7.03,7.15,7.9,8.56,7.8
2026-04-12 22:23:23,10000,7.77,7.03,7.15,7.9,8.7,7.77
2026-04-12 22:23:24,10000,7.77,7.03,7.16,7.93,8.7,7.8
2026-04-12 22:23:24,10000,7.77,7.03,7.15,7.9,8.7,7.77
2026-04-12 22:23:24,10000,7.77,7.03,7.15,7.85,8.68,7.78
2026-04-12 22:23:25,10000,7.76,7.03,7.16,7.89,8.62,7.79
2026-04-12 22:23:25,10000,7.81,7.03,7.15,7.94,8.69,7.8
2026-04-12 22:23:25,10000,7.79,7.03,7.15,7.93,8.67,7.79
2026-04-12 22:23:26,10000,7.78,7.02,7.15,7.92,8.6,7.78
2026-04-12 22:23:26,10000,7.79,7.03,7.15,7.92,8.6,7.79
2026-04-12 22:23:26,10000,7.78,7.03,7.19,7.5,8.45,7.27
2026-04-12 22:23:27,10000,7.34,7.02,7.19,7.63,8.62,7.59
2026-04-12 22:23:27,10000,7.61,7.03,7.17,7.75,8.68,7.71
2026-04-12 22:23:28,10000,7.71,7.03,7.16,7.82,8.61,7.73
2026-04-12 22:23:28,10000,7.67,7.03,7.21,7.48,8.47,7.2
2026-04-12 22:23:28,20000,7.3,7.02,7.19,7.66,8.63,7.56
2026-04-12 22:23:29,20000,5.36,7.02,7.15,7.85,8.65,7.72
2026-04-12 22:23:29,20000,7.72,7.02,7.15,7.87,8.75,7.79
2026-04-12 22:23:29,20000,7.76,7.02,7.14,7.9,8.52,7.73
2026-04-12 22:23:30,20000,7.76,7.02,7.14,7.91,8.64,7.77
2026-04-12 22:23:30,20000,7.76,7.02,7.15,7.9,8.67,7.76
2026-04-12 22:23:30,20000,7.76,7.02,7.14,7.91,8.67,7.36
2026-04-12 22:23:31,20000,7.44,7.02,7.16,7.71,8.71,7.64
2026-04-12 22:23:31,20000,7.66,7.02,7.15,7.82,8.71,7.73
2026-04-12 22:23:31,20000,7.72,7.02,7.14,7.88,8.63,7.72
2026-04-12 22:23:32,20000,7.72,7.02,7.14,7.89,8.72,7.79
2026-04-12 22:23:32,20000,7.74,7.02,7.14,7.89,8.71,7.73
2026-04-12 22:23:32,20000,7.76,7.02,7.19,7.52,8.48,7.22
2026-04-12 22:23:33,20000,7.29,7.02,7.18,7.64,8.65,7.55
2026-04-12 22:23:33,20000,7.53,7.02,7.22,7.43,8.37,7.4
2026-04-12 22:23:34,20000,7.42,7.02,7.24,7.41,8.45,7.19
2026-04-12 22:23:34,20000,7.24,7.02,7.19,7.56,8.63,7.46
2026-04-12 22:23:34,20000,7.5,7.02,7.17,7.71,8.75,7.6
2026-04-12 22:23:35,20000,7.62,7.02,7.15,7.88,8.68,7.73
2026-04-12 22:23:35,20000,7.75,7.02,7.2,7.47,8.46,7.2
2026-04-12 22:23:35,20000,7.29,7.02,7.19,7.64,8.62,7.51
2026-04-12 22:23:36,20000,7.56,7.02,7.16,7.75,8.64,7.67
2026-04-12 22:23:36,20000,7.66,7.02,7.15,7.82,8.66,7.7
2026-04-12 22:23:36,20000,7.71,7.02,7.14,7.86,8.69,7.72
2026-04-12 22:23:37,20000,7.71,7.02,7.14,7.85,8.71,7.75
2026-04-12 22:23:37,20000,7.72,7.02,7.14,7.91,8.72,7.78
2026-04-12 22:23:37,20000,7.74,7.02,7.14,7.87,8.7,7.75
2026-04-12 22:23:38,20000,7.76,7.02,7.14,7.91,8.71,7.77
2026-04-12 22:23:38,20000,7.78,7.02,7.14,7.92,8.67,7.8
2026-04-12 22:23:38,20000,7.78,7.02,7.14,7.84,8.63,7.78
2026-04-12 22:23:39,20000,7.71,7.02,7.19,7.47,8.42,7.23
2026-04-12 22:23:39,20000,7.3,7.02,7.18,7.64,8.72,7.58
2026-04-12 22:23:40,20000,7.61,7.02,7.16,7.75,8.69,7.7
2026-04-12 22:23:40,20000,7.68,7.02,7.15,7.84,8.61,7.69
2026-04-12 22:23:40,20000,7.72,7.02,7.15,7.84,8.7,7.76
2026-04-12 22:23:41,20000,7.74,7.02,7.15,7.88,8.71,7.76
2026-04-12 22:23:41,20000,7.76,7.02,7.14,7.89,8.67,7.76
2026-04-12 22:23:41,20000,7.73,7.02,7.15,7.92,8.74,7.8
2026-04-12 22:23:42,20000,7.77,7.02,7.14,7.9,8.67,7.8
2026-04-12 22:23:42,20000,7.77,7.02,7.14,7.92,8.66,7.8
2026-04-12 22:23:42,20000,7.76,7.02,7.14,7.87,8.67,7.75
2026-04-12 22:23:43,20000,7.77,7.03,7.15,7.89,8.68,7.77
2026-04-12 22:23:43,20000,7.77,7.02,7.15,7.9,8.65,7.77
2026-04-12 22:23:43,20000,7.76,7.02,7.14,7.85,8.64,7.78
2026-04-12 22:23:44,20000,7.75,7.02,7.14,7.84,8.6,7.73
2026-04-12 22:23:44,20000,7.68,7.02,7.18,7.5,8.47,7.25
2026-04-12 22:23:44,20000,7.31,7.02,7.24,7.4,8.45,7.18
2026-04-12 22:23:45,20000,7.24,7.02,7.2,7.59,8.73,7.48
2026-04-12 22:23:45,20000,7.52,7.02,7.17,7.73,8.67,7.65
2026-04-12 22:23:46,20000,7.63,7.02,7.21,7.45,8.49,7.18
2026-04-12 22:23:46,20000,7.26,7.02,7.2,7.64,8.69,7.49
2026-04-12 22:23:46,20000,7.53,7.02,7.16,7.76,8.69,7.65
2026-04-12 22:23:47,20000,7.64,7.02,7.15,7.82,8.67,7.72
2026-04-12 22:23:47,20000,7.72,7.02,7.15,7.86,8.65,7.72
2026-04-12 22:23:47,20000,7.74,7.03,7.15,7.84,8.68,7.77
2026-04-12 22:23:48,20000,7.71,7.02,7.15,7.83,8.63,7.74
2026-04-12 22:23:48,20000,7.75,7.02,7.14,7.84,8.63,7.78
2026-04-12 22:23:48,20000,7.76,7.02,7.14,7.87,8.6,7.76
2026-04-12 22:23:49,20000,7.76,7.02,7.15,7.93,8.67,7.78
2026-04-12 22:23:49,20000,7.78,7.02,7.19,7.49,8.42,7.23
2026-04-12 22:23:49,20000,7.32,7.02,7.19,7.64,8.56,7.54
2026-04-12 22:23:50,20000,7.55,7.02,7.23,7.45,8.49,7.18
2026-04-12 22:23:50,20000,7.26,7.02,7.21,7.62,8.66,7.45
2026-04-12 22:23:50,20000,7.54,7.02,7.22,7.41,8.47,7.18
2026-04-12 22:23:51,20000,7.25,7.02,7.2,7.63,8.68,7.48
2026-04-12 22:23:51,20000,7.52,7.02,7.17,7.67,8.72,7.62
2026-04-12 22:23:52,20000,7.66,7.02,7.16,7.75,8.67,7.67
2026-04-12 22:23:52,20000,7.71,7.02,7.15,7.85,8.54,7.71
2026-04-12 22:23:52,20000,7.73,7.02,7.15,7.85,8.77,7.71
2026-04-12 22:23:53,20000,7.75,7.02,7.2,7.48,8.46,7.21
2026-04-12 22:23:53,20000,7.29,7.02,7.19,7.61,8.57,7.54
2026-04-12 22:23:53,20000,7.6,7.02,7.16,7.79,8.55,7.63
2026-04-12 22:23:54,20000,7.68,7.02,7.15,7.84,8.68,7.69
2026-04-12 22:23:54,20000,7.72,7.02,7.15,7.84,8.64,7.74
2026-04-12 22:23:54,20000,7.74,7.02,7.15,7.87,8.66,7.75
2026-04-12 22:23:55,20000,7.76,7.02,7.15,7.8,8.66,7.78
2026-04-12 22:23:55,20000,7.7,7.02,7.2,7.45,8.42,7.21
2026-04-12 22:23:55,20000,7.29,7.02,7.25,7.37,8.51,7.19
2026-04-12 22:23:56,20000,7.23,7.01,7.2,7.62,8.73,7.45
2026-04-12 22:23:56,20000,7.51,7.02,7.24,7.43,8.42,7.19
2026-04-12 22:23:56,20000,7.25,7.02,7.2,7.6,8.69,7.43
2026-04-12 22:23:57,20000,7.5,7.02,7.16,7.76,8.78,7.57
2026-04-12 22:23:57,20000,7.57,7.02,7.16,7.8,8.7,7.65
2026-04-12 22:23:58,20000,7.67,7.02,7.15,7.81,8.69,7.72
2026-04-12 22:23:58,20000,7.72,7.02,7.14,7.91,8.74,7.76
2026-04-12 22:23:58,20000,7.72,7.02,7.15,7.86,8.69,7.75
2026-04-12 22:23:59,20000,7.73,7.02,7.18,7.52,8.49,7.24
2026-04-12 22:23:59,20000,7.33,7.02,7.18,7.61,8.6,7.57
2026-04-12 22:23:59,20000,7.61,7.02,7.15,7.79,8.67,7.65
2026-04-12 22:24:00,20000,7.66,7.02,7.15,7.86,8.68,7.72
2026-04-12 22:24:00,20000,7.71,7.03,7.15,7.85,8.71,7.74
2026-04-12 22:24:00,20000,7.72,7.02,7.14,7.83,8.73,7.33
2026-04-12 22:24:01,20000,7.39,7.02,7.17,7.7,8.7,7.64
2026-04-12 22:24:01,20000,7.63,7.02,7.15,7.8,8.69,7.69
2026-04-12 22:24:01,20000,7.7,7.02,7.16,7.73,8.53,7.72
2026-04-12 22:24:02,20000,7.68,7.02,7.15,7.83,8.66,7.73
2026-04-12 22:24:02,20000,7.74,7.02,7.14,7.9,8.72,7.77
2026-04-12 22:24:02,20000,7.76,7.02,7.14,7.86,8.58,7.74
2026-04-12 22:24:03,20000,7.77,7.02,7.15,7.9,8.63,7.77
2026-04-12 22:24:03,20000,7.78,7.03,7.19,7.53,8.51,7.23
2026-04-12 22:24:04,20000,7.3,7.02,7.18,7.63,8.63,7.61
2026-04-12 22:24:04,20000,7.62,7.02,7.16,7.76,8.72,7.68
2026-04-12 22:24:04,20000,7.7,7.02,7.15,7.84,8.65,7.72
2026-04-12 22:24:05,20000,7.73,7.02,7.14,7.83,8.68,7.74
2026-04-12 22:24:05,20000,7.73,7.02,7.15,7.86,8.71,7.67
2026-04-12 22:24:05,20000,7.76,7.02,7.14,7.92,8.71,7.79
2026-04-12 22:24:06,20000,7.76,7.02,7.19,7.46,8.47,7.25
2026-04-12 22:24:06,20000,7.3,7.02,7.24,7.35,8.39,7.19
2026-04-12 22:24:06,20000,7.24,7.02,7.2,7.59,8.66,7.47
2026-04-12 22:24:07,20000,7.52,7.02,7.17,7.76,8.7,7.63
2026-04-12 22:24:07,20000,7.66,7.02,7.16,7.8,8.68,7.68
2026-04-12 22:24:07,20000,7.69,7.02,7.15,7.84,8.65,7.72
2026-04-12 22:24:08,20000,7.73,7.02,7.15,7.9,8.74,7.77
2026-04-12 22:24:08,20000,7.74,7.02,7.15,7.88,8.65,7.75
2026-04-12 22:24:08,20000,7.76,7.02,7.14,7.84,8.54,7.77
2026-04-12 22:24:09,20000,7.76,7.03,7.14,7.96,8.72,7.8
2026-04-12 22:24:09,20000,7.79,7.02,7.14,7.85,8.66,7.81
2026-04-12 22:24:10,20000,7.79,7.03,7.15,7.84,8.65,7.79
2026-04-12 22:24:10,20000,7.74,7.02,7.14,7.92,8.6,7.78
2026-04-12 22:24:10,20000,7.78,7.03,7.18,7.51,8.43,7.23
2026-04-12 22:24:11,20000,7.31,7.02,7.18,7.64,8.61,7.58
2026-04-12 22:24:11,20000,7.6,7.02,7.15,7.75,8.66,7.72
2026-04-12 22:24:11,20000,7.63,7.02,7.2,7.47,8.5,7.19
2026-04-12 22:24:12,20000,7.28,7.02,7.25,7.38,8.44,7.19
2026-04-12 22:24:12,20000,7.24,7.02,7.21,7.63,8.64,7.44
2026-04-12 22:24:12,20000,7.49,7.02,7.17,7.77,8.69,7.61
2026-04-12 22:24:13,20000,7.65,7.02,7.15,7.81,8.67,7.71
2026-04-12 22:24:13,20000,7.7,7.02,7.15,7.87,8.62,7.72
2026-04-12 22:24:13,20000,7.72,7.02,7.14,7.89,8.7,7.72
2026-04-12 22:24:14,20000,7.74,7.02,7.14,7.87,8.66,7.79
2026-04-12 22:24:14,20000,7.76,7.02,7.15,7.84,8.59,7.79
2026-04-12 22:24:14,20000,7.77,7.02,7.19,7.49,8.42,7.25
2026-04-12 22:24:15,20000,7.33,7.02,7.18,7.66,8.62,7.6
2026-04-12 22:24:15,20000,7.63,7.02,7.21,7.43,8.47,7.18
2026-04-12 22:24:16,20000,7.27,7.02,7.19,7.57,8.57,7.51
2026-04-12 22:24:16,20000,7.56,7.02,7.16,7.71,8.78,7.65
2026-04-12 22:24:16,20000,7.65,7.02,7.15,7.74,8.64,7.7
2026-04-12 22:24:17,20000,7.65,7.02,7.2,7.45,8.43,7.2
2026-04-12 22:24:17,20000,7.28,7.02,7.19,7.63,8.68,7.53
2026-04-12 22:24:17,20000,7.56,7.02,7.16,7.74,8.69,7.66
2026-04-12 22:24:18,20000,7.66,7.02,7.21,7.44,8.44,7.18
2026-04-12 22:24:18,20000,7.27,7.02,7.19,7.66,8.63,7.49
2026-04-12 22:24:18,20000,7.55,7.02,7.17,7.74,8.66,7.63
2026-04-12 22:24:19,20000,7.64,7.02,7.21,7.47,8.48,7.18
2026-04-12 22:24:19,20000,7.27,7.02,7.19,7.66,8.65,7.52
2026-04-12 22:24:19,20000,7.56,7.02,7.16,7.72,8.7,7.62
2026-04-12 22:24:20,20000,7.66,7.02,7.15,7.78,8.63,7.69
2026-04-12 22:24:20,20000,7.72,7.02,7.14,7.82,8.69,7.74
2026-04-12 22:24:21,20000,7.74,7.02,7.14,7.83,8.69,7.71
2026-04-12 22:24:21,20000,7.76,7.02,7.14,7.88,8.67,7.8
2026-04-12 22:24:21,20000,7.75,7.02,7.14,7.89,8.57,7.79
2026-04-12 22:24:22,20000,7.75,7.03,7.14,7.83,8.61,7.72
2026-04-12 22:24:22,20000,7.68,7.02,7.2,7.47,8.38,7.56
2026-04-12 22:24:22,20000,7.51,7.02,7.22,7.41,8.44,7.18
2026-04-12 22:24:23,20000,7.26,7.02,7.2,7.59,8.71,7.52
2026-04-12 22:24:23,20000,7.55,7.03,7.16,7.72,8.69,7.65
2026-04-12 22:24:23,20000,7.65,7.02,7.15,7.79,8.71,7.31
2026-04-12 22:24:24,20000,7.37,7.02,7.24,7.41,8.53,7.19
2026-04-12 22:24:24,20000,7.25,7.02,7.2,7.63,8.73,7.48
2026-04-12 22:24:24,20000,7.53,7.02,7.18,7.7,8.74,7.6
2026-04-12 22:24:25,20000,7.62,7.03,7.21,7.45,8.52,7.18
2026-04-12 22:24:25,20000,7.26,7.02,7.19,7.61,8.76,7.51
2026-04-12 22:24:26,20000,7.55,7.02,7.16,7.79,8.74,7.62
2026-04-12 22:24:26,20000,7.65,7.02,7.15,7.86,8.74,7.77
2026-04-12 22:24:26,20000,7.72,7.02,7.2,7.48,8.52,7.19
2026-04-12 22:24:27,20000,7.28,7.02,7.19,7.64,8.61,7.52
2026-04-12 22:24:27,20000,7.57,7.02,7.17,7.77,8.67,7.58
2026-04-12 22:24:27,20000,7.59,7.02,7.21,7.43,8.37,7.19
2026-04-12 22:24:28,20000,7.27,7.02,7.25,7.36,8.5,7.2
2026-04-12 22:24:28,20000,7.23,7.01,7.2,7.59,8.72,7.43
2026-04-12 22:24:28,20000,7.49,7.02,7.17,7.68,8.67,7.58
2026-04-12 22:24:29,20000,7.62,7.02,7.16,7.74,8.66,7.67
2026-04-12 22:24:29,20000,7.67,7.02,7.15,7.79,8.69,7.72
2026-04-12 22:24:29,20000,7.74,7.02,7.15,7.86,8.72,7.74
2026-04-12 22:24:30,20000,7.75,7.02,7.15,7.89,8.67,7.73
2026-04-12 22:24:30,20000,7.73,7.02,7.15,7.92,8.71,7.74
2026-04-12 22:24:30,20000,7.73,7.02,7.14,7.85,8.71,7.75
2026-04-12 22:24:31,20000,7.71,7.02,7.15,7.88,8.64,7.75
2026-04-12 22:24:31,20000,7.76,7.03,7.14,7.89,8.72,7.78
2026-04-12 22:24:32,20000,7.76,7.02,7.15,7.95,8.63,7.79
2026-04-12 22:24:32,20000,7.74,7.02,7.14,7.89,8.7,7.77
2026-04-12 22:24:32,20000,7.77,7.02,7.14,7.84,8.63,7.75
2026-04-12 22:24:33,20000,7.77,7.02,7.15,7.93,8.6,7.78
2026-04-12 22:24:33,20000,7.68,7.02,7.15,7.88,8.69,7.76
2026-04-12 22:24:33,20000,7.77,7.02,7.19,7.49,8.4,7.23
2026-04-12 22:24:34,20000,7.31,7.02,7.18,7.65,8.71,7.57
2026-04-12 22:24:34,20000,7.61,7.02,7.16,7.79,8.67,7.69
2026-04-12 22:24:34,20000,7.67,7.02,7.15,7.79,8.7,7.74
2026-04-12 22:24:35,20000,7.7,7.02,7.14,7.86,8.76,7.74
2026-04-12 22:24:35,20000,7.73,7.02,7.15,7.88,8.71,7.75
2026-04-12 22:24:35,20000,7.76,7.02,7.15,7.83,8.69,7.79
2026-04-12 22:24:36,20000,7.77,7.02,7.14,7.92,8.61,7.79
2026-04-12 22:24:36,20000,7.76,7.03,7.14,7.91,8.68,7.78
2026-04-12 22:24:36,20000,7.77,7.03,7.14,7.89,8.6,7.79
2026-04-12 22:24:37,20000,7.78,7.02,7.14,7.91,8.64,7.75
2026-04-12 22:24:37,20000,7.78,7.02,7.14,7.9,8.64,7.78
2026-04-12 22:24:37,20000,7.77,7.02,7.14,7.95,8.67,7.82
2026-04-12 22:24:38,20000,7.76,7.02,7.14,7.85,8.6,7.78
2026-04-12 22:24:38,20000,7.71,7.02,7.2,7.45,8.46,7.23
2026-04-12 22:24:39,20000,7.31,7.02,7.18,7.69,8.72,7.58
2026-04-12 22:24:39,20000,7.62,7.02,7.16,7.81,8.67,7.71
2026-04-12 22:24:39,20000,7.71,7.03,7.15,7.81,8.69,7.74
2026-04-12 22:24:40,20000,7.72,7.02,7.15,7.89,8.69,7.79
2026-04-12 22:24:40,20000,7.75,7.02,7.14,7.84,8.66,7.75
2026-04-12 22:24:40,20000,7.76,7.02,7.14,7.85,8.57,7.78
2026-04-12 22:24:41,20000,7.77,7.02,7.14,7.89,8.49,7.74
2026-04-12 22:24:41,20000,7.79,7.02,7.14,7.91,8.71,7.78
2026-04-12 22:24:41,20000,7.76,7.02,7.14,7.94,8.57,7.8
2026-04-12 22:24:42,20000,7.75,7.02,7.15,7.91,8.62,7.79
2026-04-12 22:24:42,20000,7.77,7.02,7.14,7.93,8.69,7.79
2026-04-12 22:24:42,20000,7.77,7.03,7.14,7.87,8.59,7.78
2026-04-12 22:24:43,20000,7.78,7.02,7.14,7.95,8.6,7.78
2026-04-12 22:24:43,20000,7.79,7.02,7.14,7.95,8.66,7.72
2026-04-12 22:24:43,20000,7.71,7.02,7.18,7.56,8.52,7.63
2026-04-12 22:24:44,20000,7.59,7.02,7.22,7.44,8.47,7.19
2026-04-12 22:24:44,20000,7.27,7.02,7.19,7.67,8.65,7.53
2026-04-12 22:24:45,20000,7.55,7.02,7.17,7.76,8.67,7.66
2026-04-12 22:24:45,20000,7.67,7.02,7.15,7.84,8.7,7.73
2026-04-12 22:24:45,20000,7.73,7.03,7.15,7.8,8.71,7.33
2026-04-12 22:24:46,20000,7.4,7.02,7.16,7.74,8.65,7.6
2026-04-12 22:24:46,20000,7.65,7.02,7.15,7.79,8.68,7.67
2026-04-12 22:24:46,20000,7.73,7.02,7.15,7.85,8.68,7.76
2026-04-12 22:24:47,20000,7.74,7.02,7.15,7.84,8.7,7.77
2026-04-12 22:24:47,20000,7.77,7.02,7.14,7.9,8.58,7.79
2026-04-12 22:24:47,20000,7.78,7.02,7.15,7.91,8.69,7.74
2026-04-12 22:24:48,20000,7.76,7.02,7.14,7.9,8.72,7.79
2026-04-12 22:24:48,20000,7.75,7.03,7.14,7.91,8.7,7.79
2026-04-12 22:24:48,20000,7.76,7.02,7.14,7.87,8.67,7.75
2026-04-12 22:24:49,20000,7.75,7.02,7.14,7.88,8.63,7.67
2026-04-12 22:24:49,20000,7.62,7.02,7.21,7.47,8.53,7.19
2026-04-12 22:24:49,20000,7.27,7.02,7.19,7.64,8.7,7.53
2026-04-12 22:24:50,20000,7.57,7.02,7.16,7.77,8.66,7.66
2026-04-12 22:24:50,20000,7.68,7.02,7.15,7.83,8.69,7.7
2026-04-12 22:24:50,20000,7.72,7.02,7.15,7.86,8.71,7.75
2026-04-12 22:24:51,20000,7.75,7.03,7.15,7.85,8.64,7.8
2026-04-12 22:24:51,20000,7.76,7.02,7.14,7.82,8.67,7.74
2026-04-12 22:24:52,20000,7.75,7.02,7.14,7.85,8.65,7.81
2026-04-12 22:24:52,20000,7.74,7.02,7.15,7.87,8.64,7.8
2026-04-12 22:24:52,20000,7.77,7.03,7.15,7.92,8.73,7.77
2026-04-12 22:24:53,20000,7.78,7.02,7.15,7.93,8.72,7.74
2026-04-12 22:24:53,20000,7.78,7.02,7.14,7.92,8.69,7.79
2026-04-12 22:24:53,20000,7.77,7.02,7.14,7.91,8.71,7.8
2026-04-12 22:24:54,20000,7.76,7.02,7.15,7.86,8.68,7.78
2026-04-12 22:24:54,20000,7.8,7.02,7.14,7.94,8.61,7.8
2026-04-12 22:24:54,20000,7.73,7.02,7.19,7.45,8.43,7.25
2026-04-12 22:24:55,20000,7.31,7.02,7.25,7.37,8.43,7.19
2026-04-12 22:24:55,20000,7.24,7.02,7.2,7.63,8.66,7.49
2026-04-12 22:24:55,20000,7.53,7.02,7.17,7.7,8.68,7.64
2026-04-12 22:24:56,20000,7.63,7.02,7.16,7.81,8.65,7.71
2026-04-12 22:24:56,20000,7.7,7.02,7.15,7.83,8.7,7.76
2026-04-12 22:24:56,20000,7.7,7.02,7.19,7.47,8.49,7.2
2026-04-12 22:24:57,20000,7.28,7.02,7.19,7.62,8.63,7.54
2026-04-12 22:24:57,20000,7.59,7.02,7.16,7.75,8.66,7.64
2026-04-12 22:24:58,20000,7.62,7.02,7.15,7.8,8.67,7.7
2026-04-12 22:24:58,20000,7.7,7.02,7.2,7.46,8.47,7.2
2026-04-12 22:24:58,20000,7.28,7.02,7.18,7.65,8.61,7.58
2026-04-12 22:24:59,20000,7.61,7.02,7.16,7.74,8.75,7.68
2026-04-12 22:24:59,20000,7.67,7.02,7.15,7.83,8.68,7.74
2026-04-12 22:24:59,20000,7.76,7.02,7.15,7.79,8.68,7.72
2026-04-12 22:25:00,20000,7.74,7.02,7.15,7.81,8.6,7.7
2026-04-12 22:25:00,20000,7.69,7.02,7.19,7.48,8.46,7.24
2026-04-12 22:25:00,20000,7.3,7.02,7.25,7.36,8.47,7.19
2026-04-12 22:25:01,20000,7.24,7.02,7.2,7.6,8.58,7.45
2026-04-12 22:25:01,20000,7.5,7.02,7.17,7.74,8.74,7.61
2026-04-12 22:25:01,20000,7.63,7.02,7.16,7.8,8.66,7.72
2026-04-12 22:25:02,20000,7.71,7.02,7.15,7.83,8.71,7.72
2026-04-12 22:25:02,20000,7.71,7.02,7.15,7.81,8.74,7.76
2026-04-12 22:25:02,20000,7.76,7.02,7.15,7.85,8.72,7.77
2026-04-12 22:25:03,20000,7.75,7.02,7.15,7.85,8.7,7.78
2026-04-12 22:25:03,20000,7.76,7.02,7.14,7.92,8.54,7.78
2026-04-12 22:25:04,20000,7.78,7.02,7.15,7.88,8.66,7.75
2026-04-12 22:25:04,20000,7.77,7.02,7.14,7.89,8.63,7.79
2026-04-12 22:25:04,20000,7.72,7.02,7.15,7.89,8.52,7.74
2026-04-12 22:25:05,20000,7.76,7.03,7.14,7.98,8.7,7.85
2026-04-12 22:25:05,20000,7.78,7.02,7.14,7.95,8.63,7.77
2026-04-12 22:25:05,20000,7.79,7.02,7.14,7.9,8.5,7.68
2026-04-12 22:25:06,20000,7.68,7.03,7.21,7.46,8.49,7.19
2026-04-12 22:25:06,20000,7.28,7.02,7.19,7.68,8.64,7.59
2026-04-12 22:25:06,20000,7.6,7.02,7.16,7.71,8.7,7.69
2026-04-12 22:25:07,20000,7.69,7.02,7.15,7.85,8.59,7.74
2026-04-12 22:25:07,20000,7.73,7.02,7.15,7.85,8.69,7.74
2026-04-12 22:25:07,20000,7.74,7.02,7.19,7.48,8.43,7.23
2026-04-12 22:25:08,20000,7.31,7.02,7.18,7.56,8.69,7.19
2026-04-12 22:25:08,20000,7.27,7.02,7.2,7.63,8.76,7.51
2026-04-12 22:25:09,20000,7.56,7.02,7.17,7.7,8.68,7.66
2026-04-12 22:25:09,20000,7.67,7.02,7.15,7.75,8.67,7.71
2026-04-12 22:25:09,20000,7.71,7.02,7.15,7.87,8.65,7.75
2026-04-12 22:25:10,20000,7.71,7.02,7.14,7.94,8.61,7.8
2026-04-12 22:25:10,20000,7.8,7.02,7.19,7.46,8.47,7.22
2026-04-12 22:25:10,20000,7.31,7.02,7.17,7.64,8.64,7.56
2026-04-12 22:25:11,20000,7.61,7.02,7.16,7.7,8.64,7.67
2026-04-12 22:25:11,20000,7.62,7.02,7.2,7.46,8.43,7.19
2026-04-12 22:25:11,20000,7.27,7.02,7.2,7.6,8.72,7.18
2026-04-12 22:25:12,20000,7.26,7.02,7.19,7.65,8.7,7.53
2026-04-12 22:25:12,20000,7.58,7.02,7.16,7.74,8.65,7.66
2026-04-12 22:25:12,20000,7.67,7.02,7.15,7.76,8.62,7.7
2026-04-12 22:25:13,20000,7.72,7.02,7.15,7.81,8.54,7.74
2026-04-12 22:25:13,20000,7.75,7.02,7.15,7.88,8.59,7.77
2026-04-12 22:25:13,20000,7.75,7.02,7.18,7.46,8.48,7.21
2026-04-12 22:25:14,20000,7.3,7.02,7.18,7.59,8.73,7.57
2026-04-12 22:25:14,20000,7.6,7.02,7.16,7.69,8.66,7.66
2026-04-12 22:25:15,20000,7.65,7.02,7.15,7.8,8.61,7.75
2026-04-12 22:25:15,20000,7.74,7.02,7.15,7.81,8.63,7.77
2026-04-12 22:25:15,20000,7.76,7.02,7.14,7.92,8.66,7.77
2026-04-12 22:25:16,20000,7.79,7.02,7.14,7.87,8.71,7.74
2026-04-12 22:25:16,20000,7.74,7.02,7.14,7.86,8.62,7.77
2026-04-12 22:25:16,20000,7.7,7.02,7.19,7.5,8.31,7.23
2026-04-12 22:25:17,20000,7.32,7.02,7.18,7.66,8.66,7.58
2026-04-12 22:25:17,20000,7.62,7.02,7.16,7.79,8.69,7.69
2026-04-12 22:25:17,20000,7.71,7.02,7.15,7.8,8.56,7.74
2026-04-12 22:25:18,20000,7.73,7.02,7.14,7.89,8.65,7.76
2026-04-12 22:25:18,20000,7.79,7.02,7.14,7.88,8.73,7.79
2026-04-12 22:25:18,20000,7.76,7.02,7.14,7.92,8.66,7.78
2026-04-12 22:25:19,20000,7.76,7.02,7.14,7.83,8.65,7.73
2026-04-12 22:25:19,20000,7.76,7.02,7.14,7.94,8.54,7.77
2026-04-12 22:25:19,20000,7.79,7.02,7.15,7.85,8.64,7.77
2026-04-12 22:25:20,20000,7.74,7.02,7.14,7.93,8.67,7.79
2026-04-12 22:25:20,20000,7.77,7.02,7.14,7.92,8.65,7.79
2026-04-12 22:25:20,20000,7.79,7.03,7.19,7.51,8.48,7.25
2026-04-12 22:25:21,20000,7.34,7.02,7.17,7.66,8.71,7.57
2026-04-12 22:25:21,20000,7.59,7.02,7.15,7.74,8.62,7.71
2026-04-12 22:25:22,20000,7.63,7.02,7.19,7.45,8.49,7.19
2026-04-12 22:25:22,20000,7.27,7.02,7.19,7.61,8.68,7.51
2026-04-12 22:25:22,20000,7.55,7.02,7.16,7.77,8.7,7.67
2026-04-12 22:25:23,20000,7.66,7.02,7.15,7.91,8.57,7.76
2026-04-12 22:25:23,20000,7.75,7.02,7.14,7.9,8.62,7.75
2026-04-12 22:25:23,20000,7.78,7.02,7.14,7.89,8.68,7.78
2026-04-12 22:25:24,20000,7.73,7.02,7.14,7.91,8.7,7.79
2026-04-12 22:25:24,20000,7.78,7.02,7.14,7.91,8.68,7.83
2026-04-12 22:25:24,20000,7.76,7.02,7.14,7.81,8.69,7.38
2026-04-12 22:25:25,20000,7.42,7.02,7.16,7.74,8.72,7.65
2026-04-12 22:25:25,20000,7.68,7.02,7.15,7.81,8.66,7.72
2026-04-12 22:25:25,20000,7.72,7.02,7.15,7.82,8.64,7.74
2026-04-12 22:25:26,20000,7.72,7.02,7.15,7.86,8.62,7.8
2026-04-12 22:25:26,20000,7.79,7.03,7.14,7.92,8.61,7.78
2026-04-12 22:25:26,20000,7.78,7.02,7.15,7.84,8.66,7.79
2026-04-12 22:25:27,20000,7.78,7.02,7.14,7.84,8.46,7.77
2026-04-12 22:25:27,20000,7.7,7.02,7.19,7.5,8.45,7.24
2026-04-12 22:25:28,20000,7.33,7.02,7.23,7.4,8.49,7.18
2026-04-12 22:25:28,20000,7.25,7.01,7.2,7.59,8.72,7.44
2026-04-12 22:25:28,20000,7.5,7.02,7.17,7.76,8.67,7.62
2026-04-12 22:25:29,20000,7.66,7.02,7.15,7.79,8.68,7.73
2026-04-12 22:25:29,20000,7.7,7.02,7.15,7.82,8.7,7.74
2026-04-12 22:25:29,20000,7.73,7.02,7.14,7.86,8.68,7.71
2026-04-12 22:25:30,20000,7.75,7.02,7.15,7.89,8.6,7.8
2026-04-12 22:25:30,20000,7.77,7.02,7.14,7.93,8.57,7.78
2026-04-12 22:25:30,20000,7.78,7.02,7.14,7.84,8.63,7.75
2026-04-12 22:25:31,20000,7.76,7.02,7.14,7.94,8.73,7.82
2026-04-12 22:25:31,20000,7.78,7.02,7.14,7.91,8.69,7.76
2026-04-12 22:25:31,20000,7.79,7.02,7.14,7.94,8.71,7.8
2026-04-12 22:25:32,20000,7.77,7.02,7.14,7.89,8.68,7.83
2026-04-12 22:25:32,20000,7.75,7.02,7.14,7.88,8.59,7.79
2026-04-12 22:25:32,20000,7.73,7.02,7.18,7.53,8.53,7.61
2026-04-12 22:25:33,20000,7.57,7.02,7.21,7.44,8.44,7.19
2026-04-12 22:25:33,20000,7.27,7.02,7.19,7.64,8.71,7.53
2026-04-12 22:25:34,20000,7.58,7.02,7.21,7.45,8.38,7.18
2026-04-12 22:25:34,20000,7.26,7.02,7.2,7.55,8.53,7.49
2026-04-12 22:25:34,20000,7.55,7.02,7.16,7.79,8.65,7.67
2026-04-12 22:25:35,20000,7.7,7.02,7.15,7.83,8.75,7.72
2026-04-12 22:25:35,20000,7.71,7.02,7.14,7.87,8.66,7.76
2026-04-12 22:25:35,20000,7.75,7.03,7.14,7.87,8.6,7.8
2026-04-12 22:25:36,20000,7.77,7.02,7.15,7.81,8.7,7.8
2026-04-12 22:25:36,20000,7.77,7.03,7.15,7.88,8.62,7.8
2026-04-12 22:25:36,20000,7.8,7.03,7.14,7.86,8.63,7.72
2026-04-12 22:25:37,20000,7.76,7.02,7.14,7.96,8.61,7.81
2026-04-12 22:25:37,20000,7.82,7.02,7.14,7.89,8.62,7.82
2026-04-12 22:25:37,20000,7.81,7.02,7.14,7.92,8.49,7.81
2026-04-12 22:25:38,20000,7.78,7.02,7.14,7.85,8.6,7.77
2026-04-12 22:25:38,20000,7.71,7.02,7.18,7.52,8.52,7.23
2026-04-12 22:25:38,20000,7.32,7.02,7.17,7.62,8.68,7.57
2026-04-12 22:25:39,20000,7.63,7.02,7.15,7.78,8.62,7.71
2026-04-12 22:25:39,20000,7.72,7.02,7.15,7.78,8.64,7.71
2026-04-12 22:25:40,20000,7.72,7.02,7.14,7.84,8.63,7.76
2026-04-12 22:25:40,20000,7.74,7.02,7.14,7.89,8.51,7.79
2026-04-12 22:25:40,20000,7.76,7.02,7.14,7.93,8.71,7.78
2026-04-12 22:25:41,20000,7.79,7.02,7.14,7.87,8.66,7.78
2026-04-12 22:25:41,20000,7.78,7.02,7.14,7.87,8.67,7.77
2026-04-12 22:25:41,20000,7.78,7.02,7.14,7.94,8.64,7.78
2026-04-12 22:25:42,20000,7.79,7.02,7.15,7.86,8.65,7.81
2026-04-12 22:25:42,20000,7.78,7.02,7.14,7.91,8.6,7.79
2026-04-12 22:25:42,20000,7.8,7.02,7.14,7.9,8.65,7.75
2026-04-12 22:25:43,20000,7.76,7.02,7.14,7.93,8.62,7.84
2026-04-12 22:25:43,20000,7.78,7.02,7.14,7.92,8.56,7.78
2026-04-12 22:25:43,20000,7.73,7.02,7.14,7.82,8.64,7.41
2026-04-12 22:25:44,20000,7.43,7.02,7.22,7.43,8.4,7.17
2026-04-12 22:25:44,20000,7.25,7.02,7.2,7.64,8.64,7.52
2026-04-12 22:25:44,20000,7.56,7.02,7.17,7.64,8.59,7.63
2026-04-12 22:25:45,20000,7.65,7.02,7.15,7.81,8.67,7.72
2026-04-12 22:25:45,20000,7.71,7.02,7.15,7.87,8.66,7.76
2026-04-12 22:25:46,20000,7.72,7.03,7.14,7.85,8.66,7.75
2026-04-12 22:25:46,20000,7.75,7.02,7.14,7.86,8.61,7.68
2026-04-12 22:25:46,20000,7.74,7.02,7.14,7.91,8.7,7.79
2026-04-12 22:25:47,20000,7.78,7.02,7.14,7.91,8.6,7.81
2026-04-12 22:25:47,20000,7.78,7.02,7.14,7.87,8.6,7.77
2026-04-12 22:25:47,20000,7.81,7.02,7.14,7.89,8.6,7.81
2026-04-12 22:25:48,20000,7.81,7.02,7.18,7.49,8.48,7.24
2026-04-12 22:25:48,20000,7.32,7.02,7.18,7.65,8.61,7.61
2026-04-12 22:25:48,20000,7.63,7.02,7.15,7.76,8.62,7.69
2026-04-12 22:25:49,20000,7.69,7.01,7.14,7.84,8.62,7.75
2026-04-12 22:25:49,20000,7.74,7.02,7.14,7.85,8.61,7.75
2026-04-12 22:25:49,20000,7.68,7.02,7.18,7.45,8.37,7.54
2026-04-12 22:25:50,20000,7.51,7.02,7.22,7.41,8.42,7.18
2026-04-12 22:25:50,20000,7.25,7.02,7.26,7.36,8.42,7.2
2026-04-12 22:25:50,20000,7.23,7.01,7.2,7.59,8.7,7.41
2026-04-12 22:25:51,20000,7.47,7.01,7.17,7.7,8.66,7.59
2026-04-12 22:25:51,20000,7.62,7.02,7.15,7.8,8.72,7.72
2026-04-12 22:25:52,20000,7.7,7.02,7.15,7.78,8.66,7.68
2026-04-12 22:25:52,20000,7.69,7.02,7.14,7.84,8.64,7.7
2026-04-12 22:25:52,20000,7.73,7.02,7.14,7.88,8.65,7.79
2026-04-12 22:25:53,20000,7.74,7.02,7.14,7.81,8.62,7.76
2026-04-12 22:25:53,20000,7.76,7.02,7.14,7.88,8.59,7.8
2026-04-12 22:25:53,20000,7.78,7.02,7.14,7.88,8.65,7.76
2026-04-12 22:25:54,20000,7.77,7.02,7.19,7.49,8.41,7.22
2026-04-12 22:25:54,20000,7.31,7.02,7.18,7.67,8.67,7.58
2026-04-12 22:25:54,20000,7.6,7.02,7.15,7.79,8.62,7.69
2026-04-12 22:25:55,20000,7.68,7.02,7.15,7.81,8.65,7.72
2026-04-12 22:25:55,20000,7.65,7.02,7.14,7.87,8.62,7.75
2026-04-12 22:25:55,20000,7.74,7.02,7.14,7.86,8.68,7.72
2026-04-12 22:25:56,20000,7.75,7.02,7.14,7.87,8.69,7.78
2026-04-12 22:25:56,20000,7.78,7.02,7.14,7.85,8.69,7.78
2026-04-12 22:25:56,20000,7.77,7.02,7.14,7.89,8.62,7.76
2026-04-12 22:25:57,20000,7.78,7.02,7.14,7.9,8.62,7.82
2026-04-12 22:25:57,20000,7.79,7.02,7.18,7.51,8.4,7.57
2026-04-12 22:25:58,20000,7.56,7.02,7.16,7.74,8.63,7.67
2026-04-12 22:25:58,20000,7.67,7.02,7.14,7.79,8.61,7.75
2026-04-12 22:25:58,20000,7.74,7.02,7.14,7.83,8.68,7.75
2026-04-12 22:25:59,20000,7.75,7.02,7.14,7.87,8.69,7.78
2026-04-12 22:25:59,20000,7.75,7.02,7.14,7.91,8.64,7.72
2026-04-12 22:25:59,20000,7.73,7.02,7.14,7.85,8.68,7.8
2026-04-12 22:26:00,20000,7.79,7.02,7.14,7.93,8.56,7.8
2026-04-12 22:26:00,20000,7.8,7.02,7.14,7.83,8.6,7.74
2026-04-12 22:26:00,20000,7.69,7.02,7.14,7.9,8.56,7.79
2026-04-12 22:26:01,20000,7.73,7.02,7.18,7.44,8.44,7.25
2026-04-12 22:26:01,20000,7.32,7.02,7.23,7.33,8.34,7.33
2026-04-12 22:26:01,20000,7.37,7.01,7.24,7.39,8.41,7.18
2026-04-12 22:26:02,20000,7.24,7.02,7.21,7.56,8.68,7.44
2026-04-12 22:26:02,20000,7.51,7.02,7.17,7.69,8.67,7.63
2026-04-12 22:26:02,20000,7.62,7.02,7.15,7.8,8.62,7.7
2026-04-12 22:26:03,20000,7.71,7.02,7.15,7.82,8.7,7.72
2026-04-12 22:26:03,20000,7.73,7.02,7.14,7.85,8.66,7.74
2026-04-12 22:26:04,20000,7.74,7.02,7.14,7.83,8.7,7.75
2026-04-12 22:26:04,20000,7.76,7.02,7.14,7.87,8.59,7.78
2026-04-12 22:26:04,20000,7.77,7.02,7.14,7.85,8.62,7.77
2026-04-12 22:26:05,20000,7.78,7.02,7.14,7.87,8.65,7.77
2026-04-12 22:26:05,20000,7.75,7.02,7.14,7.89,8.56,7.77
2026-04-12 22:26:05,20000,7.77,7.02,7.14,7.9,8.67,7.8
2026-04-12 22:26:06,20000,7.78,7.02,7.14,7.85,8.66,7.79
2026-04-12 22:26:06,20000,7.76,7.02,7.14,7.9,8.7,7.8
2026-04-12 22:26:06,20000,7.79,7.02,7.14,7.85,8.65,7.69
2026-04-12 22:26:07,20000,7.68,7.02,7.19,7.45,8.39,7.21
2026-04-12 22:26:07,20000,7.29,7.02,7.19,7.64,8.66,7.56
2026-04-12 22:26:07,20000,7.58,7.02,7.16,7.75,8.71,7.69
2026-04-12 22:26:08,20000,7.7,7.02,7.15,7.81,8.65,7.72
2026-04-12 22:26:08,20000,7.74,7.02,7.14,7.72,8.6,7.75
2026-04-12 22:26:08,20000,7.75,7.02,7.15,7.86,8.6,7.8
2026-04-12 22:26:09,20000,7.74,7.02,7.14,7.86,8.66,7.79
2026-04-12 22:26:09,20000,7.77,7.02,7.13,7.83,8.61,7.8
2026-04-12 22:26:09,20000,7.78,7.02,7.14,7.87,8.65,7.76
2026-04-12 22:26:10,20000,7.79,7.02,7.14,7.91,8.64,7.85
2026-04-12 22:26:10,20000,7.81,7.02,7.14,7.89,8.66,7.78
2026-04-12 22:26:11,20000,7.8,7.02,7.14,7.92,8.56,7.82
2026-04-12 22:26:11,20000,7.75,7.02,7.14,7.9,8.62,7.83
2026-04-12 22:26:11,20000,7.78,7.02,7.14,7.94,8.69,7.82
2026-04-12 22:26:12,20000,7.77,7.02,7.14,7.77,8.7,7.37
2026-04-12 22:26:12,20000,7.44,7.02,7.16,7.69,8.61,7.68
2026-04-12 22:26:12,20000,7.62,7.02,7.21,7.44,8.46,7.19
2026-04-12 22:26:13,20000,7.27,7.02,7.18,7.64,8.6,7.56
2026-04-12 22:26:13,20000,7.58,7.02,7.16,7.72,8.72,7.65
2026-04-12 22:26:13,20000,7.69,7.02,7.15,7.83,8.64,7.71
2026-04-12 22:26:14,20000,7.72,7.02,7.15,7.82,8.68,7.78
2026-04-12 22:26:14,20000,7.74,7.02,7.14,7.91,8.62,7.75
2026-04-12 22:26:14,20000,7.76,7.02,7.14,7.82,8.69,7.78
2026-04-12 22:26:15,20000,7.75,7.02,7.14,7.88,8.65,7.82
2026-04-12 22:26:15,20000,7.78,7.02,7.14,7.82,8.57,7.78
2026-04-12 22:26:15,20000,7.77,7.02,7.17,7.49,8.38,7.26
2026-04-12 22:26:16,20000,7.34,7.02,7.17,7.66,8.7,7.62
2026-04-12 22:26:16,20000,7.64,7.02,7.15,7.75,8.65,7.73
2026-04-12 22:26:17,20000,7.65,7.02,7.15,7.79,8.57,7.73
2026-04-12 22:26:17,20000,7.75,7.02,7.15,7.83,8.67,7.78
2026-04-12 22:26:17,20000,7.75,7.02,7.14,7.83,8.67,7.78
2026-04-12 22:26:18,20000,7.69,7.02,7.19,7.46,8.43,7.56
2026-04-12 22:26:18,20000,7.51,7.02,7.22,7.39,8.44,7.18
2026-04-12 22:26:18,20000,7.25,7.02,7.19,7.58,8.62,7.5
2026-04-12 22:26:19,20000,7.54,7.02,7.16,7.75,8.61,7.67
2026-04-12 22:26:19,20000,7.66,7.02,7.15,7.8,8.68,7.67
2026-04-12 22:26:19,20000,7.7,7.02,7.15,7.86,8.71,7.78
2026-04-12 22:26:20,20000,7.78,7.02,7.15,7.82,8.64,7.79
2026-04-12 22:26:20,20000,7.78,7.02,7.14,7.91,8.62,7.74
2026-04-12 22:26:20,20000,7.8,7.02,7.14,7.85,8.7,7.77
2026-04-12 22:26:21,20000,7.76,7.02,7.19,7.5,8.37,7.23
2026-04-12 22:26:21,20000,7.31,7.02,7.18,7.54,8.67,7.19
2026-04-12 22:26:22,20000,7.27,7.02,7.18,7.64,8.63,7.54
2026-04-12 22:26:22,20000,7.57,7.02,7.16,7.73,8.74,7.69
2026-04-12 22:26:22,20000,7.68,7.02,7.15,7.78,8.63,7.69
2026-04-12 22:26:23,20000,7.69,7.02,7.15,7.77,8.69,7.76
2026-04-12 22:26:23,20000,7.76,7.02,7.14,7.81,8.63,7.78
2026-04-12 22:26:23,20000,7.7,7.02,7.19,7.48,8.46,7.21
2026-04-12 22:26:24,20000,7.3,7.02,7.18,7.65,8.61,7.59
2026-04-12 22:26:24,20000,7.58,7.02,7.15,7.77,8.71,7.66
2026-04-12 22:26:24,20000,7.69,7.02,7.15,7.83,8.6,7.75
2026-04-12 22:26:25,20000,7.72,7.02,7.14,7.86,8.66,7.73
2026-04-12 22:26:25,20000,7.74,7.02,7.14,7.88,8.67,7.79
2026-04-12 22:26:25,20000,7.75,7.02,7.13,7.88,8.59,7.76
2026-04-12 22:26:26,20000,7.75,7.02,7.14,7.85,8.71,7.79
2026-04-12 22:26:26,20000,7.78,7.02,7.14,7.91,8.62,7.79
2026-04-12 22:26:26,20000,7.77,7.02,7.15,7.83,8.6,7.78
2026-04-12 22:26:27,20000,7.77,7.02,7.14,7.87,8.6,7.79
2026-04-12 22:26:27,20000,7.76,7.02,7.14,7.86,8.58,7.81
2026-04-12 22:26:27,20000,7.64,7.02,7.14,7.85,8.58,7.8
2026-04-12 22:26:28,20000,7.77,7.02,7.14,7.89,8.62,7.8
2026-04-12 22:26:28,20000,7.77,7.02,7.14,7.88,8.59,7.81
2026-04-12 22:26:29,20000,7.69,7.02,7.18,7.45,8.4,7.24
2026-04-12 22:26:29,20000,7.3,7.02,7.18,7.68,8.65,7.62
2026-04-12 22:26:29,20000,7.63,7.02,7.15,7.75,8.67,7.69
2026-04-12 22:26:30,20000,7.7,7.02,7.14,7.87,8.63,7.75
2026-04-12 22:26:30,20000,7.74,7.02,7.14,7.91,8.66,7.8
2026-04-12 22:26:30,20000,7.78,7.02,7.14,7.87,8.6,7.82
2026-04-12 22:26:31,20000,7.78,7.02,7.14,7.89,8.52,7.79
2026-04-12 22:26:31,20000,7.8,7.02,7.14,7.93,8.65,7.8
2026-04-12 22:26:31,20000,7.8,7.03,7.14,7.89,8.68,7.78
2026-04-12 22:26:32,20000,7.79,7.02,7.14,7.88,8.71,7.83
2026-04-12 22:26:32,20000,7.79,7.02,7.14,7.93,8.55,7.8
2026-04-12 22:26:32,20000,7.81,7.02,7.14,7.84,8.67,7.79
2026-04-12 22:26:33,20000,7.79,7.02,7.14,7.94,8.57,7.77
2026-04-12 22:26:33,20000,7.78,7.02,7.14,7.87,8.6,7.7
2026-04-12 22:26:33,20000,7.76,7.02,7.14,7.96,8.59,7.81
2026-04-12 22:26:34,20000,7.8,7.02,7.14,7.8,8.66,7.43
2026-04-12 22:26:34,20000,7.45,7.02,7.16,7.75,8.7,7.65
2026-04-12 22:26:35,20000,7.67,7.02,7.15,7.75,8.72,7.68
2026-04-12 22:26:35,20000,7.69,7.02,7.15,7.83,8.65,7.73
2026-04-12 22:26:35,20000,7.73,7.02,7.14,7.77,8.6,7.74
2026-04-12 22:26:36,20000,7.77,7.02,7.14,7.87,8.61,7.77
2026-04-12 22:26:36,20000,7.76,7.02,7.14,7.89,8.63,7.77
2026-04-12 22:26:36,20000,7.79,7.02,7.14,7.87,8.63,7.8
2026-04-12 22:26:37,20000,7.78,7.02,7.14,7.95,8.65,7.8
2026-04-12 22:26:37,20000,7.81,7.02,7.14,7.9,8.68,7.77
2026-04-12 22:26:37,20000,7.79,7.02,7.14,7.89,8.63,7.76
2026-04-12 22:26:38,20000,7.75,7.02,7.14,7.94,8.62,7.76
2026-04-12 22:26:38,20000,7.77,7.02,7.14,7.91,8.71,7.76
2026-04-12 22:26:38,20000,7.77,7.02,7.18,7.46,8.45,7.26
2026-04-12 22:26:39,20000,7.33,7.01,7.17,7.59,8.54,7.61
2026-04-12 22:26:39,20000,7.62,7.02,7.16,7.74,8.6,7.71
2026-04-12 22:26:39,20000,7.65,7.02,7.2,7.48,8.48,7.53
2026-04-12 22:26:40,20000,7.52,7.02,7.21,7.42,8.5,7.17
2026-04-12 22:26:40,20000,7.25,7.02,7.19,7.65,8.68,7.53
2026-04-12 22:26:40,20000,7.57,7.02,7.16,7.75,8.74,7.64
2026-04-12 22:26:41,20000,7.67,7.02,7.21,7.44,8.37,7.18
2026-04-12 22:26:41,20000,7.26,7.01,7.18,7.62,8.66,7.52
2026-04-12 22:26:42,20000,7.54,7.02,7.16,7.74,8.69,7.68
2026-04-12 22:26:42,20000,7.64,7.02,7.21,7.45,8.47,7.18
2026-04-12 22:26:42,20000,7.27,7.02,7.19,7.64,8.65,7.51
2026-04-12 22:26:43,20000,7.57,7.02,7.16,7.75,8.6,7.58
2026-04-12 22:26:43,20000,7.65,7.02,7.14,7.82,8.59,7.71
2026-04-12 22:26:43,20000,7.74,7.02,7.15,7.86,8.65,7.74
2026-04-12 22:26:44,20000,7.76,7.02,7.14,7.83,8.51,7.74
2026-04-12 22:26:44,20000,7.77,7.02,7.14,7.91,8.65,7.76
2026-04-12 22:26:44,20000,7.76,7.02,7.18,7.49,8.46,7.23
2026-04-12 22:26:45,20000,7.3,7.02,7.17,7.6,8.54,7.48
2026-04-12 22:26:45,20000,7.48,7.02,7.16,7.63,8.58,7.61
2026-04-12 22:26:45,20000,7.57,7.02,7.21,7.41,8.44,7.17
2026-04-12 22:26:46,20000,7.26,7.02,7.2,7.58,8.72,7.52
2026-04-12 22:26:46,20000,7.56,7.02,7.16,7.7,8.62,7.66
2026-04-12 22:26:47,20000,7.67,7.02,7.15,7.78,8.61,7.72
2026-04-12 22:26:47,20000,7.7,7.02,7.2,7.46,8.47,7.19
2026-04-12 22:26:47,20000,7.27,7.02,7.18,7.61,8.63,7.54
2026-04-12 22:26:48,20000,7.57,7.02,7.16,7.7,8.58,7.67
2026-04-12 22:26:48,20000,7.68,7.02,7.15,7.79,8.72,7.72
2026-04-12 22:26:48,20000,7.72,7.02,7.15,7.81,8.58,7.71
2026-04-12 22:26:49,20000,7.71,7.02,7.14,7.89,8.67,7.76
2026-04-12 22:26:49,20000,7.74,7.02,7.14,7.86,8.7,7.77
2026-04-12 22:26:49,20000,7.77,7.02,7.14,7.88,8.57,7.77
2026-04-12 22:26:50,20000,7.77,7.02,7.14,7.87,8.61,7.8
2026-04-12 22:26:50,20000,7.76,7.02,7.14,7.89,8.57,7.79
2026-04-12 22:26:50,20000,7.78,7.02,7.14,7.86,8.58,7.78
2026-04-12 22:26:51,20000,7.73,7.02,7.14,7.75,8.62,7.74
2026-04-12 22:26:51,20000,7.67,7.02,7.19,7.47,8.44,7.22
2026-04-12 22:26:51,20000,7.31,7.02,7.18,7.66,8.65,7.59
2026-04-12 22:26:52,20000,7.61,7.02,7.15,7.75,8.63,7.69
2026-04-12 22:26:52,20000,7.68,7.02,7.15,7.82,8.67,7.69
2026-04-12 22:26:53,20000,7.74,7.02,7.14,7.83,8.62,7.76
2026-04-12 22:26:53,20000,7.77,7.02,7.14,7.8,8.63,7.78
2026-04-12 22:26:53,20000,7.78,7.02,7.14,7.85,8.57,7.75
2026-04-12 22:26:54,20000,7.78,7.02,7.14,7.9,8.66,7.84
2026-04-12 22:26:54,20000,7.78,7.02,7.19,7.49,8.41,7.24
2026-04-12 22:26:54,20000,7.32,7.02,7.17,7.66,8.63,7.6
2026-04-12 22:26:55,20000,7.61,7.02,7.15,7.78,8.56,7.68
2026-04-12 22:26:55,20000,7.71,7.02,7.14,7.82,8.66,7.72
2026-04-12 22:26:55,20000,7.73,7.02,7.14,7.88,8.64,7.74
2026-04-12 22:26:56,20000,7.74,7.02,7.15,7.85,8.63,7.74
2026-04-12 22:26:56,20000,7.74,7.02,7.14,7.84,8.68,7.79
2026-04-12 22:26:56,20000,7.7,7.02,7.19,7.53,8.49,7.59
2026-04-12 22:26:57,20000,7.55,7.02,7.21,7.45,8.33,7.18
2026-04-12 22:26:57,20000,7.26,7.02,7.19,7.62,8.64,7.53
2026-04-12 22:26:57,20000,7.58,7.02,7.17,7.71,8.59,7.64
2026-04-12 22:26:58,20000,7.67,7.02,7.15,7.7,8.63,7.66
2026-04-12 22:26:58,20000,7.72,7.02,7.14,7.83,8.71,7.76
2026-04-12 22:26:59,20000,7.73,7.02,7.15,7.88,8.62,7.79
2026-04-12 22:26:59,20000,7.77,7.02,7.14,7.9,8.69,7.8
2026-04-12 22:26:59,20000,7.76,7.02,7.14,7.84,8.63,7.75
2026-04-12 22:27:00,20000,7.78,7.02,7.15,7.84,8.67,7.81
2026-04-12 22:27:00,20000,7.76,7.02,7.14,7.86,8.55,7.78
2026-04-12 22:27:00,20000,7.77,7.02,7.14,7.83,8.59,7.77
2026-04-12 22:27:01,20000,7.76,7.02,7.14,7.94,8.64,7.82
2026-04-12 22:27:01,20000,7.78,7.02,7.18,7.5,8.42,7.24
2026-04-12 22:27:01,20000,7.33,7.02,7.18,7.67,8.48,7.54
2026-04-12 22:27:02,20000,7.6,7.02,7.16,7.76,8.6,7.69
2026-04-12 22:27:02,20000,7.6,7.02,7.2,7.45,8.39,7.19
2026-04-12 22:27:02,20000,7.28,7.02,7.19,7.6,8.68,7.54
2026-04-12 22:27:03,20000,7.59,7.02,7.16,7.73,8.63,7.67
2026-04-12 22:27:03,20000,7.7,7.02,7.15,7.81,8.66,7.69
2026-04-12 22:27:03,20000,7.71,7.02,7.15,7.77,8.65,7.74
2026-04-12 22:27:04,20000,7.7,7.02,7.14,7.9,8.64,7.77
2026-04-12 22:27:04,20000,7.76,7.02,7.14,7.88,8.65,7.79
2026-04-12 22:27:04,20000,7.76,7.02,7.18,7.47,8.41,7.22
2026-04-12 22:27:05,20000,7.31,7.02,7.18,7.61,8.54,7.56
2026-04-12 22:27:05,20000,7.59,7.02,7.16,7.78,8.68,7.7
2026-04-12 22:27:06,20000,7.69,7.02,7.15,7.84,8.65,7.71
2026-04-12 22:27:06,20000,7.75,7.03,7.15,7.85,8.6,7.79
2026-04-12 22:27:06,20000,7.74,7.02,7.14,7.92,8.61,7.78
2026-04-12 22:27:07,20000,7.79,7.02,7.14,7.89,8.71,7.79
2026-04-12 22:27:07,20000,7.79,7.02,7.14,7.9,8.63,7.84
2026-04-12 22:27:07,20000,7.71,7.03,7.19,7.44,8.43,7.54
2026-04-12 22:27:08,20000,7.5,7.02,7.16,7.68,8.62,7.64
2026-04-12 22:27:08,20000,7.58,7.02,7.21,7.43,8.38,7.19
2026-04-12 22:27:08,20000,7.27,7.02,7.2,7.64,8.71,7.5
2026-04-12 22:27:09,20000,7.55,7.02,7.16,7.71,8.69,7.64
2026-04-12 22:27:09,20000,7.65,7.02,7.15,7.83,8.69,7.7
2026-04-12 22:27:09,20000,7.73,7.02,7.15,7.75,8.63,7.72
2026-04-12 22:27:10,20000,7.72,7.02,7.14,7.8,8.66,7.76
2026-04-12 22:27:10,20000,7.76,7.02,7.14,7.82,8.6,7.77
2026-04-12 22:27:10,20000,7.77,7.02,7.19,7.45,8.43,7.2
2026-04-12 22:27:11,20000,7.29,7.02,7.19,7.67,8.58,7.54
2026-04-12 22:27:11,20000,7.59,7.02,7.16,7.72,8.68,7.68
2026-04-12 22:27:12,20000,7.64,7.02,7.15,7.75,8.58,7.68
2026-04-12 22:27:12,20000,7.7,7.02,7.15,7.81,8.66,7.73
2026-04-12 22:27:12,20000,7.73,7.02,7.14,7.87,8.7,7.73
2026-04-12 22:27:13,20000,7.74,7.02,7.14,7.89,8.71,7.74
2026-04-12 22:27:13,20000,7.78,7.02,7.14,7.88,8.66,7.8
2026-04-12 22:27:13,20000,7.77,7.02,7.14,7.84,8.59,7.78
2026-04-12 22:27:14,20000,7.71,7.02,7.19,7.46,8.4,7.21
2026-04-12 22:27:14,20000,7.29,7.02,7.23,7.39,8.42,7.18
2026-04-12 22:27:14,20000,7.24,7.02,7.2,7.62,8.66,7.44
2026-04-12 22:27:15,20000,7.48,7.02,7.16,7.75,8.69,7.59
2026-04-12 22:27:15,20000,7.63,7.02,7.2,7.43,8.45,7.18
2026-04-12 22:27:15,20000,7.26,7.01,7.19,7.61,8.65,7.48
2026-04-12 22:27:16,20000,7.55,7.02,7.16,7.75,8.69,7.66
2026-04-12 22:27:16,20000,7.67,7.02,7.15,7.82,8.63,7.72
2026-04-12 22:27:16,20000,7.73,7.02,7.14,7.81,8.62,7.73
2026-04-12 22:27:17,20000,7.74,7.02,7.15,7.87,8.66,7.72
2026-04-12 22:27:17,20000,7.77,7.02,7.14,7.88,8.64,7.79
2026-04-12 22:27:18,20000,7.74,7.02,7.14,7.86,8.7,7.77
2026-04-12 22:27:18,20000,7.77,7.02,7.14,7.86,8.65,7.8
2026-04-12 22:27:18,20000,7.77,7.02,7.14,7.87,8.62,7.76
2026-04-12 22:27:19,20000,7.77,7.02,7.18,7.5,8.5,7.23
2026-04-12 22:27:19,20000,7.31,7.01,7.17,7.58,8.59,7.56
2026-04-12 22:27:19,20000,7.55,7.02,7.16,7.71,8.68,7.67
2026-04-12 22:27:20,20000,7.66,7.02,7.15,7.8,8.63,7.71
2026-04-12 22:27:20,20000,7.72,7.02,7.14,7.77,8.66,7.73
2026-04-12 22:27:20,20000,7.75,7.02,7.14,7.79,8.49,7.76
2026-04-12 22:27:21,20000,7.75,7.02,7.14,7.83,8.65,7.78
2026-04-12 22:27:21,20000,7.74,7.02,7.14,7.85,8.68,7.79
2026-04-12 22:27:21,20000,7.75,7.02,7.14,7.91,8.58,7.73
2026-04-12 22:27:22,20000,7.77,7.02,7.14,7.88,8.74,7.79
2026-04-12 22:27:22,20000,7.75,7.02,7.14,7.87,8.71,7.81
2026-04-12 22:27:22,20000,7.75,7.02,7.14,7.93,8.69,7.79
2026-04-12 22:27:23,20000,7.77,7.02,7.14,7.88,8.66,7.72
2026-04-12 22:27:23,20000,7.75,7.02,7.14,7.88,8.65,7.78
2026-04-12 22:27:24,20000,7.77,7.02,7.14,7.88,8.72,7.78
2026-04-12 22:27:24,20000,7.77,7.02,7.14,7.89,8.61,7.8
2026-04-12 22:27:24,20000,7.77,7.02,7.14,7.85,8.57,7.77
2026-04-12 22:27:25,20000,7.7,7.02,7.19,7.46,8.38,7.24
2026-04-12 22:27:25,20000,7.3,7.02,7.23,7.37,8.38,7.19
2026-04-12 22:27:25,20000,7.24,7.02,7.2,7.6,8.64,7.45
2026-04-12 22:27:26,20000,7.51,7.02,7.17,7.75,8.68,7.61
2026-04-12 22:27:26,20000,7.65,7.02,7.15,7.76,8.68,7.71
2026-04-12 22:27:26,20000,7.69,7.02,7.14,7.81,8.66,7.65
2026-04-12 22:27:27,20000,7.7,7.02,7.14,7.81,8.65,7.73
2026-04-12 22:27:27,20000,7.73,7.02,7.15,7.81,8.64,7.72
2026-04-12 22:27:27,20000,7.72,7.02,7.15,7.9,8.68,7.69
2026-04-12 22:27:28,20000,7.74,7.02,7.14,7.88,8.77,7.79
2026-04-12 22:27:28,20000,7.76,7.02,7.18,7.49,8.44,7.22
2026-04-12 22:27:28,20000,7.3,7.02,7.18,7.67,8.7,7.52
2026-04-12 22:27:29,20000,7.6,7.02,7.15,7.79,8.68,7.69
2026-04-12 22:27:29,20000,7.66,7.02,7.14,7.86,8.71,7.75
2026-04-12 22:27:29,20000,7.72,7.02,7.14,7.83,8.72,7.72
2026-04-12 22:27:30,20000,7.73,7.02,7.14,7.81,8.62,7.69
2026-04-12 22:27:30,20000,7.63,7.02,7.19,7.49,8.42,7.21
2026-04-12 22:27:31,20000,7.29,7.02,7.18,7.69,8.7,7.58
2026-04-12 22:27:31,20000,7.59,7.02,7.22,7.45,8.42,7.18
2026-04-12 22:27:31,20000,7.25,7.01,7.19,7.62,8.71,7.49
2026-04-12 22:27:32,20000,7.54,7.02,7.16,7.74,8.67,7.6
2026-04-12 22:27:32,20000,7.65,7.02,7.15,7.81,8.69,7.68
2026-04-12 22:27:32,20000,7.68,7.02,7.14,7.86,8.62,7.7
2026-04-12 22:27:33,20000,7.71,7.02,7.15,7.84,8.73,7.78
2026-04-12 22:27:33,20000,7.75,7.02,7.14,7.84,8.78,7.77
2026-04-12 22:27:33,20000,7.72,7.02,7.15,7.89,8.65,7.73
2026-04-12 22:27:34,20000,7.75,7.02,7.14,7.9,8.71,7.78
2026-04-12 22:27:34,20000,7.77,7.02,7.19,7.46,8.42,7.21
2026-04-12 22:27:34,20000,7.3,7.02,7.24,7.38,8.37,7.18
2026-04-12 22:27:35,20000,7.24,7.01,7.27,7.35,8.44,7.2
2026-04-12 22:27:35,20000,7.23,7.01,7.21,7.54,8.56,7.34
2026-04-12 22:27:36,20000,7.39,7.01,7.24,7.39,8.43,7.19
2026-04-12 22:27:36,20000,7.23,7.01,7.21,7.6,8.69,7.38
2026-04-12 22:27:36,20000,7.47,7.01,7.17,7.65,8.7,7.57
2026-04-12 22:27:37,20000,7.6,7.02,7.21,7.44,8.4,7.18
2026-04-12 22:27:37,20000,7.25,7.02,7.19,7.61,8.64,7.46
2026-04-12 22:27:37,20000,7.52,7.02,7.17,7.71,8.6,7.56
2026-04-12 22:27:38,20000,7.61,7.02,7.16,7.71,8.71,7.65
2026-04-12 22:27:38,20000,7.65,7.02,7.15,7.81,8.63,7.67
2026-04-12 22:27:38,20000,7.7,7.02,7.14,7.82,8.63,7.71
2026-04-12 22:27:39,20000,7.73,7.02,7.14,7.86,8.72,7.77
2026-04-12 22:27:39,20000,7.75,7.02,7.14,7.9,8.64,7.74
2026-04-12 22:27:39,20000,7.74,7.02,7.14,7.83,8.62,7.76
2026-04-12 22:27:40,20000,7.75,7.02,7.14,7.84,8.67,7.8
2026-04-12 22:27:40,20000,7.75,7.02,7.19,7.48,8.42,7.19
2026-04-12 22:27:40,20000,7.29,7.02,7.18,7.58,8.59,7.53
2026-04-12 22:27:41,20000,7.53,7.02,7.21,7.42,8.52,7.18
2026-04-12 22:27:41,20000,7.24,7.02,7.26,7.37,8.44,7.19
2026-04-12 22:27:42,20000,7.23,7.01,7.21,7.53,8.69,7.36
2026-04-12 22:27:42,20000,7.43,7.02,7.18,7.71,8.64,7.56
2026-04-12 22:27:42,20000,7.62,7.02,7.15,7.77,8.77,7.67
2026-04-12 22:27:43,20000,7.65,7.02,7.15,7.82,8.59,7.69
2026-04-12 22:27:43,20000,7.73,7.02,7.14,7.82,8.49,7.74
2026-04-12 22:27:43,20000,7.75,7.02,7.14,7.83,8.63,7.74
2026-04-12 22:27:44,20000,7.75,7.02,7.14,7.86,8.64,7.76
2026-04-12 22:27:44,20000,7.75,7.02,7.14,7.86,8.62,7.73
2026-04-12 22:27:44,20000,7.75,7.02,7.14,7.87,8.66,7.74
2026-04-12 22:27:45,20000,7.73,7.02,7.14,7.86,8.7,7.76
2026-04-12 22:27:45,20000,7.76,7.02,7.14,7.87,8.71,7.74
2026-04-12 22:27:45,20000,7.75,7.02,7.14,7.86,8.7,7.77
2026-04-12 22:27:46,20000,7.71,7.02,7.14,7.8,8.61,7.78
2026-04-12 22:27:46,20000,7.68,7.02,7.19,7.51,8.5,7.54
2026-04-12 22:27:46,20000,7.54,7.02,7.22,7.42,8.32,7.17
2026-04-12 22:27:47,20000,7.26,7.01,7.19,7.63,8.65,7.52
2026-04-12 22:27:47,20000,7.55,7.02,7.16,7.75,8.7,7.61
2026-04-12 22:27:48,20000,7.66,7.02,7.15,7.75,8.57,7.69
2026-04-12 22:27:48,20000,7.69,7.02,7.15,7.82,8.68,7.73
2026-04-12 22:27:48,20000,7.73,7.02,7.2,7.48,8.43,7.19
2026-04-12 22:27:49,20000,7.28,7.02,7.19,7.59,8.68,7.53
2026-04-12 22:27:49,20000,7.56,7.02,7.16,7.76,8.66,7.65
2026-04-12 22:27:49,20000,7.69,7.02,7.15,7.8,8.64,7.71
2026-04-12 22:27:50,20000,7.72,7.02,7.15,7.81,8.65,7.74
2026-04-12 22:27:50,20000,7.72,7.02,7.14,7.83,8.47,7.8
2026-04-12 22:27:50,20000,7.77,7.02,7.14,7.78,8.7,7.33
2026-04-12 22:27:51,20000,7.4,7.02,7.17,7.68,8.75,7.61
2026-04-12 22:27:51,20000,7.65,7.02,7.15,7.71,8.5,7.69
2026-04-12 22:27:51,20000,7.69,7.02,7.14,7.77,8.56,7.72
2026-04-12 22:27:52,20000,7.66,7.02,7.2,7.48,8.36,7.19
2026-04-12 22:27:52,20000,7.28,7.02,7.18,7.62,8.7,7.52
2026-04-12 22:27:52,20000,7.57,7.02,7.21,7.41,8.44,7.18
2026-04-12 22:27:53,20000,7.25,7.02,7.19,7.64,8.64,7.52
2026-04-12 22:27:53,20000,7.54,7.02,7.16,7.7,8.63,7.67
2026-04-12 22:27:54,20000,7.65,7.02,7.15,7.78,8.63,7.68
2026-04-12 22:27:54,20000,7.71,7.02,7.15,7.8,8.76,7.74
2026-04-12 22:27:54,20000,7.72,7.02,7.14,7.87,8.55,7.71
2026-04-12 22:27:55,20000,7.76,7.02,7.14,7.83,8.67,7.77
2026-04-12 22:27:55,20000,7.75,7.02,7.14,7.84,8.71,7.74
2026-04-12 22:27:55,20000,7.72,7.02,7.14,7.85,8.61,7.74
2026-04-12 22:27:56,20000,7.75,7.02,7.14,7.82,8.69,7.78
2026-04-12 22:27:56,20000,7.73,7.02,7.14,7.9,8.62,7.8
2026-04-12 22:27:56,20000,7.77,7.02,7.14,7.86,8.73,7.74
2026-04-12 22:27:57,20000,7.75,7.02,7.14,7.81,8.54,7.77
2026-04-12 22:27:57,20000,7.68,7.02,7.19,7.45,8.47,7.51
2026-04-12 22:27:57,20000,7.48,7.02,7.22,7.45,8.58,7.44
2026-04-12 22:27:58,20000,7.46,7.02,7.16,7.75,8.67,7.65
2026-04-12 22:27:58,20000,7.65,7.02,7.15,7.83,8.64,7.68
2026-04-12 22:27:58,20000,7.68,7.02,7.15,7.83,8.75,7.67
2026-04-12 22:27:59,20000,7.72,7.02,7.15,7.88,8.6,7.71
2026-04-12 22:27:59,20000,7.73,7.02,7.14,7.82,8.69,7.76
2026-04-12 22:28:00,20000,7.7,7.02,7.14,7.85,8.64,7.74
2026-04-12 22:28:00,20000,7.74,7.02,7.14,7.83,8.66,7.75
2026-04-12 22:28:00,20000,7.75,7.02,7.14,7.81,8.65,7.77
2026-04-12 22:28:01,20000,7.76,7.02,7.14,7.85,8.61,7.74
2026-04-12 22:28:01,20000,7.76,7.02,7.14,7.88,8.62,7.76
2026-04-12 22:28:01,20000,7.75,7.02,7.2,7.48,8.36,7.21
2026-04-12 22:28:02,20000,7.3,7.02,7.18,7.63,8.71,7.55
2026-04-12 22:28:02,20000,7.58,7.02,7.16,7.76,8.66,7.68
2026-04-12 22:28:02,20000,7.68,7.02,7.14,7.79,8.59,7.68
2026-04-12 22:28:03,20000,7.67,7.02,7.2,7.43,8.43,7.19
2026-04-12 22:28:03,20000,7.28,7.02,7.19,7.63,8.63,7.47
2026-04-12 22:28:03,20000,7.55,7.02,7.16,7.74,8.73,7.62
2026-04-12 22:28:04,20000,7.66,7.02,7.2,7.45,8.41,7.18
2026-04-12 22:28:04,20000,7.26,7.01,7.2,7.59,8.52,7.48
2026-04-12 22:28:04,20000,7.55,7.02,7.21,7.45,8.44,7.18
2026-04-12 22:28:05,20000,7.25,7.02,7.2,7.63,8.61,7.49
2026-04-12 22:28:05,20000,7.53,7.02,7.16,7.69,8.63,7.6
2026-04-12 22:28:06,20000,7.64,7.02,7.15,7.78,8.68,7.67
2026-04-12 22:28:06,20000,7.69,7.02,7.14,7.82,8.6,7.75
2026-04-12 22:28:06,20000,7.76,7.02,7.2,7.46,8.41,7.2
2026-04-12 22:28:07,20000,7.29,7.02,7.18,7.59,8.68,7.51
2026-04-12 22:28:07,20000,7.57,7.02,7.17,7.72,8.64,7.65
2026-04-12 22:28:07,20000,7.65,7.02,7.15,7.82,8.6,7.7
2026-04-12 22:28:08,20000,7.72,7.02,7.14,7.82,8.65,7.71
2026-04-12 22:28:08,20000,7.67,7.02,7.15,7.83,8.64,7.68
2026-04-12 22:28:08,20000,7.72,7.02,7.15,7.8,8.69,7.75
2026-04-12 22:28:09,20000,7.73,7.03,7.14,7.88,8.7,7.73
2026-04-12 22:28:09,20000,7.76,7.02,7.15,7.86,8.71,7.76
2026-04-12 22:28:09,20000,7.74,7.02,7.14,7.85,8.64,7.78
2026-04-12 22:28:10,20000,7.77,7.02,7.14,7.92,8.67,7.77
2026-04-12 22:28:10,20000,7.76,7.02,7.14,7.87,8.64,7.79
2026-04-12 22:28:10,20000,7.76,7.02,7.15,7.83,8.67,7.79
2026-04-12 22:28:11,20000,7.76,7.02,7.14,7.85,8.69,7.79
2026-04-12 22:28:11,20000,7.77,7.02,7.14,7.82,8.54,7.72
2026-04-12 22:28:12,20000,7.76,7.02,7.14,7.87,8.62,7.76
2026-04-12 22:28:12,20000,7.77,7.02,7.15,7.91,8.62,7.77
2026-04-12 22:28:12,20000,7.75,7.02,7.14,7.87,8.65,7.79
2026-04-12 22:28:13,20000,7.75,7.02,7.14,7.85,8.63,7.71
2026-04-12 22:28:13,20000,7.76,7.02,7.14,7.81,8.59,7.73
2026-04-12 22:28:13,20000,7.69,7.02,7.19,7.46,8.37,7.52
2026-04-12 22:28:14,20000,7.5,7.02,7.23,7.41,8.41,7.18
2026-04-12 22:28:14,20000,7.25,7.02,7.2,7.64,8.64,7.47
2026-04-12 22:28:14,20000,7.53,7.02,7.16,7.74,8.68,7.62
2026-04-12 22:28:15,20000,7.64,7.02,7.15,7.79,8.69,7.68
2026-04-12 22:28:15,20000,7.66,7.02,7.15,7.82,8.63,7.68
2026-04-12 22:28:15,20000,7.72,7.02,7.15,7.8,8.65,7.71
2026-04-12 22:28:16,20000,7.71,7.02,7.15,7.79,8.62,7.75
2026-04-12 22:28:16,20000,7.74,7.02,7.14,7.8,8.67,7.77
2026-04-12 22:28:16,20000,7.76,7.03,7.15,7.82,8.63,7.78
2026-04-12 22:28:17,20000,7.74,7.02,7.15,7.86,8.65,7.76
2026-04-12 22:28:17,20000,7.74,7.02,7.14,7.83,8.71,7.75
2026-04-12 22:28:17,20000,7.76,7.02,7.14,7.91,8.67,7.77
2026-04-12 22:28:18,20000,7.74,7.02,7.18,7.51,8.46,7.21
2026-04-12 22:28:18,20000,7.3,7.02,7.18,7.59,8.54,7.55
2026-04-12 22:28:19,20000,7.58,7.02,7.16,7.7,8.64,7.65
2026-04-12 22:28:19,20000,7.64,7.02,7.21,7.44,8.46,7.18
2026-04-12 22:28:19,20000,7.26,7.02,7.19,7.6,8.63,7.49
2026-04-12 22:28:20,20000,7.55,7.02,7.16,7.7,8.67,7.61
2026-04-12 22:28:20,20000,7.67,7.02,7.15,7.77,8.74,7.7
2026-04-12 22:28:20,20000,7.72,7.02,7.15,7.84,8.71,7.72
2026-04-12 22:28:21,20000,7.73,7.02,7.14,7.86,8.51,7.74
2026-04-12 22:28:21,20000,7.77,7.02,7.15,7.87,8.63,7.74
2026-04-12 22:28:21,20000,7.75,7.02,7.15,7.77,8.69,7.31
2026-04-12 22:28:22,20000,7.4,7.02,7.17,7.71,8.71,7.2
2026-04-12 22:28:22,20000,7.3,7.02,7.19,7.65,8.65,7.54
2026-04-12 22:28:22,20000,7.58,7.02,7.17,7.75,8.72,7.66
2026-04-12 22:28:23,20000,7.66,7.02,7.16,7.79,8.64,7.72
2026-04-12 22:28:23,20000,7.69,7.02,7.15,7.83,8.71,7.74
2026-04-12 22:28:23,20000,7.72,7.02,7.14,7.84,8.69,7.74
2026-04-12 22:28:24,20000,7.73,7.02,7.14,7.75,8.57,7.75
2026-04-12 22:28:24,20000,7.68,7.02,7.19,7.42,8.37,7.5
2026-04-12 22:28:25,20000,7.48,7.02,7.24,7.39,8.44,7.18
2026-04-12 22:28:25,20000,7.25,7.02,7.2,7.62,8.7,7.47
2026-04-12 22:28:25,20000,7.52,7.02,7.16,7.73,8.75,7.59
2026-04-12 22:28:26,20000,7.65,7.02,7.16,7.77,8.7,7.62
2026-04-12 22:28:26,20000,7.68,7.02,7.15,7.78,8.71,7.72
2026-04-12 22:28:26,20000,7.72,7.02,7.15,7.81,8.56,7.72
2026-04-12 22:28:27,20000,7.73,7.02,7.15,7.85,8.61,7.76
2026-04-12 22:28:27,20000,7.76,7.02,7.14,7.85,8.67,7.76
2026-04-12 22:28:27,20000,7.75,7.02,7.15,7.83,8.61,7.73
2026-04-12 22:28:28,20000,7.76,7.02,7.16,7.75,8.59,7.71
2026-04-12 22:28:28,20000,7.71,7.03,7.15,7.84,8.69,7.76
2026-04-12 22:28:28,20000,7.72,7.02,7.19,7.52,8.51,7.55
2026-04-12 22:28:29,20000,7.59,7.02,7.16,7.77,8.56,7.66
2026-04-12 22:28:29,20000,7.67,7.02,7.15,7.82,8.68,7.71
2026-04-12 22:28:29,20000,7.69,7.02,7.2,7.45,8.38,7.21
2026-04-12 22:28:30,20000,7.29,7.02,7.25,7.38,8.35,7.19
2026-04-12 22:28:30,20000,7.24,7.02,7.21,7.58,8.48,7.42
2026-04-12 22:28:31,20000,7.49,7.02,7.17,7.69,8.67,7.58
2026-04-12 22:28:31,20000,7.62,7.02,7.16,7.79,8.59,7.68
2026-04-12 22:28:31,20000,7.69,7.02,7.15,7.75,8.59,7.69
2026-04-12 22:28:32,20000,7.71,7.02,7.15,7.82,8.67,7.74
2026-04-12 22:28:32,20000,7.71,7.02,7.19,7.47,8.44,7.2
2026-04-12 22:28:32,20000,7.28,7.02,7.19,7.61,8.61,7.54
2026-04-12 22:28:33,20000,7.56,7.02,7.16,7.75,8.66,7.62
2026-04-12 22:28:33,20000,7.68,7.02,7.15,7.82,8.68,7.7
2026-04-12 22:28:33,20000,7.7,7.02,7.15,7.83,8.61,7.69
2026-04-12 22:28:34,20000,7.7,7.02,7.15,7.81,8.53,7.7
2026-04-12 22:28:34,20000,7.71,7.02,7.14,7.82,8.68,7.74
2026-04-12 22:28:34,20000,7.74,7.02,7.15,7.84,8.55,7.75
2026-04-12 22:28:35,20000,7.74,7.02,7.14,7.83,8.55,7.65
2026-04-12 22:28:35,20000,7.64,7.02,7.19,7.49,8.49,7.21
2026-04-12 22:28:35,20000,7.3,7.02,7.19,7.65,8.66,7.54
2026-04-12 22:28:36,20000,7.59,7.02,7.16,7.75,8.7,7.65
2026-04-12 22:28:36,20000,7.67,7.02,7.15,7.75,8.67,7.73
2026-04-12 22:28:37,20000,7.69,7.02,7.15,7.82,8.67,7.72
2026-04-12 22:28:37,20000,7.73,7.02,7.15,7.8,8.68,7.74
2026-04-12 22:28:37,20000,7.73,7.02,7.15,7.8,8.59,7.68
2026-04-12 22:28:38,20000,7.72,7.03,7.14,7.87,8.7,7.78
2026-04-12 22:28:38,20000,7.78,7.02,7.19,7.46,8.44,7.2
2026-04-12 22:28:38,20000,7.3,7.02,7.19,7.58,8.65,7.51
2026-04-12 22:28:39,20000,7.55,7.02,7.16,7.72,8.55,7.64
2026-04-12 22:28:39,20000,7.65,7.02,7.15,7.79,8.57,7.72
2026-04-12 22:28:39,20000,7.71,7.02,7.15,7.81,8.62,7.73
2026-04-12 22:28:40,20000,7.72,7.02,7.15,7.84,8.61,7.72
2026-04-12 22:28:40,20000,7.75,7.02,7.15,7.75,8.61,7.33
2026-04-12 22:28:40,20000,7.37,7.02,7.23,7.42,8.53,7.18
2026-04-12 22:28:41,20000,7.24,7.02,7.2,7.54,8.5,7.45
2026-04-12 22:28:41,20000,7.5,7.02,7.16,7.68,8.68,7.63
2026-04-12 22:28:41,20000,7.65,7.02,7.16,7.77,8.7,7.69
2026-04-12 22:28:42,20000,7.7,7.02,7.15,7.82,8.68,7.7
2026-04-12 22:28:42,20000,7.73,7.02,7.14,7.82,8.68,7.68
2026-04-12 22:28:43,20000,7.73,7.02,7.14,7.88,8.63,7.76
2026-04-12 22:28:43,20000,7.74,7.02,7.14,7.81,8.62,7.77
2026-04-12 22:28:43,20000,7.73,7.02,7.14,7.88,8.59,7.69
2026-04-12 22:28:44,20000,7.74,7.02,7.14,7.9,8.7,7.79
2026-04-12 22:28:44,20000,7.76,7.02,7.14,7.88,8.68,7.75
2026-04-12 22:28:44,20000,7.77,7.02,7.14,7.87,8.65,7.7
2026-04-12 22:28:45,20000,7.72,7.02,7.15,7.84,8.74,7.76
2026-04-12 22:28:45,20000,7.75,7.02,7.2,7.49,8.44,7.21
2026-04-12 22:28:45,20000,7.29,7.02,7.18,7.58,8.61,7.19
2026-04-12 22:28:46,20000,7.28,7.02,7.2,7.63,8.71,7.48
2026-04-12 22:28:46,20000,7.54,7.02,7.17,7.73,8.65,7.62
2026-04-12 22:28:46,20000,7.62,7.02,7.16,7.75,8.65,7.66
2026-04-12 22:28:47,20000,7.68,7.02,7.14,7.8,8.68,7.7
2026-04-12 22:28:47,20000,7.72,7.02,7.15,7.8,8.65,7.74
2026-04-12 22:28:47,20000,7.72,7.02,7.14,7.86,8.56,7.75
2026-04-12 22:28:48,20000,7.74,7.02,7.14,7.73,8.49,7.72
2026-04-12 22:28:48,20000,7.72,7.02,7.14,7.88,8.66,7.79
2026-04-12 22:28:49,20000,7.73,7.02,7.15,7.85,8.66,7.71
2026-04-12 22:28:49,20000,7.75,7.02,7.14,7.84,8.65,7.74
2026-04-12 22:28:49,20000,7.73,7.02,7.15,7.83,8.64,7.76
2026-04-12 22:28:50,20000,7.73,7.02,7.14,7.88,8.6,7.75
2026-04-12 22:28:50,20000,7.75,7.02,7.14,7.83,8.61,7.79
2026-04-12 22:28:50,20000,7.76,7.02,7.14,7.91,8.6,7.72
2026-04-12 22:28:51,20000,7.75,7.02,7.14,7.88,8.63,7.77
2026-04-12 22:28:51,20000,7.69,7.02,7.19,7.44,8.41,7.23
2026-04-12 22:28:51,20000,7.29,7.02,7.25,7.35,8.4,7.19
2026-04-12 22:28:52,20000,7.24,7.01,7.2,7.59,8.59,7.43
2026-04-12 22:28:52,20000,7.49,7.02,7.17,7.72,8.75,7.59
2026-04-12 22:28:52,20000,7.62,7.02,7.16,7.69,8.66,7.65
2026-04-12 22:28:53,20000,7.67,7.02,7.15,7.81,8.65,7.7
2026-04-12 22:28:53,20000,7.73,7.02,7.15,7.76,8.69,7.68
2026-04-12 22:28:53,20000,7.74,7.02,7.15,7.78,8.55,7.72
2026-04-12 22:28:54,20000,7.73,7.02,7.14,7.84,8.49,7.78
2026-04-12 22:28:54,20000,7.75,7.02,7.14,7.85,8.64,7.76
2026-04-12 22:28:55,20000,7.74,7.02,7.19,7.48,8.41,7.21
2026-04-12 22:28:55,20000,7.3,7.02,7.18,7.57,8.51,7.55
2026-04-12 22:28:55,20000,7.58,7.02,7.16,7.77,8.64,7.61
2026-04-12 22:28:56,20000,7.66,7.02,7.15,7.75,8.68,7.7
2026-04-12 22:28:56,20000,7.67,7.02,7.15,7.85,8.6,7.71
2026-04-12 22:28:56,20000,7.74,7.02,7.15,7.8,8.61,7.73
2026-04-12 22:28:57,20000,7.66,7.02,7.19,7.45,8.4,7.2
2026-04-12 22:28:57,20000,7.28,7.02,7.25,7.36,8.34,7.19
2026-04-12 22:28:57,20000,7.24,7.02,7.21,7.58,8.67,7.38
2026-04-12 22:28:58,20000,7.44,7.02,7.18,7.69,8.6,7.57
2026-04-12 22:28:58,20000,7.58,7.02,7.15,7.71,8.67,7.64
2026-04-12 22:28:58,20000,7.68,7.02,7.15,7.81,8.65,7.7
2026-04-12 22:28:59,20000,7.67,7.02,7.15,7.84,8.63,7.68
2026-04-12 22:28:59,20000,7.72,7.02,7.14,7.78,8.72,7.7
2026-04-12 22:28:59,20000,7.71,7.02,7.14,7.82,8.6,7.74
2026-04-12 22:29:00,20000,7.71,7.02,7.14,7.86,8.63,7.75
2026-04-12 22:29:00,20000,7.72,7.02,7.14,7.84,8.69,7.76
2026-04-12 22:29:01,20000,7.74,7.02,7.19,7.45,8.4,7.2
2026-04-12 22:29:01,20000,7.29,7.02,7.18,7.63,8.57,7.52
2026-04-12 22:29:01,20000,7.56,7.02,7.17,7.7,8.7,7.65
2026-04-12 22:29:02,20000,7.62,7.02,7.15,7.79,8.62,7.69
2026-04-12 22:29:02,20000,7.7,7.02,7.15,7.8,8.64,7.29
2026-04-12 22:29:02,20000,7.35,7.02,7.23,7.42,8.38,7.18
2026-04-12 22:29:03,20000,7.25,7.02,7.21,7.58,8.68,7.43
2026-04-12 22:29:03,20000,7.49,7.02,7.18,7.68,8.59,7.59
2026-04-12 22:29:03,20000,7.61,7.02,7.15,7.7,8.52,7.66
2026-04-12 22:29:04,20000,7.66,7.02,7.15,7.77,8.66,7.7
2026-04-12 22:29:04,20000,7.69,7.02,7.2,7.48,8.41,7.19
2026-04-12 22:29:04,20000,7.27,7.01,7.18,7.56,8.54,7.52
2026-04-12 22:29:05,20000,7.53,7.02,7.17,7.68,8.65,7.62
2026-04-12 22:29:05,20000,7.64,7.02,7.15,7.79,8.69,7.66
2026-04-12 22:29:05,20000,7.67,7.02,7.15,7.7,8.6,7.67
2026-04-12 22:29:06,20000,7.69,7.02,7.15,7.79,8.6,7.74
2026-04-12 22:29:06,20000,7.72,7.02,7.15,7.8,8.59,7.71
2026-04-12 22:29:07,20000,7.73,7.02,7.15,7.82,8.63,7.72
2026-04-12 22:29:07,20000,7.73,7.02,7.14,7.85,8.64,7.69
2026-04-12 22:29:07,20000,7.73,7.02,7.14,7.79,8.57,7.73
2026-04-12 22:29:08,20000,7.68,7.02,7.2,7.45,8.42,7.19
2026-04-12 22:29:08,20000,7.27,7.01,7.19,7.56,8.56,7.51
2026-04-12 22:29:08,20000,7.56,7.02,7.16,7.72,8.64,7.61
2026-04-12 22:29:09,20000,7.64,7.02,7.15,7.78,8.71,7.7
2026-04-12 22:29:09,20000,7.68,7.02,7.15,7.79,8.64,7.73
2026-04-12 22:29:09,20000,7.71,7.02,7.15,7.79,8.59,7.66
2026-04-12 22:29:10,20000,7.67,7.02,7.14,7.8,8.67,7.77
2026-04-12 22:29:10,20000,7.72,7.02,7.14,7.79,8.58,7.71
2026-04-12 22:29:10,20000,7.74,7.02,7.14,7.84,8.49,7.74
2026-04-12 22:29:11,20000,7.74,7.02,7.15,7.87,8.64,7.73
2026-04-12 22:29:11,20000,7.73,7.02,7.19,7.45,8.47,7.2
2026-04-12 22:29:11,20000,7.29,7.02,7.19,7.52,8.63,7.18
2026-04-12 22:29:12,20000,7.26,7.01,7.2,7.63,8.68,7.47
2026-04-12 22:29:12,20000,7.52,7.02,7.16,7.72,8.69,7.61
2026-04-12 22:29:13,20000,7.64,7.02,7.15,7.73,8.66,7.25
2026-04-12 22:29:13,20000,7.32,7.02,7.24,7.37,8.38,7.18
2026-04-12 22:29:13,20000,7.24,7.02,7.21,7.58,8.64,7.4
2026-04-12 22:29:14,20000,7.47,7.02,7.22,7.42,8.36,7.18
2026-04-12 22:29:14,20000,7.24,7.02,7.2,7.5,8.69,7.18
2026-04-12 22:29:14,20000,7.24,7.02,7.21,7.61,8.65,7.38
2026-04-12 22:29:15,20000,7.45,7.02,7.18,7.65,8.65,7.56
2026-04-12 22:29:15,20000,7.59,7.02,7.16,7.74,8.6,7.66
2026-04-12 22:29:15,20000,7.65,7.02,7.16,7.76,8.61,7.68
2026-04-12 22:29:16,20000,7.7,7.02,7.15,7.8,8.67,7.72
2026-04-12 22:29:16,20000,7.71,7.02,7.15,7.79,8.59,7.66
2026-04-12 22:29:16,20000,7.72,7.02,7.15,7.77,8.49,7.71
2026-04-12 22:29:17,20000,7.71,7.02,7.14,7.83,8.63,7.72
2026-04-12 22:29:17,20000,7.74,7.02,7.15,7.83,8.7,7.75
2026-04-12 22:29:17,20000,7.73,7.02,7.19,7.41,8.42,7.19
2026-04-12 22:29:18,20000,7.27,7.02,7.19,7.6,8.65,7.51
2026-04-12 22:29:18,20000,7.49,7.02,7.24,7.4,8.43,7.18
2026-04-12 22:29:19,20000,7.24,7.02,7.21,7.58,8.67,7.42
2026-04-12 22:29:19,20000,7.47,7.02,7.16,7.68,8.64,7.59
2026-04-12 22:29:19,20000,7.59,7.02,7.16,7.74,8.67,7.64
2026-04-12 22:29:20,20000,7.66,7.02,7.21,7.42,8.42,7.18
2026-04-12 22:29:20,20000,7.25,7.02,7.2,7.61,8.65,7.48
2026-04-12 22:29:20,20000,7.5,7.02,7.17,7.72,8.65,7.59
2026-04-12 22:29:21,20000,7.6,7.02,7.16,7.77,8.67,7.65
