Timestamp,Frequency (Hz),V_AD,V_AB,V_BC,V_CD,V_AC,V_BD
2026-04-12 18:02:57,1000.00,13.50,6.24,15.10,8.51,16.40,13.90
2026-04-12 18:02:57,1000.00,11.76,6.17,14.20,8.49,16.50,13.90
2026-04-12 18:02:58,1000.00,13.10,6.15,14.10,8.61,16.50,14.00
2026-04-12 18:02:58,1000.00,13.10,6.10,14.00,8.79,16.50,14.00
2026-04-12 18:02:58,1000.00,13.10,6.04,14.00,8.59,16.70,14.00
2026-04-12 18:02:59,1000.00,13.20,6.03,14.00,8.48,16.40,14.00
2026-04-12 18:02:59,1000.00,13.20,5.98,14.00,8.29,16.50,14.00
2026-04-12 18:02:59,1000.00,13.20,6.02,14.00,8.37,16.40,14.00
2026-04-12 18:03:00,1000.00,13.20,6.02,14.00,8.25,16.30,14.00
2026-04-12 18:03:00,1000.00,13.20,5.99,13.90,8.21,16.70,14.10
2026-04-12 18:03:01,1000.00,13.30,5.95,13.90,7.79,16.20,14.00
2026-04-12 18:03:01,1000.00,13.20,5.97,14.00,8.14,16.40,14.00
2026-04-12 18:03:01,1000.00,13.20,5.97,13.90,8.04,16.00,14.00
2026-04-12 18:03:02,1000.00,13.20,5.82,13.90,8.25,16.40,14.00
2026-04-12 18:03:02,1000.00,13.30,5.96,13.90,7.84,16.30,14.00
2026-04-12 18:03:02,1000.00,13.20,5.92,14.00,7.93,16.50,14.10
2026-04-12 18:03:03,1000.00,13.30,5.83,13.90,8.34,16.30,14.00
2026-04-12 18:03:03,1000.00,13.20,5.98,13.90,7.79,16.30,14.00
2026-04-12 18:03:04,1000.00,13.20,5.95,13.90,8.23,16.40,14.00
2026-04-12 18:03:04,1000.00,13.20,6.16,14.00,8.54,16.50,14.00
2026-04-12 18:03:04,1000.00,13.20,6.02,14.00,8.29,16.40,14.00
2026-04-12 18:03:05,1000.00,13.20,6.13,14.00,8.51,16.50,14.00
2026-04-12 18:03:05,1000.00,13.10,6.03,14.00,8.42,16.30,14.00
2026-04-12 18:03:05,1000.00,13.20,5.94,14.00,8.29,16.60,14.10
2026-04-12 18:03:06,1000.00,13.20,6.03,14.00,8.32,16.70,14.10
2026-04-12 18:03:06,1000.00,13.20,6.06,14.00,8.34,16.80,14.10
2026-04-12 18:03:07,1000.00,13.20,5.99,14.00,8.43,16.60,14.10
2026-04-12 18:03:07,1000.00,13.20,5.97,14.00,8.60,16.80,14.00
2026-04-12 18:03:07,1000.00,13.20,6.07,14.00,8.61,16.70,14.10
2026-04-12 18:03:08,1000.00,13.20,6.03,14.00,8.83,16.90,14.00
2026-04-12 18:03:08,1000.00,13.10,5.96,14.00,8.30,16.40,14.00
2026-04-12 18:03:08,1000.00,13.20,6.11,14.00,8.53,16.90,14.00
2026-04-12 18:03:09,1000.00,13.20,5.97,14.00,8.36,16.30,14.00
2026-04-12 18:03:09,1000.00,13.20,5.85,14.00,8.42,16.40,14.00
2026-04-12 18:03:09,1000.00,13.20,5.93,14.00,7.96,16.40,14.00
2026-04-12 18:03:10,1000.00,13.20,5.97,14.00,8.18,16.40,14.10
2026-04-12 18:03:10,1000.00,13.20,5.96,14.00,7.95,16.50,14.10
2026-04-12 18:03:11,1000.00,13.30,5.80,14.00,7.84,16.80,14.10
2026-04-12 18:03:11,1000.00,13.30,5.93,14.00,7.80,16.30,14.10
2026-04-12 18:03:11,1000.00,13.20,6.07,14.00,8.37,16.80,14.10
2026-04-12 18:03:12,1000.00,13.20,5.96,14.00,7.92,16.30,14.10
2026-04-12 18:03:12,1000.00,13.20,6.07,14.00,8.36,16.50,14.10
2026-04-12 18:03:12,1000.00,13.20,6.02,14.00,8.46,16.70,14.10
2026-04-12 18:03:13,1000.00,13.20,5.97,14.00,8.69,16.70,14.10
2026-04-12 18:03:13,1000.00,13.20,6.11,14.00,8.25,16.80,14.10
2026-04-12 18:03:13,1000.00,13.20,6.10,14.00,8.91,16.70,14.00
2026-04-12 18:03:14,1000.00,13.10,5.98,14.00,8.17,16.80,14.10
2026-04-12 18:03:14,1000.00,13.30,6.03,14.00,8.40,17.10,14.10
2026-04-12 18:03:15,1000.00,13.30,6.03,14.00,8.77,16.80,14.10
2026-04-12 18:03:15,1000.00,13.20,6.00,14.00,8.39,16.80,14.10
2026-04-12 18:03:15,1000.00,13.30,6.06,14.00,8.78,16.90,14.10
2026-04-12 18:03:16,1000.00,13.20,5.96,14.00,8.16,16.50,14.10
2026-04-12 18:03:16,1000.00,13.20,5.83,14.00,8.21,16.40,14.10
2026-04-12 18:03:16,1000.00,13.20,5.94,14.00,8.23,16.30,14.10
2026-04-12 18:03:17,1000.00,13.20,6.07,14.00,8.39,16.80,14.10
2026-04-12 18:03:17,1000.00,13.20,6.02,14.00,8.36,17.00,14.10
2026-04-12 18:03:17,1000.00,13.20,5.80,14.00,8.02,16.40,14.10
2026-04-12 18:03:18,1000.00,13.20,6.00,14.00,8.23,16.60,14.10
2026-04-12 18:03:18,1000.00,13.20,6.07,14.00,8.20,16.70,14.10
2026-04-12 18:03:19,1000.00,13.20,5.94,14.00,8.61,17.00,14.10
2026-04-12 18:03:19,1000.00,13.20,6.03,14.00,8.47,17.00,14.10
2026-04-12 18:03:19,1000.00,13.30,5.97,14.00,8.81,16.80,14.10
2026-04-12 18:03:20,1000.00,13.20,6.09,14.00,8.59,16.50,14.10
2026-04-12 18:03:20,1000.00,13.20,5.93,14.00,8.22,16.70,14.20
2026-04-12 18:03:20,1000.00,13.20,5.99,14.00,8.43,16.70,14.10
2026-04-12 18:03:21,1000.00,13.20,6.02,14.00,8.69,16.90,14.10
2026-04-12 18:03:21,1000.00,13.20,6.11,14.00,8.60,16.90,14.10
2026-04-12 18:03:21,1000.00,13.30,5.90,14.00,8.28,16.70,14.10
2026-04-12 18:03:22,1000.00,13.30,5.97,14.00,8.28,16.70,14.10
2026-04-12 18:03:22,1000.00,13.30,5.92,14.00,8.11,16.80,14.10
2026-04-12 18:03:23,1000.00,13.20,6.04,14.00,8.39,16.80,14.10
2026-04-12 18:03:23,1000.00,13.30,5.93,14.00,8.52,16.90,14.10
2026-04-12 18:03:23,1000.00,13.20,5.97,14.00,8.15,16.60,14.10
2026-04-12 18:03:24,1000.00,13.30,5.91,14.00,8.24,16.90,14.20
2026-04-12 18:03:24,1000.00,13.30,5.89,14.00,7.85,16.60,14.10
2026-04-12 18:03:24,1000.00,13.20,5.92,14.00,8.02,16.30,14.10
2026-04-12 18:03:25,1000.00,13.20,5.93,14.00,7.88,16.80,14.20
2026-04-12 18:03:25,1000.00,13.30,6.00,14.00,8.19,17.00,14.20
2026-04-12 18:03:25,1000.00,13.30,5.76,14.00,7.91,16.70,14.20
2026-04-12 18:03:26,1000.00,13.30,5.92,14.00,8.46,16.40,14.10
2026-04-12 18:03:26,1000.00,13.20,6.02,14.00,8.12,16.80,14.20
2026-04-12 18:03:27,1000.00,13.30,5.87,14.00,7.86,16.50,14.10
2026-04-12 18:03:27,1000.00,13.20,5.86,14.00,7.87,16.40,14.10
2026-04-12 18:03:27,1000.00,13.30,5.88,14.00,8.02,16.50,14.20
2026-04-12 18:03:28,1000.00,13.30,5.90,14.00,7.86,16.70,14.20
2026-04-12 18:03:28,1000.00,13.30,5.91,14.00,8.50,16.80,14.10
2026-04-12 18:03:28,1000.00,13.20,5.91,14.00,8.16,16.80,14.20
2026-04-12 18:03:29,1000.00,13.30,5.90,14.00,7.77,16.80,14.20
2026-04-12 18:03:29,1000.00,13.30,6.02,14.00,8.11,16.30,14.10
2026-04-12 18:03:29,1000.00,13.20,5.97,14.00,8.61,16.40,14.10
2026-04-12 18:03:30,1000.00,13.20,5.94,14.00,8.14,16.40,14.10
2026-04-12 18:03:30,1000.00,13.20,5.95,14.00,7.93,16.60,14.20
2026-04-12 18:03:31,1000.00,13.30,6.00,14.00,8.22,16.60,14.10
2026-04-12 18:03:31,1000.00,13.20,6.02,14.00,8.41,16.70,14.20
2026-04-12 18:03:31,1000.00,13.20,5.93,14.00,8.60,16.50,14.10
2026-04-12 18:03:32,1000.00,13.20,5.95,14.00,8.42,16.70,14.20
2026-04-12 18:03:32,1000.00,13.30,5.97,14.00,8.61,16.50,14.10
2026-04-12 18:03:32,1000.00,13.20,5.91,14.00,8.31,16.20,14.10
2026-04-12 18:03:33,1000.00,13.20,5.93,14.00,8.18,16.70,14.10
2026-04-12 18:03:33,1000.00,13.20,5.88,14.00,8.24,16.70,14.20
2026-04-12 18:03:34,1000.00,13.30,5.95,14.00,8.46,16.40,14.10
2026-04-12 18:03:34,1000.00,13.20,5.93,14.00,8.11,16.80,14.20
2026-04-12 18:03:34,1000.00,13.30,5.91,14.00,8.24,16.80,14.20
2026-04-12 18:03:35,1000.00,13.30,5.87,14.00,7.82,16.40,14.20
2026-04-12 18:03:35,1000.00,13.20,5.96,14.00,8.58,16.70,14.10
2026-04-12 18:03:35,1000.00,13.20,5.92,14.00,8.30,16.50,14.10
2026-04-12 18:03:36,1000.00,13.20,6.04,14.00,8.37,16.80,14.20
2026-04-12 18:03:36,1000.00,13.20,5.96,14.00,8.74,16.00,14.10
2026-04-12 18:03:36,1000.00,13.20,5.93,14.00,8.32,16.40,14.10
2026-04-12 18:03:37,1000.00,13.20,6.06,14.00,8.42,16.80,14.20
2026-04-12 18:03:37,1000.00,13.20,5.90,14.00,8.01,16.30,14.10
2026-04-12 18:03:38,1000.00,13.20,5.99,14.00,8.72,16.90,14.10
2026-04-12 18:03:38,1000.00,13.20,6.01,14.00,8.39,16.90,14.10
2026-04-12 18:03:38,1000.00,13.20,5.74,14.00,8.15,16.50,14.10
2026-04-12 18:03:39,1000.00,13.30,5.93,14.00,7.70,16.70,14.10
2026-04-12 18:03:39,1000.00,13.20,5.78,14.00,8.36,17.00,14.20
2026-04-12 18:03:39,1000.00,13.30,5.85,14.00,8.09,16.80,14.20
2026-04-12 18:03:40,1000.00,13.30,5.95,14.00,8.45,16.50,14.10
2026-04-12 18:03:40,1000.00,13.20,5.92,14.00,8.14,16.40,14.10
2026-04-12 18:03:40,1000.00,13.20,6.04,14.00,8.74,17.00,14.10
2026-04-12 18:03:41,1000.00,13.20,5.90,14.00,8.46,17.00,14.20
2026-04-12 18:03:41,1000.00,13.30,5.97,14.00,8.34,16.80,14.20
2026-04-12 18:03:42,1000.00,13.30,5.94,14.00,8.63,16.50,14.10
2026-04-12 18:03:42,1000.00,13.20,6.06,14.00,8.83,16.70,14.10
2026-04-12 18:03:42,1000.00,13.20,5.93,14.00,8.57,16.80,14.20
2026-04-12 18:03:43,1000.00,13.30,5.91,14.00,8.05,16.20,14.10
2026-04-12 18:03:43,1000.00,13.30,5.94,14.00,8.19,17.00,14.20
2026-04-12 18:03:43,1000.00,13.30,5.89,14.00,8.00,16.40,14.20
2026-04-12 18:03:44,1000.00,13.30,5.90,14.00,8.03,16.40,14.20
2026-04-12 18:03:44,1000.00,13.30,5.88,14.00,7.78,16.50,14.20
2026-04-12 18:03:44,1000.00,13.30,6.02,14.00,8.24,16.50,14.10
2026-04-12 18:03:45,1000.00,13.20,5.86,14.00,8.19,16.70,14.20
2026-04-12 18:03:45,1000.00,13.30,5.94,14.00,8.52,16.70,14.10
2026-04-12 18:03:46,1000.00,13.20,5.94,14.00,8.08,16.30,14.10
2026-04-12 18:03:46,1000.00,13.20,5.94,14.00,8.24,16.60,14.20
2026-04-12 18:03:46,1000.00,13.20,5.89,14.00,8.43,17.00,14.10
2026-04-12 18:03:47,1000.00,13.20,6.06,14.00,8.62,16.80,14.10
2026-04-12 18:03:47,1000.00,13.20,6.02,14.00,8.48,17.00,14.20
2026-04-12 18:03:47,1000.00,13.30,5.98,14.00,8.83,16.60,14.10
2026-04-12 18:03:48,1000.00,13.20,5.93,14.00,8.49,16.90,14.20
2026-04-12 18:03:48,1000.00,13.30,6.02,14.00,8.33,16.60,14.10
2026-04-12 18:03:48,1000.00,13.20,6.01,14.00,8.12,16.40,14.10
2026-04-12 18:03:49,1000.00,13.20,5.92,14.00,7.99,16.70,14.20
2026-04-12 18:03:49,1000.00,13.30,5.82,14.00,8.19,16.40,14.20
2026-04-12 18:03:50,1000.00,13.20,5.84,14.00,8.07,16.60,14.20
2026-04-12 18:03:50,1000.00,13.30,5.90,14.00,8.35,16.90,14.10
2026-04-12 18:03:50,1000.00,13.20,5.92,14.00,8.16,16.40,14.10
2026-04-12 18:03:51,1000.00,13.20,5.92,14.00,7.60,16.60,14.20
2026-04-12 18:03:51,1000.00,13.30,5.88,14.00,8.12,16.40,14.20
2026-04-12 18:03:51,1000.00,13.30,5.89,14.00,8.03,16.40,14.20
2026-04-12 18:03:52,1000.00,13.20,5.87,14.00,7.93,16.80,14.20
2026-04-12 18:03:52,1000.00,13.30,5.96,14.00,8.51,16.50,14.10
2026-04-12 18:03:52,1000.00,13.20,5.91,14.00,7.98,16.90,14.20
2026-04-12 18:03:53,1000.00,13.30,5.87,14.00,7.74,16.50,14.20
2026-04-12 18:03:53,1000.00,13.30,5.88,14.00,8.16,16.30,14.20
2026-04-12 18:03:54,1000.00,13.20,6.02,14.00,8.62,17.00,14.10
2026-04-12 18:03:54,1000.00,13.20,5.93,14.00,8.07,16.80,14.20
2026-04-12 18:03:54,1000.00,13.30,5.87,14.00,7.87,16.90,14.20
2026-04-12 18:03:55,1000.00,13.40,5.89,14.00,8.44,16.80,14.10
2026-04-12 18:03:55,1000.00,13.20,6.03,14.00,8.37,16.90,14.20
2026-04-12 18:03:55,1000.00,13.30,5.97,14.00,8.28,16.40,14.10
2026-04-12 18:03:56,1000.00,13.20,6.06,14.00,8.47,16.80,14.20
2026-04-12 18:03:56,1000.00,13.30,5.93,14.00,8.26,16.20,14.10
2026-04-12 18:03:57,1000.00,13.20,5.92,14.00,8.10,16.50,14.10
2026-04-12 18:03:57,1000.00,13.20,5.98,14.00,8.08,16.50,14.10
2026-04-12 18:03:57,1000.00,13.20,6.03,14.00,8.35,16.90,14.20
2026-04-12 18:03:58,1000.00,13.30,5.99,14.00,8.32,17.10,14.20
2026-04-12 18:03:58,1000.00,13.30,5.83,14.00,7.96,16.70,14.20
2026-04-12 18:03:58,1000.00,13.30,5.86,14.00,7.86,16.60,14.20
2026-04-12 18:03:59,1000.00,13.30,5.83,14.00,7.85,16.60,14.30
2026-04-12 18:03:59,1000.00,13.40,5.84,14.00,7.86,17.00,14.20
2026-04-12 18:03:59,1000.00,13.40,5.81,14.00,7.74,16.50,14.20
2026-04-12 18:04:00,1000.00,13.30,5.84,14.00,7.88,16.80,14.20
2026-04-12 18:04:00,1000.00,13.20,5.89,14.00,8.57,16.50,14.10
2026-04-12 18:04:01,1000.00,13.20,5.98,14.00,8.31,16.80,14.20
2026-04-12 18:04:01,1000.00,13.30,6.02,14.00,8.35,16.80,14.20
2026-04-12 18:04:01,1000.00,13.30,5.89,14.00,8.30,16.70,14.20
2026-04-12 18:04:02,1000.00,13.30,5.88,14.00,8.46,16.90,14.10
2026-04-12 18:04:02,1000.00,13.20,5.98,14.00,8.37,16.90,14.20
2026-04-12 18:04:02,1000.00,13.30,5.88,14.00,8.26,16.90,14.10
2026-04-12 18:04:03,1000.00,13.20,5.94,14.00,8.37,17.00,14.20
2026-04-12 18:04:03,1000.00,13.30,5.90,14.00,8.50,16.40,14.10
2026-04-12 18:04:03,1000.00,13.20,5.87,14.00,8.17,16.60,14.20
2026-04-12 18:04:04,1000.00,13.30,5.91,14.00,8.60,17.00,14.10
2026-04-12 18:04:04,1000.00,13.20,5.92,14.00,8.07,16.80,14.20
2026-04-12 18:04:05,1000.00,13.30,5.99,14.00,8.63,16.50,14.10
2026-04-12 18:04:05,1000.00,13.20,5.91,14.00,8.15,16.60,14.10
2026-04-12 18:04:05,1000.00,13.20,5.75,14.00,8.26,16.50,14.10
2026-04-12 18:04:06,1000.00,13.20,6.00,14.00,8.36,17.10,14.20
2026-04-12 18:04:06,1000.00,13.30,5.84,14.00,7.96,16.70,14.20
2026-04-12 18:04:06,1000.00,13.30,5.94,14.00,8.50,16.60,14.10
2026-04-12 18:04:07,1000.00,13.20,5.92,14.00,8.05,16.60,14.20
2026-04-12 18:04:07,1000.00,13.20,6.00,14.00,8.31,16.90,14.20
2026-04-12 18:04:07,1000.00,13.30,5.88,14.00,7.88,17.00,14.30
2026-04-12 18:04:08,1000.00,13.30,5.92,14.00,8.49,16.50,14.10
2026-04-12 18:04:08,1000.00,13.20,5.89,14.00,7.94,16.50,14.10
2026-04-12 18:04:09,1000.00,13.20,5.88,14.00,7.99,16.90,14.20
2026-04-12 18:04:09,1000.00,13.30,5.80,14.00,7.81,16.70,14.30
2026-04-12 18:04:09,1000.00,13.30,5.83,14.00,7.89,16.20,14.20
2026-04-12 18:04:10,1000.00,13.30,5.88,14.00,7.99,16.50,14.20
2026-04-12 18:04:10,1000.00,13.30,5.85,14.00,7.73,17.00,14.20
2026-04-12 18:04:10,1000.00,13.30,5.71,14.00,7.96,16.50,14.20
2026-04-12 18:04:11,1000.00,13.30,5.85,14.00,7.74,16.30,14.20
2026-04-12 18:04:11,1000.00,13.20,5.85,14.00,7.71,16.90,14.30
2026-04-12 18:04:11,1000.00,13.30,5.83,14.00,7.72,16.60,14.30
2026-04-12 18:04:12,1000.00,13.30,5.87,14.00,8.26,16.40,14.20
2026-04-12 18:04:12,1000.00,13.20,5.88,14.00,7.88,16.70,14.20
2026-04-12 18:04:13,1000.00,13.30,5.94,14.00,8.48,16.50,14.10
2026-04-12 18:04:13,1000.00,13.20,5.91,14.00,8.23,16.40,14.20
2026-04-12 18:04:13,1000.00,13.30,6.03,14.00,8.74,16.70,14.10
2026-04-12 18:04:14,1000.00,13.20,5.92,14.00,8.07,16.50,14.10
2026-04-12 18:04:14,1000.00,13.20,5.88,14.00,7.99,16.70,14.20
2026-04-12 18:04:14,1000.00,13.30,5.89,14.00,8.64,16.60,14.10
2026-04-12 18:04:15,1000.00,13.20,5.90,14.00,8.04,16.90,14.20
2026-04-12 18:04:15,1000.00,13.30,5.98,14.00,8.63,16.50,14.10
2026-04-12 18:04:15,1000.00,13.20,5.91,14.00,8.32,16.80,14.10
2026-04-12 18:04:16,1000.00,13.20,5.90,14.00,7.92,16.40,14.10
2026-04-12 18:04:16,1000.00,13.20,5.71,14.00,8.27,16.50,14.20
2026-04-12 18:04:17,1000.00,13.30,5.86,14.00,7.84,16.70,14.20
2026-04-12 18:04:17,1000.00,13.30,5.94,14.00,8.50,16.50,14.10
2026-04-12 18:04:17,1000.00,13.20,5.90,14.00,8.01,16.90,14.20
2026-04-12 18:04:18,1000.00,13.30,5.99,14.00,8.18,17.00,14.20
2026-04-12 18:04:18,1000.00,13.30,5.84,14.00,8.03,16.40,14.20
2026-04-12 18:04:18,1000.00,13.20,5.81,14.00,8.06,16.80,14.20
2026-04-12 18:04:19,1000.00,13.30,5.90,14.00,8.46,17.00,14.10
2026-04-12 18:04:19,1000.00,13.20,5.84,14.00,8.03,16.80,14.20
2026-04-12 18:04:19,1000.00,13.30,5.75,14.00,7.88,16.70,14.20
2026-04-12 18:04:20,1000.00,13.30,5.88,14.00,7.83,16.60,14.20
2026-04-12 18:04:20,1000.00,13.30,6.00,14.00,8.32,17.00,14.20
2026-04-12 18:04:21,1000.00,13.30,5.98,14.00,8.63,16.60,14.10
2026-04-12 18:04:21,1000.00,13.20,5.93,14.00,8.37,16.30,14.10
2026-04-12 18:04:21,1000.00,13.30,5.91,14.00,7.99,16.10,14.10
2026-04-12 18:04:22,1000.00,13.30,5.80,14.00,8.10,16.50,14.10
2026-04-12 18:04:22,1000.00,13.30,5.85,14.00,7.99,16.50,14.20
2026-04-12 18:04:22,1000.00,13.30,5.88,14.00,7.96,16.40,14.20
2026-04-12 18:04:23,1000.00,13.30,5.88,14.00,8.04,16.80,14.20
2026-04-12 18:04:23,1000.00,13.30,5.86,14.00,7.96,16.90,14.20
2026-04-12 18:04:23,1000.00,13.30,5.78,14.00,8.00,16.60,14.20
2026-04-12 18:04:24,1000.00,13.30,5.87,14.00,8.11,17.00,14.20
2026-04-12 18:04:24,1000.00,13.30,5.86,14.00,8.53,16.80,14.10
2026-04-12 18:04:25,1000.00,13.20,5.99,14.00,8.72,16.50,14.10
2026-04-12 18:04:25,1000.00,13.20,5.91,14.00,8.13,16.40,14.10
2026-04-12 18:04:25,1000.00,13.20,5.90,14.00,8.29,16.60,14.20
2026-04-12 18:04:26,1000.00,13.20,5.89,14.00,7.95,16.90,14.20
2026-04-12 18:04:26,1000.00,13.30,5.79,14.00,7.75,16.70,14.20
2026-04-12 18:04:26,1000.00,13.30,5.90,14.00,8.09,16.50,14.20
2026-04-12 18:04:27,1000.00,13.30,5.94,14.00,8.58,16.70,14.10
2026-04-12 18:04:27,1000.00,13.20,5.94,14.00,8.02,16.60,14.10
2026-04-12 18:04:27,1000.00,13.20,5.75,14.00,7.94,16.40,14.10
2026-04-12 18:04:28,1000.00,13.30,5.87,14.00,8.13,17.00,14.10
2026-04-12 18:04:28,1000.00,13.30,5.90,14.00,8.02,16.60,14.10
2026-04-12 18:04:29,1000.00,13.30,5.89,14.00,8.14,16.60,14.10
2026-04-12 18:04:29,1000.00,13.20,5.76,14.00,8.13,16.40,14.20
2026-04-12 18:04:29,1000.00,13.20,5.84,14.00,7.60,16.50,14.20
2026-04-12 18:04:30,1000.00,13.30,5.96,14.00,8.55,16.60,14.10
2026-04-12 18:04:30,1000.00,13.20,6.06,14.00,8.49,17.00,14.20
2026-04-12 18:04:30,1000.00,13.30,6.00,14.00,8.45,17.10,14.20
2026-04-12 18:04:31,1000.00,13.30,5.86,14.00,8.16,16.40,14.20
2026-04-12 18:04:31,1000.00,13.20,5.96,14.00,8.62,16.50,14.10
2026-04-12 18:04:32,1000.00,13.20,5.91,14.00,8.13,16.40,14.20
2026-04-12 18:04:32,1000.00,13.30,6.01,14.00,8.64,16.90,14.20
2026-04-12 18:04:32,1000.00,13.30,5.97,14.00,8.69,16.50,14.10
2026-04-12 18:04:33,1000.00,13.20,6.02,14.00,8.49,16.90,14.20
2026-04-12 18:04:33,1000.00,13.30,5.93,14.00,8.71,16.60,14.10
2026-04-12 18:04:33,1000.00,13.20,5.92,14.00,8.23,16.80,14.10
2026-04-12 18:04:34,1000.00,13.20,5.99,14.00,8.39,16.80,14.20
2026-04-12 18:04:34,1000.00,13.20,5.74,14.00,8.18,16.60,14.10
2026-04-12 18:04:34,1000.00,13.30,5.77,14.00,8.10,16.60,14.10
2026-04-12 18:04:35,1000.00,13.30,5.87,14.00,7.89,16.50,14.20
2026-04-12 18:04:35,1000.00,13.30,5.94,14.00,8.59,16.40,14.10
2026-04-12 18:04:36,1000.00,13.20,5.55,14.00,8.08,16.40,14.10
2026-04-12 18:04:36,1000.00,13.20,6.02,14.00,8.54,17.10,14.20
2026-04-12 18:04:36,1000.00,13.30,5.84,14.00,7.95,16.80,14.20
2026-04-12 18:04:37,1000.00,13.30,5.95,14.00,8.56,16.50,14.10
2026-04-12 18:04:37,1000.00,13.20,5.91,14.00,8.12,16.90,14.20
2026-04-12 18:04:37,1000.00,13.30,5.96,14.00,8.66,17.00,14.10
2026-04-12 18:04:38,1000.00,13.20,5.91,14.00,8.04,16.50,14.20
2026-04-12 18:04:38,1000.00,13.20,5.91,14.00,7.94,17.00,14.20
2026-04-12 18:04:38,1000.00,13.40,5.82,14.00,8.09,17.00,14.20
2026-04-12 18:04:39,1000.00,13.30,5.83,14.00,7.81,16.80,14.30
2026-04-12 18:04:39,1000.00,13.30,5.93,14.00,8.40,16.50,14.10
2026-04-12 18:04:40,1000.00,13.20,5.77,14.00,7.94,16.40,14.20
2026-04-12 18:04:40,1000.00,13.20,5.87,14.00,7.87,16.10,14.10
2026-04-12 18:04:40,1000.00,13.30,5.71,14.00,8.19,16.40,14.20
2026-04-12 18:04:41,1000.00,13.20,5.97,14.00,8.26,16.80,14.20
2026-04-12 18:04:41,1000.00,13.30,5.92,14.00,8.24,16.70,14.20
2026-04-12 18:04:41,1000.00,13.30,5.94,14.00,8.50,17.10,14.10
2026-04-12 18:04:42,1000.00,13.20,6.01,14.00,8.42,16.90,14.20
2026-04-12 18:04:42,1000.00,13.30,6.01,14.00,8.71,17.00,14.10
2026-04-12 18:04:42,1000.00,13.20,6.07,14.00,8.51,16.40,14.10
2026-04-12 18:04:43,1000.00,13.20,5.91,14.00,8.57,17.10,14.20
2026-04-12 18:04:43,1000.00,13.20,5.99,14.00,8.34,16.90,14.20
2026-04-12 18:04:43,1000.00,13.30,5.98,14.00,8.61,16.60,14.10
2026-04-12 18:04:44,1000.00,13.20,5.90,14.00,8.18,16.40,14.10
2026-04-12 18:04:44,1000.00,13.20,6.02,14.00,8.40,16.90,14.20
2026-04-12 18:04:45,1000.00,13.30,5.87,14.00,8.14,16.40,14.20
2026-04-12 18:04:45,1000.00,13.20,5.94,14.00,8.25,16.80,14.20
2026-04-12 18:04:45,1000.00,13.30,5.82,14.00,8.04,16.40,14.20
2026-04-12 18:04:46,1000.00,13.30,5.91,14.00,8.02,16.50,14.20
2026-04-12 18:04:46,1000.00,13.30,5.95,14.00,7.91,17.00,14.20
2026-04-12 18:04:46,1000.00,13.30,5.97,14.00,8.17,16.70,14.20
2026-04-12 18:04:47,1000.00,13.30,5.86,14.00,8.00,16.90,14.20
2026-04-12 18:04:47,1000.00,13.30,5.92,14.00,8.54,16.50,14.10
2026-04-12 18:04:48,1000.00,13.20,5.90,14.00,8.27,16.40,14.20
2026-04-12 18:04:48,1000.00,13.20,5.87,14.00,7.88,16.60,14.20
2026-04-12 18:04:48,1000.00,13.30,5.99,14.00,8.30,17.10,14.20
2026-04-12 18:04:49,1000.00,13.30,5.95,14.00,8.31,16.80,14.20
2026-04-12 18:04:49,1000.00,13.30,5.91,14.00,8.62,16.70,14.10
2026-04-12 18:04:49,1000.00,13.20,5.90,14.00,8.19,16.50,14.20
2026-04-12 18:04:50,1000.00,13.20,5.95,14.00,8.28,16.80,14.20
2026-04-12 18:04:50,1000.00,13.30,5.85,14.00,7.98,16.80,14.20
2026-04-12 18:04:50,1000.00,13.30,5.83,14.00,7.69,16.70,14.30
2026-04-12 18:04:51,1000.00,13.30,5.82,14.00,7.68,16.50,14.30
2026-04-12 18:04:51,1000.00,13.40,5.82,14.00,7.73,16.50,14.20
2026-04-12 18:04:52,1000.00,13.30,5.82,14.00,7.58,16.90,14.30
2026-04-12 18:04:52,1000.00,13.40,5.93,14.00,8.46,16.50,14.20
2026-04-12 18:04:52,1000.00,13.20,5.88,14.00,7.99,17.00,14.20
2026-04-12 18:04:53,1000.00,13.40,5.84,14.00,8.06,17.00,14.30
2026-04-12 18:04:53,1000.00,13.40,5.82,14.00,7.98,17.00,14.30
2026-04-12 18:04:53,1000.00,13.40,5.92,14.00,7.99,17.00,14.20
2026-04-12 18:04:54,1000.00,13.40,5.80,14.00,7.70,17.00,14.30
2026-04-12 18:04:54,1000.00,13.40,5.79,14.00,7.77,16.70,14.30
2026-04-12 18:04:54,1000.00,13.40,5.84,14.00,8.25,16.80,14.20
2026-04-12 18:04:55,1000.00,13.20,5.84,14.00,7.84,16.40,14.20
2026-04-12 18:04:55,1000.00,13.30,5.95,14.00,8.14,16.90,14.20
2026-04-12 18:04:56,1000.00,13.30,5.80,14.00,7.94,16.90,14.20
2026-04-12 18:04:56,1000.00,13.20,5.91,14.00,8.52,16.70,14.10
2026-04-12 18:04:56,1000.00,13.20,6.03,14.00,8.36,17.10,14.20
2026-04-12 18:04:57,1000.00,14.00,5.87,14.00,8.10,16.80,14.20
2026-04-12 18:04:57,1000.00,13.30,5.93,14.00,8.10,16.50,14.20
2026-04-12 18:04:57,1000.00,13.30,5.89,14.00,8.02,16.60,14.20
2026-04-12 18:04:58,1000.00,13.30,5.84,14.00,7.92,17.00,14.30
2026-04-12 18:04:58,1000.00,13.40,5.82,14.00,7.68,16.90,14.30
2026-04-12 18:04:58,1000.00,13.40,5.82,14.00,7.69,16.90,14.30
2026-04-12 18:04:59,1000.00,13.40,5.88,14.00,7.97,16.90,14.30
2026-04-12 18:04:59,1000.00,13.40,5.88,14.00,8.41,16.60,14.20
2026-04-12 18:05:00,1000.00,13.20,5.86,14.00,7.89,16.40,14.20
2026-04-12 18:05:00,1000.00,13.30,5.98,14.00,8.66,16.50,14.10
2026-04-12 18:05:00,1000.00,13.20,5.90,14.00,8.11,16.50,14.20
2026-04-12 18:05:01,1000.00,13.30,5.82,14.00,7.93,16.60,14.20
2026-04-12 18:05:01,1000.00,13.40,5.85,14.00,7.93,16.60,14.20
2026-04-12 18:05:01,1000.00,13.30,5.88,14.00,8.11,16.50,14.10
2026-04-12 18:05:02,1000.00,13.20,5.74,14.00,8.03,17.00,14.20
2026-04-12 18:05:02,1000.00,13.30,5.82,14.00,7.83,16.80,14.20
2026-04-12 18:05:03,1000.00,13.30,5.92,14.00,8.48,16.80,14.20
2026-04-12 18:05:03,1000.00,13.30,5.88,14.00,8.08,17.00,14.20
2026-04-12 18:05:03,1000.00,13.30,5.82,14.00,7.73,16.90,14.30
2026-04-12 18:05:04,1000.00,13.40,5.83,14.00,7.81,16.90,14.30
2026-04-12 18:05:04,1000.00,13.40,5.89,14.00,8.42,16.70,14.20
2026-04-12 18:05:04,1000.00,13.30,5.87,14.00,7.89,16.60,14.20
2026-04-12 18:05:05,1000.00,13.30,5.87,14.00,7.80,16.90,14.30
2026-04-12 18:05:05,1000.00,13.30,5.92,14.00,8.09,17.10,14.20
2026-04-12 18:05:05,1000.00,13.30,5.80,14.00,7.92,16.30,14.20
2026-04-12 18:05:06,1000.00,13.30,5.88,14.00,8.10,16.80,14.20
2026-04-12 18:05:06,1000.00,13.30,5.90,14.00,8.42,16.90,14.10
2026-04-12 18:05:07,1000.00,13.20,5.97,14.00,8.36,16.40,14.10
2026-04-12 18:05:07,1000.00,13.20,5.86,14.00,7.98,16.60,14.10
2026-04-12 18:05:07,1000.00,13.30,5.86,14.00,7.89,16.40,14.10
2026-04-12 18:05:08,1000.00,13.30,5.86,14.00,7.92,16.50,14.20
2026-04-12 18:05:08,1000.00,13.30,5.84,14.00,7.73,16.50,14.20
2026-04-12 18:05:08,1000.00,13.30,5.85,14.00,7.95,16.40,14.20
2026-04-12 18:05:09,1000.00,13.20,5.95,14.00,8.55,16.50,14.10
2026-04-12 18:05:09,1000.00,13.20,5.90,14.00,8.31,17.00,14.20
2026-04-12 18:05:09,1000.00,13.30,5.98,14.00,8.38,17.10,14.10
2026-04-12 18:05:10,1000.00,13.20,5.91,14.00,8.08,17.00,14.20
2026-04-12 18:05:10,1000.00,13.30,5.77,14.00,7.84,16.90,14.20
2026-04-12 18:05:11,1000.00,13.40,5.95,14.00,8.10,17.10,14.20
2026-04-12 18:05:11,1000.00,13.30,5.83,14.00,7.80,16.80,14.30
2026-04-12 18:05:11,1000.00,13.30,5.85,14.00,8.44,16.80,14.20
2026-04-12 18:05:12,1000.00,13.20,5.88,14.00,8.16,16.40,14.20
2026-04-12 18:05:12,1000.00,13.30,5.97,14.00,8.71,16.90,14.10
2026-04-12 18:05:12,1000.00,13.20,5.98,14.00,8.39,17.00,14.20
2026-04-12 18:05:13,1000.00,13.20,5.86,14.00,8.12,16.60,14.20
2026-04-12 18:05:13,1000.00,13.30,5.75,14.00,8.20,16.60,14.20
2026-04-12 18:05:13,1000.00,13.30,5.83,14.00,8.15,16.40,14.20
2026-04-12 18:05:14,1000.00,13.20,5.89,14.00,7.98,16.50,14.20
2026-04-12 18:05:14,1000.00,13.30,5.90,14.00,7.82,16.40,14.20
2026-04-12 18:05:15,1000.00,13.30,5.98,14.00,8.25,16.50,14.10
2026-04-12 18:05:15,1000.00,13.20,5.91,14.00,8.49,16.70,14.10
2026-04-12 18:05:15,1000.00,13.20,5.93,14.00,8.11,16.60,14.20
2026-04-12 18:05:16,1000.00,13.30,5.88,14.00,7.90,16.40,14.20
2026-04-12 18:05:16,1000.00,13.20,5.88,14.00,8.23,16.90,14.20
2026-04-12 18:05:16,1000.00,13.40,5.95,14.00,8.15,16.60,14.20
2026-04-12 18:05:17,1000.00,13.30,5.99,14.00,8.77,16.90,14.10
2026-04-12 18:05:17,1000.00,13.20,6.05,14.00,8.51,17.00,14.10
2026-04-12 18:05:17,1000.00,13.20,5.93,14.00,8.69,16.80,14.10
2026-04-12 18:05:18,1000.00,13.20,5.93,14.00,8.23,16.50,14.20
2026-04-12 18:05:18,1000.00,13.30,6.02,14.00,8.01,16.60,14.20
2026-04-12 18:05:19,1000.00,13.30,5.83,14.00,7.58,16.80,14.20
2026-04-12 18:05:19,1000.00,13.30,5.77,14.00,8.10,16.70,14.10
2026-04-12 18:05:19,1000.00,13.30,5.88,14.00,7.92,16.30,14.10
2026-04-12 18:05:20,1000.00,13.30,5.75,14.00,7.96,16.70,14.20
2026-04-12 18:05:20,1000.00,13.30,5.92,14.00,8.10,17.00,14.20
2026-04-12 18:05:20,1000.00,13.30,5.86,14.00,8.41,16.90,14.20
2026-04-12 18:05:21,1000.00,13.20,5.83,14.00,7.99,16.90,14.20
2026-04-12 18:05:21,1000.00,13.30,5.88,14.00,8.52,16.40,14.20
2026-04-12 18:05:22,1000.00,13.20,5.89,14.00,8.00,17.00,14.20
2026-04-12 18:05:22,1000.00,13.30,5.93,14.00,8.61,16.90,14.10
2026-04-12 18:05:22,1000.00,13.20,5.84,14.00,8.04,16.40,14.20
2026-04-12 18:05:23,1000.00,13.30,6.02,14.00,8.41,16.40,14.10
2026-04-12 18:05:23,1000.00,13.20,5.92,14.00,8.58,16.90,14.10
2026-04-12 18:05:23,1000.00,13.20,5.93,14.00,8.20,16.70,14.20
2026-04-12 18:05:24,1000.00,13.30,5.89,14.00,8.12,17.00,14.20
2026-04-12 18:05:24,1000.00,13.30,5.85,14.00,7.80,16.60,14.20
2026-04-12 18:05:24,1000.00,13.30,6.00,14.00,8.26,17.10,14.20
2026-04-12 18:05:25,1000.00,13.30,5.85,14.00,7.99,16.60,14.20
2026-04-12 18:05:25,1000.00,13.20,5.73,14.00,8.09,16.70,14.30
2026-04-12 18:05:25,1000.00,13.30,5.97,14.00,8.45,17.00,14.20
2026-04-12 18:05:26,1000.00,13.20,5.87,14.00,7.96,16.90,14.20
2026-04-12 18:05:26,1000.00,13.30,5.80,14.00,8.12,17.00,14.30
2026-04-12 18:05:27,1000.00,13.40,5.94,14.00,8.07,16.80,14.20
2026-04-12 18:05:27,1000.00,13.30,5.87,14.00,8.45,17.00,14.20
2026-04-12 18:05:27,1000.00,13.20,5.89,14.00,8.05,16.60,14.20
2026-04-12 18:05:28,1000.00,13.20,5.96,14.00,8.22,17.00,14.20
2026-04-12 18:05:28,1000.00,13.30,5.84,14.00,7.96,16.70,14.30
2026-04-12 18:05:28,1000.00,13.40,5.90,14.00,8.57,16.40,14.20
2026-04-12 18:05:29,1000.00,13.20,5.96,14.00,7.99,16.80,14.20
2026-04-12 18:05:29,1000.00,13.40,5.95,14.00,8.20,16.60,14.20
2026-04-12 18:05:29,1000.00,13.20,5.92,14.00,8.67,17.10,14.10
2026-04-12 18:05:30,1000.00,13.20,5.89,14.00,8.09,16.90,14.20
2026-04-12 18:05:30,1000.00,13.30,5.81,14.00,7.84,16.40,14.20
2026-04-12 18:05:31,1000.00,13.30,5.85,14.00,7.54,16.60,14.20
2026-04-12 18:05:31,1000.00,13.30,5.81,14.00,7.86,16.50,14.20
2026-04-12 18:05:31,1000.00,13.30,5.97,14.00,8.24,17.10,14.20
2026-04-12 18:05:32,1000.00,13.30,5.91,14.00,8.30,17.00,14.20
2026-04-12 18:05:32,1000.00,13.30,5.91,14.00,8.27,16.90,14.30
2026-04-12 18:05:32,1000.00,13.30,5.89,14.00,8.56,16.50,14.20
2026-04-12 18:05:33,1000.00,13.20,5.90,14.00,8.09,16.90,14.20
2026-04-12 18:05:33,1000.00,13.30,5.93,14.00,8.22,16.60,14.20
2026-04-12 18:05:34,1000.00,13.20,5.85,14.00,8.12,16.40,14.20
2026-04-12 18:05:34,1000.00,13.20,5.88,14.00,8.29,16.50,14.20
2026-04-12 18:05:34,1000.00,13.30,5.84,14.00,7.81,16.50,14.20
2026-04-12 18:05:35,1000.00,13.30,5.88,14.00,8.57,16.80,14.20
2026-04-12 18:05:35,1000.00,13.20,5.89,14.00,8.00,16.90,14.20
2026-04-12 18:05:35,1000.00,13.30,5.79,14.00,7.80,16.80,14.30
2026-04-12 18:05:36,1000.00,13.30,5.82,14.00,7.98,16.80,14.30
2026-04-12 18:05:36,1000.00,13.40,5.78,14.00,7.55,16.60,14.20
2026-04-12 18:05:36,1000.00,13.30,5.65,14.00,7.73,16.80,14.30
2026-04-12 18:05:37,1000.00,13.30,5.79,14.00,7.66,16.30,14.30
2026-04-12 18:05:37,1000.00,13.30,5.90,14.00,8.15,16.70,14.30
2026-04-12 18:05:38,1000.00,13.30,5.85,14.00,8.40,17.00,14.20
2026-04-12 18:05:38,1000.00,13.20,6.01,14.00,8.39,17.00,14.20
2026-04-12 18:05:38,1000.00,13.30,5.86,14.00,7.89,16.70,14.30
2026-04-12 18:05:39,1000.00,13.30,5.93,14.00,8.06,16.60,14.20
2026-04-12 18:05:39,1000.00,13.20,5.91,14.00,8.61,17.00,14.20
2026-04-12 18:05:39,1000.00,13.20,5.89,14.00,8.09,16.40,14.20
2026-04-12 18:05:40,1000.00,13.20,5.83,14.00,8.18,16.70,14.20
2026-04-12 18:05:40,1000.00,13.30,5.86,14.00,8.46,17.00,14.20
2026-04-12 18:05:40,1000.00,13.20,5.89,14.00,8.15,16.30,14.20
2026-04-12 18:05:41,1000.00,13.20,5.98,14.00,8.70,17.00,14.10
2026-04-12 18:05:41,1000.00,13.20,5.91,14.00,8.15,16.60,14.20
2026-04-12 18:05:42,1000.00,13.20,5.87,14.00,7.64,16.50,14.10
2026-04-12 18:05:42,1000.00,13.30,5.79,14.00,7.95,16.70,14.20
2026-04-12 18:05:42,1000.00,13.30,5.86,14.00,8.45,16.70,14.20
2026-04-12 18:05:43,1000.00,13.20,5.93,14.00,8.30,16.70,14.20
2026-04-12 18:05:43,1000.00,13.20,5.94,14.00,8.15,16.50,14.20
2026-04-12 18:05:43,1000.00,13.30,5.86,14.00,7.82,16.50,14.20
2026-04-12 18:05:44,1000.00,13.30,5.86,14.00,7.97,16.50,14.20
2026-04-12 18:05:44,1000.00,13.20,5.85,14.00,7.91,16.40,14.20
2026-04-12 18:05:44,1000.00,13.20,5.83,14.00,7.84,16.80,14.30
2026-04-12 18:05:45,1000.00,13.30,5.87,14.00,8.47,16.40,14.20
2026-04-12 18:05:45,1000.00,13.20,5.88,14.00,8.28,16.50,14.20
2026-04-12 18:05:46,1000.00,13.20,5.83,14.00,7.87,16.40,14.20
2026-04-12 18:05:46,1000.00,13.30,5.98,14.00,8.28,17.00,14.20
2026-04-12 18:05:46,1000.00,13.30,5.80,14.00,7.84,16.70,14.30
2026-04-12 18:05:47,1000.00,13.30,5.92,14.00,8.42,16.70,14.20
2026-04-12 18:05:47,1000.00,13.20,5.86,14.00,7.98,16.60,14.10
2026-04-12 18:05:47,1000.00,13.20,5.89,14.00,8.31,17.10,14.20
2026-04-12 18:05:48,1000.00,13.30,5.74,14.00,8.02,16.80,14.20
2026-04-12 18:05:48,1000.00,13.20,5.86,14.00,7.90,16.50,14.30
2026-04-12 18:05:48,1000.00,13.30,5.80,14.00,7.89,16.50,14.30
2026-04-12 18:05:49,1000.00,13.40,5.82,14.00,7.70,17.00,14.30
2026-04-12 18:05:49,1000.00,13.40,5.79,14.00,7.88,16.90,14.30
2026-04-12 18:05:50,1000.00,13.40,5.80,14.00,7.63,16.40,14.30
2026-04-12 18:05:50,1000.00,13.30,5.79,14.00,7.69,16.80,14.30
2026-04-12 18:05:50,1000.00,13.30,5.85,14.00,8.27,16.30,14.20
2026-04-12 18:05:51,1000.00,13.30,5.85,14.00,7.91,16.60,14.20
2026-04-12 18:05:51,1000.00,13.30,5.96,14.00,8.21,17.10,14.20
2026-04-12 18:05:51,1000.00,13.30,5.85,14.00,8.00,16.80,14.30
2026-04-12 18:05:52,1000.00,13.30,5.90,14.00,8.04,16.80,14.30
2026-04-12 18:05:52,1000.00,13.30,5.89,14.00,8.41,17.00,14.20
2026-04-12 18:05:52,1000.00,13.20,5.98,14.00,8.79,17.00,14.10
2026-04-12 18:05:53,1000.00,13.20,5.89,14.00,8.09,16.60,14.20
2026-04-12 18:05:53,1000.00,13.20,5.85,14.00,8.00,16.60,14.20
2026-04-12 18:05:54,1000.00,13.30,5.86,14.00,7.90,16.80,14.20
2026-04-12 18:05:54,1000.00,13.30,5.90,14.00,8.53,16.50,14.20
2026-04-12 18:05:54,1000.00,13.20,5.88,14.00,8.01,16.50,14.20
2026-04-12 18:05:55,1000.00,13.30,5.84,14.00,7.89,16.90,14.30
2026-04-12 18:05:55,1000.00,13.30,5.84,14.00,7.79,16.90,14.30
2026-04-12 18:05:55,1000.00,13.30,5.81,14.00,7.76,16.80,14.30
2026-04-12 18:05:56,1000.00,13.30,5.85,14.00,8.33,16.30,14.20
2026-04-12 18:05:56,1000.00,13.20,5.85,14.00,7.86,16.90,14.30
2026-04-12 18:05:57,1000.00,13.30,5.79,14.00,7.75,16.90,14.30
2026-04-12 18:05:57,1000.00,13.30,5.82,14.00,7.71,16.70,14.30
2026-04-12 18:05:57,1000.00,13.30,5.86,14.00,7.95,17.10,14.30
2026-04-12 18:05:58,1000.00,13.30,5.83,14.00,8.31,16.90,14.20
2026-04-12 18:05:58,1000.00,13.20,5.83,14.00,8.30,16.80,14.30
2026-04-12 18:05:58,1000.00,13.30,5.85,14.00,8.16,16.60,14.20
2026-04-12 18:05:59,1000.00,13.30,5.77,14.00,8.00,16.90,14.30
2026-04-12 18:05:59,1000.00,13.40,5.83,14.00,7.78,17.00,14.30
2026-04-12 18:05:59,1000.00,13.30,5.84,14.00,8.05,16.50,14.20
2026-04-12 18:06:00,1000.00,13.30,5.98,14.00,8.23,17.00,14.30
2026-04-12 18:06:00,1000.00,13.30,5.79,14.00,7.79,16.90,14.30
2026-04-12 18:06:01,1000.00,13.30,5.94,14.00,8.50,16.90,14.20
2026-04-12 18:06:01,1000.00,13.20,5.86,14.00,7.90,17.00,14.30
2026-04-12 18:06:01,1000.00,13.40,5.82,14.00,7.79,16.40,14.20
2026-04-12 18:06:02,1000.00,13.30,5.83,14.00,7.75,16.80,14.30
2026-04-12 18:06:02,1000.00,13.30,5.90,14.00,8.44,17.00,14.20
2026-04-12 18:06:02,1000.00,13.30,5.87,14.00,8.13,16.50,14.20
2026-04-12 18:06:03,1000.00,13.30,5.99,14.00,8.29,17.00,14.30
2026-04-12 18:06:03,1000.00,13.30,5.85,14.00,7.89,16.90,14.30
2026-04-12 18:06:03,1000.00,13.40,5.92,14.00,8.12,16.90,14.30
2026-04-12 18:06:04,1000.00,13.30,5.77,14.00,7.95,16.50,14.20
2026-04-12 18:06:04,1000.00,13.30,5.86,14.00,7.95,16.70,14.20
2026-04-12 18:06:05,1000.00,13.30,5.69,14.00,7.84,16.80,14.30
2026-04-12 18:06:05,1000.00,13.40,5.84,14.00,8.34,16.50,14.20
2026-04-12 18:06:05,1000.00,13.30,5.84,14.00,7.75,16.60,14.20
2026-04-12 18:06:06,1000.00,13.20,5.81,14.00,8.21,16.80,14.30
2026-04-12 18:06:06,1000.00,13.30,5.93,14.00,8.48,16.90,14.20
2026-04-12 18:06:06,1000.00,13.20,5.87,14.00,8.04,16.90,14.30
2026-04-12 18:06:07,1000.00,13.30,5.96,14.00,8.59,16.80,14.20
2026-04-12 18:06:07,1000.00,13.20,5.89,14.00,7.97,16.50,14.30
2026-04-12 18:06:07,1000.00,13.30,5.83,14.10,7.78,16.50,14.20
2026-04-12 18:06:08,1000.00,13.30,5.85,14.00,8.14,16.50,14.30
2026-04-12 18:06:08,1000.00,13.20,5.82,14.00,8.15,16.80,14.30
2026-04-12 18:06:09,1000.00,13.30,5.82,14.00,7.74,16.30,14.20
2026-04-12 18:06:09,1000.00,13.30,5.79,14.00,7.71,16.60,14.30
2026-04-12 18:06:09,1000.00,13.30,5.84,14.00,8.33,16.70,14.20
2026-04-12 18:06:10,1000.00,13.20,5.85,14.00,7.88,16.50,14.20
2026-04-12 18:06:10,1000.00,13.20,5.79,14.00,7.81,16.80,14.30
2026-04-12 18:06:10,1000.00,13.30,5.83,14.00,7.76,16.30,14.30
2026-04-12 18:06:11,1000.00,13.20,5.92,14.00,8.45,17.00,14.20
2026-04-12 18:06:11,1000.00,13.20,5.91,14.00,8.63,16.40,14.20
2026-04-12 18:06:11,1000.00,13.20,5.87,14.00,8.08,16.80,14.20
2026-04-12 18:06:12,1000.00,13.30,5.90,14.00,8.59,16.70,14.20
2026-04-12 18:06:12,1000.00,13.20,5.89,14.00,8.03,16.90,14.30
2026-04-12 18:06:12,1000.00,13.30,5.96,14.00,8.66,16.50,14.20
2026-04-12 18:06:13,1000.00,13.20,5.90,14.00,8.15,17.00,14.30
2026-04-12 18:06:13,1000.00,13.30,5.99,14.00,8.28,16.80,14.20
2026-04-12 18:06:14,1000.00,13.20,6.04,14.00,8.50,17.10,14.20
2026-04-12 18:06:14,1000.00,13.20,5.90,14.00,8.02,17.00,14.30
2026-04-12 18:06:14,1000.00,13.30,5.78,14.00,7.83,16.50,14.20
2026-04-12 18:06:15,1000.00,13.30,5.94,14.00,8.17,16.80,14.30
2026-04-12 18:06:15,1000.00,13.30,5.82,14.00,8.11,16.60,14.20
2026-04-12 18:06:15,1000.00,13.30,5.86,14.10,8.02,16.50,14.20
2026-04-12 18:06:16,1000.00,13.30,5.73,14.00,8.25,16.70,14.30
2026-04-12 18:06:16,1000.00,13.40,5.83,14.10,7.77,16.50,14.30
2026-04-12 18:06:17,1000.00,13.30,5.82,14.10,7.75,16.40,14.30
2026-04-12 18:06:17,1000.00,13.30,5.82,14.10,7.74,16.40,14.30
2026-04-12 18:06:17,1000.00,13.20,5.83,14.10,7.80,16.40,14.20
2026-04-12 18:06:18,1000.00,13.30,5.80,14.00,7.75,16.80,14.30
2026-04-12 18:06:18,1000.00,13.40,5.92,14.00,8.42,16.50,14.20
2026-04-12 18:06:18,1000.00,13.30,5.86,14.10,7.92,16.90,14.30
2026-04-12 18:06:19,1000.00,13.30,5.90,14.00,8.56,16.50,14.20
2026-04-12 18:06:19,1000.00,13.20,5.84,14.00,8.37,17.00,14.30
2026-04-12 18:06:19,1000.00,13.30,5.84,14.00,7.81,16.70,14.30
2026-04-12 18:06:20,1000.00,13.30,5.93,14.00,8.08,17.00,14.30
2026-04-12 18:06:20,1000.00,13.30,5.89,14.00,8.39,16.80,14.20
2026-04-12 18:06:21,1000.00,13.20,5.99,14.10,8.32,17.00,14.20
2026-04-12 18:06:21,1000.00,13.30,5.72,14.10,8.15,17.00,14.20
2026-04-12 18:06:21,1000.00,13.20,5.88,14.00,8.57,16.80,14.20
2026-04-12 18:06:22,1000.00,13.20,5.85,14.00,8.03,16.50,14.20
2026-04-12 18:06:22,1000.00,13.20,5.96,14.10,8.32,16.90,14.20
2026-04-12 18:06:22,1000.00,13.30,5.95,14.10,8.35,16.80,14.30
2026-04-12 18:06:23,1000.00,13.30,5.96,14.10,8.66,16.90,14.20
2026-04-12 18:06:23,1000.00,13.20,5.88,14.10,8.44,16.90,14.30
2026-04-12 18:06:23,1000.00,13.30,5.83,14.10,8.19,16.70,14.30
2026-04-12 18:06:24,1000.00,13.30,5.85,14.00,8.45,16.60,14.20
2026-04-12 18:06:24,1000.00,13.20,5.97,14.10,8.70,17.00,14.20
2026-04-12 18:06:25,1000.00,13.20,5.84,14.00,8.06,16.90,14.30
2026-04-12 18:06:25,1000.00,13.30,5.94,14.10,8.69,16.70,14.20
2026-04-12 18:06:25,1000.00,13.20,5.88,14.10,8.15,17.00,14.20
2026-04-12 18:06:26,1000.00,13.30,5.86,14.10,8.23,16.80,14.30
2026-04-12 18:06:26,1000.00,13.40,5.83,14.10,7.73,16.60,14.20
2026-04-12 18:06:26,1000.00,13.30,5.83,14.10,7.65,16.70,14.20
2026-04-12 18:06:27,1000.00,13.30,5.67,14.10,7.78,16.40,14.20
2026-04-12 18:06:27,1000.00,13.30,5.97,14.10,8.20,16.50,14.20
2026-04-12 18:06:27,1000.00,13.20,5.94,14.10,8.34,16.90,14.30
2026-04-12 18:06:28,1000.00,13.30,5.94,14.10,8.61,16.70,14.20
2026-04-12 18:06:28,1000.00,13.20,5.88,14.10,8.07,16.90,14.30
2026-04-12 18:06:29,1000.00,13.30,5.85,14.10,7.81,16.80,14.30
2026-04-12 18:06:29,1000.00,13.30,5.82,14.10,7.73,16.70,14.30
2026-04-12 18:06:29,1000.00,13.30,5.84,14.00,8.32,16.90,14.20
2026-04-12 18:06:30,1000.00,13.20,5.91,14.10,8.66,16.90,14.20
2026-04-12 18:06:30,1000.00,13.20,5.86,14.00,8.06,16.30,14.20
2026-04-12 18:06:30,1000.00,13.20,5.86,14.00,7.87,16.70,14.30
2026-04-12 18:06:31,1000.00,13.30,5.98,14.00,8.54,16.80,14.20
2026-04-12 18:06:31,1000.00,13.20,5.90,14.10,8.02,16.90,14.30
2026-04-12 18:06:31,1000.00,13.30,5.83,14.00,8.11,16.80,14.30
2026-04-12 18:06:32,1000.00,13.30,5.74,14.10,8.16,16.50,14.20
2026-04-12 18:06:32,1000.00,13.30,5.85,14.00,7.97,16.60,14.20
2026-04-12 18:06:33,1000.00,13.30,5.82,14.10,7.89,16.50,14.20
2026-04-12 18:06:33,1000.00,13.30,5.80,14.10,7.79,16.70,14.30
2026-04-12 18:06:33,1000.00,13.30,5.81,14.10,7.76,16.80,14.30
2026-04-12 18:06:34,1000.00,13.40,5.80,14.00,7.72,16.50,14.20
2026-04-12 18:06:34,1000.00,13.30,5.81,14.00,7.87,16.70,14.20
2026-04-12 18:06:34,1000.00,13.30,5.80,14.10,7.73,16.40,14.20
2026-04-12 18:06:35,1000.00,13.30,5.80,14.00,7.72,16.50,14.20
2026-04-12 18:06:35,1000.00,13.30,5.84,14.00,7.89,16.60,14.20
2026-04-12 18:06:36,1000.00,13.30,5.86,14.10,8.40,16.70,14.20
2026-04-12 18:06:36,1000.00,13.20,5.90,14.10,8.43,16.60,14.20
2026-04-12 18:06:36,1000.00,13.20,5.87,14.10,7.96,16.50,14.30
2026-04-12 18:06:37,1000.00,13.40,5.84,14.00,7.85,16.50,14.20
2026-04-12 18:06:37,1000.00,13.20,5.84,14.00,7.85,16.90,14.30
2026-04-12 18:06:37,1000.00,13.30,5.95,14.00,8.11,16.60,14.20
2026-04-12 18:06:38,1000.00,13.30,5.87,14.00,7.91,17.00,14.30
2026-04-12 18:06:38,1000.00,13.30,5.82,14.10,8.09,16.50,14.30
2026-04-12 18:06:39,1000.00,13.30,5.84,14.10,7.81,16.90,14.30
2026-04-12 18:06:39,1000.00,13.40,5.79,14.10,8.00,16.90,14.30
2026-04-12 18:06:39,1000.00,13.40,5.77,14.10,7.64,17.00,14.30
2026-04-12 18:06:40,1000.00,13.30,5.90,14.10,7.99,16.70,14.30
2026-04-12 18:06:40,1000.00,13.30,5.85,14.10,8.49,17.00,14.20
2026-04-12 18:06:40,1000.00,13.20,5.84,14.10,7.92,16.90,14.30
2026-04-12 18:06:41,1000.00,13.30,5.80,14.10,7.71,16.90,14.30
2026-04-12 18:06:41,1000.00,13.30,5.85,14.10,8.42,17.00,14.20
2026-04-12 18:06:41,1000.00,13.30,5.85,14.00,7.84,16.50,14.20
2026-04-12 18:06:42,1000.00,13.30,5.96,14.00,8.28,16.60,14.20
2026-04-12 18:06:42,1000.00,13.20,5.97,14.00,8.38,16.80,14.30
2026-04-12 18:06:43,1000.00,13.30,5.93,14.10,8.62,17.00,14.20
2026-04-12 18:06:43,1000.00,13.20,5.86,14.10,8.03,16.40,14.20
2026-04-12 18:06:43,1000.00,13.20,5.85,14.10,7.93,16.90,14.30
2026-04-12 18:06:44,1000.00,13.30,5.83,14.10,7.86,16.30,14.20
2026-04-12 18:06:44,1000.00,13.20,5.93,14.10,8.27,16.80,14.30
2026-04-12 18:06:44,1000.00,13.30,5.90,14.10,8.59,16.50,14.20
2026-04-12 18:06:45,1000.00,13.20,6.00,14.10,8.43,17.10,14.20
2026-04-12 18:06:45,1000.00,13.30,5.96,14.10,8.71,16.90,14.20
2026-04-12 18:06:45,1000.00,13.20,5.89,14.10,8.31,16.70,14.20
2026-04-12 18:06:46,1000.00,13.20,5.87,14.10,8.36,16.70,14.20
2026-04-12 18:06:46,1000.00,13.30,5.77,14.10,8.16,16.60,14.20
2026-04-12 18:06:47,1000.00,13.20,5.94,14.10,8.42,16.30,14.20
2026-04-12 18:06:47,1000.00,13.20,5.86,14.10,8.32,16.40,14.20
2026-04-12 18:06:47,1000.00,13.20,5.85,14.10,7.99,16.40,14.20
2026-04-12 18:06:48,1000.00,13.20,5.80,14.10,7.91,16.60,14.30
2026-04-12 18:06:48,1000.00,13.30,5.89,14.10,8.50,16.60,14.20
2026-04-12 18:06:48,1000.00,13.20,5.86,14.10,8.19,16.90,14.20
2026-04-12 18:06:49,1000.00,13.30,5.82,14.10,7.80,16.40,14.20
2026-04-12 18:06:49,1000.00,13.30,5.90,14.10,8.57,16.90,14.20
2026-04-12 18:06:49,1000.00,13.20,5.87,14.10,7.97,16.70,14.20
2026-04-12 18:06:50,1000.00,13.20,5.86,14.10,7.89,17.00,14.30
2026-04-12 18:06:50,1000.00,13.30,5.83,14.10,7.75,16.70,14.30
2026-04-12 18:06:51,1000.00,13.30,5.78,14.10,7.69,16.80,14.30
2026-04-12 18:06:51,1000.00,13.30,5.78,14.10,7.78,16.60,14.30
2026-04-12 18:06:51,1000.00,13.40,5.83,14.10,8.21,16.90,14.20
2026-04-12 18:06:52,1000.00,13.20,5.82,14.10,7.94,16.80,14.30
2026-04-12 18:06:52,1000.00,13.40,5.89,14.10,8.41,16.60,14.20
2026-04-12 18:06:52,1000.00,13.20,5.86,14.10,7.96,16.60,14.20
2026-04-12 18:06:53,1000.00,13.20,5.85,14.10,7.90,16.90,14.30
2026-04-12 18:06:53,1000.00,13.40,5.79,14.10,7.90,16.90,14.40
2026-04-12 18:06:53,1000.00,13.40,5.80,14.10,7.68,16.50,14.30
2026-04-12 18:06:54,1000.00,13.30,5.81,14.10,7.68,17.00,14.30
2026-04-12 18:06:54,1000.00,13.40,5.80,14.10,7.64,16.50,14.40
2026-04-12 18:06:55,1000.00,13.40,5.80,14.10,7.58,16.40,14.30
2026-04-12 18:06:55,1000.00,13.30,5.81,14.10,7.98,16.40,14.30
2026-04-12 18:06:55,1000.00,13.30,5.81,14.10,7.72,16.40,14.30
2026-04-12 18:06:56,1000.00,13.20,5.85,14.10,7.71,16.60,14.30
2026-04-12 18:06:56,1000.00,13.30,5.87,14.10,8.39,16.40,14.20
2026-04-12 18:06:56,1000.00,13.20,5.84,14.10,7.93,16.90,14.30
2026-04-12 18:06:57,1000.00,13.30,5.81,14.10,8.05,16.40,14.30
2026-04-12 18:06:57,1000.00,13.30,5.78,14.10,7.89,16.90,14.30
2026-04-12 18:06:57,1000.00,13.40,5.88,14.10,8.03,16.20,14.20
2026-04-12 18:06:58,1000.00,13.20,5.85,14.10,7.81,16.60,14.30
2026-04-12 18:06:58,1000.00,13.30,5.83,14.10,7.75,16.60,14.30
2026-04-12 18:06:59,1000.00,13.20,5.96,14.10,8.15,16.90,14.20
2026-04-12 18:06:59,1000.00,13.30,6.02,14.10,8.40,17.10,14.30
2026-04-12 18:06:59,1000.00,13.30,5.86,14.10,8.05,16.80,14.30
2026-04-12 18:07:00,1000.00,13.30,5.83,14.10,7.75,16.70,14.30
2026-04-12 18:07:00,1000.00,13.30,5.90,14.10,8.08,16.60,14.20
2026-04-12 18:07:00,1000.00,13.30,5.87,14.10,8.12,16.50,14.30
2026-04-12 18:07:01,1000.00,13.30,5.97,14.10,8.21,16.90,14.20
2026-04-12 18:07:01,1000.00,13.30,5.86,14.10,7.93,16.80,14.30
2026-04-12 18:07:02,1000.00,13.30,5.78,14.10,8.06,16.90,14.30
2026-04-12 18:07:02,1000.00,13.40,5.70,14.10,7.93,16.60,14.30
2026-04-12 18:07:02,1000.00,13.30,5.69,14.10,7.79,16.50,14.30
2026-04-12 18:07:03,1000.00,13.20,5.82,14.10,7.91,16.80,14.30
2026-04-12 18:07:03,1000.00,13.30,5.91,14.10,8.06,16.90,14.30
2026-04-12 18:07:03,1000.00,13.30,5.90,14.10,8.20,16.60,14.20
2026-04-12 18:07:04,1000.00,13.20,5.75,14.10,8.05,16.70,14.30
2026-04-12 18:07:04,1000.00,13.30,5.84,14.10,8.56,16.50,14.20
2026-04-12 18:07:04,1000.00,13.20,5.81,14.10,7.97,16.80,14.30
2026-04-12 18:07:05,1000.00,13.30,5.89,14.10,8.51,16.50,14.20
2026-04-12 18:07:05,1000.00,13.20,5.87,14.10,8.04,16.90,14.30
2026-04-12 18:07:06,1000.00,13.30,5.83,14.10,7.76,16.40,14.30
2026-04-12 18:07:06,1000.00,13.30,5.96,14.10,8.64,16.30,14.20
2026-04-12 18:07:06,1000.00,13.20,5.87,14.10,7.93,17.00,14.30
2026-04-12 18:07:07,1000.00,13.30,5.82,14.10,7.83,16.70,14.30
2026-04-12 18:07:07,1000.00,13.30,5.87,14.10,8.34,16.80,14.20
2026-04-12 18:07:07,1000.00,13.20,5.84,14.10,7.90,16.50,14.20
2026-04-12 18:07:08,1000.00,13.20,5.77,14.10,8.05,16.60,14.20
2026-04-12 18:07:08,1000.00,13.20,5.71,14.10,8.25,16.50,14.30
2026-04-12 18:07:08,1000.00,13.30,5.82,14.10,7.74,16.50,14.20
2026-04-12 18:07:09,1000.00,13.20,5.82,14.10,7.87,16.90,14.30
2026-04-12 18:07:09,1000.00,13.30,5.83,14.10,7.66,16.90,14.30
2026-04-12 18:07:10,1000.00,13.40,5.78,14.10,7.60,16.20,14.30
2026-04-12 18:07:10,1000.00,13.30,5.81,14.10,7.69,16.80,14.30
2026-04-12 18:07:10,1000.00,13.30,5.84,14.10,8.32,17.00,14.20
2026-04-12 18:07:11,1000.00,13.30,5.85,14.10,8.15,16.30,14.20
2026-04-12 18:07:11,1000.00,13.30,5.91,14.10,8.22,16.40,14.20
2026-04-12 18:07:11,1000.00,13.20,5.82,14.10,7.89,16.50,14.30
2026-04-12 18:07:12,1000.00,13.20,5.77,14.10,8.01,16.60,14.30
2026-04-12 18:07:12,1000.00,13.30,5.85,14.10,8.16,16.70,14.30
2026-04-12 18:07:12,1000.00,13.30,5.88,14.10,8.40,16.90,14.20
2026-04-12 18:07:13,1000.00,13.20,5.95,14.10,8.79,17.00,14.20
2026-04-12 18:07:13,1000.00,13.20,5.75,14.10,8.34,16.60,14.20
2026-04-12 18:07:14,1000.00,13.20,5.78,14.10,8.10,16.90,14.20
2026-04-12 18:07:14,1000.00,13.30,5.85,14.10,8.07,16.50,14.20
2026-04-12 18:07:14,1000.00,13.30,5.71,14.10,7.93,16.70,14.30
2026-04-12 18:07:15,1000.00,13.40,5.81,14.10,8.22,16.70,14.20
2026-04-12 18:07:15,1000.00,13.20,5.84,14.10,7.86,16.90,14.30
2026-04-12 18:07:15,1000.00,13.30,5.95,14.10,8.58,16.50,14.20
2026-04-12 18:07:16,1000.00,13.20,5.93,14.10,7.95,16.50,14.30
2026-04-12 18:07:16,1000.00,13.30,5.83,14.10,7.89,17.00,14.30
2026-04-12 18:07:17,1000.00,13.30,5.92,14.10,8.44,16.80,14.20
2026-04-12 18:07:17,1000.00,13.20,5.98,14.10,8.36,17.00,14.30
2026-04-12 18:07:17,1000.00,13.30,5.90,14.10,8.02,16.30,14.20
2026-04-12 18:07:18,1000.00,13.20,5.86,14.10,8.36,16.60,14.20
2026-04-12 18:07:18,1000.00,13.20,5.84,14.10,8.38,16.30,14.20
2026-04-12 18:07:18,1000.00,13.20,5.90,14.10,8.25,16.50,14.30
2026-04-12 18:07:19,1000.00,13.30,5.83,14.10,7.84,17.00,14.30
2026-04-12 18:07:19,1000.00,13.30,5.95,14.10,8.19,16.60,14.20
2026-04-12 18:07:19,1000.00,13.20,5.86,14.10,8.13,16.60,14.20
2026-04-12 18:07:20,1000.00,13.30,5.83,14.10,7.87,16.60,14.20
2026-04-12 18:07:20,1000.00,13.20,5.86,14.10,8.44,16.60,14.20
2026-04-12 18:07:21,1000.00,13.20,5.74,14.10,8.09,16.80,14.30
2026-04-12 18:07:21,1000.00,13.30,5.84,14.10,7.85,17.00,14.30
2026-04-12 18:07:21,1000.00,13.30,5.82,14.10,7.86,17.00,14.30
2026-04-12 18:07:22,1000.00,13.30,5.78,14.10,7.67,16.90,14.30
2026-04-12 18:07:22,1000.00,13.40,5.90,14.10,8.44,16.50,14.20
2026-04-12 18:07:22,1000.00,13.30,5.99,14.10,8.36,16.90,14.30
2026-04-12 18:07:23,1000.00,13.30,5.84,14.10,7.87,16.70,14.30
2026-04-12 18:07:23,1000.00,13.30,5.83,14.10,8.47,16.20,14.20
2026-04-12 18:07:23,1000.00,13.20,5.82,14.10,7.94,16.90,14.30
2026-04-12 18:07:24,1000.00,13.30,5.80,14.10,7.78,17.00,14.30
2026-04-12 18:07:24,1000.00,13.30,5.86,14.10,8.10,16.70,14.30
2026-04-12 18:07:25,1000.00,13.30,5.83,14.10,8.40,16.50,14.20
2026-04-12 18:07:25,1000.00,13.20,5.85,14.10,7.97,16.70,14.30
2026-04-12 18:07:25,1000.00,13.30,5.88,14.10,8.55,16.60,14.20
2026-04-12 18:07:26,1000.00,13.20,5.87,14.10,7.85,16.90,14.20
2026-04-12 18:07:26,1000.00,13.20,5.67,14.10,7.87,16.90,14.30
2026-04-12 18:07:26,1000.00,13.30,5.94,14.10,7.99,16.60,14.20
2026-04-12 18:07:27,1000.00,13.20,5.92,14.10,8.30,16.80,14.30
2026-04-12 18:07:27,1000.00,13.20,5.88,14.10,8.19,16.60,14.20
2026-04-12 18:07:27,1000.00,13.30,5.87,14.10,8.47,16.50,14.20
2026-04-12 18:07:28,1000.00,13.20,5.85,14.10,8.02,16.90,14.30
2026-04-12 18:07:28,1000.00,13.30,5.81,14.10,8.09,16.50,14.20
2026-04-12 18:07:29,1000.00,13.30,5.84,14.10,8.06,16.30,14.20
2026-04-12 18:07:29,1000.00,13.20,5.95,14.10,8.18,16.90,14.30
2026-04-12 18:07:29,1000.00,13.30,5.91,14.10,8.62,16.40,14.20
2026-04-12 18:07:30,1000.00,13.20,6.01,14.10,8.23,16.70,14.20
2026-04-12 18:07:30,1000.00,13.20,5.85,14.10,8.06,17.00,14.30
2026-04-12 18:07:30,1000.00,13.30,5.84,14.10,7.85,16.90,14.30
2026-04-12 18:07:31,1000.00,13.30,5.87,14.10,8.47,16.60,14.20
2026-04-12 18:07:31,1000.00,13.20,5.77,14.10,8.16,16.60,14.30
2026-04-12 18:07:31,1000.00,13.20,5.97,14.10,8.28,17.00,14.30
2026-04-12 18:07:32,1000.00,13.30,5.84,14.10,8.26,17.00,14.30
2026-04-12 18:07:32,1000.00,13.30,5.73,14.10,8.08,16.70,14.30
2026-04-12 18:07:33,1000.00,13.30,5.83,14.10,8.33,17.10,14.20
2026-04-12 18:07:33,1000.00,13.20,5.85,14.10,7.91,16.70,14.30
2026-04-12 18:07:33,1000.00,13.30,5.76,14.10,8.12,16.70,14.30
2026-04-12 18:07:34,1000.00,13.30,5.92,14.10,8.44,16.60,14.20
2026-04-12 18:07:34,1000.00,13.20,5.83,14.10,8.26,16.90,14.30
2026-04-12 18:07:34,1000.00,13.40,5.78,14.10,7.70,16.50,14.30
2026-04-12 18:07:35,1000.00,13.20,5.77,14.10,8.04,16.70,14.30
2026-04-12 18:07:35,1000.00,13.30,5.85,14.10,8.40,16.50,14.20
2026-04-12 18:07:35,1000.00,13.20,5.83,14.10,7.98,16.80,14.30
2026-04-12 18:07:36,1000.00,13.30,5.83,14.10,8.11,16.80,14.30
2026-04-12 18:07:36,1000.00,13.30,5.68,14.10,7.80,16.60,14.30
2026-04-12 18:07:37,1000.00,13.20,5.87,14.10,7.98,16.70,14.30
2026-04-12 18:07:37,1000.00,13.30,5.84,14.10,8.50,16.40,14.20
2026-04-12 18:07:37,1000.00,13.20,5.99,14.10,8.54,17.00,14.30
2026-04-12 18:07:38,1000.00,13.20,5.92,14.10,8.30,16.40,14.20
2026-04-12 18:07:38,1000.00,13.20,5.85,14.10,8.16,16.70,14.20
2026-04-12 18:07:38,1000.00,13.20,5.88,14.10,8.59,16.50,14.20
2026-04-12 18:07:39,1000.00,13.20,5.89,14.10,8.44,16.30,14.20
2026-04-12 18:07:39,1000.00,13.20,5.94,14.10,8.36,16.80,14.20
2026-04-12 18:07:39,1000.00,13.30,5.87,14.10,8.35,16.90,14.30
2026-04-12 18:07:40,1000.00,13.20,5.95,14.10,8.32,16.70,14.30
2026-04-12 18:07:40,1000.00,13.20,5.85,14.10,8.50,16.90,14.20
2026-04-12 18:07:41,1000.00,13.20,5.86,14.10,8.09,16.80,14.30
2026-04-12 18:07:41,1000.00,13.30,5.82,14.10,8.09,16.80,14.20
2026-04-12 18:07:41,1000.00,13.30,5.84,14.10,8.04,16.60,14.20
2026-04-12 18:07:42,1000.00,13.20,5.84,14.10,8.48,16.50,14.20
2026-04-12 18:07:42,1000.00,13.30,5.80,14.10,8.19,16.50,14.30
2026-04-12 18:07:42,1000.00,13.30,5.88,14.10,7.99,16.50,14.30
2026-04-12 18:07:43,1000.00,13.30,5.96,14.10,8.22,16.70,14.20
2026-04-12 18:07:43,1000.00,13.20,5.87,14.10,8.50,16.90,14.20
2026-04-12 18:07:43,1000.00,13.20,5.90,14.10,8.72,16.50,14.20
2026-04-12 18:07:44,1000.00,13.20,5.97,14.10,8.20,16.50,14.20
2026-04-12 18:07:44,1000.00,13.20,5.86,14.10,7.95,16.60,14.20
2026-04-12 18:07:45,1000.00,13.20,5.86,14.10,8.00,16.30,14.20
2026-04-12 18:07:45,1000.00,13.20,5.97,14.10,8.73,16.80,14.20
2026-04-12 18:07:45,1000.00,13.20,5.89,14.10,8.08,16.50,14.20
2026-04-12 18:07:46,1000.00,13.20,5.99,14.10,8.39,16.60,14.20
2026-04-12 18:07:46,1000.00,13.20,5.92,14.10,8.72,16.50,14.20
2026-04-12 18:07:46,1000.00,13.20,5.89,14.10,8.29,16.80,14.30
2026-04-12 18:07:47,1000.00,13.30,5.93,14.10,8.73,16.80,14.20
2026-04-12 18:07:47,1000.00,13.20,5.74,14.10,7.97,16.60,14.20
2026-04-12 18:07:47,1000.00,13.30,5.79,14.10,8.06,16.60,14.30
2026-04-12 18:07:48,1000.00,13.30,5.72,14.10,7.93,16.40,14.20
2026-04-12 18:07:48,1000.00,13.30,5.84,14.10,7.91,16.70,14.20
2026-04-12 18:07:49,1000.00,13.20,5.94,14.10,8.29,16.70,14.20
2026-04-12 18:07:49,1000.00,13.30,5.85,14.10,8.42,17.10,14.20
2026-04-12 18:07:49,1000.00,13.20,5.87,14.10,8.39,16.20,14.20
2026-04-12 18:07:50,1000.00,13.20,5.93,14.10,8.66,16.60,14.20
2026-04-12 18:07:50,1000.00,13.20,5.88,14.10,8.09,16.50,14.20
2026-04-12 18:07:50,1000.00,13.20,5.83,14.10,8.42,16.80,14.20
2026-04-12 18:07:51,1000.00,13.20,5.94,14.10,8.82,16.60,14.20
2026-04-12 18:07:51,1000.00,13.20,5.88,14.10,8.08,16.80,14.20
2026-04-12 18:07:51,1000.00,13.20,5.84,14.10,7.88,16.90,14.30
2026-04-12 18:07:52,1000.00,13.30,5.82,14.00,7.85,16.70,14.30
2026-04-12 18:07:52,1000.00,13.40,5.88,14.10,8.43,16.60,14.20
2026-04-12 18:07:53,1000.00,13.20,5.72,14.10,8.14,16.40,14.20
2026-04-12 18:07:53,1000.00,13.20,5.85,14.10,7.88,16.80,14.30
2026-04-12 18:07:53,1000.00,13.30,5.77,14.10,7.74,16.50,14.30
2026-04-12 18:07:54,1000.00,13.30,5.82,14.10,7.92,16.70,14.30
2026-04-12 18:07:54,1000.00,13.30,5.83,14.10,8.33,16.50,14.20
2026-04-12 18:07:54,1000.00,13.20,5.94,14.10,8.19,16.80,14.30
2026-04-12 18:07:55,1000.00,13.30,5.90,14.10,8.51,16.60,14.20
2026-04-12 18:07:55,1000.00,13.20,5.88,14.10,8.15,16.40,14.20
2026-04-12 18:07:55,1000.00,13.20,5.99,14.10,8.30,17.00,14.30
2026-04-12 18:07:56,1000.00,13.30,5.96,14.10,8.42,16.60,14.20
2026-04-12 18:07:56,1000.00,13.20,5.80,14.10,8.04,16.30,14.20
2026-04-12 18:07:57,1000.00,13.20,5.92,14.10,8.64,16.50,14.20
2026-04-12 18:07:57,1000.00,13.20,5.88,14.10,8.18,16.90,14.30
2026-04-12 18:07:57,1000.00,13.30,5.79,14.10,8.04,17.00,14.30
2026-04-12 18:07:58,1000.00,13.30,5.81,14.10,7.82,16.60,14.20
2026-04-12 18:07:58,1000.00,13.30,5.83,14.10,7.69,16.80,14.30
2026-04-12 18:07:58,1000.00,13.30,5.61,14.10,7.75,16.80,14.40
2026-04-12 18:07:59,1000.00,13.30,5.83,14.10,7.97,17.20,14.30
2026-04-12 18:07:59,1000.00,13.30,5.90,14.10,8.50,16.80,14.20
2026-04-12 18:07:59,1000.00,13.20,5.99,14.10,8.35,17.00,14.30
2026-04-12 18:08:00,1000.00,13.30,5.83,14.10,7.89,16.80,14.30
2026-04-12 18:08:00,1000.00,13.30,5.87,14.10,8.42,16.70,14.20
2026-04-12 18:08:01,1000.00,13.20,5.95,14.10,8.36,16.50,14.20
2026-04-12 18:08:01,1000.00,13.20,5.76,14.10,8.08,16.60,14.30
2026-04-12 18:08:01,1000.00,13.30,5.84,14.10,8.47,16.80,14.20
2026-04-12 18:08:02,1000.00,13.20,5.85,14.10,8.08,16.70,14.30
2026-04-12 18:08:02,1000.00,13.30,5.89,14.10,8.48,16.50,14.20
2026-04-12 18:08:02,1000.00,13.20,5.86,14.10,7.99,16.80,14.30
2026-04-12 18:08:03,1000.00,13.30,5.91,14.10,8.58,16.80,14.20
2026-04-12 18:08:03,1000.00,13.20,5.96,14.10,8.83,16.90,14.20
2026-04-12 18:08:03,1000.00,13.20,5.75,14.10,8.20,17.00,14.30
2026-04-12 18:08:04,1000.00,13.30,5.84,14.10,7.85,16.50,14.20
2026-04-12 18:08:04,1000.00,13.20,5.80,14.10,8.00,16.80,14.30
2026-04-12 18:08:05,1000.00,13.30,5.89,14.10,8.50,16.80,14.20
2026-04-12 18:08:05,1000.00,13.20,5.88,14.10,8.12,16.90,14.30
2026-04-12 18:08:05,1000.00,13.30,5.79,14.10,7.84,16.90,14.30
2026-04-12 18:08:06,1000.00,13.30,5.79,14.10,7.72,16.50,14.30
2026-04-12 18:08:06,1000.00,13.20,5.88,14.10,8.55,16.90,14.20
2026-04-12 18:08:06,1000.00,13.20,6.01,14.10,8.18,16.60,14.20
2026-04-12 18:08:07,1000.00,13.20,5.85,14.10,8.10,16.80,14.30
2026-04-12 18:08:07,1000.00,13.30,5.93,14.10,8.62,16.60,14.20
2026-04-12 18:08:07,1000.00,13.20,5.96,14.10,8.08,16.90,14.30
2026-04-12 18:08:08,1000.00,13.20,5.81,14.10,8.21,16.40,14.20
2026-04-12 18:08:08,1000.00,13.20,5.98,14.10,8.72,16.70,14.20
2026-04-12 18:08:09,1000.00,13.20,5.88,14.10,8.15,16.50,14.20
2026-04-12 18:08:09,1000.00,13.20,5.68,14.10,8.06,16.50,14.20
2026-04-12 18:08:09,1000.00,13.30,5.88,14.10,8.02,16.70,14.30
2026-04-12 18:08:10,1000.00,13.30,5.83,14.10,7.84,16.90,14.30
2026-04-12 18:08:10,1000.00,13.30,5.82,14.10,7.70,16.40,14.30
2026-04-12 18:08:10,1000.00,13.30,5.83,14.10,7.85,16.80,14.30
2026-04-12 18:08:11,1000.00,13.40,5.88,14.10,8.41,16.50,14.20
2026-04-12 18:08:11,1000.00,13.20,5.85,14.10,8.07,16.50,14.20
2026-04-12 18:08:11,1000.00,13.20,5.88,14.10,7.82,16.90,14.30
2026-04-12 18:08:12,1000.00,13.30,5.92,14.10,8.16,16.70,14.30
2026-04-12 18:08:12,1000.00,13.30,5.80,14.10,7.97,16.90,14.30
2026-04-12 18:08:13,1000.00,13.30,5.89,14.10,8.44,16.60,14.20
2026-04-12 18:08:13,1000.00,13.20,5.87,14.10,8.23,17.00,14.30
2026-04-12 18:08:13,1000.00,13.30,5.93,14.10,8.59,16.50,14.20
2026-04-12 18:08:14,1000.00,13.20,6.00,14.10,8.92,16.80,14.20
2026-04-12 18:08:14,1000.00,13.20,5.89,14.10,8.20,17.00,14.30
2026-04-12 18:08:14,1000.00,13.30,5.84,14.10,7.95,16.50,14.20
2026-04-12 18:08:15,1000.00,13.20,5.84,14.10,7.92,16.90,14.30
2026-04-12 18:08:15,1000.00,13.30,5.92,14.10,8.54,16.50,14.20
2026-04-12 18:08:15,1000.00,13.20,5.86,14.10,7.94,16.40,14.20
2026-04-12 18:08:16,1000.00,13.20,5.83,14.10,7.94,16.60,14.20
2026-04-12 18:08:16,1000.00,13.20,5.99,14.10,8.73,16.90,14.20
2026-04-12 18:08:17,1000.00,13.20,5.88,14.10,8.04,16.50,14.20
2026-04-12 18:08:17,1000.00,13.20,5.87,14.10,8.20,16.50,14.20
2026-04-12 18:08:17,1000.00,13.20,6.00,14.10,8.45,16.90,14.30
2026-04-12 18:08:18,1000.00,13.30,5.96,14.10,8.31,17.00,14.30
2026-04-12 18:08:18,1000.00,13.30,5.87,14.10,8.00,16.30,14.20
2026-04-12 18:08:18,1000.00,13.20,5.91,14.10,8.57,16.70,14.20
2026-04-12 18:08:19,1000.00,13.20,5.89,14.10,8.11,16.40,14.20
2026-04-12 18:08:19,1000.00,13.20,5.85,14.10,7.96,16.50,14.20
2026-04-12 18:08:19,1000.00,13.20,5.83,14.10,8.06,16.90,14.30
2026-04-12 18:08:20,1000.00,13.30,5.99,14.10,8.39,16.80,14.30
2026-04-12 18:08:20,1000.00,13.20,5.85,14.10,8.58,17.10,14.20
2026-04-12 18:08:21,1000.00,13.20,5.93,14.10,8.16,16.30,14.20
2026-04-12 18:08:21,1000.00,13.20,5.95,14.10,8.37,17.00,14.30
2026-04-12 18:08:21,1000.00,13.30,5.89,14.10,8.69,16.30,14.20
2026-04-12 18:08:22,1000.00,13.20,5.92,14.10,8.55,16.80,14.20
2026-04-12 18:08:22,1000.00,13.20,5.87,14.10,8.54,17.10,14.20
2026-04-12 18:08:22,1000.00,13.20,5.98,14.10,8.59,16.70,14.20
2026-04-12 18:08:23,1000.00,13.20,5.91,14.10,8.16,16.50,14.30
2026-04-12 18:08:23,1000.00,13.30,5.86,14.10,8.38,16.50,14.20
2026-04-12 18:08:23,1000.00,13.20,5.85,14.10,8.10,16.20,14.20
2026-04-12 18:08:24,1000.00,13.30,5.86,14.10,8.10,16.80,14.30
2026-04-12 18:08:24,1000.00,13.30,5.98,14.10,8.29,17.00,14.20
2026-04-12 18:08:25,1000.00,13.20,5.77,14.10,8.09,16.90,14.20
2026-04-12 18:08:25,1000.00,13.20,5.84,14.10,7.64,16.40,14.20
2026-04-12 18:08:25,1000.00,13.20,5.99,14.10,8.37,16.60,14.20
2026-04-12 18:08:26,1000.00,13.20,5.96,14.10,8.97,16.90,14.20
2026-04-12 18:08:26,1000.00,13.20,5.89,14.10,8.47,17.00,14.20
2026-04-12 18:08:26,1000.00,13.20,5.89,14.10,8.38,16.90,14.30
2026-04-12 18:08:27,1000.00,13.30,5.93,14.10,8.69,16.50,14.20
2026-04-12 18:08:27,1000.00,13.20,5.88,14.10,8.24,16.40,14.20
2026-04-12 18:08:27,1000.00,13.20,6.01,14.10,8.63,16.70,14.20
2026-04-12 18:08:28,1000.00,13.20,5.92,14.10,8.64,16.80,14.20
2026-04-12 18:08:28,1000.00,13.20,5.92,14.10,8.25,17.00,14.20
2026-04-12 18:08:29,1000.00,13.20,5.91,14.10,7.96,17.00,14.30
2026-04-12 18:08:29,1000.00,13.30,5.84,14.10,7.66,16.50,14.30
2026-04-12 18:08:29,1000.00,13.20,5.98,14.10,8.27,17.00,14.30
2026-04-12 18:08:30,1000.00,13.30,5.93,14.10,8.73,16.30,14.20
2026-04-12 18:08:30,1000.00,13.20,5.86,14.10,8.18,16.50,14.20
2026-04-12 18:08:30,1000.00,13.20,5.85,14.10,7.98,16.70,14.20
2026-04-12 18:08:31,1000.00,13.30,5.66,14.10,7.86,16.60,14.30
2026-04-12 18:08:31,1000.00,13.30,5.80,14.10,7.90,17.00,14.30
2026-04-12 18:08:31,1000.00,13.40,5.79,14.10,7.97,16.50,14.30
2026-04-12 18:08:32,1000.00,13.30,5.83,14.10,7.93,16.30,14.30
2026-04-12 18:08:32,1000.00,13.20,5.90,14.10,8.57,16.90,14.20
2026-04-12 18:08:33,1000.00,13.20,5.87,14.10,8.12,16.40,14.20
2026-04-12 18:08:33,1000.00,13.20,5.82,14.10,7.78,16.50,14.20
2026-04-12 18:08:33,1000.00,13.20,5.84,14.10,8.20,16.40,14.20
2026-04-12 18:08:34,1000.00,13.20,5.94,14.10,8.53,16.70,14.20
2026-04-12 18:08:34,1000.00,13.20,5.97,14.10,8.35,16.80,14.20
2026-04-12 18:08:34,1000.00,13.20,5.89,14.10,8.27,16.40,14.20
2026-04-12 18:08:35,1000.00,13.20,5.88,14.10,8.40,16.70,14.20
2026-04-12 18:08:35,1000.00,13.30,5.85,14.10,8.55,17.00,14.20
2026-04-12 18:08:35,1000.00,13.20,5.84,14.10,8.09,16.70,14.30
2026-04-12 18:08:36,1000.00,13.30,5.77,14.10,8.03,16.90,14.20
2026-04-12 18:08:36,1000.00,13.30,5.87,14.10,8.03,16.60,14.20
2026-04-12 18:08:37,1000.00,13.20,5.86,14.10,8.22,16.70,14.20
2026-04-12 18:08:37,1000.00,13.20,5.89,14.10,8.63,16.80,14.20
2026-04-12 18:08:37,1000.00,13.20,5.89,14.10,8.30,16.30,14.20
2026-04-12 18:08:38,1000.00,13.20,5.96,14.10,8.76,16.90,14.20
2026-04-12 18:08:38,1000.00,13.20,5.90,14.10,8.40,16.50,14.20
2026-04-12 18:08:38,1000.00,13.20,5.85,14.10,8.20,16.60,14.20
2026-04-12 18:08:39,1000.00,13.20,5.98,14.10,8.79,16.50,14.20
2026-04-12 18:08:39,1000.00,13.20,5.89,14.10,8.19,17.00,14.30
2026-04-12 18:08:39,1000.00,13.30,5.99,14.10,8.32,16.60,14.20
2026-04-12 18:08:40,1000.00,13.20,5.75,14.10,8.16,16.50,14.20
2026-04-12 18:08:40,1000.00,13.30,5.84,14.10,7.83,16.50,14.30
2026-04-12 18:08:41,1000.00,13.30,5.85,14.10,8.15,16.50,14.20
2026-04-12 18:08:41,1000.00,13.30,5.83,14.10,7.85,16.60,14.20
2026-04-12 18:08:41,1000.00,13.20,5.75,14.10,8.02,16.60,14.20
2026-04-12 18:08:42,1000.00,13.30,5.72,14.10,8.23,16.50,14.20
2026-04-12 18:08:42,1000.00,13.20,5.83,14.10,7.97,16.90,14.30
2026-04-12 18:08:42,1000.00,13.30,5.88,14.10,8.14,16.90,14.30
2026-04-12 18:08:43,1000.00,13.30,5.96,14.10,8.62,16.80,14.20
2026-04-12 18:08:43,1000.00,13.20,5.87,14.10,8.36,16.40,14.20
2026-04-12 18:08:44,1000.00,13.20,5.85,14.10,8.26,16.50,14.20
2026-04-12 18:08:44,1000.00,13.20,5.96,14.10,8.38,16.90,14.30
2026-04-12 18:08:44,1000.00,13.20,5.92,14.10,8.68,16.60,14.20
2026-04-12 18:08:45,1000.00,13.20,5.95,14.10,8.26,16.20,14.20
2026-04-12 18:08:45,1000.00,13.20,5.91,14.10,8.25,17.00,14.20
2026-04-12 18:08:45,1000.00,13.30,5.87,14.10,8.57,16.50,14.20
2026-04-12 18:08:46,1000.00,13.20,5.97,14.10,8.45,16.90,14.20
2026-04-12 18:08:46,1000.00,13.20,5.90,14.10,8.43,17.10,14.30
2026-04-12 18:08:46,1000.00,13.20,5.87,14.10,8.37,16.30,14.20
2026-04-12 18:08:47,1000.00,13.20,5.84,14.10,8.06,17.10,14.30
2026-04-12 18:08:47,1000.00,13.30,5.84,14.10,7.82,16.50,14.30
2026-04-12 18:08:48,1000.00,13.20,5.81,14.10,7.73,16.90,14.30
2026-04-12 18:08:48,1000.00,13.30,5.87,14.10,8.54,16.50,14.20
2026-04-12 18:08:48,1000.00,13.20,5.88,14.10,8.18,17.00,14.30
2026-04-12 18:08:49,1000.00,13.30,5.78,14.10,7.78,16.90,14.30
2026-04-12 18:08:49,1000.00,13.40,5.92,14.10,8.13,16.60,14.20
2026-04-12 18:08:49,1000.00,13.30,5.79,14.10,8.01,16.80,14.30
2026-04-12 18:08:50,1000.00,13.30,5.86,14.10,8.48,16.50,14.20
2026-04-12 18:08:50,1000.00,13.20,5.85,14.10,8.25,16.90,14.30
2026-04-12 18:08:50,1000.00,13.30,5.94,14.10,8.61,16.50,14.20
2026-04-12 18:08:51,1000.00,13.20,5.88,14.10,8.18,17.00,14.30
2026-04-12 18:08:51,1000.00,13.30,5.89,14.10,7.79,16.40,14.20
2026-04-12 18:08:52,1000.00,13.30,5.82,14.10,7.84,16.70,14.20
2026-04-12 18:08:52,1000.00,13.20,5.83,14.10,7.87,16.80,14.30
2026-04-12 18:08:52,1000.00,13.30,5.89,14.10,8.10,16.90,14.30
2026-04-12 18:08:53,1000.00,13.30,5.79,14.10,7.88,16.70,14.30
2026-04-12 18:08:53,1000.00,13.30,5.81,14.10,8.40,16.70,14.20
2026-04-12 18:08:53,1000.00,13.20,5.85,14.10,8.01,16.40,14.20
2026-04-12 18:08:54,1000.00,13.30,5.80,14.10,7.88,16.80,14.30
2026-04-12 18:08:54,1000.00,13.30,5.86,14.10,8.46,16.60,14.20
2026-04-12 18:08:54,1000.00,13.20,5.84,14.10,8.08,16.90,14.30
2026-04-12 18:08:55,1000.00,13.30,5.91,14.10,8.18,16.90,14.30
2026-04-12 18:08:55,1000.00,13.30,5.81,14.10,7.92,16.80,14.30
2026-04-12 18:08:55,1000.00,13.40,5.84,14.10,8.39,16.90,14.20
2026-04-12 18:08:56,1000.00,13.20,5.83,14.10,8.04,16.40,14.20
2026-04-12 18:08:56,1000.00,13.20,5.83,14.10,7.86,16.90,14.30
2026-04-12 18:08:57,1000.00,13.30,5.91,14.10,8.10,17.10,14.30
2026-04-12 18:08:57,1000.00,13.30,5.75,14.10,8.02,16.50,14.20
2026-04-12 18:08:57,1000.00,13.30,5.71,14.10,7.86,16.50,14.30
2026-04-12 18:08:58,1000.00,13.40,5.81,14.10,7.71,16.60,14.30
2026-04-12 18:08:58,1000.00,13.20,5.80,14.10,7.76,16.90,14.30
2026-04-12 18:08:58,1000.00,13.40,5.89,14.10,8.09,16.40,14.20
2026-04-12 18:08:59,1000.00,13.20,5.83,14.10,8.52,17.00,14.20
2026-04-12 18:08:59,1000.00,13.20,5.80,14.10,7.96,16.90,14.30
2026-04-12 18:09:00,1000.00,13.30,5.89,14.10,8.58,16.80,14.20
2026-04-12 18:09:00,1000.00,13.20,5.84,14.10,8.07,16.90,14.30
2026-04-12 18:09:00,1000.00,13.30,5.94,14.10,8.22,17.00,14.30
2026-04-12 18:09:01,1000.00,13.30,5.81,14.10,8.12,16.80,14.30
2026-04-12 18:09:01,1000.00,13.30,5.85,14.10,8.41,17.00,14.20
2026-04-12 18:09:01,1000.00,13.20,5.85,14.10,8.09,16.40,14.20
2026-04-12 18:09:02,5000.00,13.60,5.92,14.10,8.13,16.90,14.30
2026-04-12 18:09:02,5000.00,9.67,5.96,14.10,8.22,16.90,14.30
2026-04-12 18:09:02,5000.00,13.30,5.73,14.10,8.10,16.90,14.40
2026-04-12 18:09:03,5000.00,13.40,5.85,14.10,8.39,16.80,14.20
2026-04-12 18:09:03,5000.00,13.30,5.90,14.10,8.46,16.90,14.20
2026-04-12 18:09:03,5000.00,13.20,5.96,14.10,8.41,16.90,14.30
2026-04-12 18:09:04,5000.00,13.30,5.96,14.10,8.38,16.90,14.30
2026-04-12 18:09:04,5000.00,13.30,5.90,14.10,8.31,16.90,14.30
2026-04-12 18:09:05,5000.00,13.30,5.89,14.10,8.32,17.10,14.30
2026-04-12 18:09:05,5000.00,13.30,5.83,14.10,8.54,17.00,14.20
2026-04-12 18:09:05,5000.00,13.20,5.96,14.10,8.39,17.00,14.30
2026-04-12 18:09:06,5000.00,13.30,5.89,14.10,8.30,17.00,14.30
2026-04-12 18:09:06,5000.00,13.30,5.92,14.10,8.53,16.30,14.20
2026-04-12 18:09:06,5000.00,13.20,5.84,14.10,8.24,16.80,14.30
2026-04-12 18:09:07,5000.00,13.30,5.84,14.10,8.44,16.90,14.20
2026-04-12 18:09:07,5000.00,13.20,5.95,14.10,8.35,16.90,14.30
2026-04-12 18:09:07,5000.00,13.30,5.87,14.10,8.35,16.90,14.20
2026-04-12 18:09:08,5000.00,13.30,5.75,14.10,8.25,17.00,14.30
2026-04-12 18:09:08,5000.00,13.40,5.85,14.10,8.46,17.00,14.20
2026-04-12 18:09:09,5000.00,13.20,5.97,14.10,8.42,16.90,14.20
2026-04-12 18:09:09,5000.00,13.20,5.90,14.10,8.48,17.00,14.30
2026-04-12 18:09:09,5000.00,13.30,5.86,14.10,8.43,17.00,14.20
2026-04-12 18:09:10,5000.00,13.20,5.94,14.10,8.37,16.90,14.30
2026-04-12 18:09:10,5000.00,13.30,5.93,14.10,8.40,16.90,14.30
2026-04-12 18:09:10,5000.00,13.30,5.95,14.10,8.47,16.90,14.20
2026-04-12 18:09:11,5000.00,13.20,5.98,14.10,8.65,17.00,14.20
2026-04-12 18:09:11,5000.00,13.20,5.93,14.10,8.41,16.90,14.20
2026-04-12 18:09:11,5000.00,13.30,5.92,14.10,8.66,17.00,14.20
2026-04-12 18:09:12,5000.00,13.20,5.99,14.10,8.52,16.90,14.20
2026-04-12 18:09:12,5000.00,13.30,5.96,14.10,8.39,16.90,14.30
2026-04-12 18:09:12,5000.00,13.30,5.97,14.10,8.41,17.10,14.30
2026-04-12 18:09:13,5000.00,13.30,5.92,14.10,8.44,16.80,14.20
2026-04-12 18:09:13,5000.00,13.30,5.87,14.10,8.31,16.90,14.30
2026-04-12 18:09:14,5000.00,13.30,5.90,14.10,8.42,16.80,14.20
2026-04-12 18:09:14,5000.00,13.20,5.95,14.10,8.59,17.00,14.20
2026-04-12 18:09:14,5000.00,13.20,5.85,14.10,8.41,16.80,14.30
2026-04-12 18:09:15,5000.00,13.30,5.99,14.10,8.40,17.00,14.20
2026-04-12 18:09:15,5000.00,13.20,5.85,14.10,8.38,16.90,14.30
2026-04-12 18:09:15,5000.00,13.30,5.91,14.10,8.38,17.00,14.30
2026-04-12 18:09:16,5000.00,13.30,5.88,14.10,8.40,16.90,14.20
2026-04-12 18:09:16,5000.00,13.20,5.94,14.10,8.37,16.90,14.30
2026-04-12 18:09:16,5000.00,13.30,5.94,14.10,8.45,16.80,14.20
2026-04-12 18:09:17,5000.00,13.20,5.87,14.10,8.64,16.90,14.20
2026-04-12 18:09:17,5000.00,13.20,5.99,14.10,8.42,16.90,14.20
2026-04-12 18:09:18,5000.00,13.30,5.96,14.10,8.41,16.90,14.30
2026-04-12 18:09:18,5000.00,13.30,5.94,14.10,8.41,16.90,14.20
2026-04-12 18:09:18,5000.00,13.20,5.94,14.10,8.46,16.80,14.20
2026-04-12 18:09:19,5000.00,13.20,5.86,14.10,8.31,17.00,14.30
2026-04-12 18:09:19,5000.00,13.30,5.77,14.10,8.26,16.70,14.30
2026-04-12 18:09:19,5000.00,13.40,5.81,14.10,8.50,17.00,14.20
2026-04-12 18:09:20,5000.00,13.20,5.94,14.10,8.51,16.80,14.20
2026-04-12 18:09:20,5000.00,13.20,5.96,14.10,8.62,17.10,14.20
2026-04-12 18:09:20,5000.00,13.20,5.98,14.10,8.62,16.90,14.20
2026-04-12 18:09:21,5000.00,13.30,5.92,14.10,8.38,17.10,14.30
2026-04-12 18:09:21,5000.00,13.30,5.94,14.10,8.44,17.10,14.30
2026-04-12 18:09:21,5000.00,13.30,5.86,14.10,8.39,17.00,14.30
2026-04-12 18:09:22,5000.00,13.30,5.92,14.10,8.36,17.30,14.30
2026-04-12 18:09:22,5000.00,13.30,5.88,14.10,8.40,17.00,14.30
2026-04-12 18:09:23,5000.00,13.30,5.83,14.10,8.47,17.10,14.20
2026-04-12 18:09:23,5000.00,13.20,5.93,14.10,8.40,17.00,14.30
2026-04-12 18:09:23,5000.00,13.30,5.96,14.10,8.69,17.10,14.20
2026-04-12 18:09:24,5000.00,13.20,5.93,14.10,8.36,17.00,14.30
2026-04-12 18:09:24,5000.00,13.30,5.78,14.10,8.24,16.80,14.20
2026-04-12 18:09:24,5000.00,13.20,5.74,14.10,8.37,16.80,14.30
2026-04-12 18:09:25,5000.00,13.30,5.88,14.10,8.68,17.00,14.20
2026-04-12 18:09:25,5000.00,13.20,5.93,14.10,8.51,16.80,14.30
2026-04-12 18:09:25,5000.00,13.30,5.94,14.10,8.41,17.10,14.30
2026-04-12 18:09:26,5000.00,13.30,5.89,14.10,8.48,17.00,14.20
2026-04-12 18:09:26,5000.00,13.20,5.95,14.10,8.68,17.10,14.30
2026-04-12 18:09:27,5000.00,13.30,5.88,14.10,8.45,17.10,14.30
2026-04-12 18:09:27,5000.00,13.30,5.99,14.10,8.36,16.90,14.20
2026-04-12 18:09:27,5000.00,13.20,5.87,14.10,8.41,17.10,14.30
2026-04-12 18:09:28,5000.00,13.30,5.90,14.10,8.41,16.60,14.20
2026-04-12 18:09:28,5000.00,13.20,5.95,14.10,8.37,16.90,14.30
2026-04-12 18:09:28,5000.00,13.30,5.95,14.10,8.62,17.00,14.20
2026-04-12 18:09:29,5000.00,13.20,6.00,14.10,8.36,16.90,14.30
2026-04-12 18:09:29,5000.00,13.30,5.94,14.10,8.61,17.10,14.20
2026-04-12 18:09:29,5000.00,13.20,5.82,14.10,8.37,16.80,14.30
2026-04-12 18:09:30,5000.00,13.30,5.73,14.10,8.12,16.80,14.30
2026-04-12 18:09:30,5000.00,13.30,5.89,14.10,8.50,16.60,14.20
2026-04-12 18:09:30,5000.00,13.20,5.92,14.10,8.50,16.90,14.20
2026-04-12 18:09:31,5000.00,13.20,5.93,14.10,8.46,17.00,14.30
2026-04-12 18:09:31,5000.00,13.30,5.94,14.10,8.45,17.00,14.30
2026-04-12 18:09:32,5000.00,13.30,5.93,14.10,8.49,16.90,14.20
2026-04-12 18:09:32,5000.00,13.20,5.93,14.10,8.37,16.90,14.30
2026-04-12 18:09:32,5000.00,13.30,5.93,14.10,8.47,17.00,14.20
2026-04-12 18:09:33,5000.00,13.20,6.01,14.10,8.35,16.60,14.20
2026-04-12 18:09:33,5000.00,13.20,5.95,14.10,8.43,17.20,14.30
2026-04-12 18:09:33,5000.00,13.30,5.98,14.10,8.42,17.10,14.30
2026-04-12 18:09:34,5000.00,13.30,5.94,14.10,8.40,17.00,14.30
2026-04-12 18:09:34,5000.00,13.30,5.92,14.10,8.49,17.00,14.20
2026-04-12 18:09:34,5000.00,13.20,5.93,14.10,8.36,17.20,14.30
2026-04-12 18:09:35,5000.00,13.30,5.91,14.10,8.64,16.80,14.20
2026-04-12 18:09:35,5000.00,13.20,5.90,14.10,8.30,16.80,14.20
2026-04-12 18:09:36,5000.00,13.20,5.71,14.10,8.34,16.80,14.30
2026-04-12 18:09:36,5000.00,13.30,5.91,14.10,8.59,16.80,14.20
2026-04-12 18:09:36,5000.00,13.20,5.93,14.10,8.48,17.20,14.30
2026-04-12 18:09:37,5000.00,13.30,5.90,14.10,8.48,16.90,14.20
2026-04-12 18:09:37,5000.00,13.20,5.92,14.10,8.68,17.00,14.20
2026-04-12 18:09:37,5000.00,13.20,6.01,14.10,8.47,16.90,14.30
2026-04-12 18:09:38,5000.00,13.30,5.92,14.10,8.48,17.00,14.30
2026-04-12 18:09:38,5000.00,13.30,5.91,14.10,8.34,17.10,14.30
2026-04-12 18:09:38,5000.00,13.30,5.94,14.10,8.36,17.00,14.30
2026-04-12 18:09:39,5000.00,13.30,5.87,14.10,8.39,17.00,14.20
2026-04-12 18:09:39,5000.00,13.20,5.91,14.10,8.34,16.90,14.30
2026-04-12 18:09:39,5000.00,13.30,5.84,14.10,8.25,17.10,14.30
2026-04-12 18:09:40,5000.00,13.30,5.77,14.10,7.99,16.90,14.40
2026-04-12 18:09:40,5000.00,13.40,5.80,14.10,8.45,17.00,14.30
2026-04-12 18:09:41,5000.00,13.20,5.89,14.10,8.57,16.90,14.20
2026-04-12 18:09:41,5000.00,13.20,5.81,14.10,8.38,16.80,14.30
2026-04-12 18:09:41,5000.00,13.30,5.75,14.10,8.11,17.00,14.40
2026-04-12 18:09:42,5000.00,13.40,5.88,14.10,8.47,16.90,14.30
2026-04-12 18:09:42,5000.00,13.20,5.92,14.10,8.75,17.00,14.20
2026-04-12 18:09:42,5000.00,13.20,5.91,14.10,8.42,16.90,14.30
2026-04-12 18:09:43,5000.00,13.30,5.97,14.10,8.48,17.00,14.20
2026-04-12 18:09:43,5000.00,13.20,6.00,14.10,8.40,17.00,14.30
2026-04-12 18:09:43,5000.00,13.20,5.94,14.10,8.39,16.90,14.30
2026-04-12 18:09:44,5000.00,13.30,5.86,14.10,8.45,17.00,14.20
2026-04-12 18:09:44,5000.00,13.20,5.92,14.10,8.41,17.20,14.30
2026-04-12 18:09:44,5000.00,13.30,5.89,14.10,8.45,16.90,14.20
2026-04-12 18:09:45,5000.00,13.20,5.93,14.10,8.37,16.90,14.30
2026-04-12 18:09:45,5000.00,13.30,5.98,14.10,8.65,17.00,14.20
2026-04-12 18:09:46,5000.00,13.20,5.93,14.10,8.47,17.00,14.30
2026-04-12 18:09:46,5000.00,13.20,5.98,14.10,8.56,17.00,14.20
2026-04-12 18:09:46,5000.00,13.20,5.89,14.10,8.33,16.80,14.30
2026-04-12 18:09:47,5000.00,13.30,5.84,14.10,8.15,16.70,14.20
2026-04-12 18:09:47,5000.00,13.30,5.84,14.10,8.02,16.70,14.30
2026-04-12 18:09:47,5000.00,13.30,5.73,14.10,8.29,17.00,14.30
2026-04-12 18:09:48,5000.00,13.20,5.92,14.10,8.64,16.90,14.30
2026-04-12 18:09:48,5000.00,13.30,5.90,14.10,8.50,16.90,14.20
2026-04-12 18:09:49,5000.00,13.20,6.00,14.10,8.53,16.80,14.30
2026-04-12 18:09:49,5000.00,13.30,5.96,14.10,8.48,16.90,14.20
2026-04-12 18:09:49,5000.00,13.20,5.92,14.10,8.45,16.70,14.30
2026-04-12 18:09:50,5000.00,13.20,5.91,14.10,8.46,16.90,14.30
2026-04-12 18:09:50,5000.00,13.30,5.89,14.10,8.25,16.90,14.40
2026-04-12 18:09:50,5000.00,13.30,5.83,14.10,8.46,16.60,14.30
2026-04-12 18:09:51,5000.00,13.20,5.95,14.10,8.68,17.00,14.20
2026-04-12 18:09:51,5000.00,13.20,5.91,14.10,8.56,17.00,14.30
2026-04-12 18:09:51,5000.00,13.30,5.92,14.10,8.48,16.70,14.30
2026-04-12 18:09:52,5000.00,13.30,5.88,14.10,8.48,17.10,14.30
2026-04-12 18:09:52,5000.00,13.30,5.93,14.10,8.44,16.90,14.20
2026-04-12 18:09:52,5000.00,13.20,5.76,14.10,8.28,16.70,14.30
2026-04-12 18:09:53,5000.00,13.30,5.69,14.10,8.25,16.80,14.30
2026-04-12 18:09:53,5000.00,13.30,5.87,14.10,8.46,16.90,14.20
2026-04-12 18:09:54,5000.00,13.20,5.96,14.10,8.39,17.00,14.20
2026-04-12 18:09:54,5000.00,13.20,5.90,14.10,8.38,16.80,14.30
2026-04-12 18:09:54,5000.00,13.30,5.89,14.10,8.45,16.90,14.20
2026-04-12 18:09:55,5000.00,13.20,5.97,14.10,8.39,17.00,14.30
2026-04-12 18:09:55,5000.00,13.30,5.82,14.10,8.17,16.80,14.30
2026-04-12 18:09:55,5000.00,13.30,5.86,14.10,8.40,16.70,14.30
2026-04-12 18:09:56,5000.00,13.20,5.93,14.10,8.42,16.90,14.30
2026-04-12 18:09:56,5000.00,13.30,5.88,14.10,8.46,17.00,14.20
2026-04-12 18:09:56,5000.00,13.20,5.99,14.10,8.79,16.90,14.20
2026-04-12 18:09:57,5000.00,13.20,5.96,14.10,8.60,16.60,14.20
2026-04-12 18:09:57,5000.00,13.20,5.95,14.10,8.86,16.90,14.20
2026-04-12 18:09:57,5000.00,13.20,5.95,14.10,8.56,17.20,14.30
2026-04-12 18:09:58,5000.00,13.30,5.79,14.10,8.19,16.70,14.30
2026-04-12 18:09:58,5000.00,13.30,5.76,14.10,8.20,16.80,14.30
2026-04-12 18:09:59,5000.00,13.40,5.73,14.10,8.09,16.90,14.40
2026-04-12 18:09:59,5000.00,13.40,5.84,14.10,8.50,17.00,14.30
2026-04-12 18:09:59,5000.00,13.20,5.94,14.10,8.41,16.80,14.20
2026-04-12 18:10:00,5000.00,13.20,5.95,14.10,8.43,17.00,14.30
2026-04-12 18:10:00,5000.00,13.30,5.84,14.10,8.42,17.00,14.20
2026-04-12 18:10:00,5000.00,13.20,5.96,14.10,8.46,17.00,14.30
2026-04-12 18:10:01,5000.00,13.30,5.88,14.10,8.45,16.80,14.20
2026-04-12 18:10:01,5000.00,13.20,5.96,14.10,8.39,16.90,14.30
2026-04-12 18:10:01,5000.00,13.30,5.88,14.10,8.35,17.10,14.30
2026-04-12 18:10:02,5000.00,13.30,5.83,14.10,8.41,17.00,14.30
2026-04-12 18:10:02,5000.00,13.30,5.89,14.10,8.57,17.00,14.20
2026-04-12 18:10:03,5000.00,13.20,5.90,14.10,8.30,17.00,14.30
2026-04-12 18:10:03,5000.00,13.30,5.88,14.10,8.46,16.90,14.20
2026-04-12 18:10:03,5000.00,13.20,5.96,14.10,8.52,16.80,14.20
2026-04-12 18:10:04,5000.00,13.20,5.85,14.10,8.32,16.90,14.30
2026-04-12 18:10:04,5000.00,13.30,5.73,14.10,8.18,16.70,14.40
2026-04-12 18:10:04,5000.00,13.30,5.84,14.10,8.38,17.00,14.30
2026-04-12 18:10:05,5000.00,13.20,5.90,14.10,8.50,16.90,14.20
2026-04-12 18:10:05,5000.00,13.20,5.94,14.10,8.45,17.00,14.30
2026-04-12 18:10:05,5000.00,13.30,5.95,14.10,8.54,17.10,14.30
2026-04-12 18:10:06,5000.00,13.30,5.94,14.10,8.48,16.80,14.30
2026-04-12 18:10:06,5000.00,13.30,5.87,14.10,8.51,16.90,14.20
2026-04-12 18:10:06,5000.00,13.20,5.90,14.10,8.47,17.10,14.30
2026-04-12 18:10:07,5000.00,13.30,5.88,14.10,8.40,17.10,14.30
2026-04-12 18:10:07,5000.00,13.30,5.93,14.10,8.76,16.80,14.20
2026-04-12 18:10:08,5000.00,13.20,5.84,14.10,8.50,17.10,14.30
2026-04-12 18:10:08,5000.00,13.30,5.88,14.10,8.58,16.70,14.20
2026-04-12 18:10:08,5000.00,13.20,5.95,14.10,8.77,17.00,14.20
2026-04-12 18:10:09,5000.00,13.20,5.96,14.10,8.67,16.90,14.20
2026-04-12 18:10:09,5000.00,13.20,5.97,14.10,8.88,16.90,14.20
2026-04-12 18:10:09,5000.00,13.30,5.89,14.10,8.55,16.50,14.20
2026-04-12 18:10:10,5000.00,13.20,5.90,14.10,8.42,16.80,14.30
2026-04-12 18:10:10,5000.00,13.30,5.93,14.10,8.45,16.90,14.20
2026-04-12 18:10:10,5000.00,13.20,5.95,14.10,8.62,17.10,14.30
2026-04-12 18:10:11,5000.00,13.30,5.92,14.10,8.46,17.10,14.30
2026-04-12 18:10:11,5000.00,13.30,5.91,14.10,8.50,16.90,14.20
2026-04-12 18:10:11,5000.00,13.20,5.95,14.10,8.35,17.20,14.30
2026-04-12 18:10:12,5000.00,13.30,5.95,14.10,8.38,17.10,14.30
2026-04-12 18:10:12,5000.00,13.30,5.89,14.10,8.42,17.10,14.30
2026-04-12 18:10:13,5000.00,13.30,5.91,14.10,8.37,17.10,14.30
2026-04-12 18:10:13,5000.00,13.30,5.90,14.10,8.41,17.10,14.40
2026-04-12 18:10:13,5000.00,13.30,5.85,14.10,8.46,16.60,14.30
2026-04-12 18:10:14,5000.00,13.20,5.95,14.10,8.65,16.70,14.20
2026-04-12 18:10:14,5000.00,13.20,5.95,14.10,8.41,17.10,14.30
2026-04-12 18:10:14,5000.00,13.30,5.90,14.10,8.44,16.70,14.30
2026-04-12 18:10:15,5000.00,13.30,5.80,14.10,8.54,17.00,14.20
2026-04-12 18:10:15,5000.00,13.30,5.95,14.10,8.43,17.00,14.30
2026-04-12 18:10:15,5000.00,13.30,5.92,14.10,8.47,17.00,14.30
2026-04-12 18:10:16,5000.00,13.30,5.91,14.10,8.47,16.80,14.20
2026-04-12 18:10:16,5000.00,13.20,5.90,14.10,8.52,17.00,14.30
2026-04-12 18:10:17,5000.00,13.30,5.90,14.10,8.41,16.90,14.30
2026-04-12 18:10:17,5000.00,13.30,5.85,14.10,8.43,16.70,14.30
2026-04-12 18:10:17,5000.00,13.30,5.96,14.10,8.37,17.00,14.30
2026-04-12 18:10:18,5000.00,13.30,5.88,14.10,8.41,17.00,14.20
2026-04-12 18:10:18,5000.00,13.20,5.93,14.10,8.37,17.10,14.30
2026-04-12 18:10:18,5000.00,13.30,5.89,14.10,8.41,17.10,14.30
2026-04-12 18:10:19,5000.00,13.30,5.90,14.10,8.54,17.10,14.20
2026-04-12 18:10:19,5000.00,13.20,5.99,14.10,8.73,17.10,14.20
2026-04-12 18:10:19,5000.00,13.20,5.95,14.10,8.77,16.90,14.30
2026-04-12 18:10:20,5000.00,13.30,5.93,14.10,8.89,17.10,14.20
2026-04-12 18:10:20,5000.00,13.20,5.87,14.10,8.46,16.80,14.30
2026-04-12 18:10:21,5000.00,13.30,5.76,14.10,8.23,17.10,14.30
2026-04-12 18:10:21,5000.00,13.30,5.86,14.10,8.41,16.70,14.30
2026-04-12 18:10:21,5000.00,13.20,5.96,14.10,8.43,16.90,14.30
2026-04-12 18:10:22,5000.00,13.30,5.95,14.10,8.75,16.70,14.20
2026-04-12 18:10:22,5000.00,13.20,5.94,14.10,8.46,16.90,14.30
2026-04-12 18:10:22,5000.00,13.30,5.91,14.10,8.40,17.00,14.30
2026-04-12 18:10:23,5000.00,13.30,5.86,14.10,8.46,17.00,14.30
2026-04-12 18:10:23,5000.00,13.30,5.78,14.10,8.29,17.00,14.40
2026-04-12 18:10:23,5000.00,13.30,5.88,14.10,8.45,16.80,14.30
2026-04-12 18:10:24,5000.00,13.20,5.91,14.10,8.56,17.00,14.20
2026-04-12 18:10:24,5000.00,13.20,5.90,14.10,8.41,16.90,14.30
2026-04-12 18:10:24,5000.00,13.30,5.86,14.10,8.33,17.00,14.20
2026-04-12 18:10:25,5000.00,13.20,5.93,14.10,8.68,17.00,14.20
2026-04-12 18:10:25,5000.00,13.20,5.94,14.10,8.41,17.10,14.30
2026-04-12 18:10:26,5000.00,13.30,5.88,14.10,8.25,16.80,14.20
2026-04-12 18:10:26,5000.00,13.30,5.82,14.10,8.22,16.80,14.30
2026-04-12 18:10:26,5000.00,13.30,5.80,14.10,8.02,16.80,14.30
2026-04-12 18:10:27,5000.00,13.40,5.78,14.10,8.12,16.90,14.40
2026-04-12 18:10:27,5000.00,13.40,5.89,14.10,8.37,16.90,14.30
2026-04-12 18:10:27,5000.00,13.20,5.87,14.10,8.57,16.80,14.20
2026-04-12 18:10:28,5000.00,13.20,5.93,14.10,8.40,17.00,14.30
2026-04-12 18:10:28,5000.00,13.30,5.75,14.10,8.26,16.90,14.30
2026-04-12 18:10:28,5000.00,13.40,5.89,14.10,8.42,17.00,14.30
2026-04-12 18:10:29,5000.00,13.20,5.94,14.10,8.40,17.10,14.30
2026-04-12 18:10:29,5000.00,13.30,5.90,14.10,8.38,16.90,14.30
2026-04-12 18:10:30,5000.00,13.30,5.83,14.10,8.51,16.90,14.20
2026-04-12 18:10:30,5000.00,13.20,5.96,14.10,8.73,16.90,14.20
2026-04-12 18:10:30,5000.00,13.20,5.96,14.10,8.69,17.00,14.20
2026-04-12 18:10:31,5000.00,13.20,5.91,14.10,8.44,17.10,14.30
2026-04-12 18:10:31,5000.00,13.30,5.90,14.10,8.77,16.80,14.20
2026-04-12 18:10:31,5000.00,13.20,5.91,14.10,8.51,17.00,14.30
2026-04-12 18:10:32,5000.00,13.30,5.94,14.10,8.43,17.00,14.30
2026-04-12 18:10:32,5000.00,13.30,5.75,14.10,8.26,16.60,14.20
2026-04-12 18:10:32,5000.00,13.30,5.70,14.10,8.19,17.00,14.30
2026-04-12 18:10:33,5000.00,13.30,5.84,14.10,8.53,17.00,14.20
2026-04-12 18:10:33,5000.00,13.20,5.85,14.10,8.43,16.90,14.20
2026-04-12 18:10:33,5000.00,13.20,5.94,14.10,8.44,17.10,14.30
2026-04-12 18:10:34,5000.00,13.30,5.95,14.10,8.39,17.10,14.30
2026-04-12 18:10:34,5000.00,13.30,5.85,14.10,8.31,17.10,14.30
2026-04-12 18:10:35,5000.00,13.30,5.89,14.10,8.39,16.90,14.30
2026-04-12 18:10:35,5000.00,13.20,5.89,14.10,8.44,16.90,14.30
2026-04-12 18:10:35,5000.00,13.30,5.92,14.10,8.56,16.90,14.20
2026-04-12 18:10:36,5000.00,13.20,5.88,14.10,8.29,17.00,14.30
2026-04-12 18:10:36,5000.00,13.30,5.84,14.10,8.45,16.90,14.20
2026-04-12 18:10:36,5000.00,13.20,5.95,14.10,8.49,16.80,14.20
2026-04-12 18:10:37,5000.00,13.20,5.95,14.10,8.33,16.60,14.30
2026-04-12 18:10:37,5000.00,13.30,5.89,14.10,8.41,17.10,14.20
2026-04-12 18:10:37,5000.00,13.20,5.96,14.10,8.55,16.70,14.20
2026-04-12 18:10:38,5000.00,13.20,5.83,14.10,8.40,16.80,14.30
2026-04-12 18:10:38,5000.00,13.30,5.88,14.10,8.26,17.00,14.30
2026-04-12 18:10:38,5000.00,13.30,5.86,14.10,8.41,16.80,14.30
2026-04-12 18:10:39,5000.00,13.20,5.97,14.10,8.33,17.10,14.30
2026-04-12 18:10:39,5000.00,13.30,5.87,14.10,8.45,16.90,14.20
2026-04-12 18:10:40,5000.00,13.20,5.86,14.10,8.52,16.90,14.30
2026-04-12 18:10:40,5000.00,13.30,5.90,14.10,8.44,17.00,14.30
2026-04-12 18:10:40,5000.00,13.30,5.88,14.10,8.46,17.10,14.30
2026-04-12 18:10:41,5000.00,13.30,5.91,14.10,8.54,17.00,14.20
2026-04-12 18:10:41,5000.00,13.20,5.93,14.10,8.70,16.60,14.20
2026-04-12 18:10:41,5000.00,13.20,5.95,14.10,8.62,17.00,14.30
2026-04-12 18:10:42,5000.00,13.30,5.91,14.10,8.77,17.00,14.20
2026-04-12 18:10:42,5000.00,13.20,5.94,14.10,8.43,17.20,14.30
2026-04-12 18:10:42,5000.00,13.30,5.97,14.10,8.43,17.00,14.30
2026-04-12 18:10:43,5000.00,13.30,5.92,14.10,8.63,17.00,14.20
2026-04-12 18:10:43,5000.00,13.20,5.93,14.10,8.42,16.80,14.30
2026-04-12 18:10:44,5000.00,13.30,5.72,14.10,7.76,17.00,14.30
2026-04-12 18:10:44,5000.00,13.30,5.81,14.10,8.04,16.80,14.30
2026-04-12 18:10:44,5000.00,13.30,5.77,14.10,8.02,16.80,14.40
2026-04-12 18:10:45,5000.00,13.40,5.82,14.10,8.38,16.90,14.30
2026-04-12 18:10:45,5000.00,13.20,6.00,14.10,8.38,16.80,14.30
2026-04-12 18:10:45,5000.00,13.30,5.91,14.10,8.41,16.80,14.20
2026-04-12 18:10:46,5000.00,13.20,5.94,14.10,8.44,16.90,14.30
2026-04-12 18:10:46,5000.00,13.30,5.89,14.10,8.76,17.00,14.20
2026-04-12 18:10:46,5000.00,13.20,5.95,14.10,8.64,17.00,14.20
2026-04-12 18:10:47,5000.00,13.20,5.94,14.10,8.87,16.90,14.20
2026-04-12 18:10:47,5000.00,13.20,5.97,14.10,8.58,17.10,14.30
2026-04-12 18:10:47,5000.00,13.30,5.92,14.10,8.59,16.90,14.20
2026-04-12 18:10:48,5000.00,13.20,6.01,14.10,8.44,16.80,14.30
2026-04-12 18:10:48,5000.00,13.30,5.95,14.10,8.41,17.00,14.30
2026-04-12 18:10:49,5000.00,13.30,5.88,14.10,8.42,16.80,14.20
2026-04-12 18:10:49,5000.00,13.20,5.95,14.10,8.43,16.90,14.30
2026-04-12 18:10:49,5000.00,13.30,5.94,14.10,8.47,17.00,14.30
2026-04-12 18:10:50,5000.00,13.30,5.78,14.10,8.25,16.70,14.20
2026-04-12 18:10:50,5000.00,13.30,5.84,14.10,8.45,16.50,14.20
2026-04-12 18:10:50,5000.00,13.30,5.80,14.10,8.32,16.90,14.30
2026-04-12 18:10:51,5000.00,13.30,5.84,14.10,8.13,17.00,14.40
2026-04-12 18:10:51,5000.00,13.40,5.88,14.10,8.48,17.00,14.20
2026-04-12 18:10:51,5000.00,13.20,5.94,14.10,8.45,17.00,14.20
2026-04-12 18:10:52,5000.00,13.20,5.92,14.10,8.42,16.90,14.30
2026-04-12 18:10:52,5000.00,13.30,5.94,14.10,8.47,17.10,14.20
2026-04-12 18:10:53,5000.00,13.20,5.94,14.10,8.75,16.60,14.20
2026-04-12 18:10:53,5000.00,13.20,5.93,14.10,8.45,17.20,14.30
2026-04-12 18:10:53,5000.00,13.30,5.84,14.10,8.44,17.00,14.30
2026-04-12 18:10:54,5000.00,13.30,5.85,14.10,8.49,16.90,14.20
2026-04-12 18:10:54,5000.00,13.20,5.91,14.10,8.45,16.90,14.30
2026-04-12 18:10:54,5000.00,13.30,5.89,14.10,8.49,16.80,14.20
2026-04-12 18:10:55,5000.00,13.20,5.94,14.10,8.45,17.20,14.30
2026-04-12 18:10:55,5000.00,13.30,5.92,14.10,8.36,17.20,14.30
2026-04-12 18:10:55,5000.00,13.30,5.96,14.10,8.39,17.10,14.30
2026-04-12 18:10:56,5000.00,13.30,5.84,14.10,8.14,16.80,14.20
2026-04-12 18:10:56,5000.00,13.30,5.77,14.10,8.31,16.80,14.40
2026-04-12 18:10:56,5000.00,13.30,5.88,14.10,8.35,17.00,14.20
2026-04-12 18:10:57,5000.00,13.20,5.91,14.10,8.62,17.00,14.20
2026-04-12 18:10:57,5000.00,13.20,5.84,14.10,8.36,17.00,14.30
2026-04-12 18:10:58,5000.00,13.30,5.92,14.10,8.65,16.80,14.20
2026-04-12 18:10:58,5000.00,13.20,5.93,14.10,8.52,16.90,14.30
2026-04-12 18:10:58,5000.00,13.30,5.91,14.10,8.40,16.90,14.20
2026-04-12 18:10:59,5000.00,13.20,6.00,14.10,8.62,16.90,14.20
2026-04-12 18:10:59,5000.00,13.20,5.99,14.10,8.53,16.90,14.30
2026-04-12 18:10:59,5000.00,13.30,5.99,14.10,8.71,16.90,14.20
2026-04-12 18:11:00,5000.00,13.20,5.96,14.10,8.44,16.90,14.30
2026-04-12 18:11:00,5000.00,13.30,5.94,14.10,8.45,17.10,14.30
2026-04-12 18:11:00,5000.00,13.30,5.91,14.10,8.41,16.90,14.30
2026-04-12 18:11:01,5000.00,13.30,5.85,14.10,8.43,17.20,14.30
2026-04-12 18:11:01,5000.00,13.30,5.78,14.10,8.20,17.00,14.20
2026-04-12 18:11:02,5000.00,13.30,5.74,14.10,8.24,16.90,14.30
2026-04-12 18:11:02,5000.00,13.40,5.87,14.10,8.55,16.90,14.20
2026-04-12 18:11:02,5000.00,13.20,5.95,14.10,8.21,17.00,14.30
2026-04-12 18:11:03,5000.00,13.30,5.89,14.10,8.26,16.90,14.30
2026-04-12 18:11:03,5000.00,13.30,5.86,14.10,8.64,16.90,14.20
2026-04-12 18:11:03,5000.00,13.20,5.92,14.10,8.63,17.00,14.20
2026-04-12 18:11:04,5000.00,13.20,5.94,14.10,8.71,17.00,14.20
2026-04-12 18:11:04,5000.00,13.20,5.95,14.10,8.61,17.20,14.30
2026-04-12 18:11:04,5000.00,13.30,5.86,14.10,8.43,17.10,14.30
2026-04-12 18:11:05,5000.00,13.30,5.94,14.10,8.42,16.90,14.30
2026-04-12 18:11:05,5000.00,13.30,5.88,14.10,8.43,16.70,14.20
2026-04-12 18:11:05,5000.00,13.20,5.89,14.10,8.49,16.90,14.30
2026-04-12 18:11:06,5000.00,13.30,5.92,14.10,8.40,17.10,14.30
2026-04-12 18:11:06,5000.00,13.30,5.84,14.10,8.44,17.00,14.20
2026-04-12 18:11:07,5000.00,13.20,5.95,14.10,8.44,17.00,14.30
2026-04-12 18:11:07,5000.00,13.30,5.82,14.10,8.13,16.80,14.30
2026-04-12 18:11:07,5000.00,13.40,5.81,14.10,8.09,17.00,14.40
2026-04-12 18:11:08,5000.00,13.40,5.85,14.10,8.38,16.80,14.40
2026-04-12 18:11:08,5000.00,13.40,5.86,14.10,8.49,17.00,14.20
2026-04-12 18:11:08,5000.00,13.20,5.94,14.10,8.46,16.80,14.30
2026-04-12 18:11:09,5000.00,13.30,5.88,14.10,8.49,17.00,14.20
2026-04-12 18:11:09,5000.00,13.20,5.96,14.10,8.42,16.90,14.20
2026-04-12 18:11:09,5000.00,13.20,5.96,14.10,8.57,17.00,14.30
2026-04-12 18:11:10,5000.00,13.30,5.81,14.10,8.37,16.90,14.30
2026-04-12 18:11:10,5000.00,13.30,5.83,14.10,8.11,17.10,14.40
2026-04-12 18:11:11,5000.00,13.40,5.84,14.10,8.38,17.00,14.30
2026-04-12 18:11:11,5000.00,13.20,5.95,14.10,8.41,16.80,14.30
2026-04-12 18:11:11,5000.00,13.30,5.81,14.10,8.41,17.00,14.20
2026-04-12 18:11:12,5000.00,13.20,5.94,14.10,8.45,16.80,14.30
2026-04-12 18:11:12,5000.00,13.30,5.95,14.10,8.38,16.80,14.20
2026-04-12 18:11:12,5000.00,13.20,5.76,14.10,8.19,16.60,14.20
2026-04-12 18:11:13,5000.00,13.20,5.83,14.10,8.27,17.00,14.30
2026-04-12 18:11:13,5000.00,13.30,5.89,14.10,8.52,16.90,14.20
2026-04-12 18:11:13,5000.00,13.20,5.95,14.10,8.65,16.90,14.20
2026-04-12 18:11:14,5000.00,13.20,5.93,14.10,8.54,17.10,14.30
2026-04-12 18:11:14,5000.00,13.30,5.88,14.10,8.74,16.90,14.20
2026-04-12 18:11:14,5000.00,13.20,5.97,14.10,8.66,16.90,14.20
2026-04-12 18:11:15,5000.00,13.20,5.96,14.10,8.54,17.10,14.30
2026-04-12 18:11:15,5000.00,13.30,5.94,14.10,8.45,17.00,14.30
2026-04-12 18:11:16,5000.00,13.30,5.90,14.10,8.44,17.00,14.30
2026-04-12 18:11:16,5000.00,13.30,5.91,14.10,8.57,16.90,14.20
2026-04-12 18:11:16,5000.00,13.20,5.97,14.10,8.63,16.90,14.20
2026-04-12 18:11:17,5000.00,13.20,5.96,14.10,8.42,17.00,14.30
2026-04-12 18:11:17,5000.00,13.30,5.93,14.10,8.35,16.80,14.30
2026-04-12 18:11:17,5000.00,13.30,5.87,14.10,8.45,17.10,14.30
2026-04-12 18:11:18,5000.00,13.30,5.77,14.10,8.09,16.90,14.30
2026-04-12 18:11:18,5000.00,13.30,5.72,14.10,8.20,17.00,14.40
2026-04-12 18:11:18,5000.00,13.40,5.85,14.10,8.42,17.00,14.30
2026-04-12 18:11:19,5000.00,13.30,5.79,14.10,8.27,16.90,14.30
2026-04-12 18:11:19,5000.00,13.40,5.86,14.10,8.50,16.90,14.20
2026-04-12 18:11:19,5000.00,13.20,5.91,14.10,8.48,16.90,14.20
2026-04-12 18:11:20,5000.00,13.20,5.89,14.10,8.43,17.20,14.30
2026-04-12 18:11:20,5000.00,13.30,5.91,14.10,8.54,17.10,14.20
2026-04-12 18:11:21,5000.00,13.20,6.00,14.10,8.46,17.00,14.30
2026-04-12 18:11:21,5000.00,13.30,5.91,14.10,8.71,16.80,14.20
2026-04-12 18:11:21,5000.00,13.20,5.95,14.10,8.49,17.00,14.30
2026-04-12 18:11:22,5000.00,13.30,5.93,14.10,8.66,16.80,14.20
2026-04-12 18:11:22,5000.00,13.20,5.91,14.10,8.43,17.10,14.30
2026-04-12 18:11:22,5000.00,13.30,5.87,14.10,8.38,17.00,14.30
2026-04-12 18:11:23,5000.00,13.30,5.92,14.10,8.44,17.00,14.30
2026-04-12 18:11:23,5000.00,13.30,5.95,14.10,8.40,17.10,14.30
2026-04-12 18:11:23,5000.00,13.30,5.77,14.10,8.09,16.90,14.30
2026-04-12 18:11:24,5000.00,13.30,5.75,14.10,8.20,16.90,14.40
2026-04-12 18:11:24,5000.00,13.40,5.79,14.10,7.93,16.90,14.40
2026-04-12 18:11:25,5000.00,13.40,5.86,14.10,8.56,16.90,14.30
2026-04-12 18:11:25,5000.00,13.20,5.89,14.10,8.73,16.90,14.20
2026-04-12 18:11:25,5000.00,13.20,5.91,14.10,8.41,17.00,14.30
2026-04-12 18:11:26,5000.00,13.30,5.93,14.10,8.42,16.90,14.30
2026-04-12 18:11:26,5000.00,13.30,5.89,14.10,8.53,17.10,14.20
2026-04-12 18:11:26,5000.00,13.20,5.95,14.10,8.49,17.00,14.30
2026-04-12 18:11:27,5000.00,13.30,5.87,14.10,8.38,16.90,14.20
2026-04-12 18:11:27,5000.00,13.20,5.94,14.10,8.56,16.90,14.20
2026-04-12 18:11:27,5000.00,13.20,5.94,14.10,8.46,16.90,14.30
2026-04-12 18:11:28,5000.00,13.30,5.92,14.10,8.43,17.00,14.20
2026-04-12 18:11:28,5000.00,13.20,5.92,14.10,8.36,17.10,14.30
2026-04-12 18:11:28,5000.00,13.30,5.88,14.10,8.42,16.90,14.20
2026-04-12 18:11:29,5000.00,13.20,5.84,14.10,8.45,17.00,14.20
2026-04-12 18:11:29,5000.00,13.30,5.87,14.10,8.28,17.00,14.30
2026-04-12 18:11:30,5000.00,13.30,5.89,14.10,8.47,17.00,14.20
2026-04-12 18:11:30,5000.00,13.20,5.85,14.10,8.40,17.00,14.30
2026-04-12 18:11:30,5000.00,13.30,5.85,14.10,8.45,16.90,14.20
2026-04-12 18:11:31,5000.00,13.20,5.97,14.10,8.65,17.10,14.20
2026-04-12 18:11:31,5000.00,13.20,5.99,14.10,8.45,16.80,14.30
2026-04-12 18:11:31,5000.00,13.30,5.79,14.10,8.34,16.90,14.30
2026-04-12 18:11:32,5000.00,13.30,5.90,14.10,8.51,17.00,14.20
2026-04-12 18:11:32,5000.00,13.30,5.89,14.10,8.57,17.10,14.20
2026-04-12 18:11:32,5000.00,13.20,5.90,14.10,8.38,17.10,14.30
2026-04-12 18:11:33,5000.00,13.30,5.94,14.10,8.46,16.90,14.30
2026-04-12 18:11:33,5000.00,13.30,5.86,14.10,8.45,16.90,14.20
2026-04-12 18:11:34,5000.00,13.20,5.92,14.10,8.48,17.00,14.30
2026-04-12 18:11:34,5000.00,13.30,5.88,14.10,8.36,17.10,14.30
2026-04-12 18:11:34,5000.00,13.30,5.85,14.10,8.38,16.90,14.20
2026-04-12 18:11:35,5000.00,13.20,5.85,14.10,8.40,16.80,14.30
2026-04-12 18:11:35,5000.00,13.30,5.81,14.10,8.51,16.90,14.20
2026-04-12 18:11:35,5000.00,13.20,5.93,14.10,8.45,16.90,14.30
2026-04-12 18:11:36,5000.00,13.30,5.90,14.10,8.79,16.90,14.20
2026-04-12 18:11:36,5000.00,13.20,5.95,14.10,8.52,17.10,14.30
2026-04-12 18:11:36,5000.00,13.30,5.92,14.10,8.23,17.10,14.30
2026-04-12 18:11:37,5000.00,13.30,5.92,14.10,8.35,16.90,14.30
2026-04-12 18:11:37,5000.00,13.30,5.91,14.10,8.50,17.10,14.20
2026-04-12 18:11:37,5000.00,13.20,5.97,14.10,8.58,17.00,14.20
2026-04-12 18:11:38,5000.00,13.20,5.92,14.10,8.59,17.20,14.30
2026-04-12 18:11:38,5000.00,13.30,5.90,14.10,8.48,17.10,14.30
2026-04-12 18:11:39,5000.00,13.30,5.95,14.10,8.41,17.00,14.30
2026-04-12 18:11:39,5000.00,13.30,5.91,14.10,8.38,17.20,14.30
2026-04-12 18:11:39,5000.00,13.30,5.88,14.10,8.44,16.90,14.30
2026-04-12 18:11:40,5000.00,13.30,5.88,14.10,8.59,17.10,14.20
2026-04-12 18:11:40,5000.00,13.20,5.86,14.10,8.40,16.90,14.30
2026-04-12 18:11:40,5000.00,13.30,5.76,14.10,8.22,16.90,14.30
2026-04-12 18:11:41,5000.00,13.30,5.87,14.10,8.42,16.60,14.20
2026-04-12 18:11:41,5000.00,13.20,5.92,14.10,8.74,17.10,14.20
2026-04-12 18:11:41,5000.00,13.20,5.94,14.10,8.52,17.00,14.30
2026-04-12 18:11:42,5000.00,13.30,5.94,14.10,8.45,16.90,14.30
2026-04-12 18:11:42,5000.00,13.30,5.86,14.10,8.47,17.10,14.30
2026-04-12 18:11:43,5000.00,13.30,5.88,14.10,8.70,17.10,14.20
2026-04-12 18:11:43,5000.00,13.20,5.89,14.10,8.39,17.10,14.30
2026-04-12 18:11:43,5000.00,13.30,5.94,14.10,8.45,16.70,14.20
2026-04-12 18:11:44,5000.00,13.20,5.91,14.10,8.40,17.10,14.30
2026-04-12 18:11:44,5000.00,13.30,5.87,14.10,8.42,17.00,14.30
2026-04-12 18:11:44,5000.00,13.30,5.90,14.10,8.38,16.90,14.30
2026-04-12 18:11:45,5000.00,13.30,5.88,14.10,8.37,17.10,14.30
2026-04-12 18:11:45,5000.00,13.30,5.88,14.10,8.50,17.10,14.20
2026-04-12 18:11:45,5000.00,13.20,5.87,14.10,8.27,16.80,14.20
2026-04-12 18:11:46,5000.00,13.30,5.84,14.10,8.30,16.70,14.30
2026-04-12 18:11:46,5000.00,13.30,5.90,14.10,8.68,17.00,14.20
2026-04-12 18:11:46,5000.00,13.20,5.90,14.10,8.23,17.00,14.30
2026-04-12 18:11:47,5000.00,13.30,5.87,14.10,8.61,16.90,14.20
2026-04-12 18:11:47,5000.00,13.20,5.95,14.10,8.73,17.00,14.20
2026-04-12 18:11:48,5000.00,13.20,5.96,14.10,8.54,17.10,14.30
2026-04-12 18:11:48,5000.00,13.30,5.91,14.10,8.54,17.10,14.20
2026-04-12 18:11:48,5000.00,13.20,5.95,14.10,8.67,16.70,14.20
2026-04-12 18:11:49,5000.00,13.20,5.95,14.10,8.46,17.00,14.30
2026-04-12 18:11:49,5000.00,13.30,5.82,14.10,8.38,16.90,14.30
2026-04-12 18:11:49,5000.00,13.30,5.90,14.10,8.41,17.00,14.20
2026-04-12 18:11:50,5000.00,13.20,5.91,14.10,8.39,17.20,14.30
2026-04-12 18:11:50,5000.00,13.30,5.86,14.10,8.37,17.10,14.30
2026-04-12 18:11:50,5000.00,13.30,5.93,14.10,8.46,17.00,14.20
2026-04-12 18:11:51,5000.00,13.20,5.93,14.10,8.38,17.00,14.20
2026-04-12 18:11:51,5000.00,13.20,5.80,14.10,8.44,16.90,14.30
2026-04-12 18:11:52,5000.00,13.30,5.74,14.10,8.18,16.90,14.30
2026-04-12 18:11:52,5000.00,13.40,5.81,14.10,8.44,16.90,14.20
2026-04-12 18:11:52,5000.00,13.20,5.89,14.10,8.40,17.00,14.30
2026-04-12 18:11:53,5000.00,13.30,5.93,14.10,8.36,17.10,14.30
2026-04-12 18:11:53,5000.00,13.30,5.79,14.10,8.29,16.90,14.30
2026-04-12 18:11:53,5000.00,13.20,5.88,14.10,8.40,17.10,14.30
2026-04-12 18:11:54,5000.00,13.30,5.91,14.10,8.47,17.00,14.20
2026-04-12 18:11:54,5000.00,13.20,5.95,14.10,8.32,16.90,14.30
2026-04-12 18:11:54,5000.00,13.30,5.87,14.10,8.56,16.90,14.20
2026-04-12 18:11:55,5000.00,13.20,5.92,14.10,8.46,17.00,14.20
2026-04-12 18:11:55,5000.00,13.20,5.98,14.10,8.50,17.00,14.30
2026-04-12 18:11:55,5000.00,13.30,5.81,14.10,8.28,17.00,14.30
2026-04-12 18:11:56,5000.00,13.30,5.87,14.10,8.39,16.90,14.20
2026-04-12 18:11:56,5000.00,13.20,5.92,14.10,8.38,17.20,14.30
2026-04-12 18:11:57,5000.00,13.30,5.85,14.10,8.12,16.80,14.30
2026-04-12 18:11:57,5000.00,13.40,5.74,14.10,8.17,16.70,14.30
2026-04-12 18:11:57,5000.00,13.30,5.82,14.10,8.17,16.80,14.30
2026-04-12 18:11:58,5000.00,13.40,5.84,14.10,8.66,16.80,14.20
2026-04-12 18:11:58,5000.00,13.20,5.95,14.10,8.23,16.80,14.30
2026-04-12 18:11:58,5000.00,13.30,5.90,14.10,8.35,16.60,14.20
2026-04-12 18:11:59,5000.00,13.20,5.94,14.10,8.43,17.00,14.30
2026-04-12 18:11:59,5000.00,13.30,5.85,14.10,8.44,17.10,14.20
2026-04-12 18:11:59,5000.00,13.20,5.94,14.10,8.51,17.20,14.30
2026-04-12 18:12:00,5000.00,13.30,5.83,14.10,8.93,16.80,14.20
2026-04-12 18:12:00,5000.00,13.20,5.96,14.10,8.47,17.10,14.30
2026-04-12 18:12:01,5000.00,13.30,5.87,14.10,8.22,16.90,14.30
2026-04-12 18:12:01,5000.00,13.30,5.84,14.10,8.43,16.70,14.20
2026-04-12 18:12:01,5000.00,13.20,5.93,14.10,8.47,17.00,14.30
2026-04-12 18:12:02,5000.00,13.30,5.90,14.10,8.41,17.00,14.20
2026-04-12 18:12:02,5000.00,13.20,5.77,14.10,8.26,16.90,14.20
2026-04-12 18:12:02,5000.00,13.20,5.73,14.10,8.23,16.60,14.30
2026-04-12 18:12:03,5000.00,13.30,5.90,14.10,8.44,16.80,14.20
2026-04-12 18:12:03,5000.00,13.20,5.85,14.10,8.35,17.00,14.30
2026-04-12 18:12:03,5000.00,13.30,5.93,14.10,8.45,17.00,14.30
2026-04-12 18:12:04,5000.00,13.30,5.85,14.10,8.43,17.00,14.20
2026-04-12 18:12:04,5000.00,13.20,5.92,14.10,8.48,17.10,14.30
2026-04-12 18:12:04,5000.00,13.30,5.81,14.10,8.27,16.90,14.30
2026-04-12 18:12:05,5000.00,13.30,5.86,14.10,8.47,16.70,14.20
2026-04-12 18:12:05,5000.00,13.20,5.91,14.10,8.60,17.00,14.20
2026-04-12 18:12:06,5000.00,13.20,5.94,14.10,8.39,17.00,14.30
2026-04-12 18:12:06,5000.00,13.30,5.87,14.10,8.35,17.10,14.30
2026-04-12 18:12:06,5000.00,13.30,5.85,14.10,8.39,17.10,14.30
2026-04-12 18:12:07,5000.00,13.30,5.92,14.10,8.41,16.90,14.20
2026-04-12 18:12:07,5000.00,13.20,5.92,14.10,8.39,17.20,14.30
2026-04-12 18:12:07,5000.00,13.30,5.83,14.10,8.39,17.00,14.20
2026-04-12 18:12:08,5000.00,13.30,5.78,14.10,8.36,16.80,14.30
2026-04-12 18:12:08,5000.00,13.30,5.87,14.10,8.45,17.00,14.20
2026-04-12 18:12:08,5000.00,13.20,5.92,14.10,8.48,16.90,14.20
2026-04-12 18:12:09,5000.00,13.20,5.98,14.10,8.47,17.00,14.30
2026-04-12 18:12:09,5000.00,13.30,5.96,14.10,8.56,17.00,14.20
2026-04-12 18:12:10,5000.00,13.20,5.96,14.10,8.44,17.10,14.30
2026-04-12 18:12:10,5000.00,13.30,5.94,14.10,8.47,17.20,14.20
2026-04-12 18:12:10,5000.00,13.20,5.98,14.10,8.58,17.10,14.20
2026-04-12 18:12:11,5000.00,13.30,5.98,14.10,8.62,16.90,14.20
2026-04-12 18:12:11,5000.00,13.20,5.94,14.10,8.59,16.80,14.30
2026-04-12 18:12:11,5000.00,13.30,5.91,14.10,8.39,17.20,14.30
2026-04-12 18:12:12,5000.00,13.30,5.89,14.10,8.42,17.10,14.30
2026-04-12 18:12:12,5000.00,13.30,5.77,14.10,8.23,16.80,14.30
2026-04-12 18:12:12,5000.00,13.40,5.83,14.10,8.41,17.00,14.20
2026-04-12 18:12:13,5000.00,13.20,5.87,14.10,8.12,16.80,14.30
2026-04-12 18:12:13,5000.00,13.30,5.71,14.10,8.19,17.00,14.30
2026-04-12 18:12:13,5000.00,13.40,5.80,14.10,8.56,16.70,14.20
2026-04-12 18:12:14,5000.00,13.20,5.92,14.10,8.54,16.80,14.20
2026-04-12 18:12:14,5000.00,13.20,5.97,14.10,8.76,16.70,14.20
2026-04-12 18:12:15,5000.00,13.20,5.85,14.10,8.61,17.10,14.30
2026-04-12 18:12:15,5000.00,13.30,5.91,14.10,8.54,16.70,14.20
2026-04-12 18:12:15,5000.00,13.20,5.96,14.10,8.36,17.10,14.30
2026-04-12 18:12:16,5000.00,13.30,5.92,14.10,8.68,17.00,14.20
2026-04-12 18:12:16,5000.00,13.20,5.94,14.10,8.42,16.90,14.20
2026-04-12 18:12:16,5000.00,13.30,5.93,14.10,8.43,17.10,14.30
2026-04-12 18:12:17,5000.00,13.30,5.89,14.10,8.41,17.20,14.30
2026-04-12 18:12:17,5000.00,13.30,5.85,14.10,8.36,17.00,14.30
2026-04-12 18:12:17,5000.00,13.30,5.90,14.10,8.43,17.00,14.30
2026-04-12 18:12:18,5000.00,13.30,5.90,14.10,8.42,17.00,14.20
2026-04-12 18:12:18,5000.00,13.20,5.90,14.10,8.48,17.00,14.30
2026-04-12 18:12:19,5000.00,13.30,5.73,14.10,8.27,17.00,14.30
2026-04-12 18:12:19,5000.00,13.30,5.89,14.10,8.55,17.00,14.20
2026-04-12 18:12:19,5000.00,13.20,5.94,14.10,8.71,17.10,14.20
2026-04-12 18:12:20,5000.00,13.20,5.91,14.10,8.46,17.10,14.30
2026-04-12 18:12:20,5000.00,13.30,5.88,14.10,8.62,17.10,14.30
2026-04-12 18:12:20,5000.00,13.30,5.86,14.10,8.38,17.20,14.30
2026-04-12 18:12:21,5000.00,13.30,5.87,14.10,8.44,17.00,14.20
2026-04-12 18:12:21,5000.00,13.20,5.85,14.10,8.47,17.00,14.30
2026-04-12 18:12:21,5000.00,13.30,5.93,14.10,8.50,17.00,14.30
2026-04-12 18:12:22,5000.00,13.30,5.90,14.10,8.44,17.00,14.20
2026-04-12 18:12:22,5000.00,13.20,5.81,14.10,8.40,17.00,14.30
2026-04-12 18:12:23,5000.00,13.30,5.92,14.10,8.38,17.10,14.30
2026-04-12 18:12:23,5000.00,13.30,5.91,14.10,8.33,17.10,14.20
2026-04-12 18:12:23,5000.00,13.20,5.93,14.10,8.40,17.10,14.30
2026-04-12 18:12:24,5000.00,13.30,5.74,14.10,8.15,17.00,14.30
2026-04-12 18:12:24,5000.00,13.40,5.77,14.10,8.09,16.70,14.30
2026-04-12 18:12:24,5000.00,13.30,5.79,14.10,7.90,16.70,14.30
2026-04-12 18:12:25,5000.00,13.30,5.71,14.10,8.03,17.00,14.40
2026-04-12 18:12:25,5000.00,13.40,5.83,14.10,8.55,16.80,14.20
2026-04-12 18:12:25,5000.00,13.30,5.88,14.10,8.52,17.00,14.20
2026-04-12 18:12:26,5000.00,13.20,5.96,14.10,8.37,17.10,14.30
2026-04-12 18:12:26,5000.00,13.30,5.93,14.10,8.25,17.00,14.30
2026-04-12 18:12:26,5000.00,13.30,5.85,14.10,8.40,16.90,14.20
2026-04-12 18:12:27,5000.00,13.20,5.90,14.10,8.52,17.10,14.30
2026-04-12 18:12:27,5000.00,13.30,5.91,14.10,8.38,17.10,14.30
2026-04-12 18:12:28,5000.00,13.30,5.88,14.10,8.35,17.00,14.30
2026-04-12 18:12:28,5000.00,13.30,5.88,14.10,8.40,17.10,14.20
2026-04-12 18:12:28,5000.00,13.20,5.88,14.10,8.39,17.00,14.30
2026-04-12 18:12:29,5000.00,13.30,5.86,14.10,8.63,17.00,14.20
2026-04-12 18:12:29,5000.00,13.20,5.96,14.10,8.70,16.80,14.20
2026-04-12 18:12:29,5000.00,13.20,5.98,14.10,8.68,17.00,14.20
2026-04-12 18:12:30,5000.00,13.20,5.95,14.10,8.39,16.70,14.20
2026-04-12 18:12:30,5000.00,13.30,5.86,14.10,8.30,16.90,14.30
2026-04-12 18:12:30,5000.00,13.30,5.64,14.10,8.16,16.70,14.30
2026-04-12 18:12:31,5000.00,13.40,5.80,14.10,8.44,17.10,14.20
2026-04-12 18:12:31,5000.00,13.20,5.94,14.10,8.46,16.90,14.20
2026-04-12 18:12:32,5000.00,13.20,5.91,14.10,8.59,16.90,14.20
2026-04-12 18:12:32,5000.00,13.30,5.91,14.10,8.58,17.00,14.20
2026-04-12 18:12:32,5000.00,13.20,5.95,14.10,8.54,16.90,14.20
2026-04-12 18:12:33,5000.00,13.30,5.90,14.10,8.36,17.00,14.30
2026-04-12 18:12:33,5000.00,13.30,5.89,14.10,8.42,16.70,14.30
2026-04-12 18:12:33,5000.00,13.30,5.86,14.10,8.37,16.90,14.30
2026-04-12 18:12:34,5000.00,13.30,5.89,14.10,8.38,17.10,14.30
2026-04-12 18:12:34,5000.00,13.30,5.91,14.10,8.38,17.10,14.30
2026-04-12 18:12:34,5000.00,13.30,5.86,14.10,8.42,17.00,14.20
2026-04-12 18:12:35,5000.00,13.20,5.89,14.10,8.48,17.20,14.30
2026-04-12 18:12:35,5000.00,13.30,5.91,14.10,8.36,17.00,14.30
2026-04-12 18:12:36,5000.00,13.30,5.74,14.10,8.22,16.90,14.20
2026-04-12 18:12:36,5000.00,13.30,5.83,14.10,8.06,16.70,14.20
2026-04-12 18:12:36,5000.00,13.30,5.66,14.10,8.13,17.00,14.30
2026-04-12 18:12:37,5000.00,13.40,5.85,14.10,8.33,17.00,14.30
2026-04-12 18:12:37,5000.00,13.40,5.87,14.10,8.48,17.10,14.20
2026-04-12 18:12:37,5000.00,13.20,5.97,14.10,8.41,17.00,14.30
2026-04-12 18:12:38,5000.00,13.30,5.84,14.10,8.41,17.00,14.20
2026-04-12 18:12:38,5000.00,13.20,5.92,14.10,8.40,17.00,14.30
2026-04-12 18:12:38,5000.00,13.30,5.87,14.10,8.43,17.10,14.30
2026-04-12 18:12:39,5000.00,13.30,5.88,14.10,8.35,17.10,14.30
2026-04-12 18:12:39,5000.00,13.30,5.85,14.10,8.38,16.80,14.20
2026-04-12 18:12:39,5000.00,13.20,5.89,14.10,8.45,16.70,14.30
2026-04-12 18:12:40,5000.00,13.30,5.94,14.10,8.75,16.80,14.20
2026-04-12 18:12:40,5000.00,13.20,5.96,14.10,8.37,17.00,14.30
2026-04-12 18:12:41,5000.00,13.30,5.89,14.10,8.67,17.10,14.30
2026-04-12 18:12:41,5000.00,13.30,5.89,14.10,8.55,16.90,14.20
2026-04-12 18:12:41,5000.00,13.20,5.93,14.10,8.61,17.00,14.20
2026-04-12 18:12:42,5000.00,13.30,5.82,14.10,8.38,16.90,14.30
2026-04-12 18:12:42,5000.00,13.30,5.85,14.10,8.41,17.10,14.20
2026-04-12 18:12:42,5000.00,13.20,5.94,14.10,8.66,16.90,14.20
2026-04-12 18:12:43,5000.00,13.20,5.97,14.10,8.38,17.00,14.30
2026-04-12 18:12:43,5000.00,13.30,5.94,14.10,8.45,17.00,14.30
2026-04-12 18:12:43,5000.00,13.30,5.89,14.10,8.43,17.10,14.30
2026-04-12 18:12:44,5000.00,13.30,5.86,14.10,8.35,17.00,14.20
2026-04-12 18:12:44,5000.00,13.20,5.91,14.10,8.47,17.00,14.30
2026-04-12 18:12:45,5000.00,13.30,5.89,14.10,8.64,16.90,14.20
2026-04-12 18:12:45,5000.00,13.20,5.89,14.10,8.39,16.90,14.30
2026-04-12 18:12:45,5000.00,13.30,5.84,14.10,8.59,16.80,14.20
2026-04-12 18:12:46,5000.00,13.20,5.94,14.10,8.48,17.10,14.20
2026-04-12 18:12:46,5000.00,13.30,5.84,14.10,8.40,17.20,14.30
2026-04-12 18:12:46,5000.00,13.30,5.86,14.10,8.41,17.10,14.30
2026-04-12 18:12:47,5000.00,13.30,5.80,14.10,8.20,16.90,14.20
2026-04-12 18:12:47,5000.00,13.30,5.65,14.10,8.22,16.90,14.30
2026-04-12 18:12:47,5000.00,13.30,5.89,14.10,8.48,17.00,14.20
2026-04-12 18:12:48,5000.00,13.20,5.94,14.10,8.39,17.10,14.30
2026-04-12 18:12:48,5000.00,13.30,5.91,14.10,8.38,17.10,14.30
2026-04-12 18:12:49,5000.00,13.30,5.90,14.10,8.41,17.00,14.20
2026-04-12 18:12:49,5000.00,13.20,5.89,14.10,8.39,17.10,14.30
2026-04-12 18:12:49,5000.00,13.30,5.92,14.10,8.39,16.90,14.30
2026-04-12 18:12:50,5000.00,13.30,5.89,14.10,8.36,17.00,14.20
2026-04-12 18:12:50,5000.00,13.20,5.90,14.10,8.61,17.00,14.20
2026-04-12 18:12:50,5000.00,13.20,5.95,14.10,8.76,16.90,14.20
2026-04-12 18:12:51,5000.00,13.20,5.94,14.10,8.66,16.80,14.20
2026-04-12 18:12:51,5000.00,13.20,5.98,14.10,8.44,17.10,14.30
2026-04-12 18:12:51,5000.00,13.30,5.97,14.10,8.62,17.00,14.20
2026-04-12 18:12:52,5000.00,13.20,5.93,14.10,8.38,17.00,14.30
2026-04-12 18:12:52,5000.00,13.30,5.90,14.10,8.55,16.80,14.20
2026-04-12 18:12:52,5000.00,13.30,5.78,14.10,8.20,16.80,14.30
2026-04-12 18:12:53,5000.00,13.30,5.81,14.10,8.49,16.90,14.20
2026-04-12 18:12:53,5000.00,13.20,5.89,14.10,8.37,17.00,14.30
2026-04-12 18:12:54,5000.00,13.30,5.92,14.10,8.39,17.00,14.30
2026-04-12 18:12:54,5000.00,13.30,5.89,14.10,8.42,16.90,14.20
2026-04-12 18:12:54,5000.00,13.20,5.95,14.10,8.69,17.00,14.20
2026-04-12 18:12:55,5000.00,13.20,5.97,14.10,8.74,17.00,14.20
2026-04-12 18:12:55,5000.00,13.20,5.92,14.10,8.35,17.00,14.20
2026-04-12 18:12:55,5000.00,13.30,5.89,14.10,8.28,16.80,14.30
2026-04-12 18:12:56,5000.00,13.30,5.84,14.10,8.39,17.10,14.20
2026-04-12 18:12:56,5000.00,13.20,5.89,14.10,8.36,17.10,14.30
2026-04-12 18:12:56,5000.00,13.30,5.91,14.10,8.41,16.90,14.30
2026-04-12 18:12:57,5000.00,13.30,5.88,14.10,8.25,17.00,14.30
2026-04-12 18:12:57,5000.00,13.30,5.88,14.10,8.43,17.00,14.20
2026-04-12 18:12:57,5000.00,13.20,5.93,14.10,8.38,17.00,14.30
2026-04-12 18:12:58,5000.00,13.30,5.90,14.10,8.41,16.80,14.30
2026-04-12 18:12:58,5000.00,13.30,5.80,14.10,8.42,16.80,14.20
2026-04-12 18:12:59,5000.00,13.20,5.82,14.10,8.14,16.60,14.20
2026-04-12 18:12:59,5000.00,13.30,5.66,14.10,8.26,17.00,14.30
2026-04-12 18:12:59,5000.00,13.30,5.87,14.10,8.38,17.20,14.20
2026-04-12 18:13:00,5000.00,13.20,5.90,14.10,8.47,17.00,14.30
2026-04-12 18:13:00,5000.00,13.30,5.88,14.10,8.42,16.90,14.20
2026-04-12 18:13:00,5000.00,13.20,5.93,14.10,8.40,17.10,14.30
2026-04-12 18:13:01,5000.00,13.30,5.96,14.10,8.43,16.90,14.20
2026-04-12 18:13:01,5000.00,13.20,5.96,14.10,8.35,16.70,14.20
2026-04-12 18:13:01,5000.00,13.30,5.87,14.10,8.54,16.90,14.20
2026-04-12 18:13:02,5000.00,13.20,5.90,14.10,8.44,17.00,14.30
2026-04-12 18:13:02,5000.00,13.30,5.92,14.10,8.43,16.80,14.20
2026-04-12 18:13:03,5000.00,13.20,5.93,14.10,8.43,17.20,14.30
2026-04-12 18:13:03,5000.00,13.30,5.96,14.10,8.39,17.10,14.30
2026-04-12 18:13:03,5000.00,13.30,5.90,14.10,8.31,17.10,14.30
2026-04-12 18:13:04,5000.00,13.30,5.90,14.10,8.56,16.70,14.20
2026-04-12 18:13:04,5000.00,13.20,5.91,14.10,8.76,17.00,14.20
2026-04-12 18:13:04,5000.00,13.20,5.89,14.10,8.21,16.70,14.20
2026-04-12 18:13:05,5000.00,13.20,5.79,14.10,8.24,17.00,14.30
2026-04-12 18:13:05,5000.00,13.30,5.89,14.10,8.54,17.00,14.20
2026-04-12 18:13:05,5000.00,13.20,5.92,14.10,8.48,16.90,14.30
2026-04-12 18:13:06,5000.00,13.30,5.87,14.10,8.38,17.10,14.30
2026-04-12 18:13:06,5000.00,13.30,5.89,14.10,8.43,17.10,14.20
2026-04-12 18:13:06,5000.00,13.20,5.93,14.10,8.49,17.10,14.30
2026-04-12 18:13:07,5000.00,13.30,5.85,14.10,8.30,17.00,14.30
2026-04-12 18:13:07,5000.00,13.30,5.87,14.10,8.44,17.00,14.20
2026-04-12 18:13:08,5000.00,13.20,5.92,14.10,8.45,17.10,14.30
2026-04-12 18:13:08,5000.00,13.30,5.93,14.10,8.38,17.10,14.30
2026-04-12 18:13:08,5000.00,13.30,5.82,14.10,8.32,16.90,14.30
2026-04-12 18:13:09,5000.00,13.30,5.86,14.10,8.43,17.10,14.30
2026-04-12 18:13:09,5000.00,13.30,5.86,14.10,8.65,17.00,14.20
2026-04-12 18:13:09,5000.00,13.20,5.93,14.10,8.19,16.80,14.30
2026-04-12 18:13:10,5000.00,13.40,5.83,14.10,8.43,16.90,14.20
2026-04-12 18:13:10,5000.00,13.20,5.74,14.10,8.32,16.90,14.30
2026-04-12 18:13:10,5000.00,13.30,5.85,14.10,8.38,17.10,14.20
2026-04-12 18:13:11,5000.00,13.20,5.80,14.10,8.35,17.00,14.30
2026-04-12 18:13:11,5000.00,13.40,5.86,14.10,8.37,16.90,14.20
2026-04-12 18:13:12,5000.00,13.20,5.91,14.10,8.35,16.90,14.30
2026-04-12 18:13:12,5000.00,13.30,5.87,14.10,8.20,17.00,14.30
2026-04-12 18:13:12,5000.00,13.40,5.86,14.10,8.39,16.80,14.20
2026-04-12 18:13:13,5000.00,13.20,5.89,14.10,8.39,17.10,14.30
2026-04-12 18:13:13,5000.00,13.30,5.89,14.10,8.61,16.90,14.20
2026-04-12 18:13:13,5000.00,13.20,5.85,14.10,8.23,17.00,14.30
2026-04-12 18:13:14,5000.00,13.30,5.84,14.10,8.36,17.10,14.30
2026-04-12 18:13:14,5000.00,13.20,5.92,14.10,8.50,17.00,14.20
2026-04-12 18:13:14,5000.00,13.20,5.92,14.10,8.42,17.00,14.30
2026-04-12 18:13:15,5000.00,13.30,5.88,14.10,8.49,17.00,14.30
2026-04-12 18:13:15,5000.00,13.30,5.78,14.10,7.98,16.90,14.30
2026-04-12 18:13:15,5000.00,13.40,5.72,14.10,8.00,16.70,14.20
2026-04-12 18:13:16,5000.00,13.30,5.81,14.10,7.74,16.80,14.30
2026-04-12 18:13:16,5000.00,13.40,5.75,14.10,7.74,16.80,14.30
2026-04-12 18:13:17,5000.00,13.30,5.75,14.10,7.79,16.80,14.40
2026-04-12 18:13:17,5000.00,13.30,5.78,14.10,7.83,16.90,14.40
2026-04-12 18:13:17,5000.00,13.40,5.81,14.10,8.34,16.50,14.30
2026-04-12 18:13:18,5000.00,13.30,5.94,14.10,8.45,16.90,14.20
2026-04-12 18:13:18,5000.00,13.20,5.92,14.10,8.65,16.90,14.20
2026-04-12 18:13:18,5000.00,13.20,5.95,14.10,8.52,17.10,14.20
2026-04-12 18:13:19,5000.00,13.20,5.93,14.10,8.64,17.10,14.30
2026-04-12 18:13:19,5000.00,13.30,5.87,14.10,8.66,16.80,14.20
2026-04-12 18:13:19,5000.00,13.20,5.92,14.10,8.40,16.90,14.30
2026-04-12 18:13:20,5000.00,13.30,5.88,14.10,8.40,17.20,14.30
2026-04-12 18:13:20,5000.00,13.30,5.87,14.10,8.58,16.70,14.20
2026-04-12 18:13:21,5000.00,13.20,5.91,14.10,8.47,17.00,14.20
2026-04-12 18:13:21,5000.00,13.30,5.90,14.10,8.23,17.10,14.30
2026-04-12 18:13:21,5000.00,13.30,5.85,14.10,8.28,17.00,14.30
2026-04-12 18:13:22,5000.00,13.30,5.89,14.10,8.39,17.00,14.20
2026-04-12 18:13:22,5000.00,13.20,5.87,14.10,8.38,16.90,14.20
2026-04-12 18:13:22,5000.00,13.30,5.81,14.10,8.16,16.70,14.30
2026-04-12 18:13:23,5000.00,13.30,5.82,14.10,8.00,16.40,14.20
2026-04-12 18:13:23,5000.00,13.30,5.82,14.10,8.31,17.00,14.30
2026-04-12 18:13:23,5000.00,13.30,5.74,14.10,8.21,17.00,14.30
2026-04-12 18:13:24,5000.00,13.40,5.84,14.10,8.40,16.90,14.30
2026-04-12 18:13:24,5000.00,13.20,5.86,14.10,8.44,17.10,14.20
2026-04-12 18:13:25,5000.00,13.20,5.99,14.10,8.52,17.20,14.30
2026-04-12 18:13:25,5000.00,13.30,5.80,14.10,8.44,17.00,14.30
2026-04-12 18:13:25,5000.00,13.30,5.95,14.10,8.42,17.00,14.20
2026-04-12 18:13:26,5000.00,13.20,5.85,14.10,8.58,17.00,14.30
2026-04-12 18:13:26,5000.00,13.30,5.92,14.10,8.41,17.10,14.20
2026-04-12 18:13:26,5000.00,13.20,6.00,14.10,8.56,17.00,14.30
2026-04-12 18:13:27,5000.00,13.30,5.91,14.10,8.52,17.10,14.20
2026-04-12 18:13:27,5000.00,13.20,5.95,14.10,8.40,16.90,14.30
2026-04-12 18:13:27,5000.00,13.30,5.93,14.10,8.36,16.90,14.30
2026-04-12 18:13:28,5000.00,13.30,5.91,14.10,8.42,17.00,14.30
2026-04-12 18:13:28,5000.00,13.30,5.82,14.10,8.43,17.10,14.30
2026-04-12 18:13:28,5000.00,13.30,5.82,14.10,8.18,16.80,14.30
2026-04-12 18:13:29,5000.00,13.40,5.70,14.10,8.17,16.80,14.40
2026-04-12 18:13:29,5000.00,13.40,5.82,14.10,8.36,16.60,14.30
2026-04-12 18:13:30,5000.00,13.30,5.92,14.10,8.42,16.70,14.20
2026-04-12 18:13:30,5000.00,13.20,5.99,14.10,8.65,17.00,14.20
2026-04-12 18:13:30,5000.00,13.20,5.97,14.10,8.57,16.70,14.30
2026-04-12 18:13:31,5000.00,13.30,5.95,14.10,8.52,17.10,14.20
2026-04-12 18:13:31,5000.00,13.20,5.90,14.10,8.42,17.00,14.30
2026-04-12 18:13:31,5000.00,13.30,5.92,14.10,8.67,16.90,14.20
2026-04-12 18:13:32,5000.00,13.20,5.93,14.10,8.52,17.10,14.20
2026-04-12 18:13:32,5000.00,13.30,5.91,14.10,8.39,17.00,14.30
2026-04-12 18:13:32,5000.00,13.30,5.90,14.10,8.27,17.00,14.30
2026-04-12 18:13:33,5000.00,13.40,5.83,14.10,8.35,16.70,14.20
2026-04-12 18:13:33,5000.00,13.20,5.91,14.10,8.36,17.10,14.30
2026-04-12 18:13:33,5000.00,13.30,5.91,14.10,8.40,17.00,14.20
2026-04-12 18:13:34,5000.00,13.20,5.89,14.10,8.38,16.80,14.20
2026-04-12 18:13:34,5000.00,13.30,5.82,14.10,8.47,16.70,14.20
2026-04-12 18:13:35,5000.00,13.20,5.75,14.10,8.37,17.10,14.30
2026-04-12 18:13:35,5000.00,13.30,5.90,14.10,8.40,16.80,14.20
2026-04-12 18:13:35,5000.00,13.20,5.97,14.10,8.47,16.90,14.30
2026-04-12 18:13:36,5000.00,13.30,5.93,14.10,8.41,16.90,14.30
2026-04-12 18:13:36,5000.00,13.30,5.83,14.10,8.44,17.10,14.30
2026-04-12 18:13:36,5000.00,13.30,5.84,14.10,8.55,16.90,14.20
2026-04-12 18:13:37,5000.00,13.20,5.92,14.10,8.34,16.70,14.20
2026-04-12 18:13:37,5000.00,13.20,5.90,14.10,8.38,17.10,14.30
2026-04-12 18:13:37,5000.00,13.30,5.90,14.10,8.31,17.10,14.30
2026-04-12 18:13:38,5000.00,13.30,5.88,14.10,8.36,17.00,14.30
2026-04-12 18:13:38,5000.00,13.30,5.83,14.10,8.42,17.10,14.20
2026-04-12 18:13:39,5000.00,13.20,5.92,14.10,8.34,17.10,14.30
2026-04-12 18:13:39,5000.00,13.30,5.92,14.10,8.39,16.90,14.20
2026-04-12 18:13:39,5000.00,13.20,5.87,14.10,8.53,17.10,14.20
2026-04-12 18:13:40,5000.00,13.30,5.84,14.10,8.17,16.80,14.30
2026-04-12 18:13:40,5000.00,13.30,5.76,14.10,8.17,16.90,14.40
2026-04-12 18:13:40,5000.00,13.40,5.86,14.10,8.27,17.10,14.30
2026-04-12 18:13:41,5000.00,13.40,5.85,14.10,8.56,17.10,14.20
2026-04-12 18:13:41,5000.00,13.20,5.88,14.10,8.66,17.00,14.20
2026-04-12 18:13:41,5000.00,13.20,5.94,14.10,8.40,17.00,14.30
2026-04-12 18:13:42,5000.00,13.30,5.83,14.10,8.42,17.10,14.30
2026-04-12 18:13:42,5000.00,13.30,5.88,14.10,8.35,17.20,14.30
2026-04-12 18:13:43,5000.00,13.30,5.94,14.10,8.43,16.90,14.20
2026-04-12 18:13:43,5000.00,13.20,5.95,14.10,8.39,17.10,14.30
2026-04-12 18:13:43,5000.00,13.30,5.89,14.10,8.65,16.90,14.20
2026-04-12 18:13:44,5000.00,13.20,5.94,14.10,8.46,17.00,14.30
2026-04-12 18:13:44,5000.00,13.30,5.82,14.10,8.36,16.90,14.30
2026-04-12 18:13:44,5000.00,13.40,5.77,14.10,8.24,17.00,14.30
2026-04-12 18:13:45,5000.00,13.40,5.81,14.10,8.46,17.00,14.20
2026-04-12 18:13:45,5000.00,13.20,5.84,14.10,8.26,17.00,14.30
2026-04-12 18:13:45,5000.00,13.40,5.75,14.10,8.07,16.90,14.30
2026-04-12 18:13:46,5000.00,13.40,5.87,14.10,8.43,16.90,14.20
2026-04-12 18:13:46,5000.00,13.20,5.91,14.10,8.36,17.10,14.30
2026-04-12 18:13:46,5000.00,13.30,5.88,14.10,8.15,16.90,14.40
2026-04-12 18:13:47,5000.00,13.40,5.82,14.10,8.34,17.10,14.20
2026-04-12 18:13:47,5000.00,13.30,5.92,14.10,8.38,16.90,14.20
2026-04-12 18:13:48,5000.00,13.20,5.93,14.10,8.40,17.10,14.30
2026-04-12 18:13:48,5000.00,13.30,5.90,14.10,8.56,17.00,14.20
2026-04-12 18:13:48,5000.00,13.20,5.93,14.10,8.52,17.20,14.30
2026-04-12 18:13:49,5000.00,13.30,5.97,14.10,8.44,17.10,14.30
2026-04-12 18:13:49,5000.00,13.30,5.88,14.10,8.38,17.00,14.30
2026-04-12 18:13:49,5000.00,13.30,5.86,14.10,8.40,16.80,14.20
2026-04-12 18:13:50,5000.00,13.20,5.91,14.10,8.66,17.10,14.20
2026-04-12 18:13:50,5000.00,13.20,5.98,14.10,8.37,17.10,14.30
2026-04-12 18:13:50,5000.00,13.30,5.91,14.10,8.43,16.80,14.30
2026-04-12 18:13:51,5000.00,13.30,5.80,14.10,8.02,16.90,14.30
2026-04-12 18:13:51,5000.00,13.40,5.74,14.10,8.15,17.10,14.40
2026-04-12 18:13:52,5000.00,13.40,5.82,14.10,8.44,17.00,14.20
2026-04-12 18:13:52,5000.00,13.20,5.96,14.10,8.73,16.90,14.20
2026-04-12 18:13:52,5000.00,13.20,5.89,14.10,8.42,17.20,14.30
2026-04-12 18:13:53,5000.00,13.30,5.92,14.10,8.49,17.00,14.20
2026-04-12 18:13:53,5000.00,13.20,5.89,14.10,8.60,17.10,14.30
2026-04-12 18:13:53,5000.00,13.30,5.93,14.10,8.69,17.10,14.20
2026-04-12 18:13:54,5000.00,13.20,5.93,14.10,8.30,17.10,14.20
2026-04-12 18:13:54,5000.00,13.30,5.89,14.10,8.28,17.00,14.30
2026-04-12 18:13:54,5000.00,13.30,5.88,14.10,8.37,16.60,14.20
2026-04-12 18:13:55,5000.00,13.20,5.92,14.10,8.36,17.10,14.30
2026-04-12 18:13:55,5000.00,13.30,5.91,14.10,8.39,17.00,14.20
2026-04-12 18:13:55,5000.00,13.20,5.96,14.10,8.46,17.00,14.30
2026-04-12 18:13:56,5000.00,13.30,5.91,14.10,8.34,17.00,14.30
2026-04-12 18:13:56,5000.00,13.30,5.82,14.10,8.13,16.80,14.30
2026-04-12 18:13:57,5000.00,13.30,5.73,14.10,8.45,17.00,14.20
2026-04-12 18:13:57,5000.00,13.20,5.95,14.10,8.51,16.70,14.20
2026-04-12 18:13:57,5000.00,13.20,5.90,14.10,8.70,17.00,14.20
2026-04-12 18:13:58,5000.00,13.20,5.94,14.10,8.36,17.00,14.30
2026-04-12 18:13:58,5000.00,13.30,5.86,14.10,8.41,16.90,14.20
2026-04-12 18:13:58,5000.00,13.20,5.89,14.10,8.62,16.50,14.20
2026-04-12 18:13:59,5000.00,13.20,5.92,14.10,8.44,17.10,14.20
2026-04-12 18:13:59,5000.00,13.20,5.92,14.10,8.34,17.10,14.30
2026-04-12 18:13:59,5000.00,13.30,5.84,14.10,8.32,17.00,14.30
2026-04-12 18:14:00,5000.00,13.30,5.88,14.10,8.39,17.00,14.30
2026-04-12 18:14:00,5000.00,13.30,5.84,14.10,8.18,16.90,14.30
2026-04-12 18:14:00,5000.00,13.40,5.83,14.10,8.41,16.90,14.20
2026-04-12 18:14:01,5000.00,13.20,5.92,14.10,8.35,16.50,14.20
2026-04-12 18:14:01,5000.00,13.20,5.89,14.10,8.40,17.10,14.30
2026-04-12 18:14:02,5000.00,13.30,5.77,14.10,8.07,16.90,14.30
2026-04-12 18:14:02,5000.00,13.40,5.82,14.10,8.10,16.80,14.30
2026-04-12 18:14:02,5000.00,13.40,5.70,14.10,7.96,16.70,14.40
2026-04-12 18:14:03,5000.00,13.40,5.75,14.10,8.38,16.60,14.20
2026-04-12 18:14:03,5000.00,13.30,5.90,14.10,8.36,17.00,14.20
2026-04-12 18:14:03,5000.00,13.20,5.94,14.10,8.40,16.90,14.20
2026-04-12 18:14:04,5000.00,13.20,5.95,14.10,8.47,17.10,14.30
2026-04-12 18:14:04,5000.00,13.30,5.87,14.10,8.41,16.90,14.20
2026-04-12 18:14:04,5000.00,13.20,5.93,14.10,8.40,17.10,14.30
2026-04-12 18:14:05,5000.00,13.30,5.86,14.10,8.35,17.10,14.30
2026-04-12 18:14:05,5000.00,13.30,5.91,14.10,8.37,17.10,14.30
2026-04-12 18:14:06,5000.00,13.30,5.76,14.10,8.17,16.80,14.40
2026-04-12 18:14:06,5000.00,13.40,5.87,14.10,8.52,16.90,14.20
2026-04-12 18:14:06,5000.00,13.20,5.93,14.10,8.59,17.10,14.20
2026-04-12 18:14:07,5000.00,13.20,5.98,14.10,8.59,17.00,14.20
2026-04-12 18:14:07,5000.00,13.20,5.92,14.10,8.62,16.90,14.20
2026-04-12 18:14:07,5000.00,13.20,5.91,14.10,8.37,16.40,14.20
2026-04-12 18:14:08,5000.00,13.20,5.74,14.10,8.40,17.00,14.30
2026-04-12 18:14:08,5000.00,13.30,5.87,14.10,8.63,16.80,14.20
2026-04-12 18:14:08,5000.00,13.20,5.88,14.10,8.44,16.90,14.30
2026-04-12 18:14:09,5000.00,13.30,5.86,14.10,8.38,16.80,14.20
2026-04-12 18:14:09,5000.00,13.20,5.89,14.10,8.32,16.90,14.30
2026-04-12 18:14:09,5000.00,13.30,5.90,14.10,8.43,17.10,14.30
2026-04-12 18:14:10,5000.00,13.30,5.89,14.10,8.38,17.10,14.30
2026-04-12 18:14:10,5000.00,13.30,5.89,14.10,8.42,17.00,14.20
2026-04-12 18:14:11,5000.00,13.20,5.90,14.10,8.54,16.80,14.20
2026-04-12 18:14:11,5000.00,13.20,5.90,14.10,8.68,16.50,14.20
2026-04-12 18:14:11,5000.00,13.20,5.92,14.10,8.65,17.00,14.20
2026-04-12 18:14:12,5000.00,13.30,5.86,14.10,8.33,17.10,14.30
2026-04-12 18:14:12,5000.00,13.30,5.92,14.10,8.44,16.70,14.20
2026-04-12 18:14:12,5000.00,13.20,6.00,14.10,8.55,17.20,14.30
2026-04-12 18:14:13,5000.00,13.30,5.86,14.10,8.51,16.90,14.20
2026-04-12 18:14:13,5000.00,13.20,5.73,14.10,8.22,17.00,14.30
2026-04-12 18:14:13,5000.00,13.30,5.70,14.10,8.22,17.00,14.30
2026-04-12 18:14:14,5000.00,13.30,5.84,14.10,8.37,17.00,14.20
2026-04-12 18:14:14,5000.00,13.20,5.87,14.10,8.42,16.80,14.20
2026-04-12 18:14:15,5000.00,13.20,5.86,14.10,8.33,17.00,14.30
2026-04-12 18:14:15,5000.00,13.30,5.95,14.10,8.55,17.00,14.20
2026-04-12 18:14:15,5000.00,13.20,5.98,14.10,8.65,17.00,14.20
2026-04-12 18:14:16,5000.00,13.20,5.96,14.10,8.54,17.00,14.30
2026-04-12 18:14:16,5000.00,13.30,5.93,14.10,8.64,16.70,14.20
2026-04-12 18:14:16,5000.00,13.20,5.93,14.10,8.69,16.90,14.20
2026-04-12 18:14:17,5000.00,13.20,6.01,14.10,8.64,17.00,14.20
2026-04-12 18:14:17,5000.00,13.20,5.90,14.10,8.50,16.90,14.30
2026-04-12 18:14:17,5000.00,13.30,5.96,14.10,8.82,16.80,14.20
2026-04-12 18:14:18,5000.00,13.20,5.94,14.10,8.50,16.90,14.30
2026-04-12 18:14:18,5000.00,13.30,5.88,14.10,8.39,17.00,14.30
2026-04-12 18:14:18,5000.00,13.30,5.88,14.10,8.40,17.00,14.20
2026-04-12 18:14:19,5000.00,13.20,5.81,14.10,8.20,16.80,14.30
2026-04-12 18:14:19,5000.00,13.30,5.77,14.10,8.15,16.90,14.30
2026-04-12 18:14:20,5000.00,13.40,5.79,14.10,8.36,17.10,14.20
2026-04-12 18:14:20,5000.00,13.20,5.89,14.10,8.59,17.00,14.20
2026-04-12 18:14:20,5000.00,13.20,5.95,14.10,8.42,17.20,14.20
2026-04-12 18:14:21,5000.00,13.30,5.87,14.10,8.50,16.80,14.20
2026-04-12 18:14:21,5000.00,13.20,5.95,14.10,8.53,16.70,14.20
2026-04-12 18:14:21,5000.00,13.20,5.98,14.10,8.53,16.80,14.20
2026-04-12 18:14:22,5000.00,13.30,5.91,14.10,8.40,17.10,14.30
2026-04-12 18:14:22,5000.00,13.30,5.85,14.10,8.48,17.00,14.20
2026-04-12 18:14:22,5000.00,13.20,6.00,14.10,8.39,17.20,14.30
2026-04-12 18:14:23,5000.00,13.30,5.91,14.10,8.39,17.10,14.30
2026-04-12 18:14:23,5000.00,13.30,5.98,14.10,8.37,17.00,14.30
2026-04-12 18:14:23,5000.00,13.30,5.83,14.10,8.33,17.20,14.30
2026-04-12 18:14:24,5000.00,13.30,5.87,14.10,8.44,16.90,14.20
2026-04-12 18:14:24,5000.00,13.20,5.91,14.10,8.30,16.90,14.30
2026-04-12 18:14:25,5000.00,13.30,5.80,14.10,8.04,17.10,14.30
2026-04-12 18:14:25,5000.00,13.40,5.86,14.10,8.49,16.90,14.20
2026-04-12 18:14:25,5000.00,13.20,5.95,14.10,8.33,17.10,14.30
2026-04-12 18:14:26,5000.00,13.30,5.82,14.10,8.28,16.80,14.30
2026-04-12 18:14:26,5000.00,13.30,5.84,14.10,8.47,17.00,14.20
2026-04-12 18:14:26,5000.00,13.20,5.88,14.10,8.40,16.70,14.30
2026-04-12 18:14:27,5000.00,13.30,5.92,14.10,8.51,17.00,14.20
2026-04-12 18:14:27,5000.00,13.20,5.95,14.10,8.41,16.90,14.30
2026-04-12 18:14:27,5000.00,13.30,5.89,14.10,8.33,17.20,14.30
2026-04-12 18:14:28,5000.00,13.30,5.94,14.10,8.30,17.20,14.30
2026-04-12 18:14:28,5000.00,13.30,5.84,14.10,8.28,16.90,14.30
2026-04-12 18:14:29,5000.00,13.30,5.85,14.10,8.31,16.70,14.20
2026-04-12 18:14:29,5000.00,13.20,5.90,14.10,8.50,16.90,14.20
2026-04-12 18:14:29,5000.00,13.20,5.93,14.10,8.56,17.00,14.20
2026-04-12 18:14:30,5000.00,13.20,5.85,14.10,8.07,17.00,14.20
2026-04-12 18:14:30,5000.00,13.30,5.82,14.10,8.50,16.70,14.20
2026-04-12 18:14:30,5000.00,13.20,5.82,14.10,8.33,16.70,14.30
2026-04-12 18:14:31,5000.00,13.30,5.85,14.10,8.07,17.00,14.30
2026-04-12 18:14:31,5000.00,13.40,5.89,14.10,8.27,16.60,14.20
2026-04-12 18:14:31,5000.00,13.20,5.88,14.10,8.53,16.80,14.20
2026-04-12 18:14:32,5000.00,13.20,5.97,14.10,8.43,16.90,14.30
2026-04-12 18:14:32,5000.00,13.30,5.89,14.10,8.41,17.20,14.30
2026-04-12 18:14:32,5000.00,13.30,5.85,14.10,8.34,17.20,14.30
2026-04-12 18:14:33,5000.00,13.30,5.90,14.10,8.36,16.90,14.20
2026-04-12 18:14:33,5000.00,13.20,5.91,14.10,8.36,16.90,14.30
2026-04-12 18:14:34,5000.00,13.30,5.93,14.10,8.41,16.80,14.20
2026-04-12 18:14:34,5000.00,13.20,5.93,14.10,8.78,16.90,14.20
2026-04-12 18:14:34,5000.00,13.20,5.90,14.10,8.39,16.70,14.30
2026-04-12 18:14:35,5000.00,13.30,5.93,14.10,8.35,17.10,14.30
2026-04-12 18:14:35,5000.00,13.30,5.88,14.10,8.32,17.10,14.30
2026-04-12 18:14:35,5000.00,13.30,5.80,14.10,7.92,17.00,14.30
2026-04-12 18:14:36,5000.00,13.40,5.65,14.10,8.04,16.90,14.40
2026-04-12 18:14:36,5000.00,13.40,5.87,14.10,8.36,16.90,14.20
2026-04-12 18:14:36,5000.00,13.20,5.91,14.10,8.37,17.00,14.20
2026-04-12 18:14:37,5000.00,13.20,5.94,14.10,8.37,17.00,14.30
2026-04-12 18:14:37,5000.00,13.30,5.91,14.10,8.42,17.00,14.20
2026-04-12 18:14:38,5000.00,13.20,5.96,14.10,8.33,17.00,14.30
2026-04-12 18:14:38,5000.00,13.30,5.93,14.10,8.40,17.10,14.30
2026-04-12 18:14:38,5000.00,13.30,5.88,14.10,8.35,16.80,14.20
2026-04-12 18:14:39,5000.00,13.20,5.89,14.10,8.42,16.90,14.30
2026-04-12 18:14:39,5000.00,13.30,5.92,14.10,8.47,17.10,14.20
2026-04-12 18:14:39,5000.00,13.20,5.90,14.10,8.50,17.20,14.30
2026-04-12 18:14:40,5000.00,13.30,5.87,14.10,8.36,17.10,14.30
2026-04-12 18:14:40,5000.00,13.30,5.87,14.10,8.36,17.20,14.30
2026-04-12 18:14:40,5000.00,13.30,5.83,14.10,8.58,16.90,14.20
2026-04-12 18:14:41,5000.00,13.20,5.86,14.10,8.18,16.80,14.30
2026-04-12 18:14:41,5000.00,13.30,5.75,14.10,7.86,16.90,14.30
2026-04-12 18:14:41,5000.00,13.40,5.78,14.10,8.36,16.90,14.20
2026-04-12 18:14:42,5000.00,13.20,5.88,14.10,8.47,17.10,14.30
2026-04-12 18:14:42,5000.00,13.30,5.95,14.10,8.33,17.10,14.20
2026-04-12 18:14:43,5000.00,13.20,5.90,14.10,8.29,17.20,14.30
2026-04-12 18:14:43,5000.00,13.30,5.86,14.10,8.55,17.00,14.20
2026-04-12 18:14:43,5000.00,13.20,5.86,14.10,8.34,17.10,14.30
2026-04-12 18:14:44,5000.00,13.30,5.83,14.10,8.48,17.00,14.30
2026-04-12 18:14:44,5000.00,13.30,5.89,14.10,8.48,17.00,14.20
2026-04-12 18:14:44,5000.00,13.20,5.89,14.10,8.51,17.00,14.20
2026-04-12 18:14:45,5000.00,13.30,5.92,14.10,8.42,17.10,14.30
2026-04-12 18:14:45,5000.00,13.30,5.84,14.10,8.52,17.00,14.20
2026-04-12 18:14:45,5000.00,13.20,5.92,14.10,8.60,16.90,14.20
2026-04-12 18:14:46,5000.00,13.20,5.91,14.10,8.56,17.10,14.30
2026-04-12 18:14:46,5000.00,13.30,5.89,14.10,8.36,17.10,14.30
2026-04-12 18:14:47,5000.00,13.30,5.77,14.10,8.35,16.90,14.20
2026-04-12 18:14:47,5000.00,13.30,5.70,14.10,8.32,17.10,14.30
2026-04-12 18:14:47,5000.00,13.30,5.88,14.10,8.31,16.90,14.20
2026-04-12 18:14:48,5000.00,13.20,5.92,14.10,8.34,17.00,14.30
2026-04-12 18:14:48,5000.00,13.30,5.95,14.10,8.44,17.00,14.20
2026-04-12 18:14:48,5000.00,13.20,5.95,14.10,8.59,16.90,14.20
2026-04-12 18:14:49,5000.00,13.20,5.99,14.10,8.52,17.10,14.20
2026-04-12 18:14:49,5000.00,13.30,5.84,14.10,8.39,17.00,14.30
2026-04-12 18:14:49,5000.00,13.30,5.94,14.10,8.52,16.90,14.20
2026-04-12 18:14:50,5000.00,13.20,5.88,14.10,8.45,17.10,14.30
2026-04-12 18:14:50,5000.00,13.30,5.86,14.10,8.44,17.10,14.30
2026-04-12 18:14:50,5000.00,13.30,5.83,14.10,8.28,16.90,14.30
2026-04-12 18:14:51,5000.00,13.30,5.83,14.10,8.35,16.90,14.20
2026-04-12 18:14:51,5000.00,13.20,5.90,14.10,8.38,17.00,14.30
2026-04-12 18:14:52,5000.00,13.30,5.85,14.10,8.40,17.10,14.30
2026-04-12 18:14:52,5000.00,13.30,5.76,14.10,8.35,17.10,14.30
2026-04-12 18:14:52,5000.00,13.30,5.70,14.10,8.20,16.60,14.30
2026-04-12 18:14:53,5000.00,13.30,5.93,14.10,8.30,16.80,14.30
2026-04-12 18:14:53,5000.00,13.30,5.86,14.10,8.46,16.80,14.20
2026-04-12 18:14:53,5000.00,13.20,5.91,14.10,8.44,17.20,14.30
2026-04-12 18:14:54,5000.00,13.30,5.91,14.10,8.37,17.00,14.30
2026-04-12 18:14:54,5000.00,13.30,5.81,14.10,8.45,17.00,14.30
2026-04-12 18:14:54,5000.00,13.30,5.83,14.10,8.47,17.00,14.20
2026-04-12 18:14:55,5000.00,13.20,5.97,14.10,8.43,17.10,14.30
2026-04-12 18:14:55,5000.00,13.30,5.92,14.10,8.56,17.10,14.30
2026-04-12 18:14:56,5000.00,13.30,5.88,14.10,8.43,16.90,14.20
2026-04-12 18:14:56,5000.00,13.20,5.88,14.10,8.41,16.90,14.30
2026-04-12 18:14:56,5000.00,13.30,5.85,14.10,8.36,17.10,14.30
2026-04-12 18:14:57,5000.00,13.30,5.82,14.10,8.34,17.10,14.30
2026-04-12 18:14:57,5000.00,13.30,5.89,14.10,8.37,17.10,14.30
2026-04-12 18:14:57,5000.00,13.30,5.83,14.10,8.15,16.70,14.20
2026-04-12 18:14:58,5000.00,13.20,5.66,14.00,7.83,16.80,14.20
2026-04-12 18:14:58,5000.00,13.30,5.60,14.00,7.96,16.90,14.30
2026-04-12 18:14:58,5000.00,13.30,5.70,14.00,8.20,16.80,14.10
2026-04-12 18:14:59,5000.00,13.10,5.76,14.00,8.11,16.90,14.20
2026-04-12 18:14:59,5000.00,13.30,5.75,14.00,8.12,16.50,14.10
2026-04-12 18:15:00,5000.00,13.10,5.79,14.00,8.06,16.90,14.20
2026-04-12 18:15:00,5000.00,13.20,5.77,14.00,8.09,17.00,14.20
2026-04-12 18:15:00,5000.00,13.20,5.73,14.00,8.07,17.10,14.20
2026-04-12 18:15:01,5000.00,13.20,5.74,14.00,8.03,16.70,14.20
2026-04-12 18:15:01,5000.00,13.20,5.72,14.00,8.12,16.90,14.20
2026-04-12 18:15:01,5000.00,13.20,5.67,14.00,7.82,17.00,14.20
2026-04-12 18:15:02,10000.00,13.20,5.71,13.90,8.14,16.60,14.10
2026-04-12 18:15:02,10000.00,9.64,5.79,13.90,8.06,16.90,14.10
2026-04-12 18:15:02,10000.00,13.20,5.76,13.90,8.07,17.00,14.20
2026-04-12 18:15:03,10000.00,13.20,5.74,13.90,8.08,17.10,14.20
2026-04-12 18:15:03,10000.00,13.20,5.66,14.00,7.95,16.80,14.20
2026-04-12 18:15:04,10000.00,13.20,5.65,14.00,8.00,16.70,14.20
2026-04-12 18:15:04,10000.00,13.30,5.69,13.90,8.28,16.80,14.10
2026-04-12 18:15:04,10000.00,13.10,5.82,13.90,8.23,16.90,14.20
2026-04-12 18:15:05,10000.00,13.20,5.75,13.90,8.02,17.00,14.20
2026-04-12 18:15:05,10000.00,13.20,5.75,13.90,8.13,16.90,14.20
2026-04-12 18:15:05,10000.00,13.20,5.76,14.00,8.05,16.90,14.20
2026-04-12 18:15:06,10000.00,13.20,5.73,13.90,8.15,16.80,14.10
2026-04-12 18:15:06,10000.00,13.10,5.78,13.90,8.11,16.90,14.10
2026-04-12 18:15:06,10000.00,13.20,5.76,13.90,8.07,16.90,14.20
2026-04-12 18:15:07,10000.00,13.20,5.76,13.90,8.22,17.10,14.10
2026-04-12 18:15:07,10000.00,13.10,5.81,13.90,8.06,16.90,14.20
2026-04-12 18:15:08,10000.00,13.20,5.74,13.90,8.25,16.80,14.10
2026-04-12 18:15:08,10000.00,13.10,5.77,13.90,8.08,16.70,14.20
2026-04-12 18:15:08,10000.00,13.20,5.75,13.90,8.13,17.00,14.20
2026-04-12 18:15:09,10000.00,13.20,5.69,13.90,8.06,16.80,14.20
2026-04-12 18:15:09,10000.00,13.20,5.62,13.90,8.18,16.80,14.10
2026-04-12 18:15:09,10000.00,13.10,5.78,13.90,8.11,16.70,14.10
2026-04-12 18:15:10,10000.00,13.20,5.72,13.90,8.10,16.90,14.10
2026-04-12 18:15:10,10000.00,13.20,5.77,13.90,8.10,16.90,14.20
2026-04-12 18:15:10,10000.00,13.20,5.68,13.90,8.15,17.00,14.10
2026-04-12 18:15:11,10000.00,13.20,5.76,13.90,8.02,16.90,14.20
2026-04-12 18:15:11,10000.00,13.20,5.77,13.90,8.44,16.80,14.10
2026-04-12 18:15:11,10000.00,13.10,5.78,13.90,8.17,16.90,14.10
2026-04-12 18:15:12,10000.00,13.20,5.66,13.90,8.04,16.80,14.20
2026-04-12 18:15:12,10000.00,13.20,5.72,13.90,8.21,17.00,14.20
2026-04-12 18:15:13,10000.00,13.20,5.75,13.90,8.27,17.00,14.10
2026-04-12 18:15:13,10000.00,13.10,5.74,13.90,8.24,16.90,14.20
2026-04-12 18:15:13,10000.00,13.20,5.78,13.90,8.24,16.70,14.10
2026-04-12 18:15:14,10000.00,13.10,5.79,13.90,8.46,16.90,14.10
2026-04-12 18:15:14,10000.00,13.20,5.69,13.90,7.96,16.70,14.20
2026-04-12 18:15:14,10000.00,13.30,5.63,13.90,8.03,16.90,14.20
2026-04-12 18:15:15,10000.00,13.20,5.69,13.90,8.07,17.00,14.20
2026-04-12 18:15:15,10000.00,13.20,5.73,13.90,8.13,16.90,14.10
2026-04-12 18:15:15,10000.00,13.10,5.76,13.90,8.41,16.90,14.10
2026-04-12 18:15:16,10000.00,13.10,5.81,13.90,8.32,16.90,14.10
2026-04-12 18:15:16,10000.00,13.20,5.72,13.90,8.12,17.00,14.10
2026-04-12 18:15:17,10000.00,13.20,5.79,13.90,8.15,17.00,14.10
2026-04-12 18:15:17,10000.00,13.20,5.70,13.90,8.09,17.00,14.20
2026-04-12 18:15:17,10000.00,13.20,5.75,13.90,8.06,17.00,14.10
2026-04-12 18:15:18,10000.00,13.20,5.78,13.90,8.11,17.00,14.20
2026-04-12 18:15:18,10000.00,13.20,5.79,13.90,8.13,16.90,14.20
2026-04-12 18:15:18,10000.00,13.20,5.74,13.90,8.03,17.00,14.20
2026-04-12 18:15:19,10000.00,13.20,5.75,13.90,8.09,17.00,14.20
2026-04-12 18:15:19,10000.00,13.20,5.72,13.90,8.07,17.00,14.20
2026-04-12 18:15:19,10000.00,13.20,5.68,14.00,8.04,16.80,14.20
2026-04-12 18:15:20,10000.00,13.30,5.66,13.90,8.18,16.90,14.20
2026-04-12 18:15:20,10000.00,13.20,5.74,13.90,8.26,16.90,14.10
2026-04-12 18:15:21,10000.00,13.10,5.74,13.90,8.19,17.00,14.10
2026-04-12 18:15:21,10000.00,13.20,5.72,13.90,8.15,16.90,14.20
2026-04-12 18:15:21,10000.00,13.20,5.77,13.90,8.07,16.90,14.20
2026-04-12 18:15:22,10000.00,13.20,5.71,13.90,8.06,17.00,14.20
2026-04-12 18:15:22,10000.00,13.20,5.76,13.90,8.09,17.00,14.20
2026-04-12 18:15:22,10000.00,13.20,5.77,13.90,8.13,16.90,14.20
2026-04-12 18:15:23,10000.00,13.20,5.79,13.90,8.03,17.00,14.20
2026-04-12 18:15:23,10000.00,13.20,5.77,13.90,8.10,17.00,14.20
2026-04-12 18:15:23,10000.00,13.20,5.61,13.90,8.04,16.70,14.20
2026-04-12 18:15:24,10000.00,13.20,5.74,13.90,8.24,16.90,14.10
2026-04-12 18:15:24,10000.00,13.10,5.75,13.90,8.09,17.00,14.10
2026-04-12 18:15:25,10000.00,13.20,5.63,13.90,8.02,16.90,14.20
2026-04-12 18:15:25,10000.00,13.30,5.79,13.90,7.93,16.70,14.20
2026-04-12 18:15:25,10000.00,13.30,5.72,13.90,8.27,16.90,14.10
2026-04-12 18:15:26,10000.00,13.10,5.80,13.90,8.21,16.90,14.10
2026-04-12 18:15:26,10000.00,13.20,5.74,13.90,8.05,17.00,14.20
2026-04-12 18:15:26,10000.00,13.20,5.74,13.90,8.18,17.00,14.20
2026-04-12 18:15:27,10000.00,13.20,5.79,13.90,8.11,16.70,14.20
2026-04-12 18:15:27,10000.00,13.20,5.71,13.90,8.03,16.90,14.20
2026-04-12 18:15:27,10000.00,13.20,5.74,13.90,8.05,16.90,14.20
2026-04-12 18:15:28,10000.00,13.20,5.72,13.90,8.05,16.80,14.20
2026-04-12 18:15:28,10000.00,13.20,5.75,13.90,8.36,17.00,14.10
2026-04-12 18:15:29,10000.00,13.10,5.75,13.90,8.19,17.00,14.10
2026-04-12 18:15:29,10000.00,13.20,5.66,13.90,8.26,16.90,14.10
2026-04-12 18:15:29,10000.00,13.20,5.77,13.90,8.05,17.00,14.20
2026-04-12 18:15:30,10000.00,13.20,5.74,13.90,8.03,16.80,14.20
2026-04-12 18:15:30,10000.00,13.30,5.70,13.90,8.21,16.80,14.10
2026-04-12 18:15:30,10000.00,13.20,5.53,13.90,8.29,16.90,14.20
2026-04-12 18:15:31,10000.00,13.20,5.75,13.90,8.07,16.90,14.20
2026-04-12 18:15:31,10000.00,13.20,5.81,13.90,8.09,16.90,14.20
2026-04-12 18:15:31,10000.00,13.20,5.73,13.90,8.10,16.80,14.20
2026-04-12 18:15:32,10000.00,13.30,5.77,13.90,8.05,16.90,14.20
2026-04-12 18:15:32,10000.00,13.30,5.67,13.90,8.25,16.90,14.10
2026-04-12 18:15:33,10000.00,13.10,5.78,13.90,8.34,17.00,14.10
2026-04-12 18:15:33,10000.00,13.10,5.84,13.90,8.04,17.10,14.10
2026-04-12 18:15:33,10000.00,13.20,5.83,13.90,8.25,17.00,14.10
2026-04-12 18:15:34,10000.00,13.20,5.80,13.90,8.24,16.70,14.10
2026-04-12 18:15:34,10000.00,13.10,5.82,13.90,8.03,17.10,14.10
2026-04-12 18:15:34,10000.00,13.20,5.79,13.90,8.29,16.50,14.10
2026-04-12 18:15:35,10000.00,13.10,5.81,13.90,8.18,17.00,14.10
2026-04-12 18:15:35,10000.00,13.20,5.80,13.90,8.05,16.80,14.10
2026-04-12 18:15:35,10000.00,13.20,5.65,13.90,8.09,16.80,14.10
2026-04-12 18:15:36,10000.00,13.30,5.68,13.90,7.95,16.80,14.20
2026-04-12 18:15:36,10000.00,13.30,5.73,13.90,8.12,16.90,14.10
2026-04-12 18:15:37,10000.00,13.10,5.72,13.90,8.04,16.80,14.10
2026-04-12 18:15:37,10000.00,13.20,5.78,13.90,8.25,16.80,14.10
2026-04-12 18:15:37,10000.00,13.10,5.79,13.90,8.12,16.80,14.10
2026-04-12 18:15:38,10000.00,13.20,5.85,13.90,8.15,17.10,14.10
2026-04-12 18:15:38,10000.00,13.20,5.68,13.90,8.34,16.80,14.10
2026-04-12 18:15:38,10000.00,13.10,5.82,13.90,8.17,16.90,14.10
2026-04-12 18:15:39,10000.00,13.20,5.78,13.90,8.30,17.00,14.10
2026-04-12 18:15:39,10000.00,13.20,5.78,13.90,8.21,16.90,14.10
2026-04-12 18:15:39,10000.00,13.20,5.80,13.90,8.14,17.00,14.10
2026-04-12 18:15:40,10000.00,13.20,5.75,13.90,8.05,16.90,14.10
2026-04-12 18:15:40,10000.00,13.20,5.75,13.90,8.07,17.00,14.20
2026-04-12 18:15:41,10000.00,13.20,5.73,13.90,8.04,17.00,14.20
2026-04-12 18:15:41,10000.00,13.20,5.62,13.90,7.99,16.80,14.10
2026-04-12 18:15:41,10000.00,13.20,5.69,13.90,7.89,16.70,14.10
2026-04-12 18:15:42,10000.00,13.30,5.63,13.90,7.93,16.80,14.20
2026-04-12 18:15:42,10000.00,13.30,5.74,13.90,8.08,17.00,14.10
2026-04-12 18:15:42,10000.00,13.20,5.74,13.90,8.05,16.90,14.10
2026-04-12 18:15:43,10000.00,13.10,5.83,13.90,8.15,17.00,14.10
2026-04-12 18:15:43,10000.00,13.20,5.81,13.90,8.16,17.00,14.10
2026-04-12 18:15:43,10000.00,13.20,5.74,13.90,8.09,17.00,14.20
2026-04-12 18:15:44,10000.00,13.20,5.76,13.90,8.12,17.10,14.20
2026-04-12 18:15:44,10000.00,13.20,5.79,13.90,8.06,17.00,14.10
2026-04-12 18:15:45,10000.00,13.20,5.77,13.90,8.14,17.00,14.20
2026-04-12 18:15:45,10000.00,13.20,5.78,13.90,8.22,16.60,14.10
2026-04-12 18:15:45,10000.00,13.10,5.77,13.90,8.27,16.90,14.10
2026-04-12 18:15:46,10000.00,13.20,5.75,13.90,8.28,16.90,14.10
2026-04-12 18:15:46,10000.00,13.10,5.82,13.90,8.36,17.00,14.10
2026-04-12 18:15:46,10000.00,13.20,5.83,13.90,8.30,17.00,14.00
2026-04-12 18:15:47,10000.00,13.10,5.74,13.90,8.18,16.90,14.10
2026-04-12 18:15:47,10000.00,13.20,5.67,13.90,8.15,16.90,14.20
2026-04-12 18:15:47,10000.00,13.20,5.76,13.90,8.32,16.50,14.10
2026-04-12 18:15:48,10000.00,13.10,5.81,13.90,8.14,17.00,14.10
2026-04-12 18:15:48,10000.00,13.20,5.83,13.90,8.04,17.00,14.10
2026-04-12 18:15:48,10000.00,13.20,5.73,13.90,8.06,16.90,14.10
2026-04-12 18:15:49,10000.00,13.20,5.80,13.90,8.05,16.50,14.10
2026-04-12 18:15:49,10000.00,13.10,5.76,13.90,8.26,17.00,14.10
2026-04-12 18:15:50,10000.00,13.20,5.74,13.90,8.04,16.90,14.10
2026-04-12 18:15:50,10000.00,13.20,5.75,13.90,8.09,17.10,14.10
2026-04-12 18:15:50,10000.00,13.20,5.75,13.90,8.11,17.00,14.10
2026-04-12 18:15:51,10000.00,13.20,5.78,13.90,8.08,17.00,14.10
2026-04-12 18:15:51,10000.00,13.20,5.65,13.90,8.05,17.00,14.20
2026-04-12 18:15:51,10000.00,13.30,5.69,13.90,8.19,16.90,14.10
2026-04-12 18:15:52,10000.00,13.10,5.68,13.90,8.09,16.80,14.20
2026-04-12 18:15:52,10000.00,13.20,5.57,13.90,7.84,16.60,14.10
2026-04-12 18:15:53,10000.00,13.20,5.65,13.90,7.96,16.70,14.20
2026-04-12 18:15:53,10000.00,13.30,5.61,13.90,7.90,16.60,14.10
2026-04-12 18:15:53,10000.00,13.20,5.72,13.90,8.08,16.80,14.20
2026-04-12 18:15:54,10000.00,13.20,5.71,13.90,8.12,17.00,14.10
2026-04-12 18:15:54,10000.00,13.10,5.81,13.90,8.08,16.90,14.10
2026-04-12 18:15:54,10000.00,13.20,5.79,13.90,8.06,16.90,14.10
2026-04-12 18:15:55,10000.00,13.20,5.73,13.90,8.25,17.20,14.10
2026-04-12 18:15:55,10000.00,13.20,5.67,13.90,8.20,16.90,14.10
2026-04-12 18:15:55,10000.00,13.20,5.79,13.90,8.34,16.90,14.10
2026-04-12 18:15:56,10000.00,13.10,5.82,13.90,8.26,17.00,14.10
2026-04-12 18:15:56,10000.00,13.20,5.82,13.90,8.26,16.90,14.00
2026-04-12 18:15:56,10000.00,13.10,5.77,13.90,8.11,16.90,14.10
2026-04-12 18:15:57,10000.00,13.20,5.84,13.90,8.26,17.00,14.10
2026-04-12 18:15:57,10000.00,13.20,5.76,13.90,8.23,17.10,14.10
2026-04-12 18:15:58,10000.00,13.20,5.71,13.90,7.86,16.80,14.20
2026-04-12 18:15:58,10000.00,13.30,5.60,13.90,7.60,16.60,14.10
2026-04-12 18:15:58,10000.00,13.20,5.66,13.90,7.88,16.90,14.20
2026-04-12 18:15:59,10000.00,13.30,5.74,13.90,8.09,16.80,14.10
2026-04-12 18:15:59,10000.00,13.10,5.77,13.90,8.09,16.90,14.10
2026-04-12 18:15:59,10000.00,13.20,5.75,13.90,8.04,16.70,14.10
2026-04-12 18:16:00,10000.00,13.20,5.75,13.90,8.10,17.10,14.10
2026-04-12 18:16:00,10000.00,13.20,5.67,13.90,8.31,17.00,14.10
2026-04-12 18:16:00,10000.00,13.10,5.77,13.90,8.23,16.90,14.10
2026-04-12 18:16:01,10000.00,13.20,5.78,13.90,8.12,16.80,14.10
2026-04-12 18:16:01,10000.00,13.20,5.78,13.90,8.10,17.10,14.10
2026-04-12 18:16:02,10000.00,13.20,5.72,13.90,8.29,16.80,14.00
2026-04-12 18:16:02,10000.00,13.10,5.82,13.90,8.12,17.00,14.10
2026-04-12 18:16:02,10000.00,13.20,5.80,13.90,8.19,17.10,14.10
2026-04-12 18:16:03,10000.00,13.20,5.80,13.90,8.05,17.10,14.10
2026-04-12 18:16:03,10000.00,13.20,5.77,13.90,8.03,17.10,14.10
2026-04-12 18:16:03,10000.00,13.20,5.69,13.90,8.02,16.90,14.20
2026-04-12 18:16:04,10000.00,13.30,5.71,13.90,8.09,17.00,14.10
2026-04-12 18:16:04,10000.00,13.10,5.67,13.90,8.25,17.00,14.20
2026-04-12 18:16:04,10000.00,13.20,5.74,13.90,8.03,16.60,14.20
2026-04-12 18:16:05,10000.00,13.20,5.77,13.90,8.04,17.00,14.10
2026-04-12 18:16:05,10000.00,13.20,5.73,13.90,8.24,17.00,14.10
2026-04-12 18:16:06,10000.00,13.10,5.81,13.90,8.26,17.00,14.10
2026-04-12 18:16:06,10000.00,13.20,5.78,13.90,8.33,16.80,14.00
2026-04-12 18:16:06,10000.00,13.10,5.82,13.90,8.19,17.00,14.10
2026-04-12 18:16:07,10000.00,13.20,5.76,13.90,8.09,16.80,14.20
2026-04-12 18:16:07,10000.00,13.20,5.74,13.90,8.09,16.90,14.10
2026-04-12 18:16:07,10000.00,13.20,5.78,13.90,8.09,16.70,14.10
2026-04-12 18:16:08,10000.00,13.20,5.72,13.90,8.12,17.00,14.10
2026-04-12 18:16:08,10000.00,13.20,5.75,13.90,8.05,17.00,14.20
2026-04-12 18:16:08,10000.00,13.20,5.62,13.90,8.02,16.80,14.10
2026-04-12 18:16:09,10000.00,13.20,5.63,13.90,7.94,16.80,14.20
2026-04-12 18:16:09,10000.00,13.30,5.73,13.90,8.03,16.80,14.10
2026-04-12 18:16:10,10000.00,13.10,5.80,13.90,8.02,17.00,14.10
2026-04-12 18:16:10,10000.00,13.20,5.79,13.90,8.24,16.80,14.00
2026-04-12 18:16:10,10000.00,13.10,5.82,13.90,8.35,16.80,14.10
2026-04-12 18:16:11,10000.00,13.20,5.79,13.90,8.07,17.00,14.10
2026-04-12 18:16:11,10000.00,13.20,5.75,13.90,8.14,17.10,14.10
2026-04-12 18:16:11,10000.00,13.20,5.71,13.90,8.03,16.90,14.10
2026-04-12 18:16:12,10000.00,13.20,5.72,13.90,8.18,16.90,14.00
2026-04-12 18:16:12,10000.00,13.10,5.82,13.90,8.12,16.80,14.10
2026-04-12 18:16:12,10000.00,13.20,5.80,13.90,8.13,17.00,14.10
2026-04-12 18:16:13,10000.00,13.20,5.81,13.90,8.16,16.90,14.10
2026-04-12 18:16:13,10000.00,13.20,5.79,13.90,8.06,16.90,14.10
2026-04-12 18:16:14,10000.00,13.20,5.78,13.90,8.12,17.10,14.10
2026-04-12 18:16:14,10000.00,13.30,5.65,13.90,8.03,16.90,14.20
2026-04-12 18:16:14,10000.00,13.30,5.73,13.90,8.11,16.80,14.10
2026-04-12 18:16:15,10000.00,13.10,5.78,13.90,7.99,16.80,14.10
2026-04-12 18:16:15,10000.00,13.20,5.77,13.90,8.05,16.90,14.10
2026-04-12 18:16:15,10000.00,13.20,5.67,13.90,8.06,17.00,14.10
2026-04-12 18:16:16,10000.00,13.20,5.80,13.90,8.30,17.00,14.00
2026-04-12 18:16:16,10000.00,13.10,5.71,13.90,8.08,17.00,14.10
2026-04-12 18:16:16,10000.00,13.20,5.73,13.90,8.24,17.00,14.10
2026-04-12 18:16:17,10000.00,13.20,5.79,13.90,8.10,16.80,14.10
2026-04-12 18:16:17,10000.00,13.20,5.71,13.90,8.04,17.00,14.10
2026-04-12 18:16:18,10000.00,13.20,5.77,13.90,8.12,16.70,14.10
2026-04-12 18:16:18,10000.00,13.20,5.74,13.90,8.16,16.90,14.10
2026-04-12 18:16:18,10000.00,13.20,5.73,13.90,8.28,16.80,14.00
2026-04-12 18:16:19,10000.00,13.10,5.85,13.90,8.11,17.20,14.10
2026-04-12 18:16:19,10000.00,13.20,5.70,13.90,8.16,16.70,14.00
2026-04-12 18:16:19,10000.00,13.10,5.72,13.90,7.93,16.80,14.10
2026-04-12 18:16:20,10000.00,13.20,5.60,13.90,8.01,16.90,14.20
2026-04-12 18:16:20,10000.00,13.30,5.74,13.90,8.05,17.10,14.20
2026-04-12 18:16:20,10000.00,13.30,5.77,13.90,8.27,16.90,14.10
2026-04-12 18:16:21,10000.00,13.10,5.76,13.90,8.03,17.00,14.10
2026-04-12 18:16:21,10000.00,13.20,5.79,13.90,8.19,17.10,14.10
2026-04-12 18:16:22,10000.00,13.20,5.77,13.90,8.08,16.80,14.10
2026-04-12 18:16:22,10000.00,13.20,5.74,13.90,8.17,16.90,14.10
2026-04-12 18:16:22,10000.00,13.20,5.77,13.90,8.31,17.10,14.00
2026-04-12 18:16:23,10000.00,13.10,5.82,13.90,8.11,17.00,14.10
2026-04-12 18:16:23,10000.00,13.20,5.81,13.90,8.08,16.90,14.10
2026-04-12 18:16:23,10000.00,13.20,5.74,13.90,8.37,16.90,14.00
2026-04-12 18:16:24,10000.00,13.10,5.84,13.90,8.09,16.90,14.10
2026-04-12 18:16:24,10000.00,13.20,5.80,13.90,8.09,16.90,14.10
2026-04-12 18:16:24,10000.00,13.20,5.75,13.90,7.99,16.90,14.10
2026-04-12 18:16:25,10000.00,13.20,5.67,13.90,8.04,16.90,14.10
2026-04-12 18:16:25,10000.00,13.20,5.63,13.90,7.99,16.90,14.20
2026-04-12 18:16:26,10000.00,13.30,5.71,13.90,8.08,17.00,14.10
2026-04-12 18:16:26,10000.00,13.10,5.78,13.90,8.09,17.00,14.10
2026-04-12 18:16:26,10000.00,13.20,5.75,13.90,8.13,16.90,14.10
2026-04-12 18:16:27,10000.00,13.20,5.79,13.90,8.48,16.60,14.00
2026-04-12 18:16:27,10000.00,13.10,5.79,13.90,8.13,17.10,14.10
2026-04-12 18:16:27,10000.00,13.20,5.81,13.90,8.08,17.10,14.10
2026-04-12 18:16:28,10000.00,13.20,5.62,13.90,8.03,17.00,14.20
2026-04-12 18:16:28,10000.00,13.20,5.77,13.90,8.30,17.10,14.10
2026-04-12 18:16:28,10000.00,13.10,5.73,13.90,8.07,17.00,14.10
2026-04-12 18:16:29,10000.00,13.20,5.78,13.90,8.23,17.00,14.10
2026-04-12 18:16:29,10000.00,13.20,5.78,13.90,8.01,16.90,14.10
2026-04-12 18:16:30,10000.00,13.20,5.77,13.90,8.09,17.00,14.10
2026-04-12 18:16:30,10000.00,13.30,5.73,13.90,8.02,16.90,14.10
2026-04-12 18:16:30,10000.00,13.20,5.67,13.90,7.96,16.90,14.10
2026-04-12 18:16:31,10000.00,13.30,5.69,13.90,8.10,17.00,14.10
2026-04-12 18:16:31,10000.00,13.30,5.63,13.90,7.91,17.00,14.20
2026-04-12 18:16:31,10000.00,13.30,5.69,13.90,8.15,17.00,14.10
2026-04-12 18:16:32,10000.00,13.20,5.78,13.90,8.26,17.00,14.00
2026-04-12 18:16:32,10000.00,13.10,5.80,13.90,8.13,16.60,14.10
2026-04-12 18:16:32,10000.00,13.20,5.73,13.90,8.14,17.10,14.10
2026-04-12 18:16:33,10000.00,13.20,5.70,13.90,8.13,16.90,14.20
2026-04-12 18:16:33,10000.00,13.30,5.72,13.90,8.04,16.90,14.10
2026-04-12 18:16:34,10000.00,13.20,5.74,13.90,8.03,17.10,14.10
2026-04-12 18:16:34,10000.00,13.30,5.75,13.90,8.40,16.80,14.00
2026-04-12 18:16:34,10000.00,13.10,5.83,13.90,8.18,17.00,14.10
2026-04-12 18:16:35,10000.00,13.20,5.74,13.90,8.09,17.20,14.10
2026-04-12 18:16:35,10000.00,13.20,5.77,13.90,8.04,17.10,14.10
2026-04-12 18:16:35,10000.00,13.20,5.72,13.90,8.02,16.80,14.10
2026-04-12 18:16:36,10000.00,13.20,5.77,13.90,8.03,16.90,14.10
2026-04-12 18:16:36,10000.00,13.30,5.68,13.90,7.89,16.70,14.10
2026-04-12 18:16:36,10000.00,13.30,5.60,13.90,7.88,17.00,14.20
2026-04-12 18:16:37,10000.00,13.30,5.71,13.90,8.06,16.90,14.10
2026-04-12 18:16:37,10000.00,13.20,5.83,13.90,8.16,17.00,14.10
2026-04-12 18:16:37,10000.00,13.20,5.77,13.90,8.20,17.10,14.00
2026-04-12 18:16:38,10000.00,13.10,5.75,13.90,8.23,17.00,14.10
2026-04-12 18:16:38,10000.00,13.20,5.82,13.90,8.02,17.00,14.10
2026-04-12 18:16:39,10000.00,13.20,5.82,13.90,8.31,16.90,14.00
2026-04-12 18:16:39,10000.00,13.10,5.84,13.90,8.05,16.80,14.10
2026-04-12 18:16:39,10000.00,13.20,5.78,13.90,8.36,17.10,14.00
2026-04-12 18:16:40,10000.00,13.10,5.84,13.90,8.10,17.00,14.10
2026-04-12 18:16:40,10000.00,13.20,5.83,13.90,8.07,16.90,14.10
2026-04-12 18:16:40,10000.00,13.20,5.78,13.90,7.99,17.10,14.10
2026-04-12 18:16:41,10000.00,13.20,5.80,13.90,8.06,16.90,14.10
2026-04-12 18:16:41,10000.00,13.20,5.79,13.90,7.98,17.00,14.10
2026-04-12 18:16:41,10000.00,13.20,5.67,13.90,8.06,16.80,14.10
2026-04-12 18:16:42,10000.00,13.30,5.64,13.90,7.95,16.80,14.20
2026-04-12 18:16:42,10000.00,13.30,5.75,13.90,8.22,16.90,14.10
2026-04-12 18:16:43,10000.00,13.10,5.83,13.90,8.16,17.00,14.10
2026-04-12 18:16:43,10000.00,13.20,5.77,13.90,8.03,17.00,14.10
2026-04-12 18:16:43,10000.00,13.20,5.78,13.90,8.00,16.90,14.20
2026-04-12 18:16:44,10000.00,13.30,5.75,13.90,8.06,17.00,14.20
2026-04-12 18:16:44,10000.00,13.30,5.72,13.90,8.21,16.90,14.10
2026-04-12 18:16:44,10000.00,13.10,5.81,13.90,7.99,16.90,14.10
2026-04-12 18:16:45,10000.00,13.20,5.75,13.90,8.18,16.80,14.10
2026-04-12 18:16:45,10000.00,13.20,5.76,13.90,8.09,16.70,14.10
2026-04-12 18:16:45,10000.00,13.20,5.80,13.90,8.02,16.90,14.10
2026-04-12 18:16:46,10000.00,13.30,5.75,13.90,8.05,17.10,14.10
2026-04-12 18:16:46,10000.00,13.20,5.78,13.90,8.01,16.80,14.10
2026-04-12 18:16:47,10000.00,13.20,5.82,13.90,8.00,16.90,14.10
2026-04-12 18:16:47,10000.00,13.20,5.69,13.90,8.01,16.90,14.10
2026-04-12 18:16:47,10000.00,13.30,5.67,13.90,8.09,17.00,14.10
2026-04-12 18:16:48,10000.00,13.20,5.78,13.90,8.17,17.00,14.10
2026-04-12 18:16:48,10000.00,13.20,5.76,13.90,8.31,16.90,14.00
2026-04-12 18:16:48,10000.00,13.10,5.78,13.90,8.29,17.00,14.10
2026-04-12 18:16:49,10000.00,13.20,5.82,13.90,8.22,17.00,14.10
2026-04-12 18:16:49,10000.00,13.20,5.78,13.90,8.23,17.00,14.10
2026-04-12 18:16:49,10000.00,13.20,5.71,13.90,8.00,17.10,14.10
2026-04-12 18:16:50,10000.00,13.20,5.78,13.90,8.19,16.90,14.10
2026-04-12 18:16:50,10000.00,13.30,5.81,13.90,8.26,17.00,14.10
2026-04-12 18:16:51,10000.00,13.20,5.76,13.90,8.07,17.10,14.10
2026-04-12 18:16:51,10000.00,13.30,5.69,13.90,8.09,16.90,14.10
2026-04-12 18:16:51,10000.00,13.30,5.75,13.90,7.99,16.90,14.10
2026-04-12 18:16:52,10000.00,13.20,5.78,13.90,8.03,17.00,14.10
2026-04-12 18:16:52,10000.00,13.20,5.76,13.90,8.02,17.00,14.10
2026-04-12 18:16:52,10000.00,13.30,5.73,13.90,8.02,17.10,14.10
2026-04-12 18:16:53,10000.00,13.30,5.79,13.90,8.02,17.10,14.10
2026-04-12 18:16:53,10000.00,13.30,5.79,13.90,8.01,17.10,14.10
2026-04-12 18:16:53,10000.00,13.30,5.75,13.90,8.20,16.90,14.00
2026-04-12 18:16:54,10000.00,13.20,5.86,13.90,8.06,16.90,14.20
2026-04-12 18:16:54,10000.00,13.30,5.77,13.90,8.07,17.00,14.10
2026-04-12 18:16:55,10000.00,13.30,5.78,13.90,8.37,17.00,14.00
2026-04-12 18:16:55,10000.00,13.10,5.80,13.90,8.06,17.00,14.10
2026-04-12 18:16:55,10000.00,13.20,5.79,13.90,8.01,16.90,14.10
2026-04-12 18:16:56,10000.00,13.20,5.75,13.90,8.25,17.10,14.10
2026-04-12 18:16:56,10000.00,13.20,5.77,13.90,8.11,17.00,14.10
2026-04-12 18:16:56,10000.00,13.30,5.77,13.90,8.16,17.00,14.10
2026-04-12 18:16:57,10000.00,13.30,5.78,13.90,8.03,17.00,14.10
2026-04-12 18:16:57,10000.00,13.20,5.80,13.90,8.02,17.10,14.10
2026-04-12 18:16:57,10000.00,13.30,5.64,13.90,7.97,16.70,14.20
2026-04-12 18:16:58,10000.00,13.30,5.73,13.90,7.92,16.90,14.20
2026-04-12 18:16:58,10000.00,13.30,5.73,13.90,8.03,16.70,14.10
2026-04-12 18:16:59,10000.00,13.20,5.77,13.90,8.08,17.00,14.10
2026-04-12 18:16:59,10000.00,13.20,5.72,13.90,8.24,17.00,14.00
2026-04-12 18:16:59,10000.00,13.10,5.80,13.90,8.12,17.00,14.10
2026-04-12 18:17:00,10000.00,13.20,5.77,13.90,8.12,17.10,14.10
2026-04-12 18:17:00,10000.00,13.20,5.79,13.90,8.24,17.00,14.10
2026-04-12 18:17:00,10000.00,13.20,5.74,13.90,8.06,17.10,14.10
2026-04-12 18:17:01,10000.00,13.30,5.69,13.90,8.00,16.80,14.20
2026-04-12 18:17:01,10000.00,13.30,5.70,13.90,8.28,16.90,14.10
2026-04-12 18:17:01,10000.00,13.10,5.76,13.90,8.17,16.80,14.10
2026-04-12 18:17:02,10000.00,13.20,5.77,13.90,8.04,16.90,14.10
2026-04-12 18:17:02,10000.00,13.20,5.83,13.90,8.05,16.90,14.10
2026-04-12 18:17:03,10000.00,13.30,5.74,13.90,8.04,17.00,14.10
2026-04-12 18:17:03,10000.00,13.20,5.74,13.90,8.03,17.00,14.10
2026-04-12 18:17:03,10000.00,13.30,5.73,13.90,8.00,17.00,14.10
2026-04-12 18:17:04,10000.00,13.20,5.71,13.90,8.07,16.90,14.10
2026-04-12 18:17:04,10000.00,13.30,5.74,13.90,8.17,17.10,14.10
2026-04-12 18:17:04,10000.00,13.30,5.76,13.90,8.23,16.70,14.10
2026-04-12 18:17:05,10000.00,13.20,5.83,13.90,8.33,16.80,14.00
2026-04-12 18:17:05,10000.00,13.10,5.88,13.90,8.09,16.90,14.10
2026-04-12 18:17:05,10000.00,13.20,5.83,13.90,8.05,17.00,14.10
2026-04-12 18:17:06,10000.00,13.20,5.77,13.90,8.23,16.90,14.10
2026-04-12 18:17:06,10000.00,13.20,5.75,13.90,8.11,17.10,14.10
2026-04-12 18:17:07,10000.00,13.20,5.75,13.90,8.27,16.90,14.00
2026-04-12 18:17:07,10000.00,13.10,5.85,13.90,8.03,16.90,14.10
2026-04-12 18:17:07,10000.00,13.30,5.81,13.90,8.03,16.50,14.10
2026-04-12 18:17:08,10000.00,13.20,5.70,13.90,8.06,16.80,14.00
2026-04-12 18:17:08,10000.00,13.20,5.69,13.90,8.04,16.90,14.10
2026-04-12 18:17:08,10000.00,13.30,5.66,13.90,7.88,17.00,14.20
2026-04-12 18:17:09,10000.00,13.30,5.73,13.90,7.99,16.70,14.10
2026-04-12 18:17:09,10000.00,13.20,5.79,13.90,8.04,16.90,14.10
2026-04-12 18:17:09,10000.00,13.20,5.79,13.90,8.24,16.90,14.10
2026-04-12 18:17:10,10000.00,13.20,5.77,13.90,8.06,16.90,14.10
2026-04-12 18:17:10,10000.00,13.20,5.76,13.90,8.33,16.90,14.00
2026-04-12 18:17:11,10000.00,13.10,5.84,13.90,8.05,17.00,14.10
2026-04-12 18:17:11,10000.00,13.20,5.84,13.90,8.36,16.90,14.00
2026-04-12 18:17:11,10000.00,13.10,5.84,13.90,8.19,16.90,14.10
2026-04-12 18:17:12,10000.00,13.20,5.82,13.90,8.19,16.90,14.10
2026-04-12 18:17:12,10000.00,13.20,5.79,13.90,8.17,17.10,14.10
2026-04-12 18:17:12,10000.00,13.20,5.77,13.90,8.08,16.90,14.10
2026-04-12 18:17:13,10000.00,13.20,5.67,13.90,7.98,16.70,14.10
2026-04-12 18:17:13,10000.00,13.20,5.70,13.90,7.99,16.70,14.10
2026-04-12 18:17:13,10000.00,13.30,5.61,13.90,7.66,16.70,14.10
2026-04-12 18:17:14,10000.00,13.30,5.63,13.90,7.78,16.90,14.20
2026-04-12 18:17:14,10000.00,13.30,5.70,13.90,8.00,17.00,14.20
2026-04-12 18:17:15,10000.00,13.30,5.75,13.90,8.01,17.00,14.20
2026-04-12 18:17:15,10000.00,13.30,5.63,13.90,7.84,16.90,14.20
2026-04-12 18:17:15,10000.00,13.30,5.71,13.90,8.27,16.90,14.10
2026-04-12 18:17:16,10000.00,13.20,5.79,13.90,8.13,16.90,14.10
2026-04-12 18:17:16,10000.00,13.20,5.81,13.90,8.04,16.90,14.10
2026-04-12 18:17:16,10000.00,13.30,5.76,13.90,8.07,17.00,14.10
2026-04-12 18:17:17,10000.00,13.20,5.70,13.90,8.03,17.00,14.10
2026-04-12 18:17:17,10000.00,13.20,5.77,13.90,8.29,16.90,14.00
2026-04-12 18:17:17,10000.00,13.10,5.72,13.90,8.07,16.90,14.10
2026-04-12 18:17:18,10000.00,13.30,5.81,13.90,8.03,17.00,14.10
2026-04-12 18:17:18,10000.00,13.30,5.78,13.90,8.02,17.00,14.10
2026-04-12 18:17:19,10000.00,13.20,5.76,13.90,8.01,17.00,14.10
2026-04-12 18:17:19,10000.00,13.30,5.66,13.90,7.91,16.90,14.10
2026-04-12 18:17:19,10000.00,13.30,5.64,13.90,7.71,16.90,14.10
2026-04-12 18:17:20,10000.00,13.30,5.66,13.90,8.02,17.10,14.10
2026-04-12 18:17:20,10000.00,13.30,5.78,13.90,8.22,17.00,14.00
2026-04-12 18:17:20,10000.00,13.10,5.77,13.90,8.40,17.00,14.10
2026-04-12 18:17:21,10000.00,13.20,5.80,13.90,8.44,16.90,14.00
2026-04-12 18:17:21,10000.00,13.10,5.77,13.90,8.19,16.90,14.10
2026-04-12 18:17:21,10000.00,13.20,5.77,13.90,8.22,17.00,14.10
2026-04-12 18:17:22,10000.00,13.30,5.70,13.90,8.17,16.90,14.00
2026-04-12 18:17:22,10000.00,13.10,5.78,13.90,8.10,16.90,14.10
2026-04-12 18:17:23,10000.00,13.20,5.79,13.90,8.47,16.80,14.00
2026-04-12 18:17:23,10000.00,13.10,5.85,13.90,8.05,16.90,14.10
2026-04-12 18:17:23,10000.00,13.20,5.77,13.90,8.09,16.90,14.10
2026-04-12 18:17:24,10000.00,13.20,5.70,13.90,8.01,16.90,14.10
2026-04-12 18:17:24,10000.00,13.20,5.79,13.90,7.99,17.10,14.10
2026-04-12 18:17:24,10000.00,13.20,5.74,13.90,8.01,16.90,14.10
2026-04-12 18:17:25,10000.00,13.20,5.66,13.90,8.01,16.90,14.10
2026-04-12 18:17:25,10000.00,13.20,5.57,13.90,8.00,16.90,14.20
2026-04-12 18:17:25,10000.00,13.30,5.66,13.90,8.21,16.90,14.10
2026-04-12 18:17:26,10000.00,13.20,5.82,13.90,8.17,17.10,14.10
2026-04-12 18:17:26,10000.00,13.20,5.76,13.90,8.14,17.00,14.10
2026-04-12 18:17:27,10000.00,13.20,5.78,13.90,8.01,16.90,14.10
2026-04-12 18:17:27,10000.00,13.20,5.71,13.90,8.03,17.10,14.10
2026-04-12 18:17:27,10000.00,13.20,5.66,13.90,8.08,17.00,14.10
2026-04-12 18:17:28,10000.00,13.20,5.78,13.90,8.28,17.00,14.00
2026-04-12 18:17:28,10000.00,13.20,5.64,13.90,8.07,16.80,14.10
2026-04-12 18:17:28,10000.00,13.20,5.76,13.90,8.04,16.90,14.10
2026-04-12 18:17:29,10000.00,13.20,5.76,13.90,8.06,16.90,14.10
2026-04-12 18:17:29,10000.00,13.20,5.80,13.90,8.04,17.00,14.10
2026-04-12 18:17:29,10000.00,13.30,5.74,13.90,8.04,17.00,14.10
2026-04-12 18:17:30,10000.00,13.30,5.78,13.90,8.05,16.70,14.10
2026-04-12 18:17:30,10000.00,13.20,5.71,13.90,8.37,16.90,14.00
2026-04-12 18:17:31,10000.00,13.10,5.81,13.90,8.14,17.00,14.10
2026-04-12 18:17:31,10000.00,13.20,5.77,13.90,8.28,17.10,14.10
2026-04-12 18:17:31,10000.00,13.20,5.74,13.90,8.21,17.20,14.10
2026-04-12 18:17:32,10000.00,13.20,5.66,13.90,8.20,16.90,14.10
2026-04-12 18:17:32,10000.00,13.20,5.78,13.90,8.15,16.90,14.00
2026-04-12 18:17:32,10000.00,13.10,5.80,13.90,8.17,16.90,14.00
2026-04-12 18:17:33,10000.00,13.10,5.81,13.90,8.09,17.20,14.10
2026-04-12 18:17:33,10000.00,13.20,5.74,13.90,8.06,16.90,14.20
2026-04-12 18:17:33,10000.00,13.30,5.71,13.90,7.97,16.90,14.10
2026-04-12 18:17:34,10000.00,13.20,5.75,13.90,8.04,17.10,14.10
2026-04-12 18:17:34,10000.00,13.30,5.78,13.90,8.06,17.00,14.10
2026-04-12 18:17:35,10000.00,13.30,5.76,13.90,7.92,17.00,14.20
2026-04-12 18:17:35,10000.00,13.30,5.71,13.90,8.04,17.10,14.20
2026-04-12 18:17:35,10000.00,13.30,5.58,13.90,7.86,16.90,14.20
2026-04-12 18:17:36,10000.00,13.30,5.75,13.90,8.03,17.00,14.10
2026-04-12 18:17:36,10000.00,13.20,5.75,13.90,8.06,16.90,14.10
2026-04-12 18:17:36,10000.00,13.20,5.80,13.90,8.23,16.50,14.00
2026-04-12 18:17:37,10000.00,13.10,5.83,13.90,8.20,16.90,14.10
2026-04-12 18:17:37,10000.00,13.20,5.81,13.90,8.10,16.90,14.10
2026-04-12 18:17:37,10000.00,13.20,5.75,13.90,7.99,17.00,14.10
2026-04-12 18:17:38,10000.00,13.20,5.70,13.90,8.31,17.00,14.10
2026-04-12 18:17:38,10000.00,13.20,5.75,13.90,8.19,16.80,14.00
2026-04-12 18:17:39,10000.00,13.10,5.74,13.90,8.04,16.90,14.10
2026-04-12 18:17:39,10000.00,13.20,5.85,13.90,8.06,17.10,14.10
2026-04-12 18:17:39,10000.00,13.20,5.77,13.90,8.03,16.90,14.10
2026-04-12 18:17:40,10000.00,13.20,5.78,13.90,8.03,17.00,14.10
2026-04-12 18:17:40,10000.00,13.20,5.73,13.90,8.04,17.10,14.10
2026-04-12 18:17:40,10000.00,13.20,5.65,13.90,7.93,16.60,14.00
2026-04-12 18:17:41,10000.00,13.20,5.74,13.90,8.26,17.00,14.00
2026-04-12 18:17:41,10000.00,13.10,5.80,13.90,8.03,17.00,14.10
2026-04-12 18:17:41,10000.00,13.20,5.81,13.90,7.96,17.10,14.10
2026-04-12 18:17:42,10000.00,13.20,5.79,13.90,8.22,16.90,14.00
2026-04-12 18:17:42,10000.00,13.10,5.78,13.90,8.16,16.80,14.10
2026-04-12 18:17:43,10000.00,13.20,5.80,13.90,8.17,16.90,14.10
2026-04-12 18:17:43,10000.00,13.20,5.77,13.90,8.16,16.80,14.00
2026-04-12 18:17:43,10000.00,13.10,5.81,13.90,8.23,16.90,14.10
2026-04-12 18:17:44,10000.00,13.20,5.79,13.90,8.04,16.90,14.10
2026-04-12 18:17:44,10000.00,13.20,5.72,13.90,8.21,17.00,14.10
2026-04-12 18:17:44,10000.00,13.20,5.75,13.90,8.04,17.00,14.10
2026-04-12 18:17:45,10000.00,13.20,5.74,13.90,7.96,17.10,14.10
2026-04-12 18:17:45,10000.00,13.20,5.74,13.90,7.96,17.00,14.20
2026-04-12 18:17:45,10000.00,13.30,5.75,13.90,8.04,17.00,14.20
2026-04-12 18:17:46,10000.00,13.30,5.65,13.90,8.09,17.00,14.20
2026-04-12 18:17:46,10000.00,13.30,5.74,13.90,8.29,16.80,14.10
2026-04-12 18:17:47,10000.00,13.20,5.74,13.90,8.19,16.90,14.10
2026-04-12 18:17:47,10000.00,13.20,5.75,13.90,8.20,16.90,14.00
2026-04-12 18:17:47,10000.00,13.10,5.84,13.90,8.06,16.80,14.10
2026-04-12 18:17:48,10000.00,13.20,5.76,13.90,8.19,16.90,14.10
2026-04-12 18:17:48,10000.00,13.20,5.79,13.90,8.07,17.00,14.10
2026-04-12 18:17:48,10000.00,13.20,5.76,13.90,8.08,17.00,14.10
2026-04-12 18:17:49,10000.00,13.20,5.76,13.90,8.21,16.90,14.00
2026-04-12 18:17:49,10000.00,13.10,5.77,13.90,8.13,17.10,14.10
2026-04-12 18:17:49,10000.00,13.20,5.83,13.90,8.05,17.00,14.10
2026-04-12 18:17:50,10000.00,13.20,5.75,13.90,8.03,17.10,14.10
2026-04-12 18:17:50,10000.00,13.20,5.73,13.90,8.01,16.90,14.20
2026-04-12 18:17:51,10000.00,13.30,5.73,13.90,8.06,16.90,14.10
2026-04-12 18:17:51,10000.00,13.30,5.70,13.90,8.02,16.90,14.20
2026-04-12 18:17:51,10000.00,13.30,5.71,13.90,8.02,16.80,14.10
2026-04-12 18:17:52,10000.00,13.20,5.76,13.90,7.96,16.90,14.10
2026-04-12 18:17:52,10000.00,13.30,5.75,13.90,8.27,16.90,14.00
2026-04-12 18:17:52,10000.00,13.10,5.79,13.90,8.43,16.70,14.00
2026-04-12 18:17:53,10000.00,13.10,5.84,13.90,8.24,17.00,14.10
2026-04-12 18:17:53,10000.00,13.20,5.85,13.90,7.99,16.90,14.10
2026-04-12 18:17:53,10000.00,13.20,5.73,13.90,8.13,16.90,14.10
2026-04-12 18:17:54,10000.00,13.20,5.81,13.90,8.40,16.80,14.00
2026-04-12 18:17:54,10000.00,13.10,5.78,13.90,8.04,16.90,14.10
2026-04-12 18:17:54,10000.00,13.20,5.81,13.90,8.03,16.70,14.10
2026-04-12 18:17:55,10000.00,13.20,5.75,13.90,8.02,17.10,14.10
2026-04-12 18:17:55,10000.00,13.20,5.76,13.90,8.07,17.00,14.10
2026-04-12 18:17:56,10000.00,13.20,5.76,13.90,8.06,16.90,14.10
2026-04-12 18:17:56,10000.00,13.20,5.68,13.90,8.02,16.70,14.10
2026-04-12 18:17:56,10000.00,13.20,5.63,13.90,8.37,16.80,14.00
2026-04-12 18:17:57,10000.00,13.10,5.80,13.90,8.03,16.90,14.10
2026-04-12 18:17:57,10000.00,13.20,5.75,13.90,8.15,16.90,14.10
2026-04-12 18:17:57,10000.00,13.20,5.73,13.90,8.04,16.80,14.10
2026-04-12 18:17:58,10000.00,13.20,5.70,13.90,8.13,17.10,14.10
2026-04-12 18:17:58,10000.00,13.20,5.65,13.90,8.06,16.90,14.20
2026-04-12 18:17:58,10000.00,13.30,5.73,13.90,8.18,16.90,14.10
2026-04-12 18:17:59,10000.00,13.10,5.77,13.90,7.97,16.90,14.10
2026-04-12 18:17:59,10000.00,13.20,5.80,13.90,7.98,17.00,14.10
2026-04-12 18:18:00,10000.00,13.20,5.79,13.90,8.09,17.20,14.10
2026-04-12 18:18:00,10000.00,13.20,5.75,13.90,8.04,16.80,14.10
2026-04-12 18:18:00,10000.00,13.20,5.75,13.90,8.02,16.80,14.10
2026-04-12 18:18:01,10000.00,13.20,5.75,13.90,8.10,16.90,14.10
2026-04-12 18:18:01,10000.00,13.20,5.73,13.90,8.24,17.00,14.10
2026-04-12 18:18:01,10000.00,13.20,5.63,13.90,8.02,16.80,14.10
2026-04-12 18:18:02,10000.00,13.30,5.69,13.90,8.29,16.80,14.00
2026-04-12 18:18:02,10000.00,13.20,5.65,13.90,8.07,16.80,14.10
2026-04-12 18:18:02,10000.00,13.30,5.68,13.90,8.02,17.00,14.10
2026-04-12 18:18:03,10000.00,13.10,5.75,13.90,8.12,17.00,14.10
2026-04-12 18:18:03,10000.00,13.20,5.67,13.90,8.08,17.00,14.10
2026-04-12 18:18:04,10000.00,13.20,5.69,13.90,8.06,16.80,14.10
2026-04-12 18:18:04,10000.00,13.20,5.72,13.90,7.98,17.00,14.10
2026-04-12 18:18:04,10000.00,13.20,5.73,13.90,8.01,17.00,14.10
2026-04-12 18:18:05,10000.00,13.20,5.74,13.90,8.00,16.80,14.20
2026-04-12 18:18:05,10000.00,13.30,5.75,13.90,8.29,16.90,14.10
2026-04-12 18:18:05,10000.00,13.20,5.75,13.90,8.07,17.00,14.10
2026-04-12 18:18:06,10000.00,13.20,5.75,13.90,8.27,16.90,14.00
2026-04-12 18:18:06,10000.00,13.10,5.84,13.90,8.17,17.00,14.10
2026-04-12 18:18:06,10000.00,13.20,5.74,13.90,8.06,17.00,14.10
2026-04-12 18:18:07,10000.00,13.20,5.78,13.90,8.04,16.80,14.10
2026-04-12 18:18:07,10000.00,13.20,5.75,13.90,8.01,16.80,14.20
2026-04-12 18:18:08,10000.00,13.30,5.66,13.90,8.00,17.00,14.20
2026-04-12 18:18:08,10000.00,13.30,5.75,13.90,8.03,16.80,14.10
2026-04-12 18:18:08,10000.00,13.20,5.68,13.90,8.00,17.00,14.10
2026-04-12 18:18:09,10000.00,13.20,5.72,13.90,7.99,16.90,14.10
2026-04-12 18:18:09,10000.00,13.20,5.75,13.90,7.95,17.00,14.10
2026-04-12 18:18:09,10000.00,13.20,5.72,13.90,8.06,17.10,14.10
2026-04-12 18:18:10,10000.00,13.20,5.77,13.90,8.04,16.90,14.20
2026-04-12 18:18:10,10000.00,13.20,5.75,13.90,8.11,17.00,14.10
2026-04-12 18:18:10,10000.00,13.20,5.76,13.90,8.14,16.90,14.00
2026-04-12 18:18:11,10000.00,13.10,5.74,13.90,8.30,16.90,14.00
2026-04-12 18:18:11,10000.00,13.10,5.71,13.90,8.11,16.80,14.10
2026-04-12 18:18:12,10000.00,13.20,5.74,13.90,8.17,16.90,14.10
2026-04-12 18:18:12,10000.00,13.20,5.74,13.90,8.04,17.10,14.10
2026-04-12 18:18:12,10000.00,13.20,5.78,13.90,8.05,16.80,14.10
2026-04-12 18:18:13,10000.00,13.20,5.63,13.90,7.89,16.70,14.10
2026-04-12 18:18:13,10000.00,13.30,5.59,13.90,7.94,16.50,14.20
2026-04-12 18:18:13,10000.00,13.30,5.65,13.90,8.19,16.90,14.10
2026-04-12 18:18:14,10000.00,13.20,5.76,13.90,8.08,16.80,14.10
2026-04-12 18:18:14,10000.00,13.20,5.74,13.90,8.25,17.00,14.10
2026-04-12 18:18:14,10000.00,13.20,5.71,13.90,8.40,16.80,14.00
2026-04-12 18:18:15,10000.00,13.10,5.81,13.90,7.98,16.90,14.10
2026-04-12 18:18:15,10000.00,13.20,5.68,13.90,8.00,17.00,14.10
2026-04-12 18:18:16,10000.00,13.20,5.82,13.90,8.23,16.50,14.00
2026-04-12 18:18:16,10000.00,13.10,5.83,13.90,8.05,17.00,14.10
2026-04-12 18:18:16,10000.00,13.20,5.73,13.90,8.00,17.10,14.10
2026-04-12 18:18:17,10000.00,13.20,5.70,13.90,8.05,17.10,14.10
2026-04-12 18:18:17,10000.00,13.20,5.74,13.90,8.02,16.90,14.10
2026-04-12 18:18:17,10000.00,13.20,5.77,13.90,8.40,16.90,14.00
2026-04-12 18:18:18,10000.00,13.10,5.80,13.90,8.11,17.00,14.10
2026-04-12 18:18:18,10000.00,13.20,5.67,13.90,8.03,16.70,14.10
2026-04-12 18:18:18,10000.00,13.20,5.53,13.90,8.02,17.00,14.10
2026-04-12 18:18:19,10000.00,13.20,5.75,13.90,8.00,17.00,14.10
2026-04-12 18:18:19,10000.00,13.20,5.72,13.90,8.13,16.70,14.10
2026-04-12 18:18:20,10000.00,13.20,5.77,13.90,8.20,17.00,14.00
2026-04-12 18:18:20,10000.00,13.10,5.81,13.90,8.07,16.90,14.10
2026-04-12 18:18:20,10000.00,13.20,5.80,13.90,8.00,17.00,14.10
2026-04-12 18:18:21,10000.00,13.20,5.79,13.90,7.99,17.10,14.10
2026-04-12 18:18:21,10000.00,13.20,5.76,13.90,8.05,17.10,14.10
2026-04-12 18:18:21,10000.00,13.20,5.79,13.90,8.20,16.90,14.00
2026-04-12 18:18:22,10000.00,13.10,5.79,13.90,8.21,17.00,14.10
2026-04-12 18:18:22,10000.00,13.20,5.75,13.90,8.17,17.20,14.10
2026-04-12 18:18:22,10000.00,13.20,5.75,13.90,8.19,16.90,14.10
2026-04-12 18:18:23,10000.00,13.20,5.64,13.90,8.05,16.80,14.20
2026-04-12 18:18:23,10000.00,13.20,5.74,13.90,8.19,16.80,14.00
2026-04-12 18:18:23,10000.00,13.20,5.70,13.90,8.00,16.80,14.10
2026-04-12 18:18:24,10000.00,13.20,5.73,13.90,8.05,17.00,14.10
2026-04-12 18:18:24,10000.00,13.20,5.73,13.90,8.04,16.90,14.10
2026-04-12 18:18:25,10000.00,13.20,5.74,13.90,8.04,17.10,14.10
2026-04-12 18:18:25,10000.00,13.20,5.77,13.90,7.98,17.00,14.10
2026-04-12 18:18:25,10000.00,13.20,5.76,13.90,8.25,16.90,14.10
2026-04-12 18:18:26,10000.00,13.20,5.69,13.90,8.39,17.00,14.00
2026-04-12 18:18:26,10000.00,13.10,5.84,13.90,8.13,16.80,14.10
2026-04-12 18:18:26,10000.00,13.20,5.79,13.90,8.14,17.10,14.10
2026-04-12 18:18:27,10000.00,13.20,5.78,13.90,8.31,16.80,14.00
2026-04-12 18:18:27,10000.00,13.10,5.78,13.90,8.10,17.00,14.10
2026-04-12 18:18:27,10000.00,13.20,5.71,13.90,8.04,16.90,14.20
2026-04-12 18:18:28,10000.00,13.30,5.74,13.90,8.04,16.80,14.10
2026-04-12 18:18:28,10000.00,13.20,5.68,13.90,8.00,16.90,14.10
2026-04-12 18:18:29,10000.00,13.20,5.69,13.90,7.83,16.70,14.10
2026-04-12 18:18:29,10000.00,13.20,5.64,13.90,7.99,16.90,14.20
2026-04-12 18:18:29,10000.00,13.20,5.75,13.90,8.12,16.60,14.10
2026-04-12 18:18:30,10000.00,13.10,5.74,13.90,8.15,16.90,14.10
2026-04-12 18:18:30,10000.00,13.20,5.78,13.90,8.23,16.90,14.00
2026-04-12 18:18:30,10000.00,13.10,5.78,13.90,8.17,17.00,14.10
2026-04-12 18:18:31,10000.00,13.20,5.80,13.90,8.22,16.90,14.10
2026-04-12 18:18:31,10000.00,13.20,5.80,13.90,8.01,17.00,14.10
2026-04-12 18:18:31,10000.00,13.20,5.73,13.90,8.00,17.00,14.10
2026-04-12 18:18:32,10000.00,13.20,5.78,13.90,8.01,16.90,14.10
2026-04-12 18:18:32,10000.00,13.20,5.77,13.90,8.00,17.10,14.10
2026-04-12 18:18:33,10000.00,13.20,5.74,13.90,8.30,16.80,14.00
2026-04-12 18:18:33,10000.00,13.10,5.82,13.90,8.27,16.90,14.10
2026-04-12 18:18:33,10000.00,13.20,5.76,13.90,8.05,16.90,14.20
2026-04-12 18:18:34,10000.00,13.20,5.76,13.90,8.12,16.70,14.00
2026-04-12 18:18:34,10000.00,13.10,5.72,13.90,8.03,16.80,14.10
2026-04-12 18:18:34,10000.00,13.20,5.79,13.90,8.07,16.80,14.10
2026-04-12 18:18:35,10000.00,13.20,5.72,13.90,8.05,17.10,14.10
2026-04-12 18:18:35,10000.00,13.20,5.72,13.90,8.09,16.60,14.10
2026-04-12 18:18:35,10000.00,13.20,5.77,13.90,8.06,16.80,14.10
2026-04-12 18:18:36,10000.00,13.20,5.65,13.90,8.05,17.10,14.10
2026-04-12 18:18:36,10000.00,13.20,5.73,13.90,8.31,17.00,14.00
2026-04-12 18:18:37,10000.00,13.10,5.72,13.90,8.16,16.90,14.10
2026-04-12 18:18:37,10000.00,13.20,5.71,13.90,8.15,17.00,14.10
2026-04-12 18:18:37,10000.00,13.20,5.76,13.90,8.04,16.70,14.10
2026-04-12 18:18:38,10000.00,13.20,5.75,13.90,8.24,17.00,14.00
2026-04-12 18:18:38,10000.00,13.10,5.77,13.90,8.01,16.80,14.10
2026-04-12 18:18:38,10000.00,13.20,5.78,13.90,8.07,16.90,14.10
2026-04-12 18:18:39,10000.00,13.20,5.75,13.90,8.04,16.90,14.10
2026-04-12 18:18:39,10000.00,13.20,5.78,13.90,8.07,17.00,14.10
2026-04-12 18:18:39,10000.00,13.20,5.61,13.90,8.06,16.90,14.20
2026-04-12 18:18:40,10000.00,13.30,5.72,13.90,7.89,16.80,14.20
2026-04-12 18:18:40,10000.00,13.30,5.69,13.90,7.97,16.80,14.20
2026-04-12 18:18:41,10000.00,13.20,5.72,13.90,8.08,16.90,14.10
2026-04-12 18:18:41,10000.00,13.10,5.66,13.90,8.05,17.00,14.20
2026-04-12 18:18:41,10000.00,13.20,5.72,13.90,8.12,16.80,14.10
2026-04-12 18:18:42,10000.00,13.10,5.78,13.90,8.03,17.10,14.10
2026-04-12 18:18:42,10000.00,13.20,5.75,13.90,8.17,16.90,14.10
2026-04-12 18:18:42,10000.00,13.20,5.78,13.90,8.04,16.90,14.10
2026-04-12 18:18:43,10000.00,13.20,5.73,13.90,8.03,17.00,14.10
2026-04-12 18:18:43,10000.00,13.20,5.72,13.90,8.09,17.00,14.10
2026-04-12 18:18:43,10000.00,13.20,5.79,13.90,8.03,16.90,14.20
2026-04-12 18:18:44,10000.00,13.20,5.66,13.90,8.20,17.00,14.00
2026-04-12 18:18:44,10000.00,13.10,5.85,13.90,8.35,16.60,14.10
2026-04-12 18:18:45,10000.00,13.20,5.68,13.90,8.03,16.90,14.20
2026-04-12 18:18:45,10000.00,13.30,5.76,13.90,8.10,16.90,14.10
2026-04-12 18:18:45,10000.00,13.10,5.80,13.90,8.04,16.90,14.10
2026-04-12 18:18:46,10000.00,13.20,5.78,13.90,8.25,17.00,14.00
2026-04-12 18:18:46,10000.00,13.10,5.79,13.90,8.04,17.00,14.10
2026-04-12 18:18:46,10000.00,13.20,5.67,13.90,8.05,16.90,14.20
2026-04-12 18:18:47,10000.00,13.20,5.76,13.90,8.03,16.80,14.10
2026-04-12 18:18:47,10000.00,13.20,5.71,13.90,8.04,17.00,14.10
2026-04-12 18:18:47,10000.00,13.20,5.76,13.90,8.28,17.00,14.00
2026-04-12 18:18:48,10000.00,13.10,5.76,13.90,8.00,17.00,14.10
2026-04-12 18:18:48,10000.00,13.20,5.81,13.90,8.18,16.80,14.10
2026-04-12 18:18:49,10000.00,13.20,5.75,13.90,8.30,17.00,14.10
2026-04-12 18:18:49,10000.00,13.20,5.77,13.90,8.24,16.90,14.00
2026-04-12 18:18:49,10000.00,13.10,5.83,13.90,8.16,17.00,14.10
2026-04-12 18:18:50,10000.00,13.20,5.71,13.90,7.96,16.70,14.10
2026-04-12 18:18:50,10000.00,13.20,5.64,13.90,7.89,16.80,14.20
2026-04-12 18:18:50,10000.00,13.30,5.67,13.90,8.01,17.00,14.20
2026-04-12 18:18:51,10000.00,13.30,5.72,13.90,8.04,17.00,14.20
2026-04-12 18:18:51,10000.00,13.20,5.74,13.90,8.38,16.90,14.10
2026-04-12 18:18:51,10000.00,13.10,5.68,13.90,7.96,16.80,14.10
2026-04-12 18:18:52,10000.00,13.20,5.73,13.90,8.26,16.90,14.10
2026-04-12 18:18:52,10000.00,13.10,5.81,13.90,8.08,16.90,14.10
2026-04-12 18:18:52,10000.00,13.20,5.80,13.90,8.05,17.00,14.10
2026-04-12 18:18:53,10000.00,13.20,5.65,13.90,8.13,16.90,14.10
2026-04-12 18:18:53,10000.00,13.20,5.77,13.90,8.01,17.00,14.10
2026-04-12 18:18:54,10000.00,13.20,5.77,13.90,8.13,16.70,14.10
2026-04-12 18:18:54,10000.00,13.20,5.71,13.90,8.02,17.00,14.10
2026-04-12 18:18:54,10000.00,13.20,5.71,13.90,8.06,17.00,14.10
2026-04-12 18:18:55,10000.00,13.20,5.65,13.90,8.03,17.00,14.10
2026-04-12 18:18:55,10000.00,13.20,5.71,13.90,8.30,16.80,14.00
2026-04-12 18:18:55,10000.00,13.10,5.65,13.90,8.03,16.90,14.10
2026-04-12 18:18:56,10000.00,13.20,5.75,13.90,8.24,16.60,14.10
2026-04-12 18:18:56,10000.00,13.10,5.74,13.90,8.27,16.80,14.10
2026-04-12 18:18:56,10000.00,13.20,5.72,13.90,8.06,16.80,14.10
2026-04-12 18:18:57,10000.00,13.20,5.76,13.90,8.02,17.00,14.10
2026-04-12 18:18:57,10000.00,13.20,5.69,13.90,8.01,17.00,14.10
2026-04-12 18:18:58,10000.00,13.20,5.74,13.90,8.01,16.90,14.10
2026-04-12 18:18:58,10000.00,13.20,5.71,13.90,8.03,16.60,14.20
2026-04-12 18:18:58,10000.00,13.30,5.75,13.90,8.10,16.70,14.10
2026-04-12 18:18:59,10000.00,13.10,5.76,13.90,8.34,17.00,14.00
2026-04-12 18:18:59,10000.00,13.10,5.82,13.90,8.27,16.90,14.10
2026-04-12 18:18:59,10000.00,13.20,5.81,13.90,8.23,17.00,14.10
2026-04-12 18:19:00,10000.00,13.20,5.73,13.90,8.17,17.00,14.10
2026-04-12 18:19:00,10000.00,13.20,5.75,13.90,8.09,17.00,14.10
2026-04-12 18:19:00,10000.00,13.20,5.72,13.90,8.04,16.60,14.10
2026-04-12 18:19:01,10000.00,13.20,5.69,13.90,8.04,16.90,14.10
2026-04-12 18:19:01,10000.00,13.20,5.68,13.90,7.93,16.80,14.10
2026-04-12 18:19:02,10000.00,13.20,5.73,13.90,7.91,16.70,14.10
2026-04-12 18:19:02,10000.00,13.30,5.48,13.90,7.71,16.90,14.20
2026-04-12 18:19:02,10000.00,13.30,5.68,13.90,8.16,16.70,14.10
2026-04-12 18:19:03,10000.00,13.10,5.78,13.90,8.25,16.80,14.00
2026-04-12 18:19:03,10000.00,13.10,5.86,13.90,8.13,16.90,14.10
2026-04-12 18:19:03,10000.00,13.20,5.77,13.90,8.14,16.90,14.10
2026-04-12 18:19:04,10000.00,13.20,5.78,13.90,8.00,16.80,14.10
2026-04-12 18:19:04,10000.00,13.20,5.73,13.90,8.04,17.10,14.10
2026-04-12 18:19:04,10000.00,13.20,5.77,13.90,8.09,17.00,14.10
2026-04-12 18:19:05,10000.00,13.20,5.78,13.90,8.04,17.00,14.10
2026-04-12 18:19:05,10000.00,13.20,5.71,13.90,8.02,17.00,14.10
2026-04-12 18:19:06,10000.00,13.20,5.72,13.90,8.00,16.90,14.10
2026-04-12 18:19:06,10000.00,13.20,5.75,13.90,8.04,16.70,14.20
2026-04-12 18:19:06,10000.00,13.30,5.69,13.90,8.00,16.60,14.10
2026-04-12 18:19:07,10000.00,13.20,5.80,13.90,8.12,17.00,14.10
2026-04-12 18:19:07,10000.00,13.20,5.62,13.90,8.05,16.80,14.10
2026-04-12 18:19:07,10000.00,13.20,5.72,13.90,8.02,16.80,14.10
2026-04-12 18:19:08,10000.00,13.10,5.75,13.90,8.13,16.60,14.10
2026-04-12 18:19:08,10000.00,13.20,5.75,13.90,8.03,16.80,14.10
2026-04-12 18:19:08,10000.00,13.20,5.68,13.90,8.03,16.90,14.20
2026-04-12 18:19:09,10000.00,13.30,5.61,13.90,8.10,17.00,14.20
2026-04-12 18:19:09,10000.00,13.20,5.74,13.90,8.05,16.90,14.20
2026-04-12 18:19:10,10000.00,13.20,5.71,13.90,7.97,16.70,14.20
2026-04-12 18:19:10,10000.00,13.30,5.71,13.90,7.71,16.90,14.20
2026-04-12 18:19:10,10000.00,13.30,5.67,13.90,8.24,16.60,14.10
2026-04-12 18:19:11,10000.00,13.20,5.76,13.90,8.20,16.90,14.00
2026-04-12 18:19:11,10000.00,13.10,5.85,13.90,8.07,16.90,14.10
2026-04-12 18:19:11,10000.00,13.20,5.75,13.90,8.07,16.90,14.10
2026-04-12 18:19:12,10000.00,13.20,5.78,13.90,8.12,16.90,14.10
2026-04-12 18:19:12,10000.00,13.20,5.69,13.90,8.07,16.90,14.10
2026-04-12 18:19:12,10000.00,13.20,5.71,13.90,7.99,16.90,14.20
2026-04-12 18:19:13,10000.00,13.30,5.77,13.90,8.10,16.70,14.10
2026-04-12 18:19:13,10000.00,13.10,5.79,13.90,8.13,17.00,14.10
2026-04-12 18:19:14,10000.00,13.20,5.84,13.90,8.04,16.90,14.10
2026-04-12 18:19:14,10000.00,13.20,5.70,13.90,8.19,17.00,14.10
2026-04-12 18:19:14,10000.00,13.20,5.74,13.90,8.33,16.50,14.00
2026-04-12 18:19:15,10000.00,13.10,5.72,13.90,8.28,16.70,14.10
2026-04-12 18:19:15,10000.00,13.20,5.77,13.90,8.03,17.00,14.10
2026-04-12 18:19:15,10000.00,13.20,5.69,13.90,8.08,16.90,14.10
2026-04-12 18:19:16,10000.00,13.20,5.75,13.90,8.05,16.90,14.10
2026-04-12 18:19:16,10000.00,13.20,5.75,13.90,8.04,16.80,14.10
2026-04-12 18:19:16,10000.00,13.20,5.69,13.90,7.91,16.70,14.20
2026-04-12 18:19:17,10000.00,13.30,5.76,13.90,8.17,16.80,14.10
2026-04-12 18:19:17,10000.00,13.10,5.78,13.90,8.12,17.10,14.10
2026-04-12 18:19:18,10000.00,13.20,5.60,13.90,8.02,16.80,14.20
2026-04-12 18:19:18,10000.00,13.30,5.76,13.90,8.11,17.00,14.10
2026-04-12 18:19:18,10000.00,13.10,5.79,13.90,8.12,17.00,14.10
2026-04-12 18:19:19,10000.00,13.20,5.77,13.90,7.98,16.80,14.10
2026-04-12 18:19:19,10000.00,13.20,5.73,13.90,8.02,16.80,14.20
2026-04-12 18:19:19,10000.00,13.30,5.73,13.90,8.02,17.10,14.10
2026-04-12 18:19:20,10000.00,13.30,5.70,13.90,8.02,16.90,14.10
2026-04-12 18:19:20,10000.00,13.20,5.67,13.90,8.07,17.00,14.10
2026-04-12 18:19:20,10000.00,13.20,5.73,13.90,8.09,16.70,14.10
2026-04-12 18:19:21,10000.00,13.20,5.74,13.90,8.22,16.70,14.00
2026-04-12 18:19:21,10000.00,13.10,5.79,13.90,8.08,16.90,14.10
2026-04-12 18:19:22,10000.00,13.20,5.69,13.90,8.24,16.90,14.10
2026-04-12 18:19:22,10000.00,13.20,5.73,13.90,8.05,17.00,14.10
2026-04-12 18:19:22,10000.00,13.20,5.78,13.90,8.06,16.80,14.10
2026-04-12 18:19:23,10000.00,13.20,5.63,13.90,8.05,16.80,14.10
2026-04-12 18:19:23,10000.00,13.30,5.60,13.90,8.01,16.80,14.20
2026-04-12 18:19:23,10000.00,13.30,5.69,13.90,8.00,16.70,14.20
2026-04-12 18:19:24,10000.00,13.20,5.68,13.90,8.35,16.90,14.10
2026-04-12 18:19:24,10000.00,13.10,5.75,13.90,8.01,16.90,14.10
2026-04-12 18:19:24,10000.00,13.20,5.75,13.90,8.00,17.10,14.10
2026-04-12 18:19:25,10000.00,13.20,5.72,13.90,8.06,17.00,14.10
2026-04-12 18:19:25,10000.00,13.20,5.78,13.90,8.21,16.70,14.00
2026-04-12 18:19:26,10000.00,13.10,5.84,13.90,8.01,17.10,14.10
2026-04-12 18:19:26,10000.00,13.20,5.71,13.90,8.02,17.00,14.10
2026-04-12 18:19:26,10000.00,13.20,5.74,13.90,7.99,17.00,14.10
2026-04-12 18:19:27,10000.00,13.20,5.73,13.90,8.08,16.80,14.10
2026-04-12 18:19:27,10000.00,13.20,5.77,13.90,8.31,16.90,14.00
2026-04-12 18:19:27,10000.00,13.10,5.82,13.90,8.19,16.70,14.00
2026-04-12 18:19:28,10000.00,13.10,5.83,13.90,8.09,17.10,14.10
2026-04-12 18:19:28,10000.00,13.20,5.65,13.90,8.03,16.90,14.20
2026-04-12 18:19:28,10000.00,13.20,5.75,13.90,8.17,16.90,14.10
2026-04-12 18:19:29,10000.00,13.20,5.73,13.90,8.24,17.00,14.10
2026-04-12 18:19:29,10000.00,13.20,5.78,13.90,8.01,17.10,14.10
2026-04-12 18:19:30,10000.00,13.20,5.71,13.90,8.06,16.80,14.20
2026-04-12 18:19:30,10000.00,13.30,5.75,13.90,8.00,16.90,14.20
2026-04-12 18:19:30,10000.00,13.30,5.77,13.90,8.25,17.00,14.10
2026-04-12 18:19:31,10000.00,13.10,5.79,13.90,8.14,16.90,14.10
2026-04-12 18:19:31,10000.00,13.20,5.76,13.90,8.09,16.80,14.10
2026-04-12 18:19:31,10000.00,13.20,5.76,13.90,8.08,16.50,14.10
2026-04-12 18:19:32,10000.00,13.20,5.77,13.90,8.10,17.00,14.10
2026-04-12 18:19:32,10000.00,13.20,5.70,13.90,8.10,17.00,14.10
2026-04-12 18:19:32,10000.00,13.20,5.81,13.90,8.24,16.90,14.10
2026-04-12 18:19:33,10000.00,13.20,5.70,13.90,8.00,17.10,14.10
2026-04-12 18:19:33,10000.00,13.30,5.65,13.90,8.06,16.90,14.20
2026-04-12 18:19:34,10000.00,13.30,5.61,13.90,7.83,16.80,14.20
2026-04-12 18:19:34,10000.00,13.30,5.73,13.90,8.09,16.90,14.10
2026-04-12 18:19:34,10000.00,13.10,5.80,13.90,8.22,16.90,14.10
2026-04-12 18:19:35,10000.00,13.20,5.73,13.90,8.05,16.80,14.10
2026-04-12 18:19:35,10000.00,13.20,5.77,13.90,8.07,16.90,14.10
2026-04-12 18:19:35,10000.00,13.20,5.77,13.90,8.04,16.90,14.10
2026-04-12 18:19:36,10000.00,13.20,5.70,13.90,8.03,17.00,14.10
2026-04-12 18:19:36,10000.00,13.20,5.74,13.90,8.02,17.00,14.10
2026-04-12 18:19:36,10000.00,13.20,5.75,13.90,8.05,17.00,14.10
2026-04-12 18:19:37,10000.00,13.20,5.75,13.90,7.99,17.00,14.10
2026-04-12 18:19:37,10000.00,13.20,5.73,13.90,8.02,17.10,14.10
2026-04-12 18:19:38,10000.00,13.20,5.77,13.90,8.07,17.00,14.10
2026-04-12 18:19:38,10000.00,13.20,5.71,13.90,8.31,17.00,14.00
2026-04-12 18:19:38,10000.00,13.10,5.63,13.90,8.00,16.80,14.10
2026-04-12 18:19:39,10000.00,13.20,5.80,13.90,8.13,16.90,14.00
2026-04-12 18:19:39,10000.00,13.10,5.83,13.90,8.18,16.80,14.10
2026-04-12 18:19:39,10000.00,13.20,5.82,13.90,8.30,17.00,14.00
2026-04-12 18:19:40,10000.00,13.10,5.87,13.90,8.17,17.10,14.10
2026-04-12 18:19:40,10000.00,13.20,5.77,13.90,8.12,16.90,14.10
2026-04-12 18:19:40,10000.00,13.20,5.78,13.90,8.09,16.70,14.10
2026-04-12 18:19:41,10000.00,13.20,5.77,13.90,8.01,17.00,14.10
2026-04-12 18:19:41,10000.00,13.20,5.77,13.90,8.22,16.90,14.00
2026-04-12 18:19:42,10000.00,13.10,5.81,13.90,8.18,16.90,14.10
2026-04-12 18:19:42,10000.00,13.20,5.77,13.90,8.08,16.60,14.10
2026-04-12 18:19:42,10000.00,13.20,5.74,13.90,8.34,17.00,14.00
2026-04-12 18:19:43,10000.00,13.10,5.82,13.90,8.06,17.00,14.10
2026-04-12 18:19:43,10000.00,13.20,5.82,13.90,8.13,17.00,14.10
2026-04-12 18:19:43,10000.00,13.20,5.68,13.90,8.07,16.80,14.10
2026-04-12 18:19:44,10000.00,13.20,5.61,13.90,7.97,16.90,14.10
2026-04-12 18:19:44,10000.00,13.20,5.76,13.90,8.08,16.80,14.10
2026-04-12 18:19:44,10000.00,13.10,5.79,13.90,8.02,16.80,14.10
2026-04-12 18:19:45,10000.00,13.20,5.81,13.90,8.32,16.90,14.00
2026-04-12 18:19:45,10000.00,13.10,5.75,13.90,8.16,16.90,14.10
2026-04-12 18:19:46,10000.00,13.20,5.78,13.90,8.18,17.00,14.10
2026-04-12 18:19:46,10000.00,13.20,5.77,13.90,8.03,16.80,14.10
2026-04-12 18:19:46,10000.00,13.20,5.76,13.90,8.32,16.90,14.00
2026-04-12 18:19:47,10000.00,13.10,5.81,13.90,8.01,16.90,14.10
2026-04-12 18:19:47,10000.00,13.20,5.76,13.90,7.97,16.80,14.10
2026-04-12 18:19:47,10000.00,13.20,5.77,13.90,8.01,17.10,14.10
2026-04-12 18:19:48,10000.00,13.20,5.80,13.90,8.03,16.90,14.10
2026-04-12 18:19:48,10000.00,13.20,5.73,13.90,8.11,17.10,14.10
2026-04-12 18:19:48,10000.00,13.20,5.73,13.90,8.22,17.10,14.10
2026-04-12 18:19:49,10000.00,13.20,5.70,13.90,8.08,16.70,14.00
2026-04-12 18:19:49,10000.00,13.10,5.67,13.90,8.09,16.80,14.10
2026-04-12 18:19:50,10000.00,13.20,5.73,13.90,8.10,17.00,14.10
2026-04-12 18:19:50,10000.00,13.20,5.77,13.90,8.02,16.90,14.10
2026-04-12 18:19:50,10000.00,13.20,5.78,13.90,8.02,16.80,14.10
2026-04-12 18:19:51,10000.00,13.20,5.70,13.90,7.99,17.00,14.10
2026-04-12 18:19:51,10000.00,13.20,5.72,13.90,8.08,17.00,14.10
2026-04-12 18:19:51,10000.00,13.20,5.72,13.90,8.20,16.70,14.00
2026-04-12 18:19:52,10000.00,13.10,5.83,13.90,8.01,17.00,14.10
2026-04-12 18:19:52,10000.00,13.20,5.75,13.90,8.43,16.80,14.00
2026-04-12 18:19:52,10000.00,13.10,5.83,13.90,8.11,17.00,14.10
2026-04-12 18:19:53,10000.00,13.20,5.77,13.90,8.07,16.80,14.10
2026-04-12 18:19:53,10000.00,13.20,5.78,13.90,8.09,17.00,14.10
2026-04-12 18:19:54,10000.00,13.20,5.77,13.90,8.04,16.70,14.10
2026-04-12 18:19:54,10000.00,13.20,5.80,13.90,8.02,16.90,14.10
2026-04-12 18:19:54,10000.00,13.20,5.67,13.90,7.98,16.80,14.20
2026-04-12 18:19:55,10000.00,13.30,5.74,13.90,8.37,16.80,14.00
2026-04-12 18:19:55,10000.00,13.10,5.75,13.90,8.12,16.70,14.10
2026-04-12 18:19:55,10000.00,13.20,5.80,13.90,8.00,17.00,14.10
2026-04-12 18:19:56,10000.00,13.20,5.71,13.90,8.14,17.00,14.10
2026-04-12 18:19:56,10000.00,13.20,5.74,13.90,8.05,17.10,14.10
2026-04-12 18:19:56,10000.00,13.20,5.76,13.90,8.11,17.00,14.10
2026-04-12 18:19:57,10000.00,13.20,5.76,13.90,8.05,16.90,14.10
2026-04-12 18:19:57,10000.00,13.20,5.62,13.90,8.07,16.90,14.20
2026-04-12 18:19:58,10000.00,13.30,5.71,13.90,8.01,16.90,14.10
2026-04-12 18:19:58,10000.00,13.20,5.77,13.90,8.04,16.90,14.10
2026-04-12 18:19:58,10000.00,13.20,5.77,13.90,8.45,16.70,14.00
2026-04-12 18:19:59,10000.00,13.10,5.80,13.90,8.25,17.00,14.10
2026-04-12 18:19:59,10000.00,13.20,5.77,13.90,8.00,17.00,14.10
2026-04-12 18:19:59,10000.00,13.20,5.69,13.90,8.05,16.90,14.20
2026-04-12 18:20:00,10000.00,13.20,5.76,13.90,8.03,16.80,14.00
2026-04-12 18:20:00,10000.00,13.10,5.86,13.90,8.03,17.00,14.10
2026-04-12 18:20:00,10000.00,13.20,5.78,13.90,8.01,16.80,14.10
2026-04-12 18:20:01,10000.00,13.20,5.76,13.90,8.00,17.00,14.10
2026-04-12 18:20:01,10000.00,13.20,5.74,13.90,8.06,17.00,14.10
2026-04-12 18:20:01,10000.00,13.20,5.70,13.90,8.38,16.60,14.00
2026-04-12 18:20:02,10000.00,13.10,5.76,13.90,8.05,16.90,14.10
2026-04-12 18:20:02,10000.00,13.20,5.70,13.90,8.19,17.00,14.10
2026-04-12 18:20:03,10000.00,13.20,5.80,13.90,8.18,16.80,14.10
2026-04-12 18:20:03,10000.00,13.20,5.76,13.90,8.07,16.90,14.10
2026-04-12 18:20:03,10000.00,13.20,5.76,13.90,8.06,17.00,14.10
2026-04-12 18:20:04,10000.00,13.20,5.66,13.90,8.12,17.00,14.20
2026-04-12 18:20:04,10000.00,13.20,5.73,13.90,8.05,16.60,14.10
2026-04-12 18:20:04,10000.00,13.20,5.66,13.90,7.93,16.80,14.20
2026-04-12 18:20:05,10000.00,13.30,5.74,13.90,8.26,16.80,14.10
2026-04-12 18:20:05,10000.00,13.10,5.84,13.90,8.35,17.00,14.10
2026-04-12 18:20:05,10000.00,13.20,5.75,13.90,8.20,16.90,14.10
2026-04-12 18:20:06,10000.00,13.20,5.79,13.90,8.15,16.90,14.10
2026-04-12 18:20:06,10000.00,13.20,5.73,13.90,8.10,16.90,14.10
2026-04-12 18:20:07,10000.00,13.20,5.75,13.90,8.02,16.80,14.10
2026-04-12 18:20:07,10000.00,13.20,5.78,13.90,8.10,17.10,14.10
2026-04-12 18:20:07,10000.00,13.20,5.72,13.90,8.11,17.00,14.10
2026-04-12 18:20:08,10000.00,13.20,5.75,13.90,8.21,17.00,14.10
2026-04-12 18:20:08,10000.00,13.20,5.72,13.90,8.12,17.00,14.10
2026-04-12 18:20:08,10000.00,13.20,5.72,13.90,8.18,16.90,14.00
2026-04-12 18:20:09,10000.00,13.10,5.76,13.90,8.05,16.90,14.10
2026-04-12 18:20:09,10000.00,13.20,5.69,13.90,8.11,17.00,14.10
2026-04-12 18:20:10,10000.00,13.20,5.59,13.90,7.97,16.90,14.00
2026-04-12 18:20:10,10000.00,13.20,5.73,13.90,8.00,16.90,14.10
2026-04-12 18:20:10,10000.00,13.20,5.67,13.90,7.97,16.80,14.10
2026-04-12 18:20:11,10000.00,13.30,5.71,13.90,8.03,17.00,14.10
2026-04-12 18:20:11,10000.00,13.20,5.70,13.90,8.15,16.90,14.00
2026-04-12 18:20:11,10000.00,13.10,5.80,13.90,8.44,16.90,14.00
2026-04-12 18:20:12,10000.00,13.10,5.79,13.90,8.28,16.90,14.10
2026-04-12 18:20:12,10000.00,13.20,5.79,13.90,8.26,16.80,14.10
2026-04-12 18:20:12,10000.00,13.20,5.77,13.90,8.23,16.90,14.10
2026-04-12 18:20:13,10000.00,13.20,5.75,13.90,8.14,17.10,14.10
2026-04-12 18:20:13,10000.00,13.20,5.78,13.90,8.03,16.80,14.10
2026-04-12 18:20:14,10000.00,13.20,5.81,13.90,8.10,17.00,14.10
2026-04-12 18:20:14,10000.00,13.20,5.78,13.90,8.07,16.90,14.10
2026-04-12 18:20:14,10000.00,13.20,5.74,13.90,8.06,17.00,14.10
2026-04-12 18:20:15,10000.00,13.20,5.71,13.90,8.07,16.70,14.10
2026-04-12 18:20:15,10000.00,13.20,5.71,13.90,7.99,16.80,14.10
2026-04-12 18:20:15,10000.00,13.30,5.68,13.90,8.27,16.90,14.00
2026-04-12 18:20:16,10000.00,13.10,5.82,13.90,8.16,16.80,14.10
2026-04-12 18:20:16,10000.00,13.20,5.74,13.90,8.03,16.70,14.10
2026-04-12 18:20:16,10000.00,13.20,5.73,13.90,8.12,17.00,14.10
2026-04-12 18:20:17,10000.00,13.20,5.76,13.90,8.07,17.00,14.10
2026-04-12 18:20:17,10000.00,13.20,5.71,13.90,8.05,17.00,14.10
2026-04-12 18:20:18,10000.00,13.20,5.72,13.90,8.28,16.90,14.00
2026-04-12 18:20:18,10000.00,13.10,5.81,13.90,8.51,17.00,14.00
2026-04-12 18:20:18,10000.00,13.10,5.87,13.90,8.40,17.00,14.10
2026-04-12 18:20:19,10000.00,13.20,5.78,13.90,8.25,16.90,14.10
2026-04-12 18:20:19,10000.00,13.20,5.80,13.90,8.17,17.10,14.10
2026-04-12 18:20:19,10000.00,13.20,5.75,13.90,8.10,17.00,14.10
2026-04-12 18:20:20,10000.00,13.20,5.67,13.90,8.04,16.80,14.10
2026-04-12 18:20:20,10000.00,13.20,5.75,13.90,8.04,17.00,14.10
2026-04-12 18:20:20,10000.00,13.20,5.68,13.90,7.98,16.70,14.10
2026-04-12 18:20:21,10000.00,13.20,5.73,13.90,8.05,17.00,14.10
2026-04-12 18:20:21,10000.00,13.20,5.70,13.90,8.24,16.80,14.10
2026-04-12 18:20:22,10000.00,13.20,5.76,13.90,8.23,17.00,14.10
2026-04-12 18:20:22,10000.00,13.20,5.77,13.90,8.07,17.00,14.10
2026-04-12 18:20:22,10000.00,13.20,5.65,13.90,7.97,16.90,14.10
2026-04-12 18:20:23,10000.00,13.20,5.72,13.90,8.15,17.00,14.10
2026-04-12 18:20:23,10000.00,13.20,5.77,13.90,8.01,16.90,14.10
2026-04-12 18:20:23,10000.00,13.20,5.78,13.90,8.09,16.70,14.10
2026-04-12 18:20:24,10000.00,13.20,5.72,13.90,8.07,16.90,14.10
2026-04-12 18:20:24,10000.00,13.20,5.73,13.90,8.00,16.60,14.10
2026-04-12 18:20:24,10000.00,13.20,5.73,13.90,8.20,17.00,14.10
2026-04-12 18:20:25,10000.00,13.20,5.69,13.90,8.32,16.80,14.00
2026-04-12 18:20:25,10000.00,13.10,5.77,13.90,8.13,17.10,14.10
2026-04-12 18:20:26,10000.00,13.20,5.73,13.90,8.13,17.00,14.10
2026-04-12 18:20:26,10000.00,13.20,5.68,13.90,8.28,16.70,14.00
2026-04-12 18:20:26,10000.00,13.10,5.68,13.90,7.98,16.80,14.10
2026-04-12 18:20:27,10000.00,13.20,5.67,13.90,8.12,16.70,14.10
2026-04-12 18:20:27,10000.00,13.10,5.70,13.90,8.04,16.90,14.10
2026-04-12 18:20:27,10000.00,13.20,5.78,13.90,8.02,16.90,14.10
2026-04-12 18:20:28,10000.00,13.20,5.83,13.90,8.22,17.00,14.00
2026-04-12 18:20:28,10000.00,13.10,5.83,13.90,8.04,16.90,14.10
2026-04-12 18:20:28,10000.00,13.20,5.79,13.90,8.06,16.90,14.10
2026-04-12 18:20:29,10000.00,13.20,5.68,13.90,8.23,16.80,14.00
2026-04-12 18:20:29,10000.00,13.10,5.83,13.90,8.22,16.90,14.10
2026-04-12 18:20:30,10000.00,13.20,5.76,13.90,8.22,16.90,14.10
2026-04-12 18:20:30,10000.00,13.20,5.80,13.90,8.03,17.00,14.10
2026-04-12 18:20:30,10000.00,13.20,5.75,13.90,8.01,16.80,14.10
2026-04-12 18:20:31,10000.00,13.20,5.75,13.90,8.00,17.00,14.10
2026-04-12 18:20:31,10000.00,13.20,5.79,13.90,8.02,16.90,14.10
2026-04-12 18:20:31,10000.00,13.20,5.72,13.90,8.05,16.90,14.10
2026-04-12 18:20:32,10000.00,13.20,5.62,13.90,8.06,16.90,14.20
2026-04-12 18:20:32,10000.00,13.30,5.75,13.90,8.35,16.90,14.00
2026-04-12 18:20:32,10000.00,13.10,5.78,13.90,8.03,16.90,14.10
2026-04-12 18:20:33,10000.00,13.20,5.75,13.90,8.01,16.90,14.10
2026-04-12 18:20:33,10000.00,13.20,5.74,13.90,8.11,17.00,14.10
2026-04-12 18:20:34,10000.00,13.20,5.77,13.90,8.12,16.80,14.10
2026-04-12 18:20:34,10000.00,13.20,5.76,13.90,8.02,16.80,14.20
2026-04-12 18:20:34,10000.00,13.20,5.76,13.90,8.03,16.80,14.10
2026-04-12 18:20:35,10000.00,13.20,5.73,13.90,8.21,16.80,14.00
2026-04-12 18:20:35,10000.00,13.10,5.79,13.90,8.05,16.90,14.10
2026-04-12 18:20:35,10000.00,13.20,5.76,13.90,8.09,16.80,14.20
2026-04-12 18:20:36,10000.00,13.20,5.70,13.90,8.27,16.90,14.00
2026-04-12 18:20:36,10000.00,13.10,5.77,13.90,8.20,16.90,14.10
2026-04-12 18:20:36,10000.00,13.20,5.78,13.90,8.10,16.90,14.10
2026-04-12 18:20:37,10000.00,13.20,5.71,13.90,7.98,16.70,14.00
2026-04-12 18:20:37,10000.00,13.20,5.67,13.90,8.02,16.60,14.00
2026-04-12 18:20:38,10000.00,13.20,5.62,13.90,8.03,16.80,14.10
2026-04-12 18:20:38,10000.00,13.20,5.71,13.90,7.99,16.80,14.10
2026-04-12 18:20:38,10000.00,13.20,5.70,13.90,8.17,16.70,14.00
2026-04-12 18:20:39,10000.00,13.10,5.84,13.90,8.18,16.90,14.10
2026-04-12 18:20:39,10000.00,13.20,5.76,13.90,8.26,16.80,14.10
2026-04-12 18:20:39,10000.00,13.20,5.63,13.90,8.08,16.80,14.10
2026-04-12 18:20:40,10000.00,13.20,5.71,13.90,8.02,16.60,14.10
2026-04-12 18:20:40,10000.00,13.20,5.76,13.90,8.02,16.70,14.10
2026-04-12 18:20:40,10000.00,13.20,5.69,13.90,8.08,17.00,14.10
2026-04-12 18:20:41,10000.00,13.20,5.72,13.90,8.04,16.90,14.10
2026-04-12 18:20:41,10000.00,13.20,5.74,13.90,8.38,16.90,14.00
2026-04-12 18:20:42,10000.00,13.10,5.77,13.90,8.35,16.80,14.10
2026-04-12 18:20:42,10000.00,13.20,5.85,13.90,8.02,16.90,14.10
2026-04-12 18:20:42,10000.00,13.20,5.75,13.90,8.17,16.90,14.10
2026-04-12 18:20:43,10000.00,13.20,5.70,13.90,8.35,16.70,14.00
2026-04-12 18:20:43,10000.00,13.10,5.83,13.90,8.10,16.90,14.10
2026-04-12 18:20:43,10000.00,13.20,5.78,13.90,8.05,16.90,14.10
2026-04-12 18:20:44,10000.00,13.20,5.73,13.90,8.16,16.90,14.10
2026-04-12 18:20:44,10000.00,13.20,5.76,13.90,7.99,16.80,14.10
2026-04-12 18:20:44,10000.00,13.20,5.78,13.90,8.31,16.80,14.00
2026-04-12 18:20:45,10000.00,13.10,5.84,13.90,8.31,16.90,14.10
2026-04-12 18:20:45,10000.00,13.20,5.75,13.90,8.27,17.00,14.10
2026-04-12 18:20:46,10000.00,13.20,5.76,13.90,8.20,17.10,14.10
2026-04-12 18:20:46,10000.00,13.20,5.78,13.90,8.10,16.90,14.10
2026-04-12 18:20:46,10000.00,13.20,5.80,13.90,8.03,16.60,14.10
2026-04-12 18:20:47,10000.00,13.20,5.70,13.90,8.06,16.90,14.10
2026-04-12 18:20:47,10000.00,13.20,5.73,13.90,8.08,16.90,14.10
2026-04-12 18:20:47,10000.00,13.20,5.69,13.90,8.06,17.00,14.10
2026-04-12 18:20:48,10000.00,13.20,5.71,13.90,8.05,16.70,14.10
2026-04-12 18:20:48,10000.00,13.20,5.72,13.90,8.14,16.80,14.10
2026-04-12 18:20:48,10000.00,13.20,5.61,13.90,8.07,16.80,14.20
2026-04-12 18:20:49,10000.00,13.20,5.77,13.90,8.07,16.60,14.00
2026-04-12 18:20:49,10000.00,13.10,5.81,13.90,8.23,16.90,14.10
2026-04-12 18:20:50,10000.00,13.20,5.81,13.90,8.09,17.00,14.10
2026-04-12 18:20:50,10000.00,13.20,5.81,13.90,8.08,16.90,14.10
2026-04-12 18:20:50,10000.00,13.20,5.75,13.90,8.03,17.00,14.10
2026-04-12 18:20:51,10000.00,13.20,5.75,13.90,8.02,16.80,14.10
2026-04-12 18:20:51,10000.00,13.20,5.78,13.90,8.01,16.60,14.10
2026-04-12 18:20:51,10000.00,13.20,5.74,13.90,8.40,16.90,14.10
2026-04-12 18:20:52,10000.00,13.20,5.74,13.90,8.22,17.00,14.10
2026-04-12 18:20:52,10000.00,13.20,5.72,13.90,8.21,17.00,14.10
2026-04-12 18:20:52,10000.00,13.20,5.76,13.90,8.42,16.80,14.00
2026-04-12 18:20:53,10000.00,13.10,5.76,13.90,8.03,16.80,14.10
2026-04-12 18:20:53,10000.00,13.20,5.78,13.90,8.06,17.00,14.10
2026-04-12 18:20:54,10000.00,13.20,5.69,13.90,7.90,16.60,14.00
2026-04-12 18:20:54,10000.00,13.20,5.65,13.90,7.89,16.80,14.10
2026-04-12 18:20:54,10000.00,13.20,5.59,13.90,7.90,16.50,14.10
2026-04-12 18:20:55,10000.00,13.20,5.68,13.90,8.17,16.70,14.00
2026-04-12 18:20:55,10000.00,13.20,5.63,13.90,8.11,16.80,14.10
2026-04-12 18:20:55,10000.00,13.20,5.62,13.90,7.95,16.80,14.10
2026-04-12 18:20:56,10000.00,13.30,5.69,13.90,8.13,16.70,14.00
2026-04-12 18:20:56,10000.00,13.10,5.74,13.90,8.05,16.80,14.10
2026-04-12 18:20:56,10000.00,13.20,5.78,13.90,8.23,16.90,14.10
2026-04-12 18:20:57,10000.00,13.20,5.72,13.90,8.02,16.90,14.10
2026-04-12 18:20:57,10000.00,13.20,5.72,13.90,8.04,16.80,14.10
2026-04-12 18:20:58,10000.00,13.20,5.77,13.90,8.04,16.80,14.10
2026-04-12 18:20:58,10000.00,13.20,5.77,13.90,8.34,16.70,14.00
2026-04-12 18:20:58,10000.00,13.10,5.79,13.90,8.02,16.70,14.00
2026-04-12 18:20:59,10000.00,13.10,5.80,13.90,8.37,16.80,14.00
2026-04-12 18:20:59,10000.00,13.10,5.83,13.90,8.07,16.90,14.10
2026-04-12 18:20:59,10000.00,13.10,5.80,13.90,8.16,16.90,14.10
2026-04-12 18:21:00,10000.00,13.20,5.78,13.90,8.24,16.70,14.10
2026-04-12 18:21:00,10000.00,13.20,5.69,13.90,8.03,16.50,14.00
2026-04-12 18:21:00,10000.00,13.20,5.65,13.90,7.91,16.80,14.10
2026-04-12 18:21:01,10000.00,13.20,5.51,13.90,7.96,16.80,14.20
2026-04-12 18:21:01,10000.00,13.30,5.71,13.90,8.16,16.90,14.00
2026-04-12 18:21:02,10000.00,13.10,5.77,13.90,8.07,16.80,14.10
2026-04-12 18:21:02,10000.00,13.20,5.81,13.90,8.09,16.90,14.10
2026-04-12 18:21:02,10000.00,13.20,5.77,13.90,8.26,16.80,14.00
2026-04-12 18:21:03,10000.00,13.10,5.77,13.90,8.34,16.80,14.10
2026-04-12 18:21:03,10000.00,13.10,5.82,13.90,8.08,16.90,14.10
2026-04-12 18:21:03,10000.00,13.20,5.74,13.90,8.01,16.90,14.10
2026-04-12 18:21:04,10000.00,13.20,5.71,13.90,8.03,16.90,14.10
2026-04-12 18:21:04,10000.00,13.20,5.75,13.90,8.28,16.90,14.00
2026-04-12 18:21:04,10000.00,13.10,5.68,13.90,8.03,16.90,14.10
2026-04-12 18:21:05,20000.00,13.10,5.69,13.80,8.10,16.70,14.00
2026-04-12 18:21:05,20000.00,9.40,5.70,13.80,7.98,17.00,14.00
2026-04-12 18:21:06,20000.00,13.10,5.75,13.80,8.09,16.90,14.00
2026-04-12 18:21:06,20000.00,13.10,5.67,13.80,7.93,16.50,13.90
2026-04-12 18:21:06,20000.00,13.00,5.65,13.80,7.98,16.40,14.00
2026-04-12 18:21:07,20000.00,13.10,5.70,13.80,8.02,16.80,14.00
2026-04-12 18:21:07,20000.00,13.10,5.60,13.80,8.02,16.80,14.00
2026-04-12 18:21:07,20000.00,13.10,5.68,13.80,7.96,16.80,14.00
2026-04-12 18:21:08,20000.00,13.10,5.76,13.80,8.16,16.70,13.90
2026-04-12 18:21:08,20000.00,13.00,5.75,13.80,8.09,17.00,13.90
2026-04-12 18:21:08,20000.00,13.10,5.73,13.80,8.36,16.70,13.90
2026-04-12 18:21:09,20000.00,13.00,5.85,13.80,8.09,16.90,13.90
2026-04-12 18:21:09,20000.00,13.10,5.78,13.80,7.99,16.70,13.90
2026-04-12 18:21:10,20000.00,13.10,5.73,13.80,8.00,16.90,14.00
2026-04-12 18:21:10,20000.00,13.10,5.68,13.80,7.98,16.80,14.00
2026-04-12 18:21:10,20000.00,13.10,5.70,13.80,7.93,16.80,14.00
2026-04-12 18:21:11,20000.00,13.10,5.75,13.80,8.02,17.00,14.00
2026-04-12 18:21:11,20000.00,13.10,5.73,13.80,8.05,17.00,14.00
2026-04-12 18:21:11,20000.00,13.10,5.59,13.80,7.97,16.60,14.00
2026-04-12 18:21:12,20000.00,13.20,5.69,13.80,8.02,16.90,14.00
2026-04-12 18:21:12,20000.00,13.10,5.69,13.80,7.96,16.80,14.00
2026-04-12 18:21:12,20000.00,13.10,5.72,13.80,7.96,16.70,14.00
2026-04-12 18:21:13,20000.00,13.10,5.73,13.80,7.95,16.90,14.00
2026-04-12 18:21:13,20000.00,13.10,5.73,13.80,8.13,17.00,14.00
2026-04-12 18:21:14,20000.00,13.10,5.67,13.80,7.97,16.80,14.00
2026-04-12 18:21:14,20000.00,13.10,5.68,13.80,7.97,16.80,13.90
2026-04-12 18:21:14,20000.00,13.00,5.76,13.80,7.93,17.00,14.00
2026-04-12 18:21:15,20000.00,13.10,5.72,13.80,7.95,17.00,14.00
2026-04-12 18:21:15,20000.00,13.10,5.75,13.80,8.00,16.80,14.00
2026-04-12 18:21:15,20000.00,13.10,5.68,13.80,7.94,16.90,14.00
2026-04-12 18:21:16,20000.00,13.10,5.73,13.80,7.97,16.90,14.00
2026-04-12 18:21:16,20000.00,13.10,5.77,13.80,7.98,16.80,14.00
2026-04-12 18:21:16,20000.00,13.10,5.61,13.80,7.93,16.90,14.00
2026-04-12 18:21:17,20000.00,13.20,5.69,13.80,7.97,16.80,14.00
2026-04-12 18:21:17,20000.00,13.20,5.66,13.80,8.08,16.90,14.00
2026-04-12 18:21:18,20000.00,13.10,5.71,13.80,7.97,16.90,14.00
2026-04-12 18:21:18,20000.00,13.10,5.71,13.80,7.96,16.60,14.00
2026-04-12 18:21:18,20000.00,13.10,5.70,13.80,7.92,16.90,14.00
2026-04-12 18:21:19,20000.00,13.10,5.72,13.80,8.02,16.80,14.00
2026-04-12 18:21:19,20000.00,13.10,5.69,13.80,7.96,16.60,14.00
2026-04-12 18:21:19,20000.00,13.20,5.70,13.80,8.00,16.90,14.00
2026-04-12 18:21:20,20000.00,13.10,5.68,13.80,8.21,16.60,13.90
2026-04-12 18:21:20,20000.00,13.00,5.74,13.80,8.03,16.90,13.90
2026-04-12 18:21:20,20000.00,13.10,5.72,13.80,8.25,16.70,13.90
2026-04-12 18:21:21,20000.00,13.00,5.81,13.80,7.98,16.80,13.90
2026-04-12 18:21:21,20000.00,13.10,5.75,13.80,8.00,16.90,13.90
2026-04-12 18:21:22,20000.00,13.10,5.57,13.80,7.99,16.70,14.00
2026-04-12 18:21:22,20000.00,13.10,5.69,13.80,7.96,16.80,14.00
2026-04-12 18:21:22,20000.00,13.10,5.74,13.80,7.98,16.50,13.90
2026-04-12 18:21:23,20000.00,13.00,5.76,13.80,8.18,16.90,14.00
2026-04-12 18:21:23,20000.00,13.10,5.64,13.80,8.10,16.70,14.00
2026-04-12 18:21:23,20000.00,13.10,5.78,13.80,7.94,16.90,14.00
2026-04-12 18:21:24,20000.00,13.10,5.75,13.80,8.15,16.60,13.90
2026-04-12 18:21:24,20000.00,13.00,5.85,13.80,8.05,16.70,13.90
2026-04-12 18:21:24,20000.00,13.10,5.70,13.80,7.94,16.80,14.00
2026-04-12 18:21:25,20000.00,13.10,5.70,13.80,7.94,16.80,14.00
2026-04-12 18:21:25,20000.00,13.10,5.74,13.80,7.98,16.80,14.00
2026-04-12 18:21:26,20000.00,13.10,5.76,13.80,8.11,16.80,14.00
2026-04-12 18:21:26,20000.00,13.10,5.72,13.80,8.10,16.70,14.00
2026-04-12 18:21:26,20000.00,13.10,5.75,13.80,7.97,16.90,14.00
2026-04-12 18:21:27,20000.00,13.10,5.61,13.80,7.90,16.80,14.00
2026-04-12 18:21:27,20000.00,13.20,5.70,13.80,7.96,16.90,14.00
2026-04-12 18:21:27,20000.00,13.10,5.70,13.80,7.91,16.80,14.00
2026-04-12 18:21:28,20000.00,13.10,5.66,13.80,7.95,17.00,14.00
2026-04-12 18:21:28,20000.00,13.10,5.68,13.80,7.91,16.70,14.00
2026-04-12 18:21:29,20000.00,13.10,5.71,13.80,8.15,16.90,14.00
2026-04-12 18:21:29,20000.00,13.10,5.72,13.80,8.18,16.80,13.90
2026-04-12 18:21:29,20000.00,13.00,5.73,13.80,8.07,16.70,14.00
2026-04-12 18:21:30,20000.00,13.10,5.76,13.80,8.00,16.60,14.00
2026-04-12 18:21:30,20000.00,13.10,5.73,13.80,8.03,16.90,14.00
2026-04-12 18:21:30,20000.00,13.10,5.72,13.80,7.99,16.80,14.00
2026-04-12 18:21:31,20000.00,13.10,5.69,13.80,7.91,16.80,14.00
2026-04-12 18:21:31,20000.00,13.10,5.70,13.80,7.95,16.90,14.00
2026-04-12 18:21:31,20000.00,13.10,5.68,13.80,8.07,16.80,14.00
2026-04-12 18:21:32,20000.00,13.10,5.63,13.80,7.98,16.70,14.00
2026-04-12 18:21:32,20000.00,13.10,5.70,13.80,8.03,16.80,13.90
2026-04-12 18:21:32,20000.00,13.00,5.78,13.80,7.93,16.70,13.90
2026-04-12 18:21:33,20000.00,13.10,5.71,13.80,8.10,16.70,14.00
2026-04-12 18:21:33,20000.00,13.10,5.76,13.80,7.92,16.60,14.00
2026-04-12 18:21:34,20000.00,13.10,5.75,13.80,8.13,16.90,14.00
2026-04-12 18:21:34,20000.00,13.10,5.72,13.80,7.96,16.70,14.00
2026-04-12 18:21:34,20000.00,13.10,5.67,13.80,8.10,16.80,14.00
2026-04-12 18:21:35,20000.00,13.10,5.69,13.80,8.38,16.60,13.90
2026-04-12 18:21:35,20000.00,13.00,5.83,13.80,8.40,16.90,13.90
2026-04-12 18:21:35,20000.00,13.10,5.73,13.80,7.97,16.50,13.90
2026-04-12 18:21:36,20000.00,13.10,5.74,13.80,8.25,16.80,14.00
2026-04-12 18:21:36,20000.00,13.10,5.74,13.80,7.96,16.90,14.00
2026-04-12 18:21:37,20000.00,13.10,5.76,13.80,8.03,16.80,14.00
2026-04-12 18:21:37,20000.00,13.10,5.68,13.80,7.96,16.80,14.00
2026-04-12 18:21:37,20000.00,13.10,5.76,13.80,8.10,16.90,14.00
2026-04-12 18:21:38,20000.00,13.10,5.63,13.80,7.95,16.90,14.00
2026-04-12 18:21:38,20000.00,13.20,5.66,13.80,8.07,16.60,14.00
2026-04-12 18:21:38,20000.00,13.00,5.73,13.80,8.05,16.90,14.00
2026-04-12 18:21:39,20000.00,13.10,5.74,13.80,8.22,16.60,13.90
2026-04-12 18:21:39,20000.00,13.00,5.76,13.80,8.11,16.80,13.90
2026-04-12 18:21:39,20000.00,13.10,5.73,13.80,7.97,16.80,14.00
2026-04-12 18:21:40,20000.00,13.10,5.79,13.80,7.94,16.90,14.00
2026-04-12 18:21:40,20000.00,13.10,5.72,13.80,8.41,16.70,13.90
2026-04-12 18:21:40,20000.00,13.00,5.80,13.80,8.16,16.80,13.90
2026-04-12 18:21:41,20000.00,13.10,5.74,13.80,8.11,16.80,13.90
2026-04-12 18:21:41,20000.00,13.10,5.79,13.80,8.11,16.70,14.00
2026-04-12 18:21:42,20000.00,13.10,5.73,13.80,8.10,16.90,14.00
2026-04-12 18:21:42,20000.00,13.10,5.67,13.80,7.93,16.60,13.90
2026-04-12 18:21:42,20000.00,13.10,5.59,13.80,7.91,16.80,14.00
2026-04-12 18:21:43,20000.00,13.10,5.65,13.80,7.90,16.80,14.00
2026-04-12 18:21:43,20000.00,13.20,5.63,13.80,8.00,16.70,13.90
2026-04-12 18:21:43,20000.00,13.00,5.72,13.80,8.03,16.90,13.90
2026-04-12 18:21:44,20000.00,13.10,5.72,13.80,7.94,16.70,14.00
2026-04-12 18:21:44,20000.00,13.10,5.71,13.80,7.93,16.80,14.00
2026-04-12 18:21:44,20000.00,13.10,5.72,13.80,8.11,16.70,13.90
2026-04-12 18:21:45,20000.00,13.00,5.72,13.80,8.14,16.80,14.00
2026-04-12 18:21:45,20000.00,13.10,5.72,13.80,7.95,16.70,14.00
2026-04-12 18:21:46,20000.00,13.10,5.71,13.80,7.98,16.60,14.00
2026-04-12 18:21:46,20000.00,13.10,5.76,13.80,8.19,16.80,13.90
2026-04-12 18:21:46,20000.00,13.00,5.74,13.80,7.93,16.60,13.90
2026-04-12 18:21:47,20000.00,13.00,5.79,13.80,8.36,16.80,13.90
2026-04-12 18:21:47,20000.00,13.10,5.73,13.80,8.03,16.90,14.00
2026-04-12 18:21:47,20000.00,13.10,5.65,13.80,8.04,16.80,14.00
2026-04-12 18:21:48,20000.00,13.10,5.70,13.80,8.00,16.90,14.00
2026-04-12 18:21:48,20000.00,13.10,5.76,13.80,7.92,16.90,14.00
2026-04-12 18:21:48,20000.00,13.10,5.67,13.80,7.94,16.80,14.00
2026-04-12 18:21:49,20000.00,13.10,5.73,13.80,7.94,16.90,14.00
2026-04-12 18:21:49,20000.00,13.10,5.73,13.80,8.19,16.80,13.90
2026-04-12 18:21:50,20000.00,13.00,5.77,13.80,8.16,16.90,13.90
2026-04-12 18:21:50,20000.00,13.10,5.72,13.80,7.98,16.70,13.90
2026-04-12 18:21:50,20000.00,13.10,5.78,13.80,8.04,16.80,13.90
2026-04-12 18:21:51,20000.00,13.10,5.78,13.80,8.04,16.80,14.00
2026-04-12 18:21:51,20000.00,13.10,5.73,13.80,7.92,16.80,14.00
2026-04-12 18:21:51,20000.00,13.10,5.76,13.80,7.97,16.90,14.00
2026-04-12 18:21:52,20000.00,13.10,5.70,13.80,8.31,16.60,13.90
2026-04-12 18:21:52,20000.00,13.00,5.78,13.80,7.95,16.80,13.90
2026-04-12 18:21:53,20000.00,13.10,5.59,13.80,7.96,16.40,13.90
2026-04-12 18:21:53,20000.00,13.10,5.70,13.80,8.14,16.50,13.90
2026-04-12 18:21:53,20000.00,13.00,5.67,13.80,8.22,16.80,14.00
2026-04-12 18:21:54,20000.00,13.10,5.73,13.80,8.13,16.90,14.00
2026-04-12 18:21:54,20000.00,13.10,5.66,13.80,7.98,16.80,14.00
2026-04-12 18:21:54,20000.00,13.10,5.72,13.80,7.95,16.80,14.00
2026-04-12 18:21:55,20000.00,13.10,5.75,13.80,7.93,16.50,14.00
2026-04-12 18:21:55,20000.00,13.20,5.69,13.80,7.89,16.80,14.00
2026-04-12 18:21:55,20000.00,13.10,5.72,13.80,8.01,16.90,14.00
2026-04-12 18:21:56,20000.00,13.10,5.67,13.80,8.03,16.90,14.00
2026-04-12 18:21:56,20000.00,13.10,5.76,13.80,8.05,16.90,13.90
2026-04-12 18:21:57,20000.00,13.00,5.82,13.80,7.99,16.80,13.90
2026-04-12 18:21:57,20000.00,13.10,5.76,13.80,7.90,16.80,13.90
2026-04-12 18:21:57,20000.00,13.10,5.68,13.80,7.94,16.70,14.00
2026-04-12 18:21:58,20000.00,13.20,5.71,13.80,8.03,16.80,14.00
2026-04-12 18:21:58,20000.00,13.10,5.73,13.80,7.94,16.70,14.00
2026-04-12 18:21:58,20000.00,13.10,5.57,13.80,7.95,16.60,14.00
2026-04-12 18:21:59,20000.00,13.20,5.73,13.80,8.15,16.70,13.90
2026-04-12 18:21:59,20000.00,13.00,5.75,13.80,7.96,16.50,14.00
2026-04-12 18:21:59,20000.00,13.10,5.75,13.80,7.99,16.80,14.00
2026-04-12 18:22:00,20000.00,13.10,5.74,13.80,8.01,16.90,14.00
2026-04-12 18:22:00,20000.00,13.10,5.75,13.80,8.08,16.80,14.00
2026-04-12 18:22:01,20000.00,13.10,5.72,13.80,7.90,16.60,14.00
2026-04-12 18:22:01,20000.00,13.10,5.77,13.80,8.24,16.50,13.90
2026-04-12 18:22:01,20000.00,13.00,5.83,13.80,7.96,16.80,13.90
2026-04-12 18:22:02,20000.00,13.10,5.70,13.80,8.10,16.90,13.90
2026-04-12 18:22:02,20000.00,13.10,5.72,13.80,8.04,16.80,14.00
2026-04-12 18:22:02,20000.00,13.10,5.71,13.70,7.95,16.90,14.00
2026-04-12 18:22:03,20000.00,13.10,5.76,13.80,7.90,16.80,14.00
2026-04-12 18:22:03,20000.00,13.10,5.68,13.70,7.96,16.90,14.00
2026-04-12 18:22:03,20000.00,13.10,5.66,13.80,7.93,16.90,14.00
2026-04-12 18:22:04,20000.00,13.10,5.67,13.80,8.01,16.80,14.00
2026-04-12 18:22:04,20000.00,13.10,5.78,13.80,8.19,16.80,13.90
2026-04-12 18:22:05,20000.00,13.00,5.80,13.80,8.06,16.80,13.90
2026-04-12 18:22:05,20000.00,13.10,5.74,13.80,8.13,16.90,13.90
2026-04-12 18:22:05,20000.00,13.10,5.73,13.80,7.99,16.70,14.00
2026-04-12 18:22:06,20000.00,13.10,5.71,13.80,7.93,16.90,14.00
2026-04-12 18:22:06,20000.00,13.10,5.77,13.80,8.00,16.70,14.00
2026-04-12 18:22:06,20000.00,13.10,5.69,13.80,7.99,16.70,14.00
2026-04-12 18:22:07,20000.00,13.10,5.76,13.80,8.17,16.90,13.90
2026-04-12 18:22:07,20000.00,13.00,5.76,13.80,7.93,16.30,13.90
2026-04-12 18:22:07,20000.00,13.00,5.75,13.80,8.14,16.70,13.90
2026-04-12 18:22:08,20000.00,13.10,5.69,13.80,8.08,16.80,13.90
2026-04-12 18:22:08,20000.00,13.10,5.76,13.80,7.97,16.80,13.90
2026-04-12 18:22:09,20000.00,13.10,5.63,13.80,8.01,16.60,13.90
2026-04-12 18:22:09,20000.00,13.10,5.70,13.80,7.98,16.80,14.00
2026-04-12 18:22:09,20000.00,13.10,5.72,13.80,8.02,16.60,14.00
2026-04-12 18:22:10,20000.00,13.10,5.73,13.80,8.07,16.70,13.90
2026-04-12 18:22:10,20000.00,13.00,5.72,13.80,8.01,16.70,13.90
2026-04-12 18:22:10,20000.00,13.10,5.72,13.80,7.95,16.80,14.00
2026-04-12 18:22:11,20000.00,13.10,5.71,13.80,8.08,16.70,14.00
2026-04-12 18:22:11,20000.00,13.10,5.70,13.80,8.06,16.80,14.00
2026-04-12 18:22:11,20000.00,13.10,5.78,13.80,7.90,16.70,14.00
2026-04-12 18:22:12,20000.00,13.10,5.71,13.80,7.92,16.80,14.00
2026-04-12 18:22:12,20000.00,13.10,5.74,13.80,7.94,16.90,14.00
2026-04-12 18:22:13,20000.00,13.10,5.76,13.80,8.11,16.90,14.00
2026-04-12 18:22:13,20000.00,13.10,5.74,13.80,8.08,16.80,14.00
2026-04-12 18:22:13,20000.00,13.10,5.64,13.80,8.05,16.80,14.00
2026-04-12 18:22:14,20000.00,13.10,5.70,13.80,8.05,16.80,13.90
2026-04-12 18:22:14,20000.00,13.00,5.71,13.80,8.01,16.60,14.00
2026-04-12 18:22:14,20000.00,13.10,5.75,13.80,7.96,16.60,14.00
2026-04-12 18:22:15,20000.00,13.10,5.72,13.80,7.96,16.90,14.00
2026-04-12 18:22:15,20000.00,13.10,5.70,13.80,8.21,16.80,13.90
2026-04-12 18:22:15,20000.00,13.00,5.79,13.80,8.00,16.90,13.90
2026-04-12 18:22:16,20000.00,13.10,5.80,13.80,7.97,16.80,14.00
2026-04-12 18:22:16,20000.00,13.10,5.72,13.80,8.12,16.80,14.00
2026-04-12 18:22:17,20000.00,13.10,5.77,13.80,8.08,16.90,14.00
2026-04-12 18:22:17,20000.00,13.10,5.75,13.80,8.04,16.70,14.00
2026-04-12 18:22:17,20000.00,13.10,5.74,13.80,7.97,16.90,14.00
2026-04-12 18:22:18,20000.00,13.10,5.76,13.80,7.95,16.70,13.90
2026-04-12 18:22:18,20000.00,13.00,5.73,13.80,7.96,16.80,14.00
2026-04-12 18:22:18,20000.00,13.10,5.75,13.80,8.11,16.80,14.00
2026-04-12 18:22:19,20000.00,13.10,5.78,13.80,8.07,16.70,14.00
2026-04-12 18:22:19,20000.00,13.10,5.69,13.80,7.99,16.80,14.00
2026-04-12 18:22:19,20000.00,13.10,5.72,13.80,8.19,16.70,13.90
2026-04-12 18:22:20,20000.00,13.00,5.70,13.80,7.97,16.90,13.90
2026-04-12 18:22:20,20000.00,13.10,5.72,13.80,7.94,16.50,13.90
2026-04-12 18:22:21,20000.00,13.10,5.78,13.80,7.95,16.80,13.90
2026-04-12 18:22:21,20000.00,13.10,5.76,13.80,8.24,16.80,13.90
2026-04-12 18:22:21,20000.00,13.00,5.81,13.80,8.17,16.50,13.90
2026-04-12 18:22:22,20000.00,13.10,5.74,13.80,8.12,16.80,13.90
2026-04-12 18:22:22,20000.00,13.10,5.78,13.80,8.03,16.80,13.90
2026-04-12 18:22:22,20000.00,13.10,5.66,13.80,8.04,16.80,14.00
2026-04-12 18:22:23,20000.00,13.10,5.70,13.80,8.01,16.80,13.90
2026-04-12 18:22:23,20000.00,13.10,5.72,13.80,8.03,16.90,14.00
2026-04-12 18:22:23,20000.00,13.10,5.74,13.80,8.01,16.90,14.00
2026-04-12 18:22:24,20000.00,13.10,5.64,13.80,7.99,16.70,14.00
2026-04-12 18:22:24,20000.00,13.20,5.65,13.80,7.94,16.70,14.00
2026-04-12 18:22:25,20000.00,13.20,5.67,13.80,7.91,16.80,13.90
2026-04-12 18:22:25,20000.00,13.00,5.75,13.80,8.03,16.50,14.00
2026-04-12 18:22:25,20000.00,13.20,5.71,13.80,8.00,16.80,13.90
2026-04-12 18:22:26,20000.00,13.00,5.79,13.80,7.96,16.80,13.90
2026-04-12 18:22:26,20000.00,13.10,5.75,13.80,7.92,16.90,13.90
2026-04-12 18:22:26,20000.00,13.10,5.74,13.80,7.96,16.70,13.90
2026-04-12 18:22:27,20000.00,13.10,5.77,13.80,7.97,16.50,14.00
2026-04-12 18:22:27,20000.00,13.10,5.77,13.80,8.02,16.80,13.90
2026-04-12 18:22:27,20000.00,13.10,5.79,13.80,8.06,16.80,14.00
2026-04-12 18:22:28,20000.00,13.10,5.64,13.80,8.18,16.80,14.00
2026-04-12 18:22:28,20000.00,13.10,5.77,13.70,8.08,16.90,14.00
2026-04-12 18:22:29,20000.00,13.10,5.71,13.80,7.95,16.80,14.00
2026-04-12 18:22:29,20000.00,13.10,5.70,13.80,7.97,16.90,14.00
2026-04-12 18:22:29,20000.00,13.10,5.62,13.80,7.91,16.80,14.00
2026-04-12 18:22:30,20000.00,13.20,5.67,13.80,8.14,16.70,13.90
2026-04-12 18:22:30,20000.00,13.00,5.74,13.80,8.21,16.80,13.90
2026-04-12 18:22:30,20000.00,13.10,5.74,13.80,7.99,16.50,14.00
2026-04-12 18:22:31,20000.00,13.10,5.74,13.80,7.96,16.80,14.00
2026-04-12 18:22:31,20000.00,13.10,5.71,13.80,7.94,16.80,14.00
2026-04-12 18:22:31,20000.00,13.10,5.67,13.80,7.91,16.90,14.00
2026-04-12 18:22:32,20000.00,13.10,5.72,13.70,7.96,16.80,14.00
2026-04-12 18:22:32,20000.00,13.10,5.77,13.70,7.94,16.70,14.00
2026-04-12 18:22:33,20000.00,13.10,5.72,13.70,7.98,16.90,14.00
2026-04-12 18:22:33,20000.00,13.10,5.77,13.80,8.11,16.90,14.00
2026-04-12 18:22:33,20000.00,13.10,5.73,13.80,7.96,16.90,13.90
2026-04-12 18:22:34,20000.00,13.10,5.72,13.80,8.08,16.90,14.00
2026-04-12 18:22:34,20000.00,13.10,5.68,13.80,8.10,16.80,14.00
2026-04-12 18:22:34,20000.00,13.10,5.71,13.80,8.00,16.70,14.00
2026-04-12 18:22:35,20000.00,13.10,5.66,13.80,7.95,17.00,14.00
2026-04-12 18:22:35,20000.00,13.10,5.72,13.80,7.95,16.60,14.00
2026-04-12 18:22:35,20000.00,13.10,5.67,13.80,7.96,17.00,14.00
2026-04-12 18:22:36,20000.00,13.10,5.70,13.80,8.15,16.60,13.90
2026-04-12 18:22:36,20000.00,13.00,5.78,13.80,8.19,16.70,13.90
2026-04-12 18:22:37,20000.00,13.10,5.76,13.80,8.09,16.90,14.00
2026-04-12 18:22:37,20000.00,13.10,5.74,13.80,8.00,17.00,14.00
2026-04-12 18:22:37,20000.00,13.10,5.77,13.80,7.92,16.90,13.90
2026-04-12 18:22:38,20000.00,13.10,5.81,13.70,7.96,16.80,14.00
2026-04-12 18:22:38,20000.00,13.10,5.73,13.70,7.92,16.80,13.90
2026-04-12 18:22:38,20000.00,13.10,5.72,13.70,7.94,16.80,14.00
2026-04-12 18:22:39,20000.00,13.10,5.77,13.80,8.14,16.80,13.90
2026-04-12 18:22:39,20000.00,13.10,5.75,13.80,8.11,16.90,14.00
2026-04-12 18:22:39,20000.00,13.10,5.74,13.80,8.13,16.80,14.00
2026-04-12 18:22:40,20000.00,13.10,5.73,13.80,7.95,16.90,14.00
2026-04-12 18:22:40,20000.00,13.10,5.70,13.80,7.97,16.80,14.00
2026-04-12 18:22:41,20000.00,13.10,5.70,13.70,7.92,16.60,14.00
2026-04-12 18:22:41,20000.00,13.10,5.76,13.80,7.93,16.90,14.00
2026-04-12 18:22:41,20000.00,13.10,5.69,13.80,8.06,16.70,14.00
2026-04-12 18:22:42,20000.00,13.10,5.65,13.80,8.01,16.80,13.90
2026-04-12 18:22:42,20000.00,13.10,5.74,13.80,7.91,16.70,13.90
2026-04-12 18:22:42,20000.00,13.10,5.70,13.80,8.07,16.80,13.90
2026-04-12 18:22:43,20000.00,13.10,5.80,13.70,7.94,16.80,13.90
2026-04-12 18:22:43,20000.00,13.10,5.74,13.70,7.90,16.90,13.90
2026-04-12 18:22:44,20000.00,13.10,5.76,13.80,7.90,16.80,14.00
2026-04-12 18:22:44,20000.00,13.10,5.72,13.80,8.23,16.80,13.90
2026-04-12 18:22:44,20000.00,13.00,5.76,13.80,7.93,16.60,13.90
2026-04-12 18:22:45,20000.00,13.10,5.77,13.80,7.96,16.70,13.90
2026-04-12 18:22:45,20000.00,13.10,5.69,13.80,7.93,16.70,14.00
2026-04-12 18:22:45,20000.00,13.10,5.71,13.80,7.92,16.80,14.00
2026-04-12 18:22:46,20000.00,13.10,5.75,13.70,7.94,16.80,13.90
2026-04-12 18:22:46,20000.00,13.10,5.77,13.80,7.91,16.60,13.90
2026-04-12 18:22:46,20000.00,13.10,5.71,13.80,7.91,16.80,14.00
2026-04-12 18:22:47,20000.00,13.20,5.68,13.80,7.94,16.80,14.00
2026-04-12 18:22:47,20000.00,13.20,5.71,13.70,8.14,17.00,14.00
2026-04-12 18:22:48,20000.00,13.10,5.78,13.70,8.06,16.90,13.90
2026-04-12 18:22:48,20000.00,13.10,5.67,13.70,8.07,17.00,14.00
2026-04-12 18:22:48,20000.00,13.10,5.71,13.70,8.06,16.90,14.00
2026-04-12 18:22:49,20000.00,13.10,5.74,13.70,8.00,16.90,14.00
2026-04-12 18:22:49,20000.00,13.10,5.69,13.80,7.98,16.80,14.00
2026-04-12 18:22:49,20000.00,13.20,5.70,13.80,7.92,16.70,14.00
2026-04-12 18:22:50,20000.00,13.20,5.63,13.80,7.76,16.60,13.90
2026-04-12 18:22:50,20000.00,13.10,5.52,13.80,7.90,16.70,14.00
2026-04-12 18:22:50,20000.00,13.20,5.70,13.70,8.02,16.70,13.90
2026-04-12 18:22:51,20000.00,13.00,5.69,13.70,8.03,16.70,13.90
2026-04-12 18:22:51,20000.00,13.10,5.79,13.70,8.06,16.70,13.90
2026-04-12 18:22:52,20000.00,13.10,5.75,13.70,8.09,16.70,14.00
2026-04-12 18:22:52,20000.00,13.10,5.78,13.70,7.96,16.80,13.90
2026-04-12 18:22:52,20000.00,13.10,5.74,13.80,7.93,16.60,13.90
2026-04-12 18:22:53,20000.00,13.10,5.78,13.70,7.96,16.90,14.00
2026-04-12 18:22:53,20000.00,13.10,5.67,13.70,7.98,16.70,13.90
2026-04-12 18:22:53,20000.00,13.10,5.75,13.70,8.07,16.70,14.00
2026-04-12 18:22:54,20000.00,13.10,5.73,13.70,8.19,16.80,14.00
2026-04-12 18:22:54,20000.00,13.10,5.73,13.70,7.97,17.00,13.90
2026-04-12 18:22:54,20000.00,13.10,5.73,13.80,7.95,16.70,14.00
2026-04-12 18:22:55,20000.00,13.10,5.75,13.70,7.97,16.70,14.00
2026-04-12 18:22:55,20000.00,13.10,5.62,13.80,7.92,16.70,14.00
2026-04-12 18:22:56,20000.00,13.20,5.67,13.70,7.97,16.70,14.00
2026-04-12 18:22:56,20000.00,13.10,5.70,13.70,8.33,16.80,13.90
2026-04-12 18:22:56,20000.00,13.00,5.78,13.70,8.00,16.40,13.90
2026-04-12 18:22:57,20000.00,13.10,5.76,13.70,8.14,16.70,13.90
2026-04-12 18:22:57,20000.00,13.10,5.74,13.70,8.07,16.80,13.90
2026-04-12 18:22:57,20000.00,13.10,5.75,13.70,8.05,16.80,13.90
2026-04-12 18:22:58,20000.00,13.10,5.74,13.70,7.91,16.80,13.90
2026-04-12 18:22:58,20000.00,13.10,5.70,13.70,7.90,16.70,14.00
2026-04-12 18:22:58,20000.00,13.10,5.64,13.70,7.95,16.70,14.00
2026-04-12 18:22:59,20000.00,13.10,5.76,13.80,8.15,16.70,13.90
2026-04-12 18:22:59,20000.00,13.00,5.82,13.70,8.16,16.80,13.90
2026-04-12 18:23:00,20000.00,13.10,5.75,13.70,8.14,16.80,13.90
2026-04-12 18:23:00,20000.00,13.10,5.75,13.70,7.96,16.90,13.90
2026-04-12 18:23:00,20000.00,13.10,5.67,13.70,8.19,16.90,13.90
2026-04-12 18:23:01,20000.00,13.00,5.74,13.80,8.01,16.90,13.90
2026-04-12 18:23:01,20000.00,13.10,5.81,13.70,7.93,16.90,13.90
2026-04-12 18:23:01,20000.00,13.10,5.75,13.70,7.92,16.80,13.90
2026-04-12 18:23:02,20000.00,13.10,5.70,13.70,8.22,16.70,13.90
2026-04-12 18:23:02,20000.00,13.10,5.76,13.70,8.39,16.80,13.80
2026-04-12 18:23:02,20000.00,13.00,5.69,13.70,7.91,16.70,13.90
2026-04-12 18:23:03,20000.00,13.10,5.79,13.70,8.12,16.70,13.80
2026-04-12 18:23:03,20000.00,13.00,5.82,13.70,7.93,16.80,13.90
2026-04-12 18:23:04,20000.00,13.10,5.85,13.70,7.97,16.70,13.90
2026-04-12 18:23:04,20000.00,13.10,5.77,13.70,7.99,17.00,13.90
2026-04-12 18:23:04,20000.00,13.10,5.75,13.70,8.13,16.80,13.90
2026-04-12 18:23:05,20000.00,13.10,5.81,13.70,8.04,16.90,13.90
2026-04-12 18:23:05,20000.00,13.10,5.76,13.70,8.19,16.80,13.80
2026-04-12 18:23:05,20000.00,13.00,5.78,13.70,8.03,16.80,13.80
2026-04-12 18:23:06,20000.00,13.00,5.61,13.70,7.94,16.50,13.90
2026-04-12 18:23:06,20000.00,13.10,5.76,13.70,7.99,16.70,13.90
2026-04-12 18:23:06,20000.00,13.10,5.79,13.70,7.95,16.80,13.90
2026-04-12 18:23:07,20000.00,13.10,5.74,13.70,8.05,16.80,13.90
2026-04-12 18:23:07,20000.00,13.10,5.78,13.70,7.91,16.80,13.90
2026-04-12 18:23:08,20000.00,13.10,5.75,13.70,7.95,16.70,14.00
2026-04-12 18:23:08,20000.00,13.20,5.73,13.70,7.98,16.90,14.00
2026-04-12 18:23:08,20000.00,13.10,5.71,13.70,8.22,16.90,13.90
2026-04-12 18:23:09,20000.00,13.10,5.79,13.70,7.97,16.80,14.00
2026-04-12 18:23:09,20000.00,13.10,5.69,13.70,8.08,16.90,13.90
2026-04-12 18:23:09,20000.00,13.10,5.74,13.70,7.94,16.70,13.90
2026-04-12 18:23:10,20000.00,13.10,5.68,13.80,7.91,16.60,14.00
2026-04-12 18:23:10,20000.00,13.10,5.73,13.70,7.90,16.70,14.00
2026-04-12 18:23:10,20000.00,13.10,5.73,13.70,7.90,16.50,13.90
2026-04-12 18:23:11,20000.00,13.10,5.65,13.70,8.04,16.70,13.90
2026-04-12 18:23:11,20000.00,13.00,5.80,13.70,8.02,16.80,13.90
2026-04-12 18:23:12,20000.00,13.10,5.75,13.70,7.91,16.60,14.00
2026-04-12 18:23:12,20000.00,13.10,5.70,13.70,7.90,16.90,14.00
2026-04-12 18:23:12,20000.00,13.10,5.71,13.70,7.93,16.80,13.90
2026-04-12 18:23:13,20000.00,13.10,5.76,13.70,7.94,16.90,13.90
2026-04-12 18:23:13,20000.00,13.10,5.74,13.70,8.17,16.60,13.90
2026-04-12 18:23:13,20000.00,13.00,5.82,13.70,8.26,16.50,13.90
2026-04-12 18:23:14,20000.00,13.10,5.77,13.70,8.19,16.80,13.90
2026-04-12 18:23:14,20000.00,13.10,5.63,13.70,7.91,16.50,14.00
2026-04-12 18:23:14,20000.00,13.10,5.77,13.70,8.14,16.60,13.90
2026-04-12 18:23:15,20000.00,13.00,5.74,13.70,8.17,16.80,13.90
2026-04-12 18:23:15,20000.00,13.10,5.77,13.70,7.95,16.90,13.90
2026-04-12 18:23:16,20000.00,13.10,5.77,13.70,7.92,16.80,13.90
2026-04-12 18:23:16,20000.00,13.10,5.69,13.70,8.21,16.70,13.90
2026-04-12 18:23:16,20000.00,13.00,5.81,13.70,8.00,16.70,13.90
2026-04-12 18:23:17,20000.00,13.10,5.79,13.70,8.06,16.80,13.90
2026-04-12 18:23:17,20000.00,13.10,5.73,13.70,7.97,16.90,13.90
2026-04-12 18:23:17,20000.00,13.10,5.74,13.70,7.99,16.80,13.90
2026-04-12 18:23:18,20000.00,13.10,5.70,13.70,7.91,16.70,13.90
2026-04-12 18:23:18,20000.00,13.10,5.73,13.70,8.01,16.60,14.00
2026-04-12 18:23:18,20000.00,13.20,5.70,13.70,7.92,16.80,13.90
2026-04-12 18:23:19,20000.00,13.10,5.71,13.70,8.13,16.90,13.90
2026-04-12 18:23:19,20000.00,13.00,5.77,13.70,7.95,16.80,13.90
2026-04-12 18:23:20,20000.00,13.10,5.81,13.70,8.22,16.80,13.90
2026-04-12 18:23:20,20000.00,13.10,5.76,13.70,7.96,16.70,13.90
2026-04-12 18:23:20,20000.00,13.10,5.77,13.70,8.13,16.90,13.90
2026-04-12 18:23:21,20000.00,13.10,5.64,13.70,7.92,16.70,14.00
2026-04-12 18:23:21,20000.00,13.20,5.56,13.70,7.91,16.60,13.90
2026-04-12 18:23:21,20000.00,13.10,5.72,13.70,7.94,16.70,13.90
2026-04-12 18:23:22,20000.00,13.00,5.70,13.70,7.92,16.70,13.90
2026-04-12 18:23:22,20000.00,13.10,5.78,13.70,8.13,16.50,13.80
2026-04-12 18:23:22,20000.00,13.00,5.78,13.70,7.94,16.70,13.90
2026-04-12 18:23:23,20000.00,13.10,5.81,13.70,8.11,16.90,13.90
2026-04-12 18:23:23,20000.00,13.10,5.78,13.70,8.06,16.80,13.90
2026-04-12 18:23:24,20000.00,13.10,5.69,13.70,8.02,16.80,13.90
2026-04-12 18:23:24,20000.00,13.10,5.76,13.70,7.91,16.60,13.90
2026-04-12 18:23:24,20000.00,13.10,5.76,13.70,7.94,16.60,13.90
2026-04-12 18:23:25,20000.00,13.10,5.80,13.70,7.99,16.70,13.90
2026-04-12 18:23:25,20000.00,13.10,5.74,13.70,7.93,16.90,13.90
2026-04-12 18:23:25,20000.00,13.10,5.68,13.70,8.16,16.80,13.90
2026-04-12 18:23:26,20000.00,13.10,5.75,13.70,7.92,16.70,13.90
2026-04-12 18:23:26,20000.00,13.10,5.75,13.70,8.15,16.70,13.80
2026-04-12 18:23:26,20000.00,13.00,5.71,13.70,7.97,16.70,13.90
2026-04-12 18:23:27,20000.00,13.10,5.76,13.70,7.95,16.90,13.90
2026-04-12 18:23:27,20000.00,13.10,5.71,13.70,7.89,16.80,13.90
2026-04-12 18:23:28,20000.00,13.10,5.79,13.70,7.89,16.90,13.90
2026-04-12 18:23:28,20000.00,13.10,5.75,13.70,8.08,16.60,13.90
2026-04-12 18:23:28,20000.00,13.10,5.76,13.70,8.06,16.80,13.90
2026-04-12 18:23:29,20000.00,13.10,5.76,13.70,7.94,16.80,13.90
2026-04-12 18:23:29,20000.00,13.10,5.70,13.70,8.00,16.80,13.90
2026-04-12 18:23:29,20000.00,13.10,5.77,13.70,8.03,16.90,13.90
2026-04-12 18:23:30,20000.00,13.10,5.74,13.70,7.92,16.70,13.90
2026-04-12 18:23:30,20000.00,13.10,5.76,13.70,7.93,16.90,13.90
2026-04-12 18:23:30,20000.00,13.10,5.76,13.70,7.91,16.80,13.90
2026-04-12 18:23:31,20000.00,13.10,5.74,13.70,8.01,16.80,13.90
2026-04-12 18:23:31,20000.00,13.10,5.76,13.70,8.17,16.80,13.80
2026-04-12 18:23:32,20000.00,13.00,5.67,13.70,8.20,16.60,13.90
2026-04-12 18:23:32,20000.00,13.10,5.74,13.70,7.98,16.70,13.90
2026-04-12 18:23:32,20000.00,13.10,5.75,13.70,8.00,16.80,13.90
2026-04-12 18:23:33,20000.00,13.10,5.70,13.70,7.94,16.70,13.90
2026-04-12 18:23:33,20000.00,13.10,5.74,13.70,7.97,16.50,13.90
2026-04-12 18:23:33,20000.00,13.10,5.75,13.70,8.18,16.60,13.80
2026-04-12 18:23:34,20000.00,13.00,5.79,13.70,7.96,16.80,13.90
2026-04-12 18:23:34,20000.00,13.10,5.79,13.70,7.94,16.80,13.90
2026-04-12 18:23:34,20000.00,13.10,5.73,13.70,8.06,16.80,13.90
2026-04-12 18:23:35,20000.00,13.10,5.77,13.70,7.97,16.90,13.90
2026-04-12 18:23:35,20000.00,13.10,5.77,13.70,8.02,16.70,13.90
2026-04-12 18:23:36,20000.00,13.10,5.75,13.70,7.98,16.80,13.90
2026-04-12 18:23:36,20000.00,13.10,5.75,13.70,7.94,16.80,13.90
2026-04-12 18:23:36,20000.00,13.10,5.69,13.70,7.90,16.80,13.90
2026-04-12 18:23:37,20000.00,13.10,5.56,13.70,7.92,16.70,14.00
2026-04-12 18:23:37,20000.00,13.20,5.69,13.70,8.02,16.60,13.90
2026-04-12 18:23:37,20000.00,13.00,5.81,13.70,8.16,16.80,13.90
2026-04-12 18:23:38,20000.00,13.10,5.82,13.70,8.03,16.70,13.90
2026-04-12 18:23:38,20000.00,13.10,5.71,13.70,8.01,16.70,13.90
2026-04-12 18:23:38,20000.00,13.10,5.37,13.70,7.90,16.70,14.00
2026-04-12 18:23:39,20000.00,13.20,5.73,13.70,7.88,16.70,13.90
2026-04-12 18:23:39,20000.00,13.10,5.67,13.70,7.95,16.70,13.90
2026-04-12 18:23:40,20000.00,13.10,5.73,13.70,7.93,16.90,13.90
2026-04-12 18:23:40,20000.00,13.10,5.73,13.70,8.19,16.80,13.80
2026-04-12 18:23:40,20000.00,13.00,5.81,13.70,7.95,16.70,13.90
2026-04-12 18:23:41,20000.00,13.10,5.75,13.70,8.05,16.80,13.90
2026-04-12 18:23:41,20000.00,13.10,5.79,13.70,8.11,16.70,13.90
2026-04-12 18:23:41,20000.00,13.10,5.79,13.70,7.89,16.70,13.90
2026-04-12 18:23:42,20000.00,13.10,5.57,13.70,7.92,16.60,13.90
2026-04-12 18:23:42,20000.00,13.10,5.73,13.70,7.93,16.70,13.90
2026-04-12 18:23:42,20000.00,13.10,5.69,13.70,7.91,16.80,13.90
2026-04-12 18:23:43,20000.00,13.10,5.74,13.70,8.13,16.70,13.80
2026-04-12 18:23:43,20000.00,13.00,5.72,13.70,7.96,16.60,13.90
2026-04-12 18:23:44,20000.00,13.10,5.73,13.70,8.15,16.70,13.80
2026-04-12 18:23:44,20000.00,13.00,5.81,13.70,8.15,16.70,13.90
2026-04-12 18:23:44,20000.00,13.10,5.76,13.70,8.30,16.70,13.80
2026-04-12 18:23:45,20000.00,13.00,5.85,13.70,7.98,16.50,13.90
2026-04-12 18:23:45,20000.00,13.10,5.78,13.70,7.90,16.70,13.90
2026-04-12 18:23:45,20000.00,13.10,5.82,13.70,7.98,16.70,13.90
2026-04-12 18:23:46,20000.00,13.10,5.83,13.70,7.92,16.60,13.90
2026-04-12 18:23:46,20000.00,13.10,5.75,13.70,8.07,16.50,13.80
2026-04-12 18:23:46,20000.00,13.00,5.80,13.70,7.95,17.00,13.90
2026-04-12 18:23:47,20000.00,13.10,5.69,13.70,8.24,16.70,13.90
2026-04-12 18:23:47,20000.00,13.10,5.69,13.70,7.91,16.60,14.00
2026-04-12 18:23:48,20000.00,13.10,5.64,13.70,7.86,16.80,14.00
2026-04-12 18:23:48,20000.00,13.10,5.75,13.70,7.88,16.70,14.00
2026-04-12 18:23:48,20000.00,13.10,5.66,13.70,7.92,16.50,13.90
2026-04-12 18:23:49,20000.00,13.20,5.69,13.70,8.15,16.70,13.90
2026-04-12 18:23:49,20000.00,13.00,5.81,13.70,8.01,16.90,13.90
2026-04-12 18:23:49,20000.00,13.10,5.72,13.70,8.04,16.70,13.90
2026-04-12 18:23:50,20000.00,13.10,5.79,13.70,7.99,16.80,13.90
2026-04-12 18:23:50,20000.00,13.10,5.74,13.70,8.19,16.70,13.80
2026-04-12 18:23:50,20000.00,13.00,5.87,13.70,7.98,16.70,13.90
2026-04-12 18:23:51,20000.00,13.10,5.81,13.70,7.93,16.70,13.90
2026-04-12 18:23:51,20000.00,13.10,5.76,13.70,7.92,16.70,13.90
2026-04-12 18:23:52,20000.00,13.10,5.75,13.70,7.94,16.90,13.90
2026-04-12 18:23:52,20000.00,13.10,5.71,13.70,7.93,16.70,13.90
2026-04-12 18:23:52,20000.00,13.10,5.62,13.70,7.94,16.70,13.90
2026-04-12 18:23:53,20000.00,13.10,5.75,13.70,8.07,16.60,13.80
2026-04-12 18:23:53,20000.00,13.00,5.81,13.70,7.94,16.70,13.90
2026-04-12 18:23:53,20000.00,13.10,5.78,13.70,8.10,16.80,13.90
2026-04-12 18:23:54,20000.00,13.10,5.76,13.70,7.93,16.80,13.90
2026-04-12 18:23:54,20000.00,13.10,5.78,13.70,7.90,16.80,13.90
2026-04-12 18:23:54,20000.00,13.10,5.78,13.70,7.89,16.90,13.90
2026-04-12 18:23:55,20000.00,13.10,5.79,13.70,8.17,16.70,13.80
2026-04-12 18:23:55,20000.00,13.00,5.79,13.70,8.19,16.70,13.90
2026-04-12 18:23:55,20000.00,13.10,5.71,13.70,8.11,16.90,13.90
2026-04-12 18:23:56,20000.00,13.10,5.82,13.70,8.19,16.90,13.90
2026-04-12 18:23:56,20000.00,13.10,5.60,13.70,8.06,16.60,13.90
2026-04-12 18:23:57,20000.00,13.10,5.78,13.70,7.90,16.50,13.90
2026-04-12 18:23:57,20000.00,13.10,5.72,13.70,7.94,16.90,13.90
2026-04-12 18:23:57,20000.00,13.10,5.64,13.70,7.84,16.50,13.80
2026-04-12 18:23:58,20000.00,13.10,5.70,13.70,7.95,16.60,13.90
2026-04-12 18:23:58,20000.00,13.10,5.69,13.70,8.10,16.50,13.80
2026-04-12 18:23:58,20000.00,13.00,5.79,13.70,8.00,16.70,13.90
2026-04-12 18:23:59,20000.00,13.10,5.71,13.70,8.01,16.80,13.90
2026-04-12 18:23:59,20000.00,13.10,5.72,13.70,7.96,16.90,13.90
2026-04-12 18:24:00,20000.00,13.10,5.79,13.70,8.01,16.80,13.90
2026-04-12 18:24:00,20000.00,13.10,5.77,13.70,7.94,16.60,13.90
2026-04-12 18:24:00,20000.00,13.10,5.76,13.70,7.92,16.80,13.90
2026-04-12 18:24:01,20000.00,13.10,5.75,13.70,7.88,16.60,13.90
2026-04-12 18:24:01,20000.00,13.10,5.69,13.70,7.93,16.70,14.00
2026-04-12 18:24:01,20000.00,13.10,5.72,13.70,8.09,16.70,13.90
2026-04-12 18:24:02,20000.00,13.00,5.78,13.70,7.93,16.50,13.90
2026-04-12 18:24:02,20000.00,13.10,5.77,13.70,7.94,16.70,13.90
2026-04-12 18:24:02,20000.00,13.10,5.73,13.70,7.96,16.90,13.90
2026-04-12 18:24:03,20000.00,13.10,5.73,13.70,7.95,16.80,13.90
2026-04-12 18:24:03,20000.00,13.10,5.66,13.70,7.88,16.50,13.90
2026-04-12 18:24:04,20000.00,13.20,5.68,13.70,7.69,16.40,13.90
2026-04-12 18:24:04,20000.00,13.10,5.55,13.70,7.93,16.80,13.90
2026-04-12 18:24:04,20000.00,13.10,5.76,13.70,7.89,16.70,13.90
2026-04-12 18:24:05,20000.00,13.10,5.72,13.70,8.04,16.40,13.80
2026-04-12 18:24:05,20000.00,13.00,5.79,13.70,7.89,16.80,13.90
2026-04-12 18:24:05,20000.00,13.10,5.79,13.70,8.03,16.60,13.90
2026-04-12 18:24:06,20000.00,13.10,5.70,13.70,7.90,16.80,13.90
2026-04-12 18:24:06,20000.00,13.10,5.74,13.70,7.90,16.30,13.90
2026-04-12 18:24:06,20000.00,13.10,5.74,13.70,7.94,16.80,13.90
2026-04-12 18:24:07,20000.00,13.10,5.68,13.70,8.03,16.70,13.90
2026-04-12 18:24:07,20000.00,13.10,5.71,13.70,8.16,16.50,13.80
2026-04-12 18:24:08,20000.00,13.00,5.83,13.70,7.98,16.70,13.90
2026-04-12 18:24:08,20000.00,13.10,5.80,13.70,8.23,16.50,13.80
2026-04-12 18:24:08,20000.00,13.00,5.83,13.70,8.43,16.70,13.80
2026-04-12 18:24:09,20000.00,13.00,5.85,13.70,7.96,16.30,13.80
2026-04-12 18:24:09,20000.00,13.10,5.65,13.70,8.02,16.60,13.90
2026-04-12 18:24:09,20000.00,13.10,5.53,13.70,7.94,16.70,13.90
2026-04-12 18:24:10,20000.00,13.10,5.75,13.70,8.16,16.70,13.80
2026-04-12 18:24:10,20000.00,13.00,5.83,13.70,8.07,16.70,13.90
2026-04-12 18:24:10,20000.00,13.10,5.82,13.70,8.11,16.80,13.90
2026-04-12 18:24:11,20000.00,13.10,5.73,13.70,8.08,16.70,13.90
2026-04-12 18:24:11,20000.00,13.10,5.74,13.70,8.04,16.80,13.90
2026-04-12 18:24:12,20000.00,13.10,5.69,13.70,8.01,16.90,13.90
2026-04-12 18:24:12,20000.00,13.10,5.75,13.70,7.95,16.80,13.90
2026-04-12 18:24:12,20000.00,13.10,5.77,13.70,7.94,16.60,13.90
2026-04-12 18:24:13,20000.00,13.10,5.71,13.70,7.93,16.80,13.90
2026-04-12 18:24:13,20000.00,13.10,5.77,13.70,8.39,16.70,13.80
2026-04-12 18:24:13,20000.00,13.00,5.81,13.70,7.94,16.70,13.90
2026-04-12 18:24:14,20000.00,13.10,5.81,13.70,8.08,16.80,13.90
2026-04-12 18:24:14,20000.00,13.10,5.80,13.70,7.95,16.70,13.90
2026-04-12 18:24:14,20000.00,13.10,5.66,13.70,7.86,16.70,13.90
2026-04-12 18:24:15,20000.00,13.20,5.76,13.70,7.92,16.80,13.90
2026-04-12 18:24:15,20000.00,13.10,5.68,13.70,7.94,16.70,13.90
2026-04-12 18:24:16,20000.00,13.10,5.74,13.70,8.12,16.90,13.80
2026-04-12 18:24:16,20000.00,13.00,5.64,13.70,7.91,16.80,13.90
2026-04-12 18:24:16,20000.00,13.10,5.71,13.70,7.92,16.70,13.90
2026-04-12 18:24:17,20000.00,13.10,5.74,13.70,7.99,16.60,13.90
2026-04-12 18:24:17,20000.00,13.10,5.68,13.70,7.88,16.90,13.90
2026-04-12 18:24:17,20000.00,13.10,5.79,13.70,8.00,16.80,13.90
2026-04-12 18:24:18,20000.00,13.10,5.74,13.70,7.89,16.60,13.90
2026-04-12 18:24:18,20000.00,13.10,5.73,13.70,7.92,16.80,13.90
2026-04-12 18:24:18,20000.00,13.10,5.77,13.70,7.89,16.70,13.90
2026-04-12 18:24:19,20000.00,13.10,5.75,13.70,8.13,16.70,13.80
2026-04-12 18:24:19,20000.00,13.00,5.87,13.70,8.43,16.50,13.80
2026-04-12 18:24:19,20000.00,13.00,5.60,13.70,8.03,16.60,13.90
2026-04-12 18:24:20,20000.00,13.10,5.81,13.70,8.12,16.70,13.90
2026-04-12 18:24:20,20000.00,13.10,5.73,13.70,7.96,16.70,13.90
2026-04-12 18:24:21,20000.00,13.10,5.74,13.70,7.96,16.90,13.90
2026-04-12 18:24:21,20000.00,13.10,5.71,13.70,7.95,16.60,13.90
2026-04-12 18:24:21,20000.00,13.10,5.73,13.70,7.89,16.70,13.90
2026-04-12 18:24:22,20000.00,13.10,5.77,13.70,8.19,16.80,13.80
2026-04-12 18:24:22,20000.00,13.00,5.81,13.70,8.21,16.80,13.90
2026-04-12 18:24:22,20000.00,13.10,5.78,13.70,8.17,16.80,13.90
2026-04-12 18:24:23,20000.00,13.10,5.78,13.70,7.96,16.70,13.90
2026-04-12 18:24:23,20000.00,13.10,5.75,13.70,7.93,17.00,13.90
2026-04-12 18:24:24,20000.00,13.10,5.84,13.70,8.06,16.80,13.90
2026-04-12 18:24:24,20000.00,13.10,5.77,13.70,7.96,16.60,13.90
2026-04-12 18:24:24,20000.00,13.10,5.67,13.70,7.92,16.70,13.90
2026-04-12 18:24:25,20000.00,13.10,5.79,13.70,8.09,16.70,13.80
2026-04-12 18:24:25,20000.00,13.00,5.52,13.70,8.01,16.70,13.90
2026-04-12 18:24:25,20000.00,13.10,5.76,13.70,8.14,16.50,13.90
2026-04-12 18:24:26,20000.00,13.10,5.78,13.70,7.98,16.40,13.90
2026-04-12 18:24:26,20000.00,13.10,5.81,13.70,8.48,16.80,13.80
2026-04-12 18:24:26,20000.00,13.00,5.79,13.70,8.21,16.90,13.90
2026-04-12 18:24:27,20000.00,13.10,5.82,13.70,7.96,16.80,13.90
2026-04-12 18:24:27,20000.00,13.10,5.80,13.70,7.94,16.80,13.90
2026-04-12 18:24:27,20000.00,13.10,5.78,13.70,7.92,16.70,13.90
2026-04-12 18:24:28,20000.00,13.10,5.78,13.70,8.28,16.60,13.80
2026-04-12 18:24:28,20000.00,13.00,5.82,13.70,8.17,16.90,13.90
2026-04-12 18:24:29,20000.00,13.10,5.79,13.70,8.08,16.90,13.90
2026-04-12 18:24:29,20000.00,13.10,5.72,13.70,7.99,16.70,13.90
2026-04-12 18:24:29,20000.00,13.10,5.70,13.70,8.04,16.50,13.80
2026-04-12 18:24:30,20000.00,13.00,5.87,13.70,7.90,16.70,13.90
2026-04-12 18:24:30,20000.00,13.10,5.69,13.70,7.93,16.60,13.90
2026-04-12 18:24:30,20000.00,13.10,5.62,13.70,7.89,16.60,13.90
2026-04-12 18:24:31,20000.00,13.10,5.78,13.70,7.94,16.60,13.90
2026-04-12 18:24:31,20000.00,13.10,5.70,13.70,8.27,16.70,13.80
2026-04-12 18:24:31,20000.00,13.00,5.74,13.70,7.94,16.60,13.90
2026-04-12 18:24:32,20000.00,13.10,5.86,13.70,8.18,16.80,13.90
2026-04-12 18:24:32,20000.00,13.10,5.79,13.70,8.12,16.70,13.90
2026-04-12 18:24:33,20000.00,13.10,5.81,13.70,7.97,16.80,13.90
2026-04-12 18:24:33,20000.00,13.10,5.79,13.70,7.93,16.90,13.90
2026-04-12 18:24:33,20000.00,13.10,5.80,13.70,8.00,16.60,13.80
2026-04-12 18:24:34,20000.00,13.00,5.80,13.70,7.98,16.90,13.90
2026-04-12 18:24:34,20000.00,13.10,5.75,13.70,8.17,16.90,13.90
2026-04-12 18:24:34,20000.00,13.10,5.70,13.70,8.04,16.80,13.90
2026-04-12 18:24:35,20000.00,13.10,5.70,13.70,8.14,16.70,13.80
2026-04-12 18:24:35,20000.00,13.00,5.78,13.70,8.02,16.70,13.90
2026-04-12 18:24:35,20000.00,13.10,5.71,13.70,8.14,16.70,13.90
2026-04-12 18:24:36,20000.00,13.10,5.75,13.70,7.89,16.70,13.90
2026-04-12 18:24:36,20000.00,13.10,5.74,13.70,7.89,16.80,13.90
2026-04-12 18:24:37,20000.00,13.10,5.80,13.70,7.92,16.80,13.90
2026-04-12 18:24:37,20000.00,13.10,5.71,13.70,8.28,16.80,13.80
2026-04-12 18:24:37,20000.00,13.00,5.79,13.70,8.28,16.70,13.90
2026-04-12 18:24:38,20000.00,13.10,5.81,13.70,8.01,16.70,13.90
2026-04-12 18:24:38,20000.00,13.10,5.76,13.70,7.93,16.70,13.90
2026-04-12 18:24:38,20000.00,13.10,5.79,13.70,7.96,16.90,13.90
2026-04-12 18:24:39,20000.00,13.10,5.75,13.70,8.01,16.80,13.90
2026-04-12 18:24:39,20000.00,13.10,5.77,13.70,7.89,16.90,13.90
2026-04-12 18:24:39,20000.00,13.10,5.71,13.70,7.93,16.40,13.90
2026-04-12 18:24:40,20000.00,13.10,5.71,13.70,8.07,16.80,13.80
2026-04-12 18:24:40,20000.00,13.00,5.84,13.70,8.10,16.60,13.90
2026-04-12 18:24:41,20000.00,13.10,5.63,13.70,7.88,16.70,13.90
2026-04-12 18:24:41,20000.00,13.10,5.67,13.70,8.08,16.60,13.80
2026-04-12 18:24:41,20000.00,13.00,5.80,13.70,8.07,16.70,13.90
2026-04-12 18:24:42,20000.00,13.10,5.81,13.70,7.90,16.80,13.90
2026-04-12 18:24:42,20000.00,13.10,5.74,13.70,7.98,16.70,13.90
2026-04-12 18:24:42,20000.00,13.10,5.78,13.70,7.94,16.90,13.90
2026-04-12 18:24:43,20000.00,13.10,5.68,13.70,8.03,16.90,13.90
2026-04-12 18:24:43,20000.00,13.10,5.69,13.70,8.14,16.70,13.90
2026-04-12 18:24:43,20000.00,13.10,5.73,13.70,8.10,16.60,13.80
2026-04-12 18:24:44,20000.00,13.00,5.74,13.70,8.15,16.70,13.90
2026-04-12 18:24:44,20000.00,13.10,5.82,13.70,8.16,16.70,13.90
2026-04-12 18:24:45,20000.00,13.10,5.76,13.70,7.94,16.90,13.90
2026-04-12 18:24:45,20000.00,13.10,5.80,13.70,7.88,16.70,13.90
2026-04-12 18:24:45,20000.00,13.10,5.72,13.70,7.90,16.90,13.90
2026-04-12 18:24:46,20000.00,13.10,5.70,13.70,7.92,16.50,13.80
2026-04-12 18:24:46,20000.00,13.10,5.67,13.70,7.90,16.60,13.90
2026-04-12 18:24:46,20000.00,13.20,5.56,13.70,7.94,16.50,13.90
2026-04-12 18:24:47,20000.00,13.10,5.71,13.70,7.94,16.70,13.90
2026-04-12 18:24:47,20000.00,13.10,5.77,13.70,7.93,16.70,13.90
2026-04-12 18:24:47,20000.00,13.10,5.70,13.70,7.88,16.50,14.00
2026-04-12 18:24:48,20000.00,13.20,5.69,13.70,7.89,16.60,13.90
2026-04-12 18:24:48,20000.00,13.10,5.73,13.70,7.88,16.70,13.90
2026-04-12 18:24:49,20000.00,13.10,5.69,13.70,8.13,16.70,13.90
2026-04-12 18:24:49,20000.00,13.10,5.74,13.70,8.18,16.80,13.80
2026-04-12 18:24:49,20000.00,13.00,5.81,13.70,8.16,16.60,13.80
2026-04-12 18:24:50,20000.00,13.00,5.81,13.70,7.88,16.80,13.90
2026-04-12 18:24:50,20000.00,13.10,5.79,13.70,8.22,16.90,13.90
2026-04-12 18:24:50,20000.00,13.10,5.77,13.70,7.90,16.90,13.90
2026-04-12 18:24:51,20000.00,13.10,5.78,13.70,7.93,16.90,13.90
2026-04-12 18:24:51,20000.00,13.10,5.78,13.70,7.93,16.80,13.90
2026-04-12 18:24:51,20000.00,13.10,5.61,13.70,7.89,16.60,13.90
2026-04-12 18:24:52,20000.00,13.20,5.66,13.70,7.96,16.70,13.80
2026-04-12 18:24:52,20000.00,13.10,5.59,13.70,7.99,16.70,13.90
2026-04-12 18:24:53,20000.00,13.10,5.74,13.70,7.93,16.80,13.90
2026-04-12 18:24:53,20000.00,13.20,5.71,13.70,7.97,16.60,13.90
2026-04-12 18:24:53,20000.00,13.10,5.71,13.70,7.90,16.60,13.90
2026-04-12 18:24:54,20000.00,13.10,5.77,13.70,7.89,16.80,13.90
2026-04-12 18:24:54,20000.00,13.10,5.66,13.70,7.92,16.80,13.90
2026-04-12 18:24:54,20000.00,13.10,5.69,13.70,8.00,16.80,13.90
2026-04-12 18:24:55,20000.00,13.20,5.72,13.70,8.27,16.60,13.80
2026-04-12 18:24:55,20000.00,13.00,5.83,13.70,8.14,16.70,13.90
2026-04-12 18:24:56,20000.00,13.10,5.64,13.70,8.00,16.60,13.90
2026-04-12 18:24:56,20000.00,13.20,5.70,13.70,8.10,16.50,13.90
2026-04-12 18:24:56,20000.00,13.10,5.79,13.70,7.94,16.70,13.90
2026-04-12 18:24:57,20000.00,13.10,5.73,13.70,7.95,16.60,13.90
2026-04-12 18:24:57,20000.00,13.10,5.73,13.70,8.02,16.90,13.90
2026-04-12 18:24:57,20000.00,13.10,5.67,13.70,8.04,16.70,13.90
2026-04-12 18:24:58,20000.00,13.00,5.73,13.70,7.95,16.70,13.90
2026-04-12 18:24:58,20000.00,13.10,5.67,13.70,7.98,16.70,13.90
2026-04-12 18:24:58,20000.00,13.10,5.77,13.70,7.99,16.70,13.90
2026-04-12 18:24:59,20000.00,13.10,5.72,13.70,8.09,16.70,13.90
2026-04-12 18:24:59,20000.00,13.10,5.75,13.70,7.93,16.70,13.90
2026-04-12 18:25:00,20000.00,13.10,5.72,13.70,7.96,16.60,13.90
2026-04-12 18:25:00,20000.00,13.20,5.73,13.70,7.90,16.70,13.90
2026-04-12 18:25:00,20000.00,13.10,5.77,13.70,8.06,16.70,13.80
2026-04-12 18:25:01,20000.00,13.00,5.77,13.70,8.06,16.80,13.90
2026-04-12 18:25:01,20000.00,13.10,5.77,13.70,7.98,16.80,13.90
2026-04-12 18:25:01,20000.00,13.10,5.78,13.70,7.89,16.40,13.90
2026-04-12 18:25:02,20000.00,13.10,5.77,13.70,8.25,16.80,13.80
2026-04-12 18:25:02,20000.00,13.00,5.76,13.70,8.10,16.90,13.90
2026-04-12 18:25:02,20000.00,13.10,5.68,13.70,7.89,16.80,13.90
2026-04-12 18:25:03,20000.00,13.10,5.78,13.70,7.91,16.70,13.90
2026-04-12 18:25:03,20000.00,13.10,5.80,13.70,7.90,17.00,13.90
2026-04-12 18:25:04,20000.00,13.10,5.76,13.70,7.98,16.80,13.90
2026-04-12 18:25:04,20000.00,13.10,5.78,13.70,7.94,16.70,13.90
2026-04-12 18:25:04,20000.00,13.10,5.74,13.70,7.91,16.80,13.90
2026-04-12 18:25:05,20000.00,13.10,5.75,13.70,7.90,16.80,13.90
2026-04-12 18:25:05,20000.00,13.10,5.71,13.70,7.85,16.80,13.90
2026-04-12 18:25:05,20000.00,13.10,5.77,13.70,7.93,16.90,13.90
2026-04-12 18:25:06,20000.00,13.20,5.76,13.70,7.92,16.80,13.90
2026-04-12 18:25:06,20000.00,13.10,5.72,13.70,7.97,16.70,13.90
2026-04-12 18:25:06,20000.00,13.10,5.71,13.70,8.00,16.80,13.90
2026-04-12 18:25:07,20000.00,13.10,5.73,13.70,8.01,16.80,13.90
2026-04-12 18:25:07,20000.00,13.10,5.74,13.70,8.10,16.80,13.90
2026-04-12 18:25:08,20000.00,13.10,5.63,13.70,7.93,16.60,14.00
2026-04-12 18:25:08,20000.00,13.20,5.72,13.70,7.93,16.90,13.90
2026-04-12 18:25:08,20000.00,13.10,5.70,13.70,7.96,16.90,13.90
2026-04-12 18:25:09,20000.00,13.20,5.74,13.70,7.87,16.80,13.90
2026-04-12 18:25:09,20000.00,13.10,5.74,13.70,8.15,16.70,13.90
2026-04-12 18:25:09,20000.00,13.10,5.77,13.70,8.00,16.80,13.90
2026-04-12 18:25:10,20000.00,13.20,5.77,13.70,8.07,16.60,13.90
2026-04-12 18:25:10,20000.00,13.10,5.70,13.70,8.00,16.80,13.90
2026-04-12 18:25:10,20000.00,13.10,5.78,13.70,8.16,16.80,13.90
2026-04-12 18:25:11,20000.00,13.10,5.74,13.70,7.93,16.90,13.90
2026-04-12 18:25:11,20000.00,13.10,5.78,13.70,7.93,16.80,13.90
2026-04-12 18:25:12,20000.00,13.10,5.61,13.70,7.88,16.70,14.00
2026-04-12 18:25:12,20000.00,13.20,5.69,13.70,8.02,16.70,13.80
2026-04-12 18:25:12,20000.00,13.10,5.71,13.70,8.08,16.60,13.90
2026-04-12 18:25:13,20000.00,13.10,5.65,13.70,8.05,16.70,13.90
2026-04-12 18:25:13,20000.00,13.20,5.68,13.70,7.77,16.70,13.90
2026-04-12 18:25:13,20000.00,13.20,5.68,13.70,7.93,16.60,13.90
2026-04-12 18:25:14,20000.00,13.10,5.74,13.70,7.87,16.80,13.90
2026-04-12 18:25:14,20000.00,13.10,5.60,13.70,7.95,16.70,14.00
2026-04-12 18:25:15,20000.00,13.20,5.72,13.70,7.90,16.80,13.90
2026-04-12 18:25:15,20000.00,13.20,5.74,13.70,8.01,16.90,13.80
2026-04-12 18:25:15,20000.00,13.10,5.76,13.70,8.16,16.70,13.90
2026-04-12 18:25:16,20000.00,13.10,5.81,13.70,8.23,16.70,13.80
2026-04-12 18:25:16,20000.00,13.00,5.73,13.70,7.90,16.80,13.90
2026-04-12 18:25:16,20000.00,13.10,5.80,13.70,8.00,16.80,13.90
2026-04-12 18:25:17,20000.00,13.10,5.82,13.70,7.92,16.90,13.90
2026-04-12 18:25:17,20000.00,13.10,5.79,13.70,7.91,16.70,13.90
2026-04-12 18:25:17,20000.00,13.10,5.78,13.70,7.91,16.80,13.90
2026-04-12 18:25:18,20000.00,13.10,5.77,13.70,7.97,16.80,13.90
2026-04-12 18:25:18,20000.00,13.10,5.75,13.70,8.20,16.80,13.80
2026-04-12 18:25:18,20000.00,13.00,5.70,13.70,7.96,16.50,13.90
2026-04-12 18:25:19,20000.00,13.10,5.75,13.70,8.03,16.80,13.90
2026-04-12 18:25:19,20000.00,13.10,5.75,13.70,8.16,16.90,13.90
2026-04-12 18:25:20,20000.00,13.10,5.77,13.70,7.86,16.70,13.90
2026-04-12 18:25:20,20000.00,13.10,5.71,13.70,7.89,16.70,13.90
2026-04-12 18:25:20,20000.00,13.10,5.70,13.70,7.89,16.80,13.90
2026-04-12 18:25:21,20000.00,13.10,5.63,13.70,8.08,16.70,13.90
2026-04-12 18:25:21,20000.00,13.10,5.76,13.70,7.98,16.80,13.90
2026-04-12 18:25:21,20000.00,13.10,5.70,13.70,8.11,16.80,13.90
2026-04-12 18:25:22,20000.00,13.10,5.78,13.70,7.95,16.80,13.90
2026-04-12 18:25:22,20000.00,13.10,5.78,13.70,8.04,16.90,13.90
2026-04-12 18:25:23,20000.00,13.10,5.76,13.70,7.92,16.50,13.90
2026-04-12 18:25:23,20000.00,13.10,5.76,13.70,7.91,16.60,13.90
2026-04-12 18:25:23,20000.00,13.10,5.72,13.70,7.91,16.60,13.90
2026-04-12 18:25:24,20000.00,13.10,5.61,13.70,7.91,16.70,14.00
2026-04-12 18:25:24,20000.00,13.20,5.65,13.70,7.97,16.90,13.90
2026-04-12 18:25:24,20000.00,13.10,5.70,13.70,7.94,16.70,13.90
2026-04-12 18:25:25,20000.00,13.10,5.77,13.70,7.88,16.70,13.90
2026-04-12 18:25:25,20000.00,13.10,5.67,13.70,8.15,16.70,13.80
2026-04-12 18:25:25,20000.00,13.00,5.84,13.70,7.93,16.80,13.90
2026-04-12 18:25:26,20000.00,13.10,5.76,13.70,7.94,16.80,13.90
2026-04-12 18:25:26,20000.00,13.10,5.64,13.70,7.87,16.80,13.90
2026-04-12 18:25:26,20000.00,13.20,5.77,13.70,7.95,16.70,13.80
2026-04-12 18:25:27,20000.00,13.00,5.77,13.70,8.07,16.70,13.90
2026-04-12 18:25:27,20000.00,13.10,5.83,13.70,8.05,16.60,13.90
2026-04-12 18:25:28,20000.00,13.10,5.75,13.70,7.94,16.80,13.90
2026-04-12 18:25:28,20000.00,13.10,5.73,13.70,8.12,16.70,13.90
2026-04-12 18:25:28,20000.00,13.10,5.66,13.70,7.93,16.80,13.90
2026-04-12 18:25:29,20000.00,13.10,5.70,13.70,7.90,16.80,13.90
2026-04-12 18:25:29,20000.00,13.10,5.72,13.70,7.93,16.70,13.90
2026-04-12 18:25:29,20000.00,13.10,5.73,13.70,7.91,17.00,13.90
2026-04-12 18:25:30,20000.00,13.10,5.77,13.70,8.00,16.70,13.90
2026-04-12 18:25:30,20000.00,13.10,5.76,13.70,8.25,16.70,13.80
2026-04-12 18:25:31,20000.00,13.00,5.77,13.70,8.22,16.80,13.90
2026-04-12 18:25:31,20000.00,13.10,5.74,13.70,8.10,16.60,13.90
2026-04-12 18:25:31,20000.00,13.10,5.79,13.70,7.99,16.70,13.90
2026-04-12 18:25:32,20000.00,13.10,5.78,13.70,7.90,16.80,13.90
2026-04-12 18:25:32,20000.00,13.10,5.72,13.70,7.87,16.70,13.90
2026-04-12 18:25:32,20000.00,13.10,5.74,13.70,7.94,16.70,13.90
2026-04-12 18:25:33,20000.00,13.10,5.82,13.70,8.03,16.60,13.90
2026-04-12 18:25:33,20000.00,13.10,5.75,13.70,7.95,16.90,13.90
2026-04-12 18:25:33,20000.00,13.10,5.72,13.70,7.91,16.90,13.90
2026-04-12 18:25:34,20000.00,13.10,5.69,13.70,8.08,16.90,13.90
2026-04-12 18:25:34,20000.00,13.10,5.73,13.70,7.94,16.90,13.90
2026-04-12 18:25:35,20000.00,13.10,5.76,13.70,7.89,16.80,13.90
2026-04-12 18:25:35,20000.00,13.10,5.77,13.70,7.93,16.90,13.90
2026-04-12 18:25:35,20000.00,13.10,5.78,13.70,7.99,16.80,13.90
2026-04-12 18:25:36,20000.00,13.10,5.76,13.70,8.13,16.70,13.80
2026-04-12 18:25:36,20000.00,13.00,5.78,13.70,8.20,16.70,13.90
2026-04-12 18:25:36,20000.00,13.10,5.81,13.70,8.09,16.60,13.90
2026-04-12 18:25:37,20000.00,13.10,5.82,13.70,7.95,16.90,13.90
2026-04-12 18:25:37,20000.00,13.10,5.71,13.70,7.94,16.90,13.90
2026-04-12 18:25:37,20000.00,13.10,5.72,13.70,7.89,16.70,13.90
2026-04-12 18:25:38,20000.00,13.10,5.71,13.70,7.94,16.80,13.90
2026-04-12 18:25:38,20000.00,13.10,5.77,13.70,7.91,16.80,13.90
2026-04-12 18:25:39,20000.00,13.10,5.81,13.70,7.98,16.90,13.90
2026-04-12 18:25:39,20000.00,13.10,5.63,13.70,7.95,16.70,13.90
2026-04-12 18:25:39,20000.00,13.10,5.68,13.70,7.91,16.70,14.00
2026-04-12 18:25:40,20000.00,13.20,5.71,13.70,8.19,16.70,13.80
2026-04-12 18:25:40,20000.00,13.00,5.78,13.70,8.28,16.90,13.80
2026-04-12 18:25:40,20000.00,13.00,5.78,13.70,8.13,16.70,13.90
2026-04-12 18:25:41,20000.00,13.10,5.79,13.70,7.95,16.50,13.90
2026-04-12 18:25:41,20000.00,13.10,5.79,13.70,7.91,17.00,13.90
2026-04-12 18:25:41,20000.00,13.10,5.74,13.70,7.92,16.80,13.90
2026-04-12 18:25:42,20000.00,13.10,5.78,13.70,7.96,16.70,13.90
2026-04-12 18:25:42,20000.00,13.10,5.73,13.70,8.11,16.80,13.90
2026-04-12 18:25:43,20000.00,13.10,5.74,13.70,7.88,16.70,13.90
2026-04-12 18:25:43,20000.00,13.10,5.77,13.70,7.90,16.80,13.90
2026-04-12 18:25:43,20000.00,13.10,5.77,13.70,8.02,16.80,13.90
2026-04-12 18:25:44,20000.00,13.10,5.80,13.70,7.92,16.70,13.90
2026-04-12 18:25:44,20000.00,13.10,5.70,13.70,7.93,16.80,13.90
2026-04-12 18:25:44,20000.00,13.10,5.74,13.70,7.98,16.70,13.90
2026-04-12 18:25:45,20000.00,13.10,5.72,13.70,8.06,16.80,13.90
2026-04-12 18:25:45,20000.00,13.10,5.76,13.70,8.07,16.80,13.90
2026-04-12 18:25:45,20000.00,13.10,5.81,13.70,7.97,16.80,13.90
2026-04-12 18:25:46,20000.00,13.10,5.72,13.70,8.09,16.70,13.80
2026-04-12 18:25:46,20000.00,13.00,5.84,13.70,8.04,16.80,13.90
2026-04-12 18:25:47,20000.00,13.10,5.77,13.70,7.90,16.90,13.90
2026-04-12 18:25:47,20000.00,13.10,5.77,13.70,8.01,16.80,13.90
2026-04-12 18:25:47,20000.00,13.10,5.78,13.70,7.95,16.70,13.90
2026-04-12 18:25:48,20000.00,13.10,5.80,13.70,8.20,16.50,13.80
2026-04-12 18:25:48,20000.00,13.00,5.83,13.70,8.13,16.60,13.90
2026-04-12 18:25:48,20000.00,13.10,5.80,13.70,8.03,16.70,13.90
2026-04-12 18:25:49,20000.00,13.10,5.75,13.70,8.08,16.90,13.90
2026-04-12 18:25:49,20000.00,13.10,5.66,13.70,7.98,16.70,14.00
2026-04-12 18:25:49,20000.00,13.10,5.75,13.70,7.91,16.70,13.90
2026-04-12 18:25:50,20000.00,13.10,5.66,13.70,7.90,16.60,14.00
2026-04-12 18:25:50,20000.00,13.20,5.77,13.70,7.92,16.80,13.90
2026-04-12 18:25:51,20000.00,13.10,5.73,13.70,7.97,16.80,13.90
2026-04-12 18:25:51,20000.00,13.10,5.77,13.70,8.15,16.70,13.90
2026-04-12 18:25:51,20000.00,13.10,5.75,13.70,8.04,16.60,13.90
2026-04-12 18:25:52,20000.00,13.10,5.69,13.70,7.92,16.80,13.90
2026-04-12 18:25:52,20000.00,13.10,5.71,13.70,7.88,16.70,13.90
2026-04-12 18:25:52,20000.00,13.10,5.69,13.70,8.09,16.90,13.90
2026-04-12 18:25:53,20000.00,13.10,5.68,13.70,7.91,16.90,13.90
2026-04-12 18:25:53,20000.00,13.10,5.74,13.70,7.89,16.80,13.90
2026-04-12 18:25:53,20000.00,13.10,5.77,13.70,7.92,16.80,13.90
2026-04-12 18:25:54,20000.00,13.10,5.73,13.70,8.19,16.70,13.90
2026-04-12 18:25:54,20000.00,13.10,5.63,13.70,7.89,16.60,14.00
2026-04-12 18:25:55,20000.00,13.20,5.71,13.70,8.10,16.70,13.90
2026-04-12 18:25:55,20000.00,13.00,5.78,13.70,7.96,16.70,13.90
2026-04-12 18:25:55,20000.00,13.10,5.72,13.70,7.99,16.90,13.90
2026-04-12 18:25:56,20000.00,13.10,5.74,13.70,8.06,16.50,13.90
2026-04-12 18:25:56,20000.00,13.10,5.77,13.70,7.93,16.80,13.90
2026-04-12 18:25:56,20000.00,13.10,5.73,13.70,7.97,16.80,13.90
2026-04-12 18:25:57,20000.00,13.10,5.79,13.70,7.95,16.70,13.90
2026-04-12 18:25:57,20000.00,13.10,5.75,13.70,8.10,16.90,13.90
2026-04-12 18:25:57,20000.00,13.10,5.75,13.70,8.00,16.70,13.90
2026-04-12 18:25:58,20000.00,13.20,5.70,13.70,8.10,16.70,13.90
2026-04-12 18:25:58,20000.00,13.10,5.74,13.70,8.03,16.70,13.90
2026-04-12 18:25:59,20000.00,13.10,5.75,13.70,7.92,16.70,13.90
2026-04-12 18:25:59,20000.00,13.10,5.71,13.70,8.06,16.80,13.90
2026-04-12 18:25:59,20000.00,13.10,5.72,13.70,7.92,16.60,13.90
2026-04-12 18:26:00,20000.00,13.10,5.75,13.70,7.91,16.70,13.90
2026-04-12 18:26:00,20000.00,13.10,5.72,13.70,7.90,16.70,13.90
2026-04-12 18:26:00,20000.00,13.10,5.76,13.70,8.04,16.90,13.90
2026-04-12 18:26:01,20000.00,13.10,5.73,13.70,8.46,16.70,13.80
2026-04-12 18:26:01,20000.00,13.00,5.79,13.70,7.90,16.40,13.90
2026-04-12 18:26:01,20000.00,13.10,5.67,13.70,8.03,16.80,13.90
2026-04-12 18:26:02,20000.00,13.10,5.74,13.70,8.12,16.60,13.80
2026-04-12 18:26:02,20000.00,13.00,5.79,13.70,8.13,16.80,13.90
2026-04-12 18:26:03,20000.00,13.10,5.76,13.70,7.92,16.70,13.90
2026-04-12 18:26:03,20000.00,13.10,5.79,13.70,7.97,16.80,13.90
2026-04-12 18:26:03,20000.00,13.10,5.78,13.70,7.97,16.60,13.90
2026-04-12 18:26:04,20000.00,13.10,5.72,13.70,7.90,16.80,13.90
2026-04-12 18:26:04,20000.00,13.10,5.78,13.70,8.05,16.60,13.90
2026-04-12 18:26:04,20000.00,13.10,5.67,13.70,7.92,16.80,14.00
2026-04-12 18:26:05,20000.00,13.10,5.70,13.70,8.07,16.70,13.90
2026-04-12 18:26:05,20000.00,13.10,5.76,13.70,8.00,16.60,13.90
2026-04-12 18:26:05,20000.00,13.10,5.75,13.70,8.04,16.90,13.90
2026-04-12 18:26:06,20000.00,13.10,5.71,13.70,7.92,16.60,13.90
2026-04-12 18:26:06,20000.00,13.10,5.70,13.70,7.97,16.90,13.90
2026-04-12 18:26:07,20000.00,13.10,5.72,13.70,7.92,16.70,13.90
2026-04-12 18:26:07,20000.00,13.10,5.74,13.70,8.12,16.90,13.80
2026-04-12 18:26:07,20000.00,13.00,5.75,13.70,7.98,16.60,13.90
2026-04-12 18:26:08,20000.00,13.10,5.84,13.70,8.27,16.80,13.80
2026-04-12 18:26:08,20000.00,13.00,5.85,13.70,8.08,16.70,13.90
2026-04-12 18:26:08,20000.00,13.10,5.76,13.70,8.02,16.80,13.90
2026-04-12 18:26:09,20000.00,13.10,5.82,13.70,7.95,16.90,13.90
2026-04-12 18:26:09,20000.00,13.10,5.82,13.70,7.93,16.70,13.90
2026-04-12 18:26:09,20000.00,13.10,5.53,13.70,7.90,16.70,13.90
2026-04-12 18:26:10,20000.00,13.10,5.73,13.70,7.92,16.70,14.00
2026-04-12 18:26:10,20000.00,13.20,5.76,13.70,8.00,16.80,13.80
2026-04-12 18:26:11,20000.00,13.00,5.81,13.70,8.04,16.70,13.90
2026-04-12 18:26:11,20000.00,13.10,5.80,13.70,8.01,16.60,13.90
2026-04-12 18:26:11,20000.00,13.10,5.70,13.70,7.89,16.70,13.90
2026-04-12 18:26:12,20000.00,13.10,5.70,13.70,7.92,16.40,13.90
2026-04-12 18:26:12,20000.00,13.10,5.74,13.70,8.24,16.80,13.80
2026-04-12 18:26:12,20000.00,13.00,5.79,13.70,8.06,16.70,13.90
2026-04-12 18:26:13,20000.00,13.10,5.75,13.70,7.91,16.80,13.90
2026-04-12 18:26:13,20000.00,13.10,5.79,13.70,7.93,16.90,13.90
2026-04-12 18:26:13,20000.00,13.10,5.72,13.70,7.96,16.90,13.90
2026-04-12 18:26:14,20000.00,13.10,5.76,13.70,7.99,16.70,13.90
2026-04-12 18:26:14,20000.00,13.10,5.78,13.70,8.37,16.70,13.80
2026-04-12 18:26:15,20000.00,13.00,5.71,13.70,7.91,16.50,13.90
2026-04-12 18:26:15,20000.00,13.10,5.68,13.70,7.97,16.70,13.90
2026-04-12 18:26:15,20000.00,13.10,5.74,13.70,8.01,16.60,13.80
2026-04-12 18:26:16,20000.00,13.00,5.80,13.70,8.12,16.80,13.90
2026-04-12 18:26:16,20000.00,13.10,5.74,13.70,7.98,16.80,13.90
2026-04-12 18:26:16,20000.00,13.10,5.61,13.70,7.92,16.70,13.90
2026-04-12 18:26:17,20000.00,13.10,5.73,13.70,8.00,16.80,13.90
2026-04-12 18:26:17,20000.00,13.10,5.76,13.70,8.25,16.60,13.80
2026-04-12 18:26:17,20000.00,13.00,5.77,13.70,8.27,16.80,13.90
2026-04-12 18:26:18,20000.00,13.10,5.80,13.70,8.17,16.90,13.90
2026-04-12 18:26:18,20000.00,13.10,5.73,13.70,7.96,16.60,13.90
2026-04-12 18:26:19,20000.00,13.10,5.74,13.70,7.98,16.90,13.90
2026-04-12 18:26:19,20000.00,13.10,5.71,13.70,8.08,16.80,13.80
2026-04-12 18:26:19,20000.00,13.00,5.82,13.70,8.02,16.70,13.90
2026-04-12 18:26:20,20000.00,13.10,5.80,13.70,7.96,16.70,13.90
2026-04-12 18:26:20,20000.00,13.10,5.71,13.70,7.93,16.70,13.90
2026-04-12 18:26:20,20000.00,13.10,5.74,13.70,8.08,16.70,13.80
2026-04-12 18:26:21,20000.00,13.00,5.81,13.70,7.92,16.30,13.90
2026-04-12 18:26:21,20000.00,13.10,5.75,13.70,7.91,16.90,13.90
2026-04-12 18:26:21,20000.00,13.10,5.69,13.70,8.16,16.60,13.90
2026-04-12 18:26:22,20000.00,13.10,5.74,13.70,8.11,16.70,13.90
2026-04-12 18:26:22,20000.00,13.10,5.79,13.70,7.95,16.70,13.90
2026-04-12 18:26:23,20000.00,13.10,5.78,13.70,8.10,16.80,13.90
2026-04-12 18:26:23,20000.00,13.10,5.67,13.70,7.90,16.70,13.90
2026-04-12 18:26:23,20000.00,13.10,5.72,13.70,7.90,16.40,13.90
2026-04-12 18:26:24,20000.00,13.10,5.73,13.70,7.91,16.80,13.90
2026-04-12 18:26:24,20000.00,13.10,5.77,13.70,7.94,16.80,13.90
2026-04-12 18:26:24,20000.00,13.10,5.76,13.70,8.23,16.80,13.90
2026-04-12 18:26:25,20000.00,13.10,5.76,13.70,7.96,16.80,13.90
2026-04-12 18:26:25,20000.00,13.10,5.68,13.70,7.98,16.70,14.00
2026-04-12 18:26:25,20000.00,13.10,5.66,13.70,7.74,16.40,14.00
2026-04-12 18:26:26,20000.00,13.20,5.69,13.70,8.14,16.70,13.80
2026-04-12 18:26:26,20000.00,13.00,5.78,13.70,7.97,16.50,13.90
2026-04-12 18:26:27,20000.00,13.10,5.78,13.70,7.89,16.90,13.90
2026-04-12 18:26:27,20000.00,13.10,5.68,13.70,7.90,16.60,14.00
2026-04-12 18:26:27,20000.00,13.10,5.65,13.70,7.99,16.70,13.90
2026-04-12 18:26:28,20000.00,13.10,5.74,13.70,8.07,16.70,13.80
2026-04-12 18:26:28,20000.00,13.00,5.84,13.70,8.07,16.70,13.90
2026-04-12 18:26:28,20000.00,13.10,5.81,13.70,8.23,16.50,13.80
2026-04-12 18:26:29,20000.00,13.00,5.80,13.70,8.22,16.60,13.90
2026-04-12 18:26:29,20000.00,13.10,5.82,13.70,8.09,16.90,13.90
2026-04-12 18:26:29,20000.00,13.10,5.77,13.70,7.97,16.70,13.90
2026-04-12 18:26:30,20000.00,13.10,5.72,13.70,7.92,16.80,13.90
2026-04-12 18:26:30,20000.00,13.10,5.67,13.70,7.93,16.70,13.90
2026-04-12 18:26:31,20000.00,13.10,5.62,13.70,8.00,16.60,14.00
2026-04-12 18:26:31,20000.00,13.10,5.70,13.70,7.91,16.80,13.90
2026-04-12 18:26:31,20000.00,13.10,5.71,13.70,8.03,16.30,13.80
2026-04-12 18:26:32,20000.00,13.00,5.78,13.70,8.17,16.70,13.90
2026-04-12 18:26:32,20000.00,13.10,5.78,13.70,8.04,16.80,13.90
2026-04-12 18:26:32,20000.00,13.10,5.73,13.70,8.06,16.70,13.90
2026-04-12 18:26:33,20000.00,13.10,5.78,13.70,7.99,16.90,13.90
2026-04-12 18:26:33,20000.00,13.10,5.72,13.70,8.14,16.70,13.90
2026-04-12 18:26:33,20000.00,13.10,5.64,13.70,7.91,16.70,14.00
2026-04-12 18:26:34,20000.00,13.10,5.71,13.70,7.91,16.70,13.90
2026-04-12 18:26:34,20000.00,13.10,5.72,13.70,7.90,16.60,13.90
2026-04-12 18:26:35,20000.00,13.10,5.75,13.70,7.87,16.80,13.90
2026-04-12 18:26:35,20000.00,13.10,5.73,13.70,8.03,16.90,13.90
2026-04-12 18:26:35,20000.00,13.10,5.73,13.70,8.15,16.30,13.90
2026-04-12 18:26:36,20000.00,13.10,5.76,13.70,8.22,16.60,13.80
2026-04-12 18:26:36,20000.00,13.00,5.80,13.70,8.29,16.70,13.90
2026-04-12 18:26:36,20000.00,13.10,5.76,13.70,8.11,16.70,13.90
2026-04-12 18:26:37,20000.00,13.10,5.74,13.70,8.18,16.80,13.90
2026-04-12 18:26:37,20000.00,13.10,5.79,13.70,8.14,16.80,13.90
2026-04-12 18:26:37,20000.00,13.10,5.74,13.70,7.96,16.80,13.90
2026-04-12 18:26:38,20000.00,13.10,5.67,13.70,7.95,16.50,13.90
2026-04-12 18:26:38,20000.00,13.20,5.73,13.70,7.90,16.70,13.90
2026-04-12 18:26:39,20000.00,13.10,5.73,13.70,8.25,16.50,13.80
2026-04-12 18:26:39,20000.00,13.00,5.85,13.70,8.11,16.70,13.90
2026-04-12 18:26:39,20000.00,13.10,5.77,13.70,8.07,16.90,13.90
2026-04-12 18:26:40,20000.00,13.10,5.72,13.70,8.02,16.80,13.90
2026-04-12 18:26:40,20000.00,13.10,5.75,13.70,7.99,16.60,13.90
2026-04-12 18:26:40,20000.00,13.10,5.73,13.70,7.90,16.70,13.90
2026-04-12 18:26:41,20000.00,13.10,5.63,13.70,7.95,16.70,13.90
2026-04-12 18:26:41,20000.00,13.10,5.80,13.70,7.94,16.80,13.90
2026-04-12 18:26:41,20000.00,13.10,5.73,13.70,7.88,16.80,13.90
2026-04-12 18:26:42,20000.00,13.10,5.70,13.70,7.94,16.80,13.90
2026-04-12 18:26:42,20000.00,13.10,5.71,13.70,7.93,16.80,13.90
2026-04-12 18:26:43,20000.00,13.10,5.69,13.70,7.90,16.70,14.00
2026-04-12 18:26:43,20000.00,13.10,5.75,13.70,8.06,16.80,13.80
2026-04-12 18:26:43,20000.00,13.00,5.71,13.70,8.23,16.70,13.90
2026-04-12 18:26:44,20000.00,13.10,5.81,13.70,8.10,16.70,13.90
2026-04-12 18:26:44,20000.00,13.10,5.72,13.70,8.02,16.70,13.90
2026-04-12 18:26:44,20000.00,13.10,5.73,13.70,8.18,16.40,13.80
2026-04-12 18:26:45,20000.00,13.00,5.81,13.70,8.02,16.80,13.90
2026-04-12 18:26:45,20000.00,13.10,5.81,13.70,7.94,16.80,13.90
2026-04-12 18:26:45,20000.00,13.10,5.79,13.70,7.96,16.70,13.90
2026-04-12 18:26:46,20000.00,13.10,5.67,13.70,7.92,16.30,13.90
2026-04-12 18:26:46,20000.00,13.10,5.75,13.70,8.27,16.80,13.80
2026-04-12 18:26:47,20000.00,13.00,5.78,13.70,8.02,16.70,13.90
2026-04-12 18:26:47,20000.00,13.10,5.78,13.70,8.17,16.80,13.90
2026-04-12 18:26:47,20000.00,13.10,5.77,13.70,7.95,16.70,13.90
2026-04-12 18:26:48,20000.00,13.10,5.70,13.70,8.03,16.80,13.90
2026-04-12 18:26:48,20000.00,13.10,5.74,13.70,7.91,16.80,13.90
2026-04-12 18:26:48,20000.00,13.10,5.76,13.70,8.08,16.80,13.90
2026-04-12 18:26:49,20000.00,13.10,5.75,13.70,7.91,16.70,13.90
2026-04-12 18:26:49,20000.00,13.10,5.77,13.70,7.95,16.60,13.90
2026-04-12 18:26:49,20000.00,13.10,5.72,13.70,7.88,16.70,13.90
2026-04-12 18:26:50,20000.00,13.10,5.74,13.70,8.09,16.80,13.90
2026-04-12 18:26:50,20000.00,13.10,5.71,13.70,8.27,16.70,13.80
2026-04-12 18:26:51,20000.00,13.00,5.76,13.70,8.24,16.70,13.90
2026-04-12 18:26:51,20000.00,13.10,5.75,13.70,7.90,16.70,13.90
2026-04-12 18:26:51,20000.00,13.10,5.70,13.70,8.00,16.70,13.90
2026-04-12 18:26:52,20000.00,13.10,5.73,13.70,7.93,16.80,13.90
2026-04-12 18:26:52,20000.00,13.10,5.74,13.70,7.88,16.70,13.90
2026-04-12 18:26:52,20000.00,13.10,5.73,13.70,7.93,16.70,13.90
2026-04-12 18:26:53,20000.00,13.10,5.75,13.70,7.93,16.60,13.90
2026-04-12 18:26:53,20000.00,13.10,5.75,13.70,7.89,16.80,13.90
2026-04-12 18:26:53,20000.00,13.10,5.72,13.70,7.94,16.70,13.90
2026-04-12 18:26:54,20000.00,13.10,5.71,13.70,8.04,16.80,13.90
2026-04-12 18:26:54,20000.00,13.10,5.72,13.70,8.06,16.50,13.80
2026-04-12 18:26:55,20000.00,13.00,5.80,13.70,7.98,16.60,13.90
2026-04-12 18:26:55,20000.00,13.10,5.69,13.70,7.97,16.50,13.90
2026-04-12 18:26:55,20000.00,13.10,5.78,13.70,8.05,16.80,13.90
2026-04-12 18:26:56,20000.00,13.10,5.78,13.70,7.91,16.70,13.90
2026-04-12 18:26:56,20000.00,13.10,5.62,13.70,7.95,16.70,13.90
2026-04-12 18:26:56,20000.00,13.10,5.69,13.70,7.98,16.80,13.90
2026-04-12 18:26:57,20000.00,13.10,5.64,13.70,7.90,16.90,13.90
2026-04-12 18:26:57,20000.00,13.10,5.71,13.70,7.92,16.80,13.90
2026-04-12 18:26:57,20000.00,13.10,5.67,13.70,7.93,16.70,13.90
2026-04-12 18:26:58,20000.00,13.20,5.74,13.70,8.02,16.60,13.80
2026-04-12 18:26:58,20000.00,13.00,5.79,13.70,7.91,16.60,13.90
2026-04-12 18:26:59,20000.00,13.10,5.78,13.70,8.03,16.80,13.90
2026-04-12 18:26:59,20000.00,13.10,5.68,13.70,8.17,16.40,13.80
2026-04-12 18:26:59,20000.00,13.00,5.77,13.70,7.94,16.40,13.80
2026-04-12 18:27:00,20000.00,13.00,5.82,13.70,7.98,16.80,13.90
2026-04-12 18:27:00,20000.00,13.10,5.76,13.70,7.96,16.80,13.90
2026-04-12 18:27:00,20000.00,13.10,5.74,13.70,7.95,16.50,13.90
2026-04-12 18:27:01,20000.00,13.10,5.73,13.70,7.90,16.70,13.90
2026-04-12 18:27:01,20000.00,13.10,5.60,13.70,7.97,16.50,13.90
2026-04-12 18:27:01,20000.00,13.10,5.72,13.70,8.07,16.70,13.80
2026-04-12 18:27:02,20000.00,13.00,5.77,13.70,8.04,16.60,13.90
2026-04-12 18:27:02,20000.00,13.00,5.76,13.70,8.02,16.70,13.90
2026-04-12 18:27:03,20000.00,13.10,5.71,13.70,7.91,16.80,13.90
2026-04-12 18:27:03,20000.00,13.10,5.75,13.70,8.04,16.90,13.90
2026-04-12 18:27:03,20000.00,13.10,5.72,13.70,7.95,16.80,13.90
2026-04-12 18:27:04,20000.00,13.10,5.73,13.70,7.92,16.60,13.90
2026-04-12 18:27:04,20000.00,13.10,5.66,13.70,7.90,16.80,13.90
2026-04-12 18:27:04,20000.00,13.10,5.73,13.70,7.95,16.70,13.90
2026-04-12 18:27:05,20000.00,13.10,5.79,13.70,7.96,16.70,13.90
2026-04-12 18:27:05,20000.00,13.10,5.72,13.70,7.96,16.80,13.90
2026-04-12 18:27:06,20000.00,13.10,5.75,13.70,7.92,16.80,13.90
2026-04-12 18:27:06,20000.00,13.10,5.71,13.70,8.12,16.80,13.90
2026-04-12 18:27:06,20000.00,13.10,5.62,13.70,7.94,16.70,13.90
2026-04-12 18:27:07,20000.00,13.10,5.61,13.70,7.83,16.70,14.00
2026-04-12 18:27:07,20000.00,13.10,5.66,13.70,7.94,16.80,13.80
2026-04-12 18:27:07,20000.00,13.00,5.75,13.70,7.87,16.60,13.90
2026-04-12 18:27:08,20000.00,13.10,5.68,13.70,7.90,16.70,13.90
2026-04-12 18:27:08,20000.00,13.10,5.72,13.70,8.19,16.60,13.80
2026-04-12 18:27:08,20000.00,13.00,5.72,13.70,8.13,16.60,13.90
2026-04-12 18:37:12,1000.00,14.20,6.99,16.40,10.17,16.00,14.60
2026-04-12 18:37:12,1000.00,9.91,6.91,15.00,9.71,15.80,14.50
2026-04-12 18:37:13,1000.00,14.00,6.98,14.90,10.08,15.90,14.50
2026-04-12 18:37:13,1000.00,13.90,6.87,14.70,9.40,16.30,14.40
2026-04-12 18:37:13,1000.00,13.90,6.93,14.70,9.39,16.40,14.40
2026-04-12 18:37:14,1000.00,13.90,6.85,14.60,9.07,16.10,14.40
2026-04-12 18:37:14,1000.00,13.90,6.91,14.60,9.24,16.50,14.40
2026-04-12 18:37:14,1000.00,13.90,6.74,14.50,8.81,16.60,14.40
2026-04-12 18:37:15,1000.00,14.00,6.91,14.50,9.45,16.50,14.40
2026-04-12 18:37:15,1000.00,14.00,6.93,14.50,9.59,16.60,14.40
2026-04-12 18:37:15,1000.00,14.00,6.69,14.50,8.87,16.60,14.50
2026-04-12 18:37:16,1000.00,14.00,6.86,14.50,9.34,17.10,14.50
2026-04-12 18:37:16,1000.00,14.00,6.84,14.50,9.45,16.90,14.50
2026-04-12 18:37:17,1000.00,14.00,6.94,14.50,9.22,17.20,14.50
2026-04-12 18:37:17,1000.00,14.10,6.93,14.50,9.52,16.90,14.50
2026-04-12 18:37:17,1000.00,14.00,6.82,14.40,8.74,17.30,14.50
2026-04-12 18:37:18,1000.00,14.10,6.77,14.40,8.63,17.30,14.60
2026-04-12 18:37:18,1000.00,14.10,6.76,14.40,8.67,17.20,14.60
2026-04-12 18:37:18,1000.00,14.10,6.71,14.40,8.52,17.30,14.60
2026-04-12 18:37:19,1000.00,14.10,6.77,14.40,9.13,17.00,14.50
2026-04-12 18:37:19,1000.00,14.10,6.76,14.40,8.64,16.90,14.50
2026-04-12 18:37:19,1000.00,14.10,6.86,14.40,8.98,17.00,14.50
2026-04-12 18:37:20,1000.00,14.10,6.76,14.40,8.91,17.20,14.60
2026-04-12 18:37:20,1000.00,14.10,6.78,14.40,9.20,17.50,14.50
2026-04-12 18:37:20,1000.00,14.10,6.77,14.40,9.02,17.00,14.50
2026-04-12 18:37:21,1000.00,14.10,6.67,14.40,8.64,17.30,14.60
2026-04-12 18:37:21,1000.00,14.20,6.83,14.40,8.87,17.10,14.60
2026-04-12 18:37:22,1000.00,14.10,6.81,14.40,8.97,17.30,14.60
2026-04-12 18:37:22,1000.00,14.10,6.82,14.40,9.28,17.60,14.50
2026-04-12 18:37:22,1000.00,14.10,6.73,14.40,9.03,17.10,14.60
2026-04-12 18:37:23,1000.00,14.10,6.86,14.50,9.33,17.10,14.50
2026-04-12 18:37:23,1000.00,14.10,6.79,14.40,8.89,17.40,14.60
2026-04-12 18:37:23,1000.00,14.20,6.83,14.40,9.01,17.50,14.60
2026-04-12 18:37:24,1000.00,14.20,6.75,14.40,8.59,17.40,14.60
2026-04-12 18:37:24,1000.00,14.20,6.78,14.40,8.85,17.40,14.60
2026-04-12 18:37:24,1000.00,14.20,6.76,14.40,9.19,17.60,14.60
2026-04-12 18:37:25,1000.00,14.10,6.76,14.40,8.84,17.40,14.60
2026-04-12 18:37:25,1000.00,14.20,6.82,14.40,9.28,17.40,14.60
2026-04-12 18:37:26,1000.00,14.10,6.78,14.40,8.83,17.50,14.60
2026-04-12 18:37:26,1000.00,14.20,6.63,14.40,8.57,17.10,14.50
2026-04-12 18:37:26,1000.00,14.20,6.75,14.40,8.95,17.10,14.60
2026-04-12 18:37:27,1000.00,14.10,6.76,14.40,8.69,17.00,14.60
2026-04-12 18:37:27,1000.00,14.10,6.75,14.40,8.59,17.50,14.60
2026-04-12 18:37:27,1000.00,14.20,6.71,14.50,8.63,17.10,14.60
2026-04-12 18:37:28,1000.00,14.10,6.72,14.40,8.52,17.30,14.70
2026-04-12 18:37:28,1000.00,14.20,6.77,14.40,9.08,17.10,14.60
2026-04-12 18:37:28,1000.00,14.20,6.78,14.40,8.77,17.50,14.60
2026-04-12 18:37:29,1000.00,14.20,6.82,14.40,9.21,17.10,14.60
2026-04-12 18:37:29,1000.00,14.10,6.79,14.40,8.76,17.30,14.60
2026-04-12 18:37:30,1000.00,14.10,6.74,14.40,8.57,17.60,14.60
2026-04-12 18:37:30,1000.00,14.10,6.74,14.40,8.48,17.10,14.60
2026-04-12 18:37:30,1000.00,14.10,6.69,14.40,8.51,17.10,14.60
2026-04-12 18:37:31,1000.00,14.10,6.69,14.40,8.52,17.30,14.70
2026-04-12 18:37:31,1000.00,14.20,6.71,14.40,8.61,17.20,14.60
2026-04-12 18:37:31,1000.00,14.10,6.75,14.40,8.88,17.40,14.60
2026-04-12 18:37:32,1000.00,14.10,6.75,14.40,8.77,17.10,14.60
2026-04-12 18:37:32,1000.00,14.10,6.76,14.40,8.61,17.00,14.60
2026-04-12 18:37:33,1000.00,14.10,6.85,14.40,8.90,17.60,14.60
2026-04-12 18:37:33,1000.00,14.20,6.83,14.50,8.92,17.70,14.60
2026-04-12 18:37:33,1000.00,14.20,6.70,14.50,8.60,17.30,14.70
2026-04-12 18:37:34,1000.00,14.20,6.76,14.40,9.10,17.20,14.60
2026-04-12 18:37:34,1000.00,14.10,6.81,14.50,8.88,17.50,14.60
2026-04-12 18:37:34,1000.00,14.20,6.81,14.40,8.80,17.70,14.60
2026-04-12 18:37:35,1000.00,14.20,6.77,14.40,9.28,17.00,14.60
2026-04-12 18:37:35,1000.00,14.10,6.87,14.50,9.04,17.40,14.60
2026-04-12 18:37:35,1000.00,14.10,6.76,14.40,8.78,17.20,14.60
2026-04-12 18:37:36,1000.00,14.10,6.75,14.50,8.73,16.90,14.60
2026-04-12 18:37:36,1000.00,14.10,6.83,14.40,9.29,17.20,14.60
2026-04-12 18:37:36,1000.00,14.10,6.71,14.50,8.90,17.50,14.60
2026-04-12 18:37:37,1000.00,14.20,6.73,14.40,8.61,17.50,14.60
2026-04-12 18:37:37,1000.00,14.20,6.73,14.40,8.95,17.10,14.60
2026-04-12 18:37:38,1000.00,14.10,6.70,14.50,8.76,17.30,14.60
2026-04-12 18:37:38,1000.00,14.20,6.80,14.50,9.07,17.20,14.60
2026-04-12 18:37:38,1000.00,14.20,6.72,14.40,8.69,16.80,14.60
2026-04-12 18:37:39,1000.00,14.10,6.81,14.40,9.27,17.20,14.60
2026-04-12 18:37:39,1000.00,14.10,6.77,14.40,8.86,17.10,14.50
2026-04-12 18:37:39,1000.00,14.10,6.89,14.40,9.03,17.20,14.60
2026-04-12 18:37:40,1000.00,14.10,6.80,14.40,8.83,17.10,14.60
2026-04-12 18:37:40,1000.00,14.20,6.74,14.40,8.58,17.10,14.60
2026-04-12 18:37:40,1000.00,14.20,6.75,14.50,8.59,17.20,14.60
2026-04-12 18:37:41,1000.00,14.10,6.73,14.40,8.54,17.60,14.70
2026-04-12 18:37:41,1000.00,14.20,6.80,14.40,9.20,17.70,14.60
2026-04-12 18:37:42,1000.00,14.10,6.76,14.40,8.78,17.40,14.60
2026-04-12 18:37:42,1000.00,14.20,6.67,14.50,8.81,17.30,14.60
2026-04-12 18:37:42,1000.00,14.10,6.65,14.40,8.78,17.20,14.60
2026-04-12 18:37:43,1000.00,14.20,6.80,14.50,9.30,17.00,14.60
2026-04-12 18:37:43,1000.00,14.10,6.76,14.40,8.63,17.60,14.60
2026-04-12 18:37:43,1000.00,14.20,6.82,14.50,8.93,17.80,14.60
2026-04-12 18:37:44,1000.00,14.20,6.69,14.40,8.70,17.20,14.60
2026-04-12 18:37:44,1000.00,14.20,6.78,14.50,9.18,17.30,14.60
2026-04-12 18:37:44,1000.00,14.10,6.67,14.40,8.85,17.10,14.60
2026-04-12 18:37:45,1000.00,14.10,6.85,14.50,9.38,17.30,14.60
2026-04-12 18:37:45,1000.00,14.10,6.80,14.40,8.94,17.20,14.60
2026-04-12 18:37:46,1000.00,14.20,6.73,14.40,8.55,17.60,14.70
2026-04-12 18:37:46,1000.00,14.20,6.70,14.40,8.76,17.70,14.60
2026-04-12 18:37:46,1000.00,14.20,6.71,14.40,8.68,17.20,14.60
2026-04-12 18:37:47,1000.00,14.10,6.82,14.40,9.17,17.20,14.60
2026-04-12 18:37:47,1000.00,14.10,6.77,14.40,8.80,17.10,14.60
2026-04-12 18:37:47,1000.00,14.10,6.73,14.40,8.46,17.00,14.60
2026-04-12 18:37:48,1000.00,14.20,6.75,14.40,8.70,17.50,14.60
2026-04-12 18:37:48,1000.00,14.20,6.60,14.40,8.70,17.60,14.60
2026-04-12 18:37:49,1000.00,14.10,6.74,14.50,8.72,17.30,14.60
2026-04-12 18:37:49,1000.00,14.20,6.75,14.40,9.10,17.60,14.60
2026-04-12 18:37:49,1000.00,14.10,6.74,14.40,8.65,17.40,14.60
2026-04-12 18:37:50,1000.00,14.20,6.78,14.50,9.22,17.20,14.50
2026-04-12 18:37:50,1000.00,14.10,6.79,14.40,8.77,17.50,14.60
2026-04-12 18:37:50,1000.00,14.20,6.82,14.40,8.91,17.20,14.60
2026-04-12 18:37:51,1000.00,14.10,6.72,14.40,8.96,17.70,14.70
2026-04-12 18:37:51,1000.00,14.20,6.75,14.50,8.87,17.50,14.60
2026-04-12 18:37:51,1000.00,14.20,6.74,14.40,8.94,17.50,14.60
2026-04-12 18:37:52,1000.00,14.20,6.81,14.50,9.11,17.50,14.60
2026-04-12 18:37:52,1000.00,14.10,6.83,14.40,9.01,17.50,14.60
2026-04-12 18:37:52,1000.00,14.20,6.86,14.50,9.37,17.50,14.60
2026-04-12 18:37:53,1000.00,14.10,6.76,14.40,8.74,17.00,14.60
2026-04-12 18:37:53,1000.00,14.10,6.76,14.50,8.76,17.30,14.60
2026-04-12 18:37:54,1000.00,14.10,6.71,14.40,8.61,17.40,14.70
2026-04-12 18:37:54,1000.00,14.20,6.75,14.40,9.05,17.60,14.60
2026-04-12 18:37:54,1000.00,14.10,6.87,14.40,9.13,16.90,14.60
2026-04-12 18:37:55,1000.00,14.10,6.85,14.40,9.43,17.30,14.60
2026-04-12 18:37:55,1000.00,14.10,6.79,14.40,8.95,17.20,14.60
2026-04-12 18:37:55,1000.00,14.10,6.76,14.40,8.70,17.20,14.60
2026-04-12 18:37:56,1000.00,14.10,6.76,14.40,8.76,17.10,14.60
2026-04-12 18:37:56,1000.00,14.10,6.77,14.40,9.33,17.40,14.50
2026-04-12 18:37:56,1000.00,14.10,6.83,14.40,9.37,17.20,14.50
2026-04-12 18:37:57,1000.00,14.10,6.78,14.40,8.89,17.30,14.60
2026-04-12 18:37:57,1000.00,14.10,6.87,14.40,9.46,17.30,14.50
2026-04-12 18:37:58,1000.00,14.10,6.80,14.40,8.77,17.20,14.60
2026-04-12 18:37:58,1000.00,14.10,6.90,14.40,9.29,17.30,14.60
2026-04-12 18:37:58,1000.00,14.10,6.79,14.40,9.38,17.50,14.50
2026-04-12 18:37:59,1000.00,14.10,6.79,14.40,9.00,17.30,14.60
2026-04-12 18:37:59,1000.00,14.10,6.55,14.40,9.06,17.70,14.70
2026-04-12 18:37:59,1000.00,14.20,6.67,14.40,8.51,17.50,14.70
2026-04-12 18:38:00,1000.00,14.20,6.70,14.50,8.52,17.20,14.70
2026-04-12 18:38:00,1000.00,14.30,6.70,14.50,8.43,17.30,14.60
2026-04-12 18:38:00,1000.00,14.20,6.64,14.40,8.48,17.20,14.60
2026-04-12 18:38:01,1000.00,14.20,6.83,14.50,8.89,17.10,14.60
2026-04-12 18:38:01,1000.00,14.10,6.72,14.40,8.70,17.60,14.70
2026-04-12 18:38:02,1000.00,14.20,6.72,14.50,8.53,17.50,14.70
2026-04-12 18:38:02,1000.00,14.20,6.78,14.40,8.68,17.40,14.70
2026-04-12 18:38:02,1000.00,14.20,6.82,14.50,9.26,17.30,14.60
2026-04-12 18:38:03,1000.00,14.20,6.73,14.40,8.61,17.40,14.70
2026-04-12 18:38:03,1000.00,14.20,6.71,14.50,8.59,17.00,14.70
2026-04-12 18:38:03,1000.00,14.20,6.73,14.40,8.92,17.50,14.60
2026-04-12 18:38:04,1000.00,14.20,6.72,14.50,8.55,17.20,14.70
2026-04-12 18:38:04,1000.00,14.30,6.67,14.50,8.67,17.40,14.60
2026-04-12 18:38:05,1000.00,14.20,6.68,14.50,8.47,17.10,14.70
2026-04-12 18:38:05,1000.00,14.20,6.81,14.40,8.86,17.50,14.60
2026-04-12 18:38:05,1000.00,14.20,6.70,14.40,8.65,17.50,14.70
2026-04-12 18:38:06,1000.00,14.20,6.71,14.50,8.51,17.40,14.70
2026-04-12 18:38:06,1000.00,14.20,6.79,14.40,8.95,17.20,14.60
2026-04-12 18:38:06,1000.00,14.20,6.82,14.40,8.95,17.30,14.60
2026-04-12 18:38:07,1000.00,14.10,6.81,14.40,9.34,17.50,14.60
2026-04-12 18:38:07,1000.00,14.10,6.76,14.40,8.78,17.20,14.60
2026-04-12 18:38:07,1000.00,14.10,6.73,14.50,8.75,17.20,14.60
2026-04-12 18:38:08,1000.00,14.20,6.71,14.50,8.77,17.60,14.70
2026-04-12 18:38:08,1000.00,14.20,6.78,14.50,9.16,17.20,14.60
2026-04-12 18:38:09,1000.00,14.10,6.66,14.50,8.76,17.10,14.60
2026-04-12 18:38:09,1000.00,14.20,6.74,14.50,8.75,17.50,14.70
2026-04-12 18:38:09,1000.00,14.20,6.70,14.50,8.50,17.70,14.70
2026-04-12 18:38:10,1000.00,14.20,6.67,14.50,8.56,17.20,14.70
2026-04-12 18:38:10,1000.00,14.20,6.68,14.50,8.45,17.20,14.70
2026-04-12 18:38:10,1000.00,14.20,6.78,14.50,9.19,17.40,14.60
2026-04-12 18:38:11,1000.00,14.10,6.73,14.50,8.76,17.50,14.70
2026-04-12 18:38:11,1000.00,14.20,6.71,14.50,8.56,17.50,14.70
2026-04-12 18:38:11,1000.00,14.20,6.71,14.50,8.61,17.40,14.70
2026-04-12 18:38:12,1000.00,14.10,6.73,14.50,9.14,17.60,14.60
2026-04-12 18:38:12,1000.00,14.10,6.79,14.50,9.04,17.80,14.70
2026-04-12 18:38:13,1000.00,14.20,6.78,14.50,9.15,17.50,14.70
2026-04-12 18:38:13,1000.00,14.20,6.73,14.50,9.16,17.30,14.60
2026-04-12 18:38:13,1000.00,14.10,6.73,14.50,8.82,17.60,14.70
2026-04-12 18:38:14,1000.00,14.20,6.77,14.50,9.19,17.30,14.60
2026-04-12 18:38:14,1000.00,14.10,6.75,14.50,8.54,17.30,14.60
2026-04-12 18:38:14,1000.00,14.20,6.81,14.50,8.99,17.30,14.60
2026-04-12 18:38:15,1000.00,14.20,6.67,14.50,8.80,17.20,14.60
2026-04-12 18:38:15,1000.00,14.20,6.81,14.50,9.32,17.70,14.60
2026-04-12 18:38:15,1000.00,14.10,6.80,14.50,9.44,17.20,14.60
2026-04-12 18:38:16,1000.00,14.10,6.76,14.50,8.91,17.60,14.70
2026-04-12 18:38:16,1000.00,14.20,6.69,14.50,8.81,17.50,14.60
2026-04-12 18:38:17,1000.00,14.10,6.70,14.50,8.63,17.00,14.60
2026-04-12 18:38:17,1000.00,14.10,6.74,14.50,8.67,17.80,14.70
2026-04-12 18:38:17,1000.00,14.20,6.70,14.50,8.49,17.30,14.70
2026-04-12 18:38:18,1000.00,14.20,6.79,14.50,8.62,17.20,14.70
2026-04-12 18:38:18,1000.00,14.20,6.83,14.50,8.91,17.20,14.60
2026-04-12 18:38:18,1000.00,14.10,6.75,14.50,8.68,17.30,14.70
2026-04-12 18:38:19,1000.00,14.20,6.70,14.50,8.55,17.20,14.70
2026-04-12 18:38:19,1000.00,14.20,6.70,14.50,8.66,17.20,14.70
2026-04-12 18:38:19,1000.00,14.10,6.71,14.50,8.71,17.30,14.70
2026-04-12 18:38:20,1000.00,14.20,6.70,14.50,8.49,17.50,14.70
2026-04-12 18:38:20,1000.00,14.20,6.69,14.50,8.44,17.50,14.70
2026-04-12 18:38:21,1000.00,14.20,6.74,14.50,9.08,17.40,14.60
2026-04-12 18:38:21,1000.00,14.20,6.72,14.50,8.60,17.10,14.70
2026-04-12 18:38:21,1000.00,14.10,6.81,14.50,8.92,17.60,14.70
2026-04-12 18:38:22,1000.00,14.20,6.65,14.50,8.52,17.70,14.70
2026-04-12 18:38:22,1000.00,14.30,6.63,14.50,8.59,17.40,14.70
2026-04-12 18:38:22,1000.00,14.20,6.68,14.50,8.98,17.40,14.70
2026-04-12 18:38:23,1000.00,14.10,6.72,14.50,8.56,17.60,14.70
2026-04-12 18:38:23,1000.00,14.30,6.63,14.50,8.44,17.50,14.70
2026-04-12 18:38:23,1000.00,14.20,6.69,14.50,9.02,17.60,14.60
2026-04-12 18:38:24,1000.00,14.10,6.70,14.50,8.59,17.60,14.70
2026-04-12 18:38:24,1000.00,14.20,6.69,14.50,8.44,17.20,14.70
2026-04-12 18:38:25,1000.00,14.20,6.67,14.50,8.49,17.30,14.70
2026-04-12 18:38:25,1000.00,14.20,6.72,14.50,8.63,17.30,14.70
2026-04-12 18:38:25,1000.00,14.20,6.61,14.50,8.65,17.20,14.60
2026-04-12 18:38:26,1000.00,14.20,6.70,14.50,8.87,17.60,14.70
2026-04-12 18:38:26,1000.00,14.20,6.68,14.50,8.44,17.70,14.80
2026-04-12 18:38:26,1000.00,14.30,6.71,14.50,8.75,17.60,14.70
2026-04-12 18:38:27,1000.00,14.30,6.72,14.50,9.10,17.20,14.60
2026-04-12 18:38:27,1000.00,14.10,6.71,14.50,8.40,17.70,14.70
2026-04-12 18:38:27,1000.00,14.30,6.66,14.50,8.50,17.40,14.70
2026-04-12 18:38:28,1000.00,14.20,6.65,14.50,8.52,17.60,14.70
2026-04-12 18:38:28,1000.00,14.30,6.67,14.50,8.57,17.50,14.70
2026-04-12 18:38:29,1000.00,14.20,6.70,14.50,8.85,17.20,14.70
2026-04-12 18:38:29,1000.00,14.20,6.70,14.50,8.55,17.20,14.70
2026-04-12 18:38:29,1000.00,14.20,6.69,14.50,8.48,17.20,14.70
2026-04-12 18:38:30,1000.00,14.20,6.68,14.50,8.52,17.60,14.70
2026-04-12 18:38:30,1000.00,14.30,6.66,14.50,8.35,17.50,14.80
2026-04-12 18:38:30,1000.00,14.30,6.72,14.50,8.68,17.60,14.70
2026-04-12 18:38:31,1000.00,14.30,6.65,14.50,8.53,17.60,14.80
2026-04-12 18:38:31,1000.00,14.30,6.59,14.50,8.48,17.50,14.70
2026-04-12 18:38:32,1000.00,14.20,6.68,14.50,8.94,17.40,14.70
2026-04-12 18:38:32,1000.00,14.20,6.79,14.50,9.34,17.60,14.60
2026-04-12 18:38:32,1000.00,14.10,6.79,14.50,8.75,17.30,14.60
2026-04-12 18:38:33,1000.00,14.10,6.72,14.50,8.54,17.60,14.70
2026-04-12 18:38:33,1000.00,14.20,6.66,14.50,8.78,17.50,14.80
2026-04-12 18:38:33,1000.00,14.30,6.71,14.50,8.78,17.80,14.70
2026-04-12 18:38:34,1000.00,14.20,6.68,14.50,8.52,17.40,14.80
2026-04-12 18:38:34,1000.00,14.30,6.68,14.50,8.58,17.40,14.70
2026-04-12 18:38:34,1000.00,14.20,6.73,14.50,9.09,17.60,14.60
2026-04-12 18:38:35,1000.00,14.10,6.69,14.50,8.96,17.70,14.70
2026-04-12 18:38:35,1000.00,14.20,6.74,14.50,8.90,17.60,14.70
2026-04-12 18:38:35,1000.00,14.20,6.70,14.50,8.99,17.30,14.60
2026-04-12 18:38:36,1000.00,14.20,6.72,14.50,8.78,17.30,14.60
2026-04-12 18:38:36,1000.00,14.10,6.68,14.50,8.68,17.70,14.70
2026-04-12 18:38:37,1000.00,14.30,6.67,14.50,8.59,17.40,14.70
2026-04-12 18:38:37,1000.00,14.20,6.70,14.50,8.63,17.30,14.70
2026-04-12 18:38:37,1000.00,14.20,6.69,14.50,8.52,17.30,14.70
2026-04-12 18:38:38,1000.00,14.20,6.71,14.50,8.55,17.60,14.70
2026-04-12 18:38:38,1000.00,14.30,6.67,14.50,8.42,17.10,14.70
2026-04-12 18:38:38,1000.00,14.20,6.75,14.50,9.14,17.30,14.60
2026-04-12 18:38:39,1000.00,14.20,6.71,14.50,8.73,17.20,14.70
2026-04-12 18:38:39,1000.00,14.20,6.70,14.50,8.54,17.40,14.70
2026-04-12 18:38:40,1000.00,14.20,6.69,14.50,8.92,17.20,14.70
2026-04-12 18:38:40,1000.00,14.10,6.69,14.50,8.59,17.40,14.70
2026-04-12 18:38:40,1000.00,14.20,6.72,14.50,9.05,17.30,14.70
2026-04-12 18:38:41,1000.00,14.10,6.72,14.50,8.58,17.30,14.70
2026-04-12 18:38:41,1000.00,14.20,6.68,14.50,8.55,17.60,14.70
2026-04-12 18:38:41,1000.00,14.20,6.71,14.50,8.82,17.30,14.70
2026-04-12 18:38:42,1000.00,14.20,6.60,14.50,8.71,17.30,14.60
2026-04-12 18:38:42,1000.00,14.20,6.69,14.50,8.32,17.40,14.70
2026-04-12 18:38:42,1000.00,14.10,6.56,14.50,8.61,17.60,14.70
2026-04-12 18:38:43,1000.00,14.20,6.63,14.50,8.63,17.40,14.60
2026-04-12 18:38:43,1000.00,14.10,6.73,14.50,9.03,17.30,14.70
2026-04-12 18:38:44,1000.00,14.20,6.82,14.40,9.00,17.20,14.60
2026-04-12 18:38:44,1000.00,14.10,6.78,14.40,9.31,17.80,14.60
2026-04-12 18:38:44,1000.00,14.20,6.74,14.50,8.79,17.70,14.70
2026-04-12 18:38:45,1000.00,14.20,6.80,14.40,9.12,17.30,14.60
2026-04-12 18:38:45,1000.00,14.20,6.71,14.40,8.67,17.60,14.70
2026-04-12 18:38:45,1000.00,14.20,6.65,14.50,8.52,17.60,14.70
2026-04-12 18:38:46,1000.00,14.30,6.69,14.50,8.96,17.30,14.60
2026-04-12 18:38:46,1000.00,14.20,6.69,14.50,8.59,17.40,14.60
2026-04-12 18:38:46,1000.00,14.20,6.78,14.50,8.92,17.70,14.70
2026-04-12 18:38:47,1000.00,14.20,6.70,14.50,8.63,17.60,14.70
2026-04-12 18:38:47,1000.00,14.30,6.69,14.50,9.10,17.80,14.60
2026-04-12 18:38:48,1000.00,14.20,6.69,14.50,8.48,17.30,14.60
2026-04-12 18:38:48,1000.00,14.20,6.60,14.40,8.69,17.40,14.70
2026-04-12 18:38:48,1000.00,14.20,6.76,14.50,8.91,17.70,14.60
2026-04-12 18:38:49,1000.00,14.20,6.73,14.50,8.44,17.40,14.70
2026-04-12 18:38:49,1000.00,14.30,6.68,14.50,8.55,17.30,14.70
2026-04-12 18:38:49,1000.00,14.20,6.76,14.50,8.69,17.50,14.70
2026-04-12 18:38:50,1000.00,14.20,6.76,14.50,9.18,17.20,14.60
2026-04-12 18:38:50,1000.00,14.10,6.82,14.40,9.06,17.40,14.60
2026-04-12 18:38:50,1000.00,14.10,6.82,14.50,9.02,17.80,14.70
2026-04-12 18:38:51,1000.00,14.20,6.70,14.50,8.42,17.60,14.70
2026-04-12 18:38:51,1000.00,14.20,6.68,14.50,8.66,17.50,14.70
2026-04-12 18:38:52,1000.00,14.20,6.72,14.50,9.18,17.60,14.60
2026-04-12 18:38:52,1000.00,14.10,6.79,14.50,8.98,17.60,14.70
2026-04-12 18:38:52,1000.00,14.20,6.71,14.50,8.76,17.60,14.70
2026-04-12 18:38:53,1000.00,14.20,6.71,14.50,8.65,17.50,14.70
2026-04-12 18:38:53,1000.00,14.30,6.56,14.50,8.47,17.20,14.70
2026-04-12 18:38:53,1000.00,14.20,6.72,14.50,9.22,17.20,14.60
2026-04-12 18:38:54,1000.00,14.20,6.71,14.50,8.68,17.70,14.70
2026-04-12 18:38:54,1000.00,14.20,6.76,14.50,8.88,17.30,14.70
2026-04-12 18:38:54,1000.00,14.10,6.68,14.50,8.68,17.60,14.70
2026-04-12 18:38:55,1000.00,14.20,6.67,14.50,8.67,17.70,14.70
2026-04-12 18:38:55,1000.00,14.20,6.64,14.50,8.81,17.60,14.70
2026-04-12 18:38:56,1000.00,14.20,6.70,14.50,9.07,17.40,14.60
2026-04-12 18:38:56,1000.00,14.10,6.78,14.50,9.35,17.80,14.60
2026-04-12 18:38:56,1000.00,14.10,6.71,14.50,8.76,17.20,14.60
2026-04-12 18:38:57,1000.00,14.20,6.69,14.50,8.61,17.30,14.70
2026-04-12 18:38:57,1000.00,14.20,6.78,14.50,8.98,17.70,14.70
2026-04-12 18:38:57,1000.00,14.20,6.74,14.50,8.71,17.50,14.70
2026-04-12 18:38:58,1000.00,14.20,6.72,14.50,8.89,17.40,14.70
2026-04-12 18:38:58,1000.00,14.20,6.68,14.50,8.61,17.60,14.70
2026-04-12 18:38:58,1000.00,14.20,6.69,14.50,8.53,17.80,14.80
2026-04-12 18:38:59,1000.00,14.20,6.68,14.50,8.52,17.70,14.80
2026-04-12 18:38:59,1000.00,14.30,6.63,14.50,8.14,17.10,14.70
2026-04-12 18:39:00,1000.00,14.20,6.71,14.50,9.06,17.80,14.70
2026-04-12 18:39:00,1000.00,14.10,6.70,14.50,8.60,17.20,14.70
2026-04-12 18:39:00,1000.00,14.20,6.67,14.50,8.48,17.20,14.70
2026-04-12 18:39:01,1000.00,14.20,6.68,14.50,8.52,17.20,14.70
2026-04-12 18:39:01,1000.00,14.20,6.73,14.50,8.81,17.60,14.70
2026-04-12 18:39:01,1000.00,14.20,6.71,14.50,8.86,17.70,14.70
2026-04-12 18:39:02,1000.00,14.20,6.71,14.50,8.82,17.50,14.70
2026-04-12 18:39:02,1000.00,14.20,6.68,14.50,9.00,17.30,14.60
2026-04-12 18:39:02,1000.00,14.20,6.66,14.50,8.69,17.60,14.70
2026-04-12 18:39:03,1000.00,14.20,6.70,14.50,9.10,17.30,14.70
2026-04-12 18:39:03,1000.00,14.10,6.69,14.50,8.41,17.30,14.70
2026-04-12 18:39:04,1000.00,14.10,6.69,14.50,8.54,17.60,14.70
2026-04-12 18:39:04,1000.00,14.20,6.71,14.50,9.03,17.70,14.70
2026-04-12 18:39:04,1000.00,14.10,6.67,14.50,8.81,17.70,14.70
2026-04-12 18:39:05,1000.00,14.20,6.77,14.50,8.87,17.60,14.70
2026-04-12 18:39:05,1000.00,14.20,6.67,14.50,8.69,17.70,14.80
2026-04-12 18:39:05,1000.00,14.30,6.61,14.50,8.49,17.60,14.80
2026-04-12 18:39:06,1000.00,14.30,6.63,14.50,8.54,17.60,14.70
2026-04-12 18:39:06,1000.00,14.30,6.68,14.50,8.62,17.30,14.70
2026-04-12 18:39:06,1000.00,14.20,6.67,14.50,8.45,17.80,14.80
2026-04-12 18:39:07,1000.00,14.30,6.65,14.50,8.46,17.20,14.70
2026-04-12 18:39:07,1000.00,14.20,6.64,14.50,8.38,17.30,14.70
2026-04-12 18:39:08,1000.00,14.20,6.72,14.50,8.77,17.80,14.80
2026-04-12 18:39:08,1000.00,14.20,6.63,14.50,8.60,17.10,14.70
2026-04-12 18:39:08,1000.00,14.20,6.51,14.50,8.52,17.30,14.80
2026-04-12 18:39:09,1000.00,14.30,6.65,14.50,8.38,17.40,14.70
2026-04-12 18:39:09,1000.00,14.20,6.66,14.50,8.55,17.80,14.80
2026-04-12 18:39:09,1000.00,14.20,6.63,14.50,8.40,17.70,14.80
2026-04-12 18:39:10,1000.00,14.30,6.74,14.50,8.68,17.70,14.80
2026-04-12 18:39:10,1000.00,14.30,6.62,14.50,8.38,17.00,14.70
2026-04-12 18:39:11,1000.00,14.20,6.65,14.50,8.86,17.60,14.70
2026-04-12 18:39:11,1000.00,14.10,6.71,14.50,8.60,17.30,14.80
2026-04-12 18:39:11,1000.00,14.20,6.65,14.50,8.58,17.60,14.80
2026-04-12 18:39:12,1000.00,14.30,6.67,14.50,8.68,17.60,14.70
2026-04-12 18:39:12,1000.00,14.20,6.65,14.50,8.98,17.30,14.70
2026-04-12 18:39:12,1000.00,14.20,6.69,14.50,8.73,17.60,14.80
2026-04-12 18:39:13,1000.00,14.20,6.70,14.50,8.73,17.40,14.70
2026-04-12 18:39:13,1000.00,14.20,6.70,14.50,8.61,17.40,14.70
2026-04-12 18:39:14,1000.00,14.30,6.57,14.50,8.67,17.40,14.70
2026-04-12 18:39:14,1000.00,14.20,6.66,14.50,8.50,17.70,14.70
2026-04-12 18:39:14,1000.00,14.30,6.62,14.50,8.66,17.40,14.80
2026-04-12 18:39:15,1000.00,14.30,6.64,14.50,8.35,17.80,14.80
2026-04-12 18:39:15,1000.00,14.30,6.63,14.50,8.28,17.20,14.80
2026-04-12 18:39:15,1000.00,14.30,6.64,14.50,8.69,17.70,14.70
2026-04-12 18:39:16,1000.00,14.20,6.72,14.50,9.08,17.50,14.70
2026-04-12 18:39:16,1000.00,14.20,6.68,14.50,8.61,17.30,14.70
2026-04-12 18:39:16,1000.00,14.20,6.68,14.50,8.50,17.80,14.80
2026-04-12 18:39:17,1000.00,14.30,6.65,14.50,8.41,17.70,14.80
2026-04-12 18:39:17,1000.00,14.30,6.73,14.50,9.02,17.80,14.70
2026-04-12 18:39:18,1000.00,14.20,6.73,14.50,9.28,17.10,14.60
2026-04-12 18:39:18,1000.00,14.10,6.70,14.50,8.62,17.30,14.70
2026-04-12 18:39:18,1000.00,14.10,6.67,14.50,8.54,17.30,14.70
2026-04-12 18:39:19,1000.00,14.20,6.63,14.50,8.50,17.60,14.80
2026-04-12 18:39:19,1000.00,14.30,6.75,14.50,9.07,17.20,14.70
2026-04-12 18:39:19,1000.00,14.20,6.68,14.50,8.60,17.40,14.70
2026-04-12 18:39:20,1000.00,14.20,6.67,14.50,8.49,17.30,14.70
2026-04-12 18:39:20,1000.00,14.20,6.72,14.50,8.92,17.40,14.60
2026-04-12 18:39:20,1000.00,14.20,6.55,14.50,8.62,17.30,14.70
2026-04-12 18:39:21,1000.00,14.20,6.67,14.50,8.71,17.30,14.70
2026-04-12 18:39:21,1000.00,14.20,6.66,14.50,8.45,17.60,14.70
2026-04-12 18:39:22,1000.00,14.20,6.56,14.50,8.47,17.80,14.80
2026-04-12 18:39:22,1000.00,14.20,6.64,14.50,8.44,17.60,14.80
2026-04-12 18:39:22,1000.00,14.30,6.71,14.50,8.63,17.30,14.70
2026-04-12 18:39:23,1000.00,14.20,6.77,14.50,9.07,17.60,14.70
2026-04-12 18:39:23,1000.00,14.20,6.72,14.50,9.25,17.70,14.60
2026-04-12 18:39:23,1000.00,14.10,6.71,14.50,8.74,17.70,14.70
2026-04-12 18:39:24,1000.00,14.20,6.73,14.50,9.24,17.40,14.60
2026-04-12 18:39:24,1000.00,14.20,6.70,14.50,8.64,17.30,14.70
2026-04-12 18:39:24,1000.00,14.10,6.67,14.50,8.61,17.70,14.70
2026-04-12 18:39:25,1000.00,14.30,6.77,14.50,8.87,17.20,14.70
2026-04-12 18:39:25,1000.00,14.20,6.67,14.50,8.64,17.60,14.70
2026-04-12 18:39:26,1000.00,14.20,6.63,14.50,8.47,17.60,14.70
2026-04-12 18:39:26,1000.00,14.30,6.65,14.50,8.40,17.30,14.80
2026-04-12 18:39:26,1000.00,14.30,6.64,14.50,8.32,17.30,14.80
2026-04-12 18:39:27,1000.00,14.20,6.64,14.50,8.36,17.80,14.80
2026-04-12 18:39:27,1000.00,14.30,6.72,14.50,8.69,17.40,14.70
2026-04-12 18:39:27,1000.00,14.20,6.66,14.50,8.48,17.40,14.80
2026-04-12 18:39:28,1000.00,14.30,6.63,14.50,8.50,17.70,14.80
2026-04-12 18:39:28,1000.00,14.30,6.64,14.50,8.43,17.40,14.80
2026-04-12 18:39:29,1000.00,14.30,6.63,14.50,8.40,17.80,14.80
2026-04-12 18:39:29,1000.00,14.30,6.63,14.50,8.30,17.30,14.80
2026-04-12 18:39:29,1000.00,14.30,6.64,14.50,8.37,17.20,14.80
2026-04-12 18:39:30,1000.00,14.30,6.73,14.50,8.71,17.80,14.80
2026-04-12 18:39:30,1000.00,14.30,6.65,14.50,8.41,17.60,14.80
2026-04-12 18:39:30,1000.00,14.30,6.71,14.50,8.48,17.70,14.80
2026-04-12 18:39:31,1000.00,14.30,6.68,14.50,8.95,17.80,14.70
2026-04-12 18:39:31,1000.00,14.20,6.66,14.50,8.55,17.30,14.70
2026-04-12 18:39:31,1000.00,14.20,6.56,14.50,8.52,17.70,14.80
2026-04-12 18:39:32,1000.00,14.30,6.65,14.50,8.67,17.40,14.70
2026-04-12 18:39:32,1000.00,14.20,6.68,14.50,9.18,17.70,14.70
2026-04-12 18:39:33,1000.00,14.10,6.80,14.50,9.02,17.90,14.70
2026-04-12 18:39:33,1000.00,14.20,6.64,14.50,8.71,17.60,14.80
2026-04-12 18:39:33,1000.00,14.30,6.70,14.50,9.10,17.90,14.70
2026-04-12 18:39:34,1000.00,14.20,6.72,14.50,8.89,17.70,14.70
2026-04-12 18:39:34,1000.00,14.20,6.59,14.50,8.70,17.70,14.70
2026-04-12 18:39:34,1000.00,14.20,6.69,14.50,9.06,17.40,14.70
2026-04-12 18:39:35,1000.00,14.10,6.73,14.50,9.12,17.60,14.60
2026-04-12 18:39:35,1000.00,14.10,6.73,14.50,8.85,17.30,14.70
2026-04-12 18:39:35,1000.00,14.30,6.68,14.50,8.93,17.70,14.70
2026-04-12 18:39:36,1000.00,14.20,6.68,14.50,8.64,17.30,14.70
2026-04-12 18:39:36,1000.00,14.10,6.68,14.50,8.56,17.70,14.80
2026-04-12 18:39:37,1000.00,14.30,6.63,14.50,8.46,17.60,14.80
2026-04-12 18:39:37,1000.00,14.30,6.69,14.50,8.97,17.70,14.70
2026-04-12 18:39:37,1000.00,14.20,6.68,14.50,8.60,17.20,14.70
2026-04-12 18:39:38,1000.00,14.20,6.65,14.50,8.50,17.80,14.80
2026-04-12 18:39:38,1000.00,14.30,6.63,14.50,8.40,17.60,14.80
2026-04-12 18:39:38,1000.00,14.30,6.72,14.50,8.71,17.70,14.80
2026-04-12 18:39:39,1000.00,14.20,6.67,14.50,8.97,17.70,14.70
2026-04-12 18:39:39,1000.00,14.20,6.69,14.50,8.82,17.70,14.70
2026-04-12 18:39:39,1000.00,14.20,6.67,14.50,9.15,17.80,14.70
2026-04-12 18:39:40,1000.00,14.10,6.72,14.50,8.96,17.60,14.70
2026-04-12 18:39:40,1000.00,14.10,6.70,14.50,8.73,17.30,14.80
2026-04-12 18:39:41,1000.00,14.30,6.66,14.50,8.50,17.30,14.70
2026-04-12 18:39:41,1000.00,14.20,6.76,14.50,9.03,17.50,14.70
2026-04-12 18:39:41,1000.00,14.10,6.70,14.50,9.04,17.50,14.60
2026-04-12 18:39:42,1000.00,14.20,6.62,14.50,8.83,17.50,14.60
2026-04-12 18:39:42,1000.00,14.20,6.68,14.50,8.56,17.30,14.60
2026-04-12 18:39:42,1000.00,14.20,6.57,14.50,8.60,17.40,14.80
2026-04-12 18:39:43,1000.00,14.20,6.66,14.50,8.49,17.90,14.80
2026-04-12 18:39:43,1000.00,14.30,6.64,14.50,8.46,17.30,14.70
2026-04-12 18:39:44,1000.00,14.20,6.67,14.50,8.42,17.30,14.70
2026-04-12 18:39:44,1000.00,14.20,6.64,14.50,8.17,17.30,14.70
2026-04-12 18:39:44,1000.00,14.20,6.73,14.50,8.81,17.70,14.80
2026-04-12 18:39:45,1000.00,14.20,6.73,14.50,9.11,17.30,14.70
2026-04-12 18:39:45,1000.00,14.20,6.68,14.50,8.47,17.80,14.80
2026-04-12 18:39:45,1000.00,14.20,6.63,14.50,8.43,17.40,14.70
2026-04-12 18:39:46,1000.00,14.20,6.69,14.50,9.04,17.70,14.70
2026-04-12 18:39:46,1000.00,14.20,6.63,14.50,8.63,17.50,14.80
2026-04-12 18:39:46,1000.00,14.20,6.72,14.50,9.08,17.40,14.70
2026-04-12 18:39:47,1000.00,14.20,6.67,14.50,8.65,17.70,14.70
2026-04-12 18:39:47,1000.00,14.20,6.63,14.50,8.47,17.70,14.80
2026-04-12 18:39:48,1000.00,14.30,6.60,14.50,8.50,17.30,14.70
2026-04-12 18:39:48,1000.00,14.30,6.63,14.50,8.57,17.00,14.70
2026-04-12 18:39:48,1000.00,14.20,6.63,14.50,8.43,17.60,14.80
2026-04-12 18:39:49,1000.00,14.30,6.60,14.50,8.47,17.60,14.80
2026-04-12 18:39:49,1000.00,14.20,6.69,14.50,9.08,17.70,14.70
2026-04-12 18:39:49,1000.00,14.10,6.68,14.50,8.60,17.40,14.70
2026-04-12 18:39:50,1000.00,14.20,6.77,14.50,8.85,17.70,14.70
2026-04-12 18:39:50,1000.00,14.20,6.72,14.50,9.15,17.80,14.70
2026-04-12 18:39:50,1000.00,14.20,6.69,14.50,8.60,17.70,14.80
2026-04-12 18:39:51,1000.00,14.30,6.73,14.50,8.81,17.80,14.70
2026-04-12 18:39:51,1000.00,14.30,6.62,14.50,8.49,17.80,14.80
2026-04-12 18:39:52,1000.00,14.20,6.58,14.50,8.51,17.40,14.70
2026-04-12 18:39:52,1000.00,14.20,6.66,14.50,8.44,17.50,14.80
2026-04-12 18:39:52,1000.00,14.20,6.63,14.50,8.44,17.30,14.70
2026-04-12 18:39:53,1000.00,14.20,6.62,14.50,8.41,17.20,14.80
2026-04-12 18:39:53,1000.00,14.20,6.63,14.50,8.64,17.30,14.70
2026-04-12 18:39:53,1000.00,14.20,6.64,14.50,8.32,17.40,14.70
2026-04-12 18:39:54,1000.00,14.20,6.70,14.50,8.69,17.70,14.80
2026-04-12 18:39:54,1000.00,14.20,6.64,14.50,8.54,17.70,14.70
2026-04-12 18:39:54,1000.00,14.20,6.71,14.50,9.12,17.60,14.70
2026-04-12 18:39:55,1000.00,14.10,6.66,14.50,8.60,17.70,14.80
2026-04-12 18:39:55,1000.00,14.20,6.64,14.50,8.48,17.50,14.80
2026-04-12 18:39:56,1000.00,14.20,6.57,14.50,8.48,17.60,14.70
2026-04-12 18:39:56,1000.00,14.30,6.66,14.50,8.53,17.40,14.80
2026-04-12 18:39:56,1000.00,14.30,6.64,14.50,8.45,17.80,14.80
2026-04-12 18:39:57,1000.00,14.30,6.62,14.50,8.29,17.30,14.80
2026-04-12 18:39:57,1000.00,14.30,6.62,14.50,8.36,17.30,14.80
2026-04-12 18:39:57,1000.00,14.20,6.68,14.50,8.76,17.60,14.70
2026-04-12 18:39:58,1000.00,14.20,6.71,14.50,9.09,17.70,14.70
2026-04-12 18:39:58,1000.00,14.10,6.67,14.50,8.64,17.80,14.80
2026-04-12 18:39:58,1000.00,14.20,6.64,14.50,8.60,17.70,14.80
2026-04-12 18:39:59,1000.00,14.30,6.71,14.50,8.69,17.90,14.80
2026-04-12 18:39:59,1000.00,14.30,6.65,14.50,8.65,17.70,14.80
2026-04-12 18:40:00,1000.00,14.30,6.64,14.50,8.52,17.80,14.70
2026-04-12 18:40:00,1000.00,14.20,6.64,14.50,8.46,17.60,14.70
2026-04-12 18:40:00,1000.00,14.20,6.63,14.50,8.51,17.30,14.70
2026-04-12 18:40:01,1000.00,14.20,6.67,14.50,9.07,17.80,14.70
2026-04-12 18:40:01,1000.00,14.20,6.68,14.50,8.66,17.70,14.80
2026-04-12 18:40:01,1000.00,14.30,6.68,14.50,9.09,17.50,14.70
2026-04-12 18:40:02,1000.00,14.20,6.68,14.50,8.56,17.80,14.80
2026-04-12 18:40:02,1000.00,14.20,6.64,14.50,8.42,17.80,14.80
2026-04-12 18:40:02,1000.00,14.30,6.71,14.50,9.09,17.40,14.70
2026-04-12 18:40:03,1000.00,14.20,6.67,14.50,8.50,17.30,14.70
2026-04-12 18:40:03,1000.00,14.20,6.74,14.50,9.14,17.30,14.70
2026-04-12 18:40:04,1000.00,14.10,6.59,14.50,8.67,17.40,14.70
2026-04-12 18:40:04,1000.00,14.20,6.62,14.50,8.54,16.90,14.70
2026-04-12 18:40:04,1000.00,14.20,6.53,14.50,8.52,17.30,14.70
2026-04-12 18:40:05,1000.00,14.20,6.69,14.50,8.84,17.50,14.70
2026-04-12 18:40:05,1000.00,14.20,6.69,14.50,8.83,17.50,14.80
2026-04-12 18:40:05,1000.00,14.20,6.70,14.50,9.01,17.70,14.70
2026-04-12 18:40:06,1000.00,14.10,6.76,14.50,9.28,17.40,14.60
2026-04-12 18:40:06,1000.00,14.10,6.74,14.50,8.73,17.80,14.70
2026-04-12 18:40:06,1000.00,14.20,6.66,14.50,8.53,17.40,14.70
2026-04-12 18:40:07,1000.00,14.20,6.64,14.50,8.51,17.80,14.80
2026-04-12 18:40:07,1000.00,14.30,6.68,14.50,8.71,17.60,14.80
2026-04-12 18:40:08,1000.00,14.30,6.59,14.50,8.59,17.40,14.90
2026-04-12 18:40:08,1000.00,14.30,6.61,14.50,8.50,17.30,14.80
2026-04-12 18:40:08,1000.00,14.20,6.64,14.50,8.83,17.80,14.70
2026-04-12 18:40:09,1000.00,14.20,6.65,14.50,8.69,17.10,14.70
2026-04-12 18:40:09,1000.00,14.20,6.68,14.50,8.67,17.70,14.80
2026-04-12 18:40:09,1000.00,14.30,6.60,14.50,8.42,17.80,14.80
2026-04-12 18:40:10,1000.00,14.30,6.62,14.50,8.78,17.80,14.70
2026-04-12 18:40:10,1000.00,14.20,6.58,14.50,8.58,17.60,14.70
2026-04-12 18:40:11,1000.00,14.20,6.69,14.50,8.88,17.50,14.80
2026-04-12 18:40:11,1000.00,14.30,6.68,14.50,8.92,17.70,14.70
2026-04-12 18:40:11,1000.00,14.20,6.69,14.50,9.11,17.60,14.60
2026-04-12 18:40:12,1000.00,14.10,6.72,14.50,8.77,17.70,14.80
2026-04-12 18:40:12,1000.00,14.20,6.75,14.50,8.87,17.40,14.70
2026-04-12 18:40:12,1000.00,14.20,6.71,14.50,9.23,17.30,14.70
2026-04-12 18:40:13,1000.00,14.10,6.70,14.50,8.74,17.60,14.70
2026-04-12 18:40:13,1000.00,14.20,6.73,14.50,8.91,17.80,14.70
2026-04-12 18:40:13,1000.00,14.20,6.72,14.50,8.87,17.20,14.70
2026-04-12 18:40:14,1000.00,14.20,6.68,14.50,8.72,17.40,14.80
2026-04-12 18:40:14,1000.00,14.20,6.69,14.50,8.49,17.30,14.80
2026-04-12 18:40:15,1000.00,14.30,6.62,14.50,8.25,17.40,14.70
2026-04-12 18:40:15,1000.00,14.20,6.52,14.50,8.67,17.70,14.70
2026-04-12 18:40:15,1000.00,14.20,6.66,14.50,8.51,17.30,14.70
2026-04-12 18:40:16,1000.00,14.20,6.66,14.50,8.54,17.30,14.70
2026-04-12 18:40:16,1000.00,14.20,6.63,14.50,8.42,17.30,14.70
2026-04-12 18:40:16,1000.00,14.20,6.65,14.50,8.42,17.20,14.70
2026-04-12 18:40:17,1000.00,14.20,6.74,14.50,9.13,17.60,14.70
2026-04-12 18:40:17,1000.00,14.10,6.68,14.50,8.58,17.80,14.80
2026-04-12 18:40:18,1000.00,14.30,6.65,14.50,8.47,17.30,14.70
2026-04-12 18:40:18,1000.00,14.20,6.73,14.50,8.83,17.70,14.80
2026-04-12 18:40:18,1000.00,14.30,6.72,14.50,9.05,17.30,14.70
2026-04-12 18:40:19,1000.00,14.10,6.67,14.50,8.68,17.80,14.80
2026-04-12 18:40:19,1000.00,14.30,6.63,14.50,8.44,17.30,14.70
2026-04-12 18:40:19,1000.00,14.20,6.64,14.50,8.34,17.30,14.80
2026-04-12 18:40:20,1000.00,14.20,6.61,14.50,8.42,17.50,14.80
2026-04-12 18:40:20,1000.00,14.30,6.61,14.50,8.70,17.30,14.80
2026-04-12 18:40:20,1000.00,14.20,6.69,14.50,8.78,17.50,14.80
2026-04-12 18:40:21,1000.00,14.20,6.64,14.50,8.90,17.80,14.70
2026-04-12 18:40:21,1000.00,14.10,6.65,14.50,8.55,17.60,14.80
2026-04-12 18:40:21,1000.00,14.30,6.68,14.50,9.06,17.30,14.70
2026-04-12 18:40:22,1000.00,14.20,6.67,14.50,8.66,17.70,14.80
2026-04-12 18:40:22,1000.00,14.20,6.71,14.50,8.74,17.60,14.80
2026-04-12 18:40:23,1000.00,14.30,6.59,14.50,8.67,17.80,14.80
2026-04-12 18:40:23,1000.00,14.30,6.57,14.50,8.47,17.50,14.80
2026-04-12 18:40:23,1000.00,14.30,6.63,14.50,8.75,17.40,14.70
2026-04-12 18:40:24,1000.00,14.20,6.64,14.50,8.56,17.60,14.80
2026-04-12 18:40:24,1000.00,14.30,6.67,14.50,8.62,17.60,14.80
2026-04-12 18:40:24,1000.00,14.30,6.70,14.50,8.79,17.80,14.80
2026-04-12 18:40:25,1000.00,14.30,6.71,14.50,9.11,17.80,14.70
2026-04-12 18:40:25,1000.00,14.20,6.65,14.50,8.57,17.40,14.70
2026-04-12 18:40:25,1000.00,14.20,6.64,14.50,8.59,17.60,14.80
2026-04-12 18:40:26,1000.00,14.20,6.65,14.50,8.91,17.30,14.70
2026-04-12 18:40:26,1000.00,14.10,6.67,14.50,8.68,17.60,14.80
2026-04-12 18:40:27,1000.00,14.20,6.72,14.50,9.05,17.80,14.70
2026-04-12 18:40:27,1000.00,14.20,6.66,14.50,8.67,17.80,14.80
2026-04-12 18:40:27,1000.00,14.20,6.64,14.50,8.73,17.70,14.80
2026-04-12 18:40:28,1000.00,14.30,6.62,14.50,8.70,17.70,14.80
2026-04-12 18:40:28,1000.00,14.20,6.70,14.50,8.80,17.70,14.80
2026-04-12 18:40:28,1000.00,14.20,6.68,14.50,9.03,17.40,14.70
2026-04-12 18:40:29,1000.00,14.20,6.68,14.50,8.67,17.20,14.70
2026-04-12 18:40:29,1000.00,14.20,6.63,14.50,8.51,17.90,14.80
2026-04-12 18:40:29,1000.00,14.30,6.61,14.50,8.47,17.60,14.80
2026-04-12 18:40:30,1000.00,14.30,6.66,14.50,8.57,17.60,14.80
2026-04-12 18:40:30,1000.00,14.30,6.68,14.50,8.91,17.80,14.70
2026-04-12 18:40:31,1000.00,14.20,6.64,14.50,8.59,16.90,14.70
2026-04-12 18:40:31,1000.00,14.30,6.58,14.50,8.39,17.50,14.70
2026-04-12 18:40:31,1000.00,14.20,6.52,14.50,8.49,17.70,14.70
2026-04-12 18:40:32,1000.00,14.20,6.64,14.50,8.49,17.30,14.80
2026-04-12 18:40:32,1000.00,14.30,6.63,14.50,8.62,17.30,14.80
2026-04-12 18:40:32,1000.00,14.20,6.63,14.50,8.62,17.30,14.80
2026-04-12 18:40:33,1000.00,14.20,6.63,14.50,8.37,17.70,14.80
2026-04-12 18:40:33,1000.00,14.30,6.60,14.50,8.32,17.40,14.80
2026-04-12 18:40:33,1000.00,14.20,6.58,14.50,8.57,17.60,14.80
2026-04-12 18:40:34,1000.00,14.30,6.64,14.50,8.83,17.80,14.70
2026-04-12 18:40:34,1000.00,14.20,6.64,14.50,8.72,17.70,14.80
2026-04-12 18:40:35,1000.00,14.30,6.68,14.50,8.98,17.30,14.70
2026-04-12 18:40:35,1000.00,14.20,6.74,14.50,9.22,17.60,14.70
2026-04-12 18:40:35,1000.00,14.10,6.68,14.50,8.62,17.70,14.70
2026-04-12 18:40:36,1000.00,14.20,6.65,14.50,8.76,17.30,14.70
2026-04-12 18:40:36,1000.00,14.20,6.63,14.50,8.50,17.60,14.80
2026-04-12 18:40:36,1000.00,14.30,6.60,14.50,8.16,17.30,14.70
2026-04-12 18:40:37,1000.00,14.20,6.64,14.50,8.54,17.40,14.70
2026-04-12 18:40:37,1000.00,14.20,6.57,14.50,8.43,17.30,14.80
2026-04-12 18:40:37,1000.00,14.20,6.67,14.50,9.01,17.90,14.70
2026-04-12 18:40:38,1000.00,14.10,6.67,14.50,8.71,17.30,14.80
2026-04-12 18:40:38,1000.00,14.10,6.65,14.50,8.61,17.70,14.80
2026-04-12 18:40:39,1000.00,14.30,6.71,14.50,9.06,17.30,14.70
2026-04-12 18:40:39,1000.00,14.10,6.66,14.50,7.79,17.20,14.70
2026-04-12 18:40:39,1000.00,14.20,6.77,14.50,8.87,17.80,14.70
2026-04-12 18:40:40,1000.00,14.20,6.66,14.50,8.58,17.50,14.80
2026-04-12 18:40:40,1000.00,14.30,6.64,14.50,8.43,17.30,14.70
2026-04-12 18:40:40,1000.00,14.20,6.74,14.50,8.85,17.70,14.80
2026-04-12 18:40:41,1000.00,14.20,6.57,14.50,8.57,17.50,14.70
2026-04-12 18:40:41,1000.00,14.20,6.67,14.50,9.05,17.50,14.70
2026-04-12 18:40:41,1000.00,14.10,6.63,14.50,8.67,17.70,14.80
2026-04-12 18:40:42,1000.00,14.20,6.65,14.50,9.01,17.30,14.70
2026-04-12 18:40:42,1000.00,14.10,6.66,14.50,8.88,17.30,14.70
2026-04-12 18:40:43,1000.00,14.20,6.56,14.50,8.53,17.60,14.80
2026-04-12 18:40:43,1000.00,14.20,6.62,14.50,8.46,17.70,14.80
2026-04-12 18:40:43,1000.00,14.30,6.63,14.50,8.63,17.60,14.70
2026-04-12 18:40:44,1000.00,14.20,6.65,14.50,8.67,17.30,14.80
2026-04-12 18:40:44,1000.00,14.30,6.63,14.50,8.37,17.30,14.70
2026-04-12 18:40:44,1000.00,14.20,6.62,14.50,8.62,17.50,14.70
2026-04-12 18:40:45,1000.00,14.20,6.65,14.50,8.56,17.50,14.70
2026-04-12 18:40:45,1000.00,14.20,6.78,14.50,8.91,17.30,14.70
2026-04-12 18:40:46,1000.00,14.10,6.68,14.50,9.20,17.60,14.60
2026-04-12 18:40:46,1000.00,14.10,6.70,14.50,8.67,17.40,14.70
2026-04-12 18:40:46,1000.00,14.20,6.66,14.50,8.48,17.30,14.70
2026-04-12 18:40:47,1000.00,14.20,6.70,14.50,9.25,17.40,14.70
2026-04-12 18:40:47,1000.00,14.10,6.80,14.50,9.03,17.40,14.60
2026-04-12 18:40:47,1000.00,14.10,6.71,14.50,8.72,17.40,14.70
2026-04-12 18:40:48,1000.00,14.20,6.64,14.50,8.59,17.40,14.70
2026-04-12 18:40:48,1000.00,14.20,6.53,14.50,8.63,17.40,14.70
2026-04-12 18:40:48,1000.00,14.20,6.68,14.50,9.06,17.60,14.70
2026-04-12 18:40:49,1000.00,14.10,6.67,14.50,8.64,17.20,14.70
2026-04-12 18:40:49,1000.00,14.20,6.73,14.50,9.17,17.50,14.60
2026-04-12 18:40:50,1000.00,14.10,6.69,14.50,8.67,17.30,14.70
2026-04-12 18:40:50,1000.00,14.10,6.67,14.50,8.62,17.70,14.80
2026-04-12 18:40:50,1000.00,14.20,6.70,14.50,8.77,17.70,14.80
2026-04-12 18:40:51,1000.00,14.20,6.76,14.50,8.85,17.60,14.80
2026-04-12 18:40:51,1000.00,14.20,6.68,14.50,9.12,17.70,14.70
2026-04-12 18:40:51,1000.00,14.10,6.76,14.50,8.74,17.30,14.70
2026-04-12 18:40:52,1000.00,14.10,6.75,14.50,9.28,17.20,14.70
2026-04-12 18:40:52,1000.00,14.10,6.69,14.50,8.73,17.30,14.70
2026-04-12 18:40:52,1000.00,14.10,6.66,14.50,8.81,17.70,14.70
2026-04-12 18:40:53,1000.00,14.30,6.64,14.50,8.54,17.20,14.70
2026-04-12 18:40:53,1000.00,14.20,6.63,14.50,8.61,16.80,14.70
2026-04-12 18:40:54,1000.00,14.20,6.66,14.50,8.92,17.30,14.60
2026-04-12 18:40:54,1000.00,14.10,6.65,14.50,8.68,17.30,14.80
2026-04-12 18:40:54,1000.00,14.20,6.65,14.50,8.26,17.30,14.80
2026-04-12 18:40:55,1000.00,14.20,6.63,14.50,8.39,17.80,14.80
2026-04-12 18:40:55,1000.00,14.30,6.72,14.50,8.71,17.40,14.70
2026-04-12 18:40:55,1000.00,14.10,6.56,14.50,8.59,17.70,14.80
2026-04-12 18:40:56,1000.00,14.20,6.60,14.50,8.37,17.30,14.70
2026-04-12 18:40:56,1000.00,14.20,6.62,14.50,8.55,17.30,14.70
2026-04-12 18:40:56,1000.00,14.20,6.65,14.50,8.48,17.30,14.80
2026-04-12 18:40:57,1000.00,14.20,6.62,14.50,8.64,17.30,14.70
2026-04-12 18:40:57,1000.00,14.20,6.64,14.50,8.56,17.20,14.70
2026-04-12 18:40:58,1000.00,14.20,6.35,14.50,8.51,17.70,14.80
2026-04-12 18:40:58,1000.00,14.20,6.61,14.50,8.34,17.70,14.90
2026-04-12 18:40:58,1000.00,14.30,6.69,14.50,8.77,17.60,14.80
2026-04-12 18:40:59,1000.00,14.20,6.66,14.50,8.89,17.40,14.70
2026-04-12 18:40:59,1000.00,14.20,6.53,14.50,8.60,17.70,14.80
2026-04-12 18:40:59,1000.00,14.30,6.60,14.50,8.33,17.70,14.80
2026-04-12 18:41:00,1000.00,14.30,6.60,14.50,8.30,17.30,14.80
2026-04-12 18:41:00,1000.00,14.20,6.66,14.50,8.70,17.60,14.80
2026-04-12 18:41:00,1000.00,14.20,6.63,14.50,8.92,17.30,14.70
2026-04-12 18:41:01,1000.00,14.20,6.63,14.50,8.49,17.70,14.80
2026-04-12 18:41:01,1000.00,14.30,6.67,14.50,9.07,17.30,14.70
2026-04-12 18:41:02,1000.00,14.10,6.66,14.50,8.62,17.80,14.80
2026-04-12 18:41:02,1000.00,14.20,6.61,14.50,8.39,17.70,14.80
2026-04-12 18:41:02,1000.00,14.30,6.72,14.50,8.85,17.30,14.70
2026-04-12 18:41:03,1000.00,14.10,6.69,14.50,8.83,17.60,14.80
2026-04-12 18:41:03,1000.00,14.20,6.67,14.50,9.07,17.30,14.70
2026-04-12 18:41:03,1000.00,14.10,6.65,14.50,8.67,17.80,14.80
2026-04-12 18:41:04,1000.00,14.20,6.60,14.50,8.43,17.70,14.80
2026-04-12 18:41:04,1000.00,14.20,6.59,14.50,8.59,17.30,14.70
2026-04-12 18:41:04,1000.00,14.20,6.63,14.50,8.47,17.30,14.80
2026-04-12 18:41:05,1000.00,14.20,6.62,14.50,8.38,17.60,14.80
2026-04-12 18:41:05,1000.00,14.30,6.58,14.50,8.38,17.40,14.80
2026-04-12 18:41:06,1000.00,14.20,6.64,14.50,8.61,17.30,14.80
2026-04-12 18:41:06,1000.00,14.30,6.61,14.50,8.28,17.20,14.80
2026-04-12 18:41:06,1000.00,14.20,6.62,14.50,8.55,17.20,14.80
2026-04-12 18:41:07,1000.00,14.20,6.62,14.50,8.38,17.70,14.80
2026-04-12 18:41:07,1000.00,14.30,6.69,14.50,8.63,17.80,14.80
2026-04-12 18:41:07,1000.00,14.20,6.62,14.50,8.31,17.60,14.80
2026-04-12 18:41:08,1000.00,14.30,6.65,14.50,8.68,17.60,14.80
2026-04-12 18:41:08,1000.00,14.20,6.66,14.50,8.85,17.30,14.70
2026-04-12 18:41:08,1000.00,14.10,6.74,14.50,8.82,17.20,14.70
2026-04-12 18:41:09,1000.00,14.20,6.61,14.50,8.70,17.30,14.70
2026-04-12 18:41:09,1000.00,14.20,6.66,14.50,9.01,17.30,14.70
2026-04-12 18:41:10,1000.00,14.10,6.66,14.50,8.77,17.50,14.70
2026-04-12 18:41:10,1000.00,14.20,6.58,14.50,8.47,17.90,14.80
2026-04-12 18:41:10,1000.00,14.30,6.63,14.50,8.35,17.80,14.80
2026-04-12 18:41:11,1000.00,14.30,6.60,14.50,8.32,17.10,14.80
2026-04-12 18:41:11,1000.00,14.20,6.73,14.50,9.04,17.50,14.70
2026-04-12 18:41:11,1000.00,14.20,6.66,14.50,8.57,17.80,14.80
2026-04-12 18:41:12,1000.00,14.30,6.63,14.50,8.62,17.50,14.80
2026-04-12 18:41:12,1000.00,14.20,6.63,14.50,8.56,17.20,14.80
2026-04-12 18:41:13,1000.00,14.20,6.70,14.50,8.72,17.70,14.80
2026-04-12 18:41:13,1000.00,14.20,6.60,14.50,8.42,17.70,14.80
2026-04-12 18:41:13,1000.00,14.30,6.63,14.50,8.86,17.50,14.70
2026-04-12 18:41:14,1000.00,14.10,6.68,14.50,9.00,17.70,14.70
2026-04-12 18:41:14,1000.00,14.10,6.67,14.50,8.63,17.70,14.80
2026-04-12 18:41:14,1000.00,14.20,6.69,14.50,9.08,17.30,14.70
2026-04-12 18:41:15,1000.00,14.10,6.64,14.50,8.61,17.70,14.80
2026-04-12 18:41:15,1000.00,14.20,6.63,14.50,8.75,17.70,14.80
2026-04-12 18:41:15,1000.00,14.20,6.62,14.50,8.54,17.20,14.70
2026-04-12 18:41:16,1000.00,14.20,6.69,14.50,9.01,17.40,14.70
2026-04-12 18:41:16,1000.00,14.20,6.65,14.50,8.87,17.30,14.70
2026-04-12 18:41:16,1000.00,14.20,6.63,14.50,8.44,17.60,14.80
2026-04-12 18:41:17,1000.00,14.20,6.59,14.50,8.42,17.40,14.80
2026-04-12 18:41:17,1000.00,14.30,6.62,14.50,8.78,17.60,14.70
2026-04-12 18:41:18,1000.00,14.20,6.65,14.50,8.51,17.30,14.80
2026-04-12 18:41:18,1000.00,14.30,6.63,14.50,8.38,17.30,14.80
2026-04-12 18:41:18,1000.00,14.20,6.63,14.50,8.38,17.80,14.80
2026-04-12 18:41:19,1000.00,14.30,6.70,14.50,8.68,17.80,14.70
2026-04-12 18:41:19,1000.00,14.20,6.64,14.50,8.54,17.80,14.80
2026-04-12 18:41:19,1000.00,14.20,6.63,14.50,8.43,17.60,14.80
2026-04-12 18:41:20,1000.00,14.20,6.65,14.50,8.90,17.60,14.70
2026-04-12 18:41:20,1000.00,14.20,6.51,14.50,8.52,17.70,14.80
2026-04-12 18:41:21,1000.00,14.20,6.69,14.50,9.03,17.80,14.70
2026-04-12 18:41:21,1000.00,14.10,6.65,14.50,8.62,17.10,14.80
2026-04-12 18:41:21,1000.00,14.10,6.65,14.50,8.76,17.10,14.70
2026-04-12 18:41:22,1000.00,14.10,6.66,14.50,8.61,17.30,14.80
2026-04-12 18:41:22,1000.00,14.30,6.70,14.50,8.60,17.30,14.70
2026-04-12 18:41:22,1000.00,14.20,6.63,14.50,8.25,17.70,14.80
2026-04-12 18:41:23,1000.00,14.30,6.72,14.50,8.74,17.40,14.70
2026-04-12 18:41:23,1000.00,14.10,6.64,14.50,8.54,17.60,14.80
2026-04-12 18:41:23,1000.00,14.20,6.63,14.50,8.36,17.60,14.80
2026-04-12 18:41:24,1000.00,14.30,6.68,14.50,8.54,17.40,14.80
2026-04-12 18:41:24,1000.00,14.10,6.64,14.50,8.95,17.60,14.70
2026-04-12 18:41:25,1000.00,14.10,6.73,14.50,8.91,17.90,14.80
2026-04-12 18:41:25,1000.00,14.20,6.59,14.50,8.66,17.50,14.70
2026-04-12 18:41:25,1000.00,14.20,6.63,14.50,8.55,17.60,14.80
2026-04-12 18:41:26,1000.00,14.30,6.63,14.50,8.42,17.30,14.70
2026-04-12 18:41:26,1000.00,14.20,6.64,14.50,8.49,17.20,14.70
2026-04-12 18:41:26,1000.00,14.20,6.63,14.50,8.28,17.70,14.80
2026-04-12 18:41:27,1000.00,14.30,6.62,14.50,8.50,17.60,14.80
2026-04-12 18:41:27,1000.00,14.20,6.68,14.50,8.61,17.70,14.80
2026-04-12 18:41:27,1000.00,14.20,6.62,14.50,8.50,17.20,14.80
2026-04-12 18:41:28,1000.00,14.20,6.56,14.50,8.20,17.70,14.80
2026-04-12 18:41:28,1000.00,14.20,6.62,14.50,8.82,17.80,14.70
2026-04-12 18:41:29,1000.00,14.10,6.64,14.50,8.50,17.50,14.80
2026-04-12 18:41:29,1000.00,14.20,6.64,14.50,8.93,17.30,14.70
2026-04-12 18:41:29,1000.00,14.20,6.65,14.50,8.71,17.70,14.80
2026-04-12 18:41:30,1000.00,14.30,6.61,14.50,8.37,17.60,14.80
2026-04-12 18:41:30,1000.00,14.30,6.67,14.50,8.94,17.60,14.70
2026-04-12 18:41:30,1000.00,14.10,6.52,14.50,8.19,17.30,14.70
2026-04-12 18:41:31,1000.00,14.20,6.63,14.50,8.44,17.80,14.80
2026-04-12 18:41:31,1000.00,14.20,6.61,14.50,8.40,17.60,14.80
2026-04-12 18:41:31,1000.00,14.30,6.64,14.50,8.87,17.70,14.70
2026-04-12 18:41:32,1000.00,14.20,6.64,14.50,8.59,17.40,14.70
2026-04-12 18:41:32,1000.00,14.20,6.72,14.50,8.78,17.70,14.80
2026-04-12 18:41:33,1000.00,14.30,6.60,14.50,8.73,17.80,14.80
2026-04-12 18:41:33,1000.00,14.20,6.57,14.50,8.61,17.50,14.80
2026-04-12 18:41:33,1000.00,14.30,6.64,14.50,8.85,17.30,14.70
2026-04-12 18:41:34,1000.00,14.20,6.74,14.50,9.15,17.50,14.70
2026-04-12 18:41:34,1000.00,14.10,6.74,14.50,9.34,17.90,14.60
2026-04-12 18:41:34,1000.00,14.10,6.69,14.50,8.85,17.50,14.70
2026-04-12 18:41:35,1000.00,14.10,6.64,14.50,8.54,17.20,14.70
2026-04-12 18:41:35,1000.00,14.20,6.66,14.50,8.51,17.80,14.80
2026-04-12 18:41:35,1000.00,14.30,6.62,14.50,8.51,17.70,14.80
2026-04-12 18:41:36,1000.00,14.20,6.62,14.50,8.73,17.30,14.70
2026-04-12 18:41:36,1000.00,14.10,6.66,14.50,8.58,17.40,14.80
2026-04-12 18:41:37,1000.00,14.30,6.62,14.50,8.46,17.20,14.70
2026-04-12 18:41:37,1000.00,14.20,6.62,14.50,8.62,17.20,14.70
2026-04-12 18:41:37,1000.00,14.20,6.64,14.50,8.60,17.70,14.80
2026-04-12 18:41:38,1000.00,14.20,6.60,14.50,8.31,17.60,14.80
2026-04-12 18:41:38,1000.00,14.30,6.58,14.50,8.27,17.20,14.80
2026-04-12 18:41:38,1000.00,14.20,6.58,14.50,8.34,17.50,14.80
2026-04-12 18:41:39,1000.00,14.20,6.62,14.50,8.80,17.80,14.70
2026-04-12 18:41:39,1000.00,14.10,6.61,14.50,8.50,17.60,14.80
2026-04-12 18:41:39,1000.00,14.30,6.66,14.50,8.66,17.60,14.80
2026-04-12 18:41:40,1000.00,14.20,6.68,14.50,9.02,17.70,14.70
2026-04-12 18:41:40,1000.00,14.10,6.63,14.50,8.51,17.70,14.80
2026-04-12 18:41:41,1000.00,14.20,6.63,14.50,8.35,17.80,14.80
2026-04-12 18:41:41,1000.00,14.30,6.52,14.50,8.15,17.80,14.90
2026-04-12 18:41:41,1000.00,14.30,6.62,14.50,8.83,17.70,14.70
2026-04-12 18:41:42,1000.00,14.20,6.62,14.50,8.48,17.80,14.80
2026-04-12 18:41:42,1000.00,14.30,6.67,14.50,8.69,17.20,14.70
2026-04-12 18:41:42,1000.00,14.20,6.70,14.50,9.18,17.30,14.70
2026-04-12 18:41:43,1000.00,14.10,6.76,14.50,8.95,17.70,14.70
2026-04-12 18:41:43,1000.00,14.10,6.67,14.50,8.87,17.30,14.80
2026-04-12 18:41:43,1000.00,14.20,6.64,14.50,8.19,17.40,14.80
2026-04-12 18:41:44,1000.00,14.30,6.62,14.50,8.70,17.70,14.70
2026-04-12 18:41:44,1000.00,14.10,6.62,14.50,8.55,17.70,14.80
2026-04-12 18:41:45,1000.00,14.20,6.68,14.50,9.01,17.70,14.70
2026-04-12 18:41:45,1000.00,14.10,6.65,14.50,8.62,17.30,14.80
2026-04-12 18:41:45,1000.00,14.20,6.62,14.50,8.39,17.70,14.80
2026-04-12 18:41:46,1000.00,14.30,6.62,14.50,8.30,17.20,14.80
2026-04-12 18:41:46,1000.00,14.20,6.61,14.50,8.37,17.30,14.70
2026-04-12 18:41:46,1000.00,14.20,6.49,14.50,8.36,17.70,14.80
2026-04-12 18:41:47,1000.00,14.30,6.59,14.50,8.45,17.00,14.80
2026-04-12 18:41:47,1000.00,14.20,6.65,14.50,8.91,17.80,14.70
2026-04-12 18:41:47,1000.00,14.10,6.65,14.50,8.76,17.10,14.70
2026-04-12 18:41:48,1000.00,14.10,6.72,14.50,8.81,17.60,14.80
2026-04-12 18:41:48,1000.00,14.20,6.69,14.50,9.07,17.30,14.70
2026-04-12 18:41:49,1000.00,14.10,6.66,14.50,8.71,17.60,14.80
2026-04-12 18:41:49,1000.00,14.20,6.63,14.50,8.91,17.20,14.70
2026-04-12 18:41:49,1000.00,14.10,6.66,14.50,8.67,17.60,14.80
2026-04-12 18:41:50,1000.00,14.20,6.63,14.50,8.48,17.50,14.80
2026-04-12 18:41:50,1000.00,14.20,6.67,14.50,8.63,17.30,14.70
2026-04-12 18:41:50,1000.00,14.20,6.64,14.50,8.60,17.80,14.80
2026-04-12 18:41:51,1000.00,14.20,6.61,14.50,8.38,17.20,14.70
2026-04-12 18:41:51,1000.00,14.20,6.62,14.50,8.39,17.30,14.80
2026-04-12 18:41:51,1000.00,14.20,6.62,14.50,8.52,17.60,14.80
2026-04-12 18:41:52,1000.00,14.30,6.63,14.50,8.65,17.70,14.80
2026-04-12 18:41:52,1000.00,14.20,6.60,14.50,8.47,17.40,14.80
2026-04-12 18:41:53,1000.00,14.30,6.63,14.50,8.63,17.50,14.80
2026-04-12 18:41:53,1000.00,14.30,6.64,14.50,8.85,17.60,14.70
2026-04-12 18:41:53,1000.00,14.10,6.68,14.50,8.79,17.70,14.70
2026-04-12 18:41:54,1000.00,14.20,6.65,14.50,9.11,17.80,14.70
2026-04-12 18:41:54,1000.00,14.10,6.64,14.50,8.37,17.90,14.80
2026-04-12 18:41:54,1000.00,14.20,6.67,14.50,9.11,17.30,14.70
2026-04-12 18:41:55,1000.00,14.10,6.65,14.50,8.58,17.80,14.80
2026-04-12 18:41:55,1000.00,14.30,6.71,14.50,8.85,17.70,14.70
2026-04-12 18:41:55,1000.00,14.10,6.66,14.50,8.51,17.30,14.80
2026-04-12 18:41:56,1000.00,14.20,6.62,14.50,8.41,17.30,14.80
2026-04-12 18:41:56,1000.00,14.30,6.61,14.50,8.47,17.20,14.80
2026-04-12 18:41:56,1000.00,14.10,6.61,14.50,8.35,17.60,14.70
2026-04-12 18:41:57,1000.00,14.20,6.51,14.50,8.39,17.70,14.80
2026-04-12 18:41:57,1000.00,14.30,6.60,14.50,8.46,17.60,14.80
2026-04-12 18:41:58,1000.00,14.30,6.63,14.50,8.81,17.30,14.70
2026-04-12 18:41:58,1000.00,14.20,6.66,14.50,8.59,17.40,14.70
2026-04-12 18:41:58,1000.00,14.10,6.70,14.50,8.75,17.40,14.70
2026-04-12 18:41:59,1000.00,14.10,6.64,14.50,8.82,17.20,14.70
2026-04-12 18:41:59,1000.00,14.10,6.58,14.50,8.51,17.30,14.80
2026-04-12 18:41:59,1000.00,14.30,6.62,14.50,8.43,17.60,14.80
2026-04-12 18:42:00,1000.00,14.20,6.66,14.50,8.97,17.10,14.70
2026-04-12 18:42:00,1000.00,14.10,6.63,14.50,8.52,17.70,14.80
2026-04-12 18:42:01,1000.00,14.30,6.59,14.50,8.50,17.70,14.80
2026-04-12 18:42:01,1000.00,14.20,6.61,14.50,8.37,17.50,14.80
2026-04-12 18:42:01,1000.00,14.30,6.57,14.50,8.25,17.60,14.80
2026-04-12 18:42:02,1000.00,14.30,6.65,14.50,8.79,17.70,14.70
2026-04-12 18:42:02,1000.00,14.10,6.61,14.50,8.47,17.40,14.70
2026-04-12 18:42:02,1000.00,14.10,6.66,14.50,8.73,17.80,14.80
2026-04-12 18:42:03,1000.00,14.20,6.62,14.50,8.58,17.50,14.80
2026-04-12 18:42:03,1000.00,14.30,6.64,14.50,8.88,17.30,14.70
2026-04-12 18:42:03,1000.00,14.20,6.64,14.50,8.76,17.10,14.80
2026-04-12 18:42:04,1000.00,14.20,6.70,14.50,8.77,17.70,14.80
2026-04-12 18:42:04,1000.00,14.20,6.65,14.50,8.47,17.20,14.70
2026-04-12 18:42:05,1000.00,14.20,6.67,14.50,8.50,17.40,14.80
2026-04-12 18:42:05,1000.00,14.20,6.61,14.50,8.34,17.80,14.80
2026-04-12 18:42:05,1000.00,14.20,6.59,14.50,8.31,17.30,14.80
2026-04-12 18:42:06,1000.00,14.20,6.60,14.50,8.36,17.60,14.80
2026-04-12 18:42:06,1000.00,14.20,6.57,14.50,8.25,17.70,14.80
2026-04-12 18:42:06,1000.00,14.30,6.65,14.50,8.90,17.80,14.70
2026-04-12 18:42:07,1000.00,14.10,6.63,14.50,8.42,17.20,14.70
2026-04-12 18:42:07,1000.00,14.20,6.61,14.50,8.37,17.20,14.70
2026-04-12 18:42:07,1000.00,14.10,6.70,14.50,8.76,17.60,14.80
2026-04-12 18:42:08,1000.00,14.20,6.58,14.50,8.40,17.60,14.80
2026-04-12 18:42:08,1000.00,14.20,6.62,14.50,8.31,17.40,14.80
2026-04-12 18:42:09,1000.00,14.30,6.63,14.50,8.55,17.30,14.70
2026-04-12 18:42:09,1000.00,14.20,6.62,14.50,8.44,17.30,14.70
2026-04-12 18:42:09,1000.00,14.20,6.69,14.50,8.59,17.40,14.70
2026-04-12 18:42:10,1000.00,14.20,6.63,14.50,8.60,17.30,14.80
2026-04-12 18:42:10,1000.00,14.20,6.61,14.50,8.35,17.30,14.70
2026-04-12 18:42:10,1000.00,14.20,6.61,14.50,8.72,17.70,14.70
2026-04-12 18:42:11,1000.00,14.10,6.61,14.50,8.44,17.60,14.80
2026-04-12 18:42:11,1000.00,14.20,6.68,14.50,8.93,17.30,14.70
2026-04-12 18:42:12,1000.00,14.10,6.64,14.50,8.57,17.40,14.70
2026-04-12 18:42:12,1000.00,14.10,6.63,14.50,8.76,17.70,14.70
2026-04-12 18:42:12,1000.00,14.30,6.52,14.50,8.34,17.30,14.70
2026-04-12 18:42:13,1000.00,14.20,6.61,14.50,8.22,17.40,14.80
2026-04-12 18:42:13,1000.00,14.20,6.65,14.50,8.90,17.70,14.70
2026-04-12 18:42:13,1000.00,14.10,6.75,14.50,8.89,17.50,14.70
2026-04-12 18:42:14,1000.00,14.10,6.65,14.50,8.79,17.20,14.70
2026-04-12 18:42:14,1000.00,14.10,6.66,14.50,8.79,17.00,14.70
2026-04-12 18:42:14,1000.00,14.10,6.71,14.50,9.17,17.40,14.70
2026-04-12 18:42:15,1000.00,14.10,6.70,14.50,8.70,17.20,14.70
2026-04-12 18:42:15,1000.00,14.10,6.64,14.50,8.51,17.50,14.80
2026-04-12 18:42:15,1000.00,14.20,6.71,14.50,9.09,17.70,14.70
2026-04-12 18:42:16,1000.00,14.10,6.66,14.50,8.56,17.70,14.80
2026-04-12 18:42:16,1000.00,14.20,6.64,14.50,8.41,17.80,14.80
2026-04-12 18:42:17,1000.00,14.30,6.61,14.50,8.15,17.30,14.70
2026-04-12 18:42:17,1000.00,14.20,6.67,14.50,8.98,17.20,14.70
2026-04-12 18:42:17,1000.00,14.10,6.65,14.50,8.74,17.20,14.70
2026-04-12 18:42:18,1000.00,14.10,6.64,14.50,8.51,17.30,14.70
2026-04-12 18:42:18,1000.00,14.20,6.59,14.50,8.53,17.30,14.70
2026-04-12 18:42:18,1000.00,14.20,6.63,14.50,8.65,17.50,14.70
2026-04-12 18:42:19,1000.00,14.10,6.52,14.50,8.67,17.30,14.80
2026-04-12 18:42:19,1000.00,14.20,6.61,14.50,8.45,17.20,14.80
2026-04-12 18:42:20,1000.00,14.20,6.60,14.50,8.36,17.70,14.70
2026-04-12 18:42:20,1000.00,14.20,6.69,14.50,8.71,17.70,14.80
2026-04-12 18:42:20,1000.00,14.20,6.61,14.50,8.37,17.60,14.80
2026-04-12 18:42:21,1000.00,14.30,6.60,14.50,8.37,17.50,14.80
2026-04-12 18:42:21,1000.00,14.30,6.63,14.50,8.83,17.20,14.70
2026-04-12 18:42:21,1000.00,14.10,6.62,14.50,8.49,17.20,14.70
2026-04-12 18:42:22,1000.00,14.20,6.61,14.50,8.41,17.50,14.80
2026-04-12 18:42:22,1000.00,14.20,6.56,14.50,8.28,17.20,14.80
2026-04-12 18:42:22,1000.00,14.10,6.55,14.50,8.45,17.50,14.70
2026-04-12 18:42:23,1000.00,14.10,6.64,14.50,8.92,17.70,14.70
2026-04-12 18:42:23,1000.00,14.10,6.64,14.50,8.79,17.50,14.80
2026-04-12 18:42:24,1000.00,14.20,6.64,14.50,9.03,17.80,14.70
2026-04-12 18:42:24,1000.00,14.10,6.54,14.50,8.52,17.40,14.70
2026-04-12 18:42:24,1000.00,14.10,6.64,14.50,8.51,17.30,14.70
2026-04-12 18:42:25,1000.00,14.10,6.62,14.50,8.70,17.20,14.70
2026-04-12 18:42:25,1000.00,14.10,6.73,14.50,9.20,17.20,14.60
2026-04-12 18:42:25,1000.00,14.10,6.66,14.50,8.87,17.60,14.70
2026-04-12 18:42:26,1000.00,14.20,6.63,14.50,8.47,17.50,14.80
2026-04-12 18:42:26,1000.00,14.20,6.72,14.50,8.59,17.30,14.70
2026-04-12 18:42:26,1000.00,14.10,6.61,14.50,8.57,17.40,14.80
2026-04-12 18:42:27,1000.00,14.20,6.64,14.50,8.89,17.10,14.70
2026-04-12 18:42:27,1000.00,14.10,6.70,14.50,8.93,17.60,14.70
2026-04-12 18:42:28,1000.00,14.20,6.67,14.50,9.15,17.60,14.70
2026-04-12 18:42:28,1000.00,14.10,6.64,14.50,8.64,17.60,14.70
2026-04-12 18:42:28,1000.00,14.20,6.61,14.50,8.44,17.70,14.80
2026-04-12 18:42:29,1000.00,14.20,6.61,14.50,8.67,17.50,14.80
2026-04-12 18:42:29,1000.00,14.30,6.65,14.50,8.88,17.70,14.70
2026-04-12 18:42:29,1000.00,14.10,6.64,14.50,8.69,17.20,14.70
2026-04-12 18:42:30,1000.00,14.10,6.62,14.50,8.43,17.30,14.70
2026-04-12 18:42:30,1000.00,14.10,6.61,14.50,8.84,17.50,14.70
2026-04-12 18:42:30,1000.00,14.10,6.67,14.50,8.86,17.40,14.70
2026-04-12 18:42:31,1000.00,14.10,6.75,14.50,9.16,17.20,14.60
2026-04-12 18:42:31,1000.00,14.00,6.67,14.50,8.67,17.60,14.70
2026-04-12 18:42:32,1000.00,14.20,6.68,14.50,8.77,17.50,14.70
2026-04-12 18:42:32,1000.00,14.20,6.68,14.50,9.11,17.60,14.70
2026-04-12 18:42:32,1000.00,14.10,6.74,14.50,8.98,17.70,14.70
2026-04-12 18:42:33,1000.00,14.20,6.62,14.50,8.54,17.80,14.80
2026-04-12 18:42:33,1000.00,14.20,6.58,14.50,8.55,17.50,14.80
2026-04-12 18:42:33,1000.00,14.20,6.63,14.50,8.90,17.40,14.70
2026-04-12 18:42:34,1000.00,14.10,6.63,14.50,8.67,17.60,14.80
2026-04-12 18:42:34,1000.00,14.20,6.66,14.50,8.73,17.60,14.80
2026-04-12 18:42:34,1000.00,14.20,6.66,14.50,9.04,17.60,14.70
2026-04-12 18:42:35,1000.00,14.10,6.62,14.50,8.57,17.20,14.70
2026-04-12 18:42:35,1000.00,14.10,6.63,14.50,8.48,17.30,14.70
2026-04-12 18:42:36,1000.00,14.10,6.62,14.50,8.65,17.30,14.70
2026-04-12 18:42:36,1000.00,14.20,6.47,14.50,8.66,17.40,14.80
2026-04-12 18:42:36,1000.00,14.20,6.62,14.50,8.39,17.30,14.80
2026-04-12 18:42:37,1000.00,14.20,6.65,14.50,8.78,17.20,14.70
2026-04-12 18:42:37,1000.00,14.10,6.69,14.50,9.14,17.80,14.60
2026-04-12 18:42:37,1000.00,14.10,6.71,14.50,8.82,17.20,14.70
2026-04-12 18:42:38,1000.00,14.10,6.62,14.50,8.52,17.50,14.80
2026-04-12 18:42:38,1000.00,14.20,6.68,14.50,9.11,17.10,14.70
2026-04-12 18:42:38,1000.00,14.10,6.64,14.50,8.42,17.70,14.70
2026-04-12 18:42:39,1000.00,14.20,6.63,14.50,8.72,17.80,14.80
2026-04-12 18:42:39,1000.00,14.20,6.60,14.50,8.20,16.00,14.80
2026-04-12 18:42:40,1000.00,14.10,6.66,14.50,8.65,17.60,14.70
2026-04-12 18:42:40,1000.00,14.20,6.65,14.50,9.01,17.50,14.70
2026-04-12 18:42:40,1000.00,14.10,6.63,14.50,8.35,17.60,14.70
2026-04-12 18:42:41,1000.00,14.20,6.70,14.50,9.11,17.20,14.70
2026-04-12 18:42:41,1000.00,14.10,6.63,14.50,8.35,17.30,14.70
2026-04-12 18:42:41,1000.00,14.10,6.64,14.50,8.64,17.30,14.80
2026-04-12 18:42:42,1000.00,14.20,6.63,14.50,8.77,17.70,14.70
2026-04-12 18:42:42,1000.00,14.10,6.62,14.50,8.62,17.70,14.80
2026-04-12 18:42:42,1000.00,14.20,6.59,14.50,8.35,17.70,14.80
2026-04-12 18:42:43,1000.00,14.30,6.65,14.50,8.34,17.10,14.80
2026-04-12 18:42:43,1000.00,14.10,6.58,14.50,8.35,17.20,14.70
2026-04-12 18:42:44,1000.00,14.10,6.62,14.50,8.97,17.70,14.70
2026-04-12 18:42:44,1000.00,14.10,6.62,14.50,8.53,17.60,14.80
2026-04-12 18:42:44,1000.00,14.20,6.68,14.50,8.75,17.70,14.80
2026-04-12 18:42:45,1000.00,14.20,6.61,14.50,8.52,17.10,14.70
2026-04-12 18:42:45,1000.00,14.20,6.66,14.50,9.05,17.70,14.70
2026-04-12 18:42:45,1000.00,14.10,6.65,14.50,8.72,17.70,14.80
2026-04-12 18:42:46,1000.00,14.20,6.59,14.50,8.63,17.60,14.80
2026-04-12 18:42:46,1000.00,14.20,6.66,14.50,9.00,17.20,14.70
2026-04-12 18:42:46,1000.00,14.10,6.61,14.50,8.51,17.70,14.80
2026-04-12 18:42:47,1000.00,14.20,6.70,14.50,9.07,17.30,14.70
2026-04-12 18:42:47,1000.00,14.10,6.64,14.50,8.64,17.20,14.80
2026-04-12 18:42:48,1000.00,14.20,6.61,14.50,8.38,17.20,14.70
2026-04-12 18:42:48,1000.00,14.10,6.62,14.50,8.59,17.70,14.80
2026-04-12 18:42:48,1000.00,14.30,6.59,14.50,8.27,17.60,14.80
2026-04-12 18:42:49,1000.00,14.20,6.66,14.50,8.96,17.60,14.70
2026-04-12 18:42:49,1000.00,14.10,6.61,14.50,8.50,17.50,14.70
2026-04-12 18:42:49,1000.00,14.20,6.62,14.50,8.21,17.30,14.80
2026-04-12 18:42:50,1000.00,14.30,6.59,14.50,8.52,17.60,14.80
2026-04-12 18:42:50,1000.00,14.30,6.59,14.50,8.40,17.20,14.80
2026-04-12 18:42:50,1000.00,14.10,6.59,14.50,8.31,17.60,14.80
2026-04-12 18:42:51,1000.00,14.30,6.60,14.50,8.26,17.60,14.80
2026-04-12 18:42:51,1000.00,14.30,6.55,14.50,8.06,17.50,14.80
2026-04-12 18:42:52,1000.00,14.30,6.46,14.50,8.21,17.60,14.80
2026-04-12 18:42:52,1000.00,14.30,6.59,14.50,8.30,17.50,14.80
2026-04-12 18:42:52,1000.00,14.10,6.62,14.50,8.47,17.40,14.80
2026-04-12 18:42:53,1000.00,14.20,6.64,14.50,8.78,17.50,14.70
2026-04-12 18:42:53,1000.00,14.10,6.68,14.50,8.80,17.50,14.70
2026-04-12 18:42:53,1000.00,14.20,6.72,14.50,8.78,17.80,14.80
2026-04-12 18:42:54,1000.00,14.20,6.63,14.50,8.96,17.00,14.70
2026-04-12 18:42:54,1000.00,14.10,6.71,14.50,9.26,17.60,14.60
2026-04-12 18:42:54,1000.00,14.10,6.67,14.50,8.72,17.70,14.70
2026-04-12 18:42:55,1000.00,14.20,6.70,14.50,8.83,17.70,14.70
2026-04-12 18:42:55,1000.00,14.10,6.65,14.50,8.60,17.30,14.70
2026-04-12 18:42:56,1000.00,14.20,6.61,14.50,8.42,17.20,14.70
2026-04-12 18:42:56,1000.00,14.10,6.67,14.50,9.08,17.60,14.70
2026-04-12 18:42:56,1000.00,14.10,6.65,14.50,8.36,17.30,14.70
2026-04-12 18:42:57,1000.00,14.10,6.64,14.50,8.78,17.40,14.70
2026-04-12 18:42:57,1000.00,14.10,6.51,14.50,8.65,17.50,14.80
2026-04-12 18:42:57,1000.00,14.20,6.56,14.50,8.49,17.30,14.80
2026-04-12 18:42:58,1000.00,14.30,6.60,14.50,8.69,17.50,14.70
2026-04-12 18:42:58,1000.00,14.20,6.61,14.50,8.48,17.10,14.70
2026-04-12 18:42:58,1000.00,14.10,6.61,14.50,8.38,17.70,14.80
2026-04-12 18:42:59,1000.00,14.20,6.60,14.50,8.21,17.10,14.70
2026-04-12 18:42:59,1000.00,14.20,6.59,14.50,8.34,17.50,14.80
2026-04-12 18:43:00,1000.00,14.20,6.64,14.50,8.89,17.20,14.70
2026-04-12 18:43:00,1000.00,14.10,6.65,14.50,8.48,17.60,14.80
2026-04-12 18:43:00,1000.00,14.20,6.69,14.50,8.71,17.20,14.70
2026-04-12 18:43:01,1000.00,14.10,6.64,14.50,8.61,17.10,14.70
2026-04-12 18:43:01,1000.00,14.10,6.60,14.50,8.48,17.50,14.80
2026-04-12 18:43:01,1000.00,14.20,6.63,14.50,9.03,17.10,14.70
2026-04-12 18:43:02,1000.00,14.10,6.63,14.50,8.55,17.10,14.70
2026-04-12 18:43:02,1000.00,14.10,6.63,14.50,8.46,17.20,14.70
2026-04-12 18:43:02,1000.00,14.20,6.59,14.50,8.53,17.40,14.80
2026-04-12 18:43:03,1000.00,14.20,6.66,14.50,8.92,17.30,14.70
2026-04-12 18:43:03,1000.00,14.10,6.64,14.50,8.60,17.50,14.70
2026-04-12 18:43:04,1000.00,14.20,6.69,14.50,9.04,17.70,14.70
2026-04-12 18:43:04,1000.00,14.10,6.65,14.50,8.80,17.20,14.70
2026-04-12 18:43:04,1000.00,14.10,6.62,14.50,8.47,17.40,14.70
2026-04-12 18:43:05,1000.00,14.10,6.60,14.50,8.45,17.20,14.70
2026-04-12 18:43:05,1000.00,14.10,6.62,14.50,8.47,17.40,14.80
2026-04-12 18:43:05,1000.00,14.20,6.65,14.50,8.66,17.60,14.80
2026-04-12 18:43:06,1000.00,14.20,6.60,14.50,8.58,17.40,14.80
2026-04-12 18:43:06,1000.00,14.20,6.60,14.50,8.85,17.40,14.70
2026-04-12 18:43:06,1000.00,14.10,6.66,14.50,8.69,17.60,14.70
2026-04-12 18:43:07,1000.00,14.10,6.69,14.50,8.80,17.40,14.70
2026-04-12 18:43:07,1000.00,14.10,6.56,14.50,8.59,17.30,14.70
2026-04-12 18:43:08,1000.00,14.20,6.62,14.50,8.52,17.20,14.70
2026-04-12 18:43:08,1000.00,14.10,6.74,14.50,8.81,17.50,14.60
2026-04-12 18:43:08,1000.00,14.10,6.64,14.50,8.60,17.60,14.70
2026-04-12 18:43:09,1000.00,14.20,6.62,14.50,8.52,17.10,14.70
2026-04-12 18:43:09,1000.00,14.10,6.63,14.50,8.74,17.40,14.80
2026-04-12 18:43:09,1000.00,14.20,6.64,14.50,8.71,17.30,14.70
2026-04-12 18:43:10,1000.00,14.10,6.65,14.50,8.62,17.30,14.80
2026-04-12 18:43:10,1000.00,14.20,6.60,14.50,8.37,17.20,14.70
2026-04-12 18:43:10,1000.00,14.10,6.61,14.50,8.38,17.30,14.70
2026-04-12 18:43:11,1000.00,14.10,6.59,14.50,8.38,17.60,14.80
2026-04-12 18:43:11,1000.00,14.20,6.57,14.50,8.31,17.50,14.80
2026-04-12 18:43:12,1000.00,14.20,6.59,14.50,8.43,17.50,14.80
2026-04-12 18:43:12,1000.00,14.20,6.54,14.50,8.48,17.40,14.80
2026-04-12 18:43:12,1000.00,14.20,6.61,14.50,8.78,17.50,14.70
2026-04-12 18:43:13,1000.00,14.10,6.59,14.50,8.25,17.30,14.70
2026-04-12 18:43:13,1000.00,14.10,6.49,14.50,8.42,17.60,14.80
2026-04-12 18:43:13,1000.00,14.20,6.55,14.50,8.46,17.40,14.70
2026-04-12 18:43:14,1000.00,14.10,6.61,14.50,8.45,17.50,14.80
2026-04-12 18:43:14,1000.00,14.20,6.59,14.50,8.30,17.20,14.70
2026-04-12 18:43:15,1000.00,14.20,6.61,14.50,8.43,17.60,14.80
2026-04-12 18:43:15,1000.00,14.30,6.67,14.50,8.60,17.60,14.80
2026-04-12 18:43:15,1000.00,14.20,6.67,14.50,8.65,17.30,14.70
2026-04-12 18:43:16,1000.00,14.10,6.57,14.50,8.66,17.40,14.80
2026-04-12 18:43:16,1000.00,14.20,6.60,14.50,8.45,17.70,14.70
2026-04-12 18:43:16,5000.00,14.60,6.61,14.50,8.99,17.60,14.70
2026-04-12 18:43:17,5000.00,10.28,6.67,14.50,9.16,17.60,14.60
2026-04-12 18:43:17,5000.00,14.10,6.70,14.50,9.15,17.70,14.60
2026-04-12 18:43:17,5000.00,14.10,6.71,14.50,9.09,17.50,14.60
2026-04-12 18:43:18,5000.00,14.10,6.71,14.50,9.40,17.70,14.60
2026-04-12 18:43:18,5000.00,14.10,6.66,14.50,8.98,17.60,14.70
2026-04-12 18:43:18,5000.00,14.20,6.62,14.50,8.75,17.40,14.70
2026-04-12 18:43:19,5000.00,14.10,6.58,14.50,8.62,17.30,14.80
2026-04-12 18:43:19,5000.00,14.30,6.70,14.50,9.05,17.80,14.70
2026-04-12 18:43:20,5000.00,14.10,6.69,14.50,9.27,17.60,14.60
2026-04-12 18:43:20,5000.00,14.10,6.74,14.50,9.26,17.80,14.60
2026-04-12 18:43:20,5000.00,14.10,6.75,14.50,9.53,17.70,14.60
2026-04-12 18:43:21,5000.00,14.10,6.79,14.50,9.40,17.70,14.60
2026-04-12 18:43:21,5000.00,14.10,6.78,14.50,9.57,17.60,14.60
2026-04-12 18:43:21,5000.00,14.10,6.74,14.50,9.60,17.60,14.60
2026-04-12 18:43:22,5000.00,14.00,6.75,14.50,9.62,17.80,14.60
2026-04-12 18:43:22,5000.00,14.10,6.76,14.50,9.46,17.60,14.60
2026-04-12 18:43:22,5000.00,14.00,6.79,14.50,9.25,17.60,14.70
2026-04-12 18:43:23,5000.00,14.20,6.67,14.50,9.50,17.70,14.60
2026-04-12 18:43:23,5000.00,14.10,6.74,14.50,9.54,17.70,14.60
2026-04-12 18:43:23,5000.00,14.00,6.72,14.50,9.39,17.60,14.60
2026-04-12 18:43:24,5000.00,14.00,6.80,14.50,9.37,17.40,14.60
2026-04-12 18:43:24,5000.00,14.10,6.62,14.50,9.16,17.70,14.70
2026-04-12 18:43:25,5000.00,14.20,6.70,14.50,8.82,17.60,14.70
2026-04-12 18:43:25,5000.00,14.20,6.69,14.50,8.93,17.40,14.60
2026-04-12 18:43:25,5000.00,14.10,6.72,14.50,9.25,17.70,14.60
2026-04-12 18:43:26,5000.00,14.10,6.72,14.50,9.42,17.50,14.60
2026-04-12 18:43:26,5000.00,14.10,6.75,14.50,9.60,17.70,14.60
2026-04-12 18:43:26,5000.00,14.00,6.69,14.50,9.52,17.60,14.60
2026-04-12 18:43:27,5000.00,14.00,6.75,14.50,9.52,17.40,14.60
2026-04-12 18:43:27,5000.00,14.00,6.78,14.50,9.44,17.40,14.60
2026-04-12 18:43:27,5000.00,14.00,6.80,14.50,9.70,17.50,14.60
2026-04-12 18:43:28,5000.00,14.10,6.78,14.50,9.75,17.70,14.60
2026-04-12 18:43:28,5000.00,14.00,6.80,14.50,9.63,17.70,14.60
2026-04-12 18:43:28,5000.00,14.00,6.77,14.50,9.43,17.70,14.60
2026-04-12 18:43:29,5000.00,14.00,6.78,14.50,9.60,17.50,14.60
2026-04-12 18:43:29,5000.00,14.00,6.78,14.50,9.57,17.50,14.60
2026-04-12 18:43:29,5000.00,14.00,6.67,14.50,9.25,17.50,14.60
2026-04-12 18:43:30,5000.00,14.10,6.70,14.50,9.12,17.10,14.60
2026-04-12 18:43:30,5000.00,14.10,6.55,14.50,9.03,17.50,14.70
2026-04-12 18:43:31,5000.00,14.20,6.66,14.50,9.15,17.50,14.60
2026-04-12 18:43:31,5000.00,14.10,6.67,14.50,9.43,17.60,14.60
2026-04-12 18:43:31,5000.00,14.00,6.74,14.50,9.40,17.70,14.60
2026-04-12 18:43:32,5000.00,14.00,6.74,14.50,9.34,17.60,14.60
2026-04-12 18:43:32,5000.00,14.00,6.79,14.50,9.52,17.60,14.60
2026-04-12 18:43:32,5000.00,14.00,6.79,14.50,9.56,17.60,14.60
2026-04-12 18:43:33,5000.00,14.00,6.81,14.50,9.62,17.80,14.60
2026-04-12 18:43:33,5000.00,14.00,6.81,14.50,9.69,17.60,14.60
2026-04-12 18:43:33,5000.00,14.00,6.75,14.50,9.60,17.50,14.60
2026-04-12 18:43:34,5000.00,14.00,6.76,14.50,9.77,17.80,14.60
2026-04-12 18:43:34,5000.00,14.00,6.84,14.50,9.63,17.60,14.50
2026-04-12 18:43:34,5000.00,14.00,6.77,14.50,9.28,17.70,14.70
2026-04-12 18:43:35,5000.00,14.10,6.70,14.50,9.57,17.70,14.60
2026-04-12 18:43:35,5000.00,14.10,6.76,14.50,9.45,17.50,14.60
2026-04-12 18:43:36,5000.00,14.10,6.71,14.50,8.94,17.40,14.60
2026-04-12 18:43:36,5000.00,14.10,6.61,14.50,8.86,17.60,14.70
2026-04-12 18:43:36,5000.00,14.20,6.66,14.50,9.24,17.50,14.60
2026-04-12 18:43:37,5000.00,14.10,6.67,14.50,8.99,17.50,14.70
2026-04-12 18:43:37,5000.00,14.20,6.72,14.50,8.87,17.40,14.60
2026-04-12 18:43:37,5000.00,14.10,6.71,14.50,9.25,17.70,14.60
2026-04-12 18:43:38,5000.00,14.10,6.68,14.50,9.36,17.80,14.60
2026-04-12 18:43:38,5000.00,14.10,6.70,14.50,9.48,17.60,14.60
2026-04-12 18:43:38,5000.00,14.00,6.77,14.50,9.42,17.60,14.60
2026-04-12 18:43:39,5000.00,14.10,6.73,14.50,9.63,17.40,14.60
2026-04-12 18:43:39,5000.00,14.00,6.79,14.50,9.47,17.70,14.60
2026-04-12 18:43:39,5000.00,14.00,6.75,14.50,9.43,17.60,14.60
2026-04-12 18:43:40,5000.00,14.00,6.78,14.50,9.61,17.60,14.60
2026-04-12 18:43:40,5000.00,14.00,6.81,14.50,9.08,17.30,14.70
2026-04-12 18:43:40,5000.00,14.10,6.69,14.50,9.44,17.40,14.60
2026-04-12 18:43:41,5000.00,14.10,6.75,14.50,9.27,17.50,14.60
2026-04-12 18:43:41,5000.00,14.10,6.59,14.50,9.15,17.60,14.70
2026-04-12 18:43:42,5000.00,14.20,6.69,14.50,9.14,17.50,14.60
2026-04-12 18:43:42,5000.00,14.10,6.71,14.50,9.44,17.60,14.60
2026-04-12 18:43:42,5000.00,14.10,6.75,14.50,9.51,17.60,14.60
2026-04-12 18:43:43,5000.00,14.00,6.72,14.50,8.96,17.40,14.70
2026-04-12 18:43:43,5000.00,14.10,6.70,14.50,9.39,17.60,14.60
2026-04-12 18:43:43,5000.00,14.10,6.72,14.50,9.34,17.60,14.60
2026-04-12 18:43:44,5000.00,14.00,6.71,14.50,9.03,17.60,14.70
2026-04-12 18:43:44,5000.00,14.20,6.71,14.50,9.42,17.60,14.60
2026-04-12 18:43:44,5000.00,14.10,6.76,14.50,9.33,17.60,14.70
2026-04-12 18:43:45,5000.00,14.10,6.67,14.50,9.47,17.50,14.60
2026-04-12 18:43:45,5000.00,14.10,6.73,14.50,9.43,17.60,14.60
2026-04-12 18:43:45,5000.00,14.00,6.75,14.50,9.25,17.70,14.70
2026-04-12 18:43:46,5000.00,14.10,6.76,14.50,9.28,17.60,14.60
2026-04-12 18:43:46,5000.00,14.00,6.68,14.50,9.43,17.60,14.60
2026-04-12 18:43:46,5000.00,14.10,6.63,14.50,8.86,17.50,14.70
2026-04-12 18:43:47,5000.00,14.20,6.68,14.50,9.21,17.60,14.60
2026-04-12 18:43:47,5000.00,14.10,6.72,14.50,9.44,17.50,14.60
2026-04-12 18:43:48,5000.00,14.00,6.73,14.50,9.55,17.60,14.60
2026-04-12 18:43:48,5000.00,14.00,6.75,14.50,9.50,17.60,14.60
2026-04-12 18:43:48,5000.00,14.00,6.74,14.50,9.58,17.50,14.60
2026-04-12 18:43:49,5000.00,14.00,6.76,14.50,9.56,17.60,14.60
2026-04-12 18:43:49,5000.00,14.00,6.77,14.50,9.58,17.30,14.60
2026-04-12 18:43:49,5000.00,14.00,6.81,14.50,9.64,17.40,14.60
2026-04-12 18:43:50,5000.00,14.00,6.78,14.50,9.66,17.50,14.60
2026-04-12 18:43:50,5000.00,14.00,6.74,14.50,9.65,17.40,14.60
2026-04-12 18:43:50,5000.00,14.00,6.78,14.50,9.68,17.70,14.60
2026-04-12 18:43:51,5000.00,14.00,6.78,14.50,9.26,17.60,14.70
2026-04-12 18:43:51,5000.00,14.10,6.73,14.50,9.18,17.80,14.60
2026-04-12 18:43:51,5000.00,14.10,6.74,14.50,9.39,17.40,14.60
2026-04-12 18:43:52,5000.00,14.10,6.75,14.50,9.56,17.50,14.60
2026-04-12 18:43:52,5000.00,14.10,6.60,14.50,9.08,17.60,14.70
2026-04-12 18:43:52,5000.00,14.10,6.73,14.50,9.33,17.60,14.60
2026-04-12 18:43:53,5000.00,14.10,6.71,14.50,9.44,17.50,14.60
2026-04-12 18:43:53,5000.00,14.00,6.78,14.50,9.53,17.60,14.60
2026-04-12 18:43:54,5000.00,14.00,6.77,14.50,9.52,17.60,14.70
2026-04-12 18:43:54,5000.00,14.10,6.73,14.50,9.37,17.60,14.60
2026-04-12 18:43:54,5000.00,14.00,6.78,14.50,9.52,17.80,14.60
2026-04-12 18:43:55,5000.00,14.00,6.82,14.50,9.55,17.60,14.60
2026-04-12 18:43:55,5000.00,14.00,6.72,14.50,9.49,17.80,14.60
2026-04-12 18:43:55,5000.00,14.00,6.76,14.50,9.63,17.30,14.60
2026-04-12 18:43:56,5000.00,14.00,6.78,14.50,9.53,17.60,14.60
2026-04-12 18:43:56,5000.00,14.00,6.81,14.50,9.65,17.50,14.60
2026-04-12 18:43:56,5000.00,14.00,6.83,14.50,9.76,17.30,14.60
2026-04-12 18:43:57,5000.00,14.00,6.73,14.50,9.28,17.50,14.70
2026-04-12 18:43:57,5000.00,14.10,6.67,14.50,9.13,17.30,14.60
2026-04-12 18:43:57,5000.00,14.10,6.74,14.50,8.87,17.40,14.60
2026-04-12 18:43:58,5000.00,14.10,6.69,14.50,8.98,17.60,14.70
2026-04-12 18:43:58,5000.00,14.20,6.60,14.50,8.71,17.50,14.70
2026-04-12 18:43:59,5000.00,14.20,6.55,14.50,8.41,17.30,14.70
2026-04-12 18:43:59,5000.00,14.10,6.63,14.50,8.69,17.60,14.80
2026-04-12 18:43:59,5000.00,14.20,6.61,14.50,9.00,17.60,14.70
2026-04-12 18:44:00,5000.00,14.10,6.67,14.50,9.26,17.70,14.60
2026-04-12 18:44:00,5000.00,14.10,6.73,14.50,9.47,17.70,14.60
2026-04-12 18:44:00,5000.00,14.00,6.76,14.50,9.35,17.40,14.60
2026-04-12 18:44:01,5000.00,14.10,6.72,14.50,9.38,17.40,14.60
2026-04-12 18:44:01,5000.00,14.00,6.76,14.50,9.50,17.30,14.60
2026-04-12 18:44:01,5000.00,14.00,6.77,14.50,9.31,17.50,14.60
2026-04-12 18:44:02,5000.00,14.10,6.68,14.50,9.31,17.50,14.60
2026-04-12 18:44:02,5000.00,14.10,6.75,14.50,9.54,17.50,14.60
2026-04-12 18:44:02,5000.00,14.00,6.84,14.50,9.45,17.50,14.60
2026-04-12 18:44:03,5000.00,14.00,6.79,14.50,9.55,17.60,14.60
2026-04-12 18:44:03,5000.00,14.00,6.80,14.50,9.52,17.50,14.60
2026-04-12 18:44:03,5000.00,14.00,6.73,14.50,9.20,17.50,14.70
2026-04-12 18:44:04,5000.00,14.10,6.68,14.50,9.33,17.50,14.60
2026-04-12 18:44:04,5000.00,14.10,6.54,14.50,9.02,17.60,14.70
2026-04-12 18:44:05,5000.00,14.20,6.66,14.50,9.31,17.40,14.60
2026-04-12 18:44:05,5000.00,14.10,6.72,14.50,9.41,17.60,14.60
2026-04-12 18:44:05,5000.00,14.00,6.79,14.50,9.53,17.50,14.60
2026-04-12 18:44:06,5000.00,14.00,6.74,14.50,9.60,17.70,14.60
2026-04-12 18:44:06,5000.00,14.00,6.77,14.50,9.70,17.70,14.60
2026-04-12 18:44:06,5000.00,14.00,6.71,14.50,9.75,17.60,14.60
2026-04-12 18:44:07,5000.00,14.00,6.78,14.50,9.53,17.50,14.60
2026-04-12 18:44:07,5000.00,14.00,6.78,14.50,9.51,17.40,14.60
2026-04-12 18:44:07,5000.00,14.00,6.80,14.50,9.64,17.50,14.60
2026-04-12 18:44:08,5000.00,14.00,6.80,14.50,9.66,17.60,14.50
2026-04-12 18:44:08,5000.00,14.00,6.74,14.50,9.74,17.60,14.50
2026-04-12 18:44:08,5000.00,14.00,6.82,14.50,9.57,17.60,14.60
2026-04-12 18:44:09,5000.00,14.00,6.76,14.50,9.77,17.60,14.50
2026-04-12 18:44:09,5000.00,14.00,6.79,14.50,9.33,17.30,14.50
2026-04-12 18:44:09,5000.00,14.00,6.66,14.50,9.12,17.60,14.70
2026-04-12 18:44:10,5000.00,14.10,6.72,14.50,9.29,17.60,14.60
2026-04-12 18:44:10,5000.00,14.00,6.77,14.50,9.51,17.60,14.60
2026-04-12 18:44:11,5000.00,14.00,6.79,14.50,9.57,17.70,14.60
2026-04-12 18:44:11,5000.00,14.00,6.73,14.50,9.60,17.50,14.60
2026-04-12 18:44:11,5000.00,14.00,6.73,14.50,9.69,17.60,14.60
2026-04-12 18:44:12,5000.00,14.00,6.78,14.50,9.45,17.40,14.60
2026-04-12 18:44:12,5000.00,14.00,6.80,14.50,9.68,17.50,14.50
2026-04-12 18:44:12,5000.00,14.00,6.80,14.50,9.62,17.60,14.50
2026-04-12 18:44:13,5000.00,14.00,6.83,14.50,9.78,17.60,14.50
2026-04-12 18:44:13,5000.00,14.00,6.78,14.50,9.77,17.50,14.50
2026-04-12 18:44:13,5000.00,14.00,6.79,14.50,9.18,17.50,14.60
2026-04-12 18:44:14,5000.00,14.10,6.74,14.50,9.24,17.50,14.60
2026-04-12 18:44:14,5000.00,14.00,6.76,14.50,9.43,17.70,14.60
2026-04-12 18:44:14,5000.00,14.00,6.79,14.50,9.53,17.30,14.50
2026-04-12 18:44:15,5000.00,14.00,6.68,14.50,9.13,17.60,14.60
2026-04-12 18:44:15,5000.00,14.10,6.65,14.50,8.76,17.40,14.60
2026-04-12 18:44:15,5000.00,14.10,6.58,14.50,8.88,17.50,14.70
2026-04-12 18:44:16,5000.00,14.20,6.66,14.50,9.20,17.60,14.60
2026-04-12 18:44:16,5000.00,14.10,6.72,14.50,9.26,17.60,14.60
2026-04-12 18:44:17,5000.00,14.00,6.77,14.50,9.36,17.40,14.60
2026-04-12 18:44:17,5000.00,14.00,6.76,14.50,9.56,17.50,14.60
2026-04-12 18:44:17,5000.00,14.00,6.80,14.50,9.65,17.50,14.60
2026-04-12 18:44:18,5000.00,14.00,6.78,14.50,9.59,17.70,14.50
2026-04-12 18:44:18,5000.00,14.00,6.77,14.50,9.59,17.40,14.50
2026-04-12 18:44:18,5000.00,14.00,6.69,14.50,9.03,17.70,14.70
2026-04-12 18:44:19,5000.00,14.10,6.71,14.50,9.33,17.50,14.60
2026-04-12 18:44:19,5000.00,14.10,6.73,14.50,9.18,17.70,14.60
2026-04-12 18:44:19,5000.00,14.00,6.73,14.50,9.15,17.50,14.70
2026-04-12 18:44:20,5000.00,14.20,6.69,14.50,9.28,17.50,14.60
2026-04-12 18:44:20,5000.00,14.00,6.75,14.50,9.56,17.40,14.60
2026-04-12 18:44:20,5000.00,14.00,6.70,14.50,9.32,17.60,14.50
2026-04-12 18:44:21,5000.00,14.10,6.68,14.50,9.12,17.50,14.70
2026-04-12 18:44:21,5000.00,14.10,6.67,14.50,9.30,17.70,14.60
2026-04-12 18:44:21,5000.00,14.10,6.74,14.50,9.42,17.40,14.60
2026-04-12 18:44:22,5000.00,14.00,6.67,14.50,9.06,17.60,14.70
2026-04-12 18:44:22,5000.00,14.10,6.69,14.50,9.37,17.50,14.60
2026-04-12 18:44:23,5000.00,14.10,6.72,14.50,9.29,17.60,14.60
2026-04-12 18:44:23,5000.00,14.00,6.75,14.50,9.47,17.60,14.60
2026-04-12 18:44:23,5000.00,14.00,6.77,14.50,9.54,17.50,14.60
2026-04-12 18:44:24,5000.00,14.00,6.77,14.50,9.62,17.40,14.60
2026-04-12 18:44:24,5000.00,14.00,6.79,14.50,9.43,17.60,14.60
2026-04-12 18:44:24,5000.00,14.00,6.71,14.50,9.13,17.50,14.70
2026-04-12 18:44:25,5000.00,14.10,6.68,14.50,9.14,17.70,14.60
2026-04-12 18:44:25,5000.00,14.00,6.78,14.50,9.62,17.50,14.60
2026-04-12 18:44:25,5000.00,14.00,6.75,14.50,9.55,17.50,14.60
2026-04-12 18:44:26,5000.00,14.00,6.80,14.50,9.53,17.50,14.60
2026-04-12 18:44:26,5000.00,14.10,6.62,14.50,8.79,17.50,14.70
2026-04-12 18:44:26,5000.00,14.20,6.56,14.50,8.79,17.60,14.70
2026-04-12 18:44:27,5000.00,14.20,6.56,14.50,8.73,17.60,14.80
2026-04-12 18:44:27,5000.00,14.20,6.64,14.50,9.09,17.60,14.60
2026-04-12 18:44:28,5000.00,14.10,6.69,14.50,9.34,17.50,14.60
2026-04-12 18:44:28,5000.00,14.00,6.67,14.50,9.45,17.70,14.60
2026-04-12 18:44:28,5000.00,14.00,6.67,14.50,9.53,17.50,14.60
2026-04-12 18:44:29,5000.00,14.00,6.81,14.50,9.44,17.50,14.60
2026-04-12 18:44:29,5000.00,14.00,6.75,14.50,9.45,17.50,14.60
2026-04-12 18:44:29,5000.00,14.00,6.81,14.50,9.70,17.20,14.60
2026-04-12 18:44:30,5000.00,14.00,6.79,14.50,9.48,17.70,14.60
2026-04-12 18:44:30,5000.00,14.00,6.77,14.50,9.62,17.60,14.60
2026-04-12 18:44:30,5000.00,14.00,6.81,14.50,9.72,17.50,14.60
2026-04-12 18:44:31,5000.00,14.00,6.79,14.50,9.66,17.20,14.50
2026-04-12 18:44:31,5000.00,14.00,6.78,14.50,9.57,17.70,14.50
2026-04-12 18:44:31,5000.00,14.00,6.74,14.50,9.54,17.50,14.50
2026-04-12 18:44:32,5000.00,14.00,6.66,14.50,9.20,17.50,14.60
2026-04-12 18:44:32,5000.00,14.00,6.67,14.50,8.93,17.60,14.70
2026-04-12 18:44:32,5000.00,14.10,6.66,14.50,9.22,17.70,14.60
2026-04-12 18:44:33,5000.00,14.00,6.71,14.50,9.49,17.50,14.60
2026-04-12 18:44:33,5000.00,14.00,6.73,14.50,9.51,17.60,14.60
2026-04-12 18:44:33,5000.00,14.00,6.67,14.50,9.11,17.50,14.70
2026-04-12 18:44:34,5000.00,14.10,6.76,14.50,9.32,17.50,14.60
2026-04-12 18:44:34,5000.00,14.10,6.75,14.50,9.58,17.60,14.60
2026-04-12 18:44:35,5000.00,14.00,6.78,14.50,9.55,17.60,14.60
2026-04-12 18:44:35,5000.00,14.00,6.72,14.50,9.54,17.40,14.60
2026-04-12 18:44:35,5000.00,14.00,6.76,14.50,9.69,17.40,14.50
2026-04-12 18:44:36,5000.00,14.00,6.80,14.50,9.53,17.50,14.50
2026-04-12 18:44:36,5000.00,14.00,6.76,14.50,9.65,17.30,14.50
2026-04-12 18:44:36,5000.00,14.00,6.76,14.50,9.52,17.50,14.50
2026-04-12 18:44:37,5000.00,14.00,6.83,14.50,9.54,17.30,14.50
2026-04-12 18:44:37,5000.00,14.00,6.76,14.50,9.58,17.50,14.50
2026-04-12 18:44:37,5000.00,14.00,6.65,14.50,9.19,17.30,14.60
2026-04-12 18:44:38,5000.00,14.10,6.62,14.50,8.93,17.60,14.70
2026-04-12 18:44:38,5000.00,14.20,6.65,14.50,9.25,17.50,14.60
2026-04-12 18:44:38,5000.00,14.00,6.70,14.50,8.77,17.70,14.70
2026-04-12 18:44:39,5000.00,14.20,6.68,14.50,9.03,17.50,14.60
2026-04-12 18:44:39,5000.00,14.10,6.74,14.50,9.36,17.60,14.60
2026-04-12 18:44:39,5000.00,14.00,6.75,14.50,9.52,17.50,14.60
2026-04-12 18:44:40,5000.00,14.00,6.75,14.50,9.49,17.60,14.60
2026-04-12 18:44:40,5000.00,14.00,6.80,14.50,9.68,17.40,14.50
2026-04-12 18:44:41,5000.00,14.00,6.78,14.50,9.52,17.70,14.50
2026-04-12 18:44:41,5000.00,14.00,6.80,14.50,9.63,17.50,14.50
2026-04-12 18:44:41,5000.00,14.00,6.81,14.50,9.27,17.30,14.50
2026-04-12 18:44:42,5000.00,14.00,6.79,14.50,9.78,17.50,14.50
2026-04-12 18:44:42,5000.00,14.00,6.76,14.50,9.50,17.60,14.50
2026-04-12 18:44:42,5000.00,14.00,6.81,14.50,9.61,17.30,14.50
2026-04-12 18:44:43,5000.00,14.00,6.83,14.50,9.62,17.50,14.50
2026-04-12 18:44:43,5000.00,14.00,6.65,14.50,9.30,17.60,14.60
2026-04-12 18:44:43,5000.00,14.10,6.72,14.50,8.96,17.60,14.70
2026-04-12 18:44:44,5000.00,14.10,6.66,14.50,9.05,17.50,14.60
2026-04-12 18:44:44,5000.00,14.10,6.68,14.50,9.44,17.50,14.60
2026-04-12 18:44:44,5000.00,14.00,6.79,14.50,9.40,17.40,14.50
2026-04-12 18:44:45,5000.00,14.00,6.78,14.50,9.49,17.50,14.50
2026-04-12 18:44:45,5000.00,14.00,6.73,14.50,9.62,17.40,14.50
2026-04-12 18:44:45,5000.00,14.00,6.83,14.50,9.50,17.60,14.50
2026-04-12 18:44:46,5000.00,14.00,6.80,14.50,9.64,17.60,14.50
2026-04-12 18:44:46,5000.00,14.00,6.79,14.50,9.67,17.50,14.50
2026-04-12 18:44:47,5000.00,14.00,6.75,14.50,9.64,17.60,14.50
2026-04-12 18:44:47,5000.00,14.00,6.83,14.50,9.75,17.70,14.50
2026-04-12 18:44:47,5000.00,14.00,6.77,14.50,9.75,17.60,14.50
2026-04-12 18:44:48,5000.00,14.00,6.76,14.50,9.76,17.50,14.50
2026-04-12 18:44:48,5000.00,14.00,6.74,14.50,9.05,17.50,14.60
2026-04-12 18:44:48,5000.00,14.10,6.62,14.50,8.99,17.50,14.70
2026-04-12 18:44:49,5000.00,14.10,6.70,14.50,9.30,17.60,14.60
2026-04-12 18:44:49,5000.00,14.00,6.76,14.50,9.60,17.50,14.60
2026-04-12 18:44:49,5000.00,14.00,6.78,14.50,9.41,17.50,14.60
2026-04-12 18:44:50,5000.00,14.10,6.73,14.50,9.42,17.70,14.60
2026-04-12 18:44:50,5000.00,14.00,6.72,14.50,9.68,17.70,14.60
2026-04-12 18:44:50,5000.00,14.00,6.76,14.50,9.58,17.50,14.60
2026-04-12 18:44:51,5000.00,14.00,6.71,14.50,9.34,17.60,14.60
2026-04-12 18:44:51,5000.00,14.10,6.75,14.50,9.50,17.60,14.60
2026-04-12 18:44:52,5000.00,14.00,6.82,14.50,9.54,17.70,14.60
2026-04-12 18:44:52,5000.00,14.00,6.77,14.50,9.58,17.50,14.60
2026-04-12 18:44:52,5000.00,14.00,6.74,14.50,9.53,17.60,14.50
2026-04-12 18:44:53,5000.00,14.00,6.75,14.50,9.70,17.70,14.50
2026-04-12 18:44:53,5000.00,14.00,6.75,14.50,9.45,17.60,14.50
2026-04-12 18:44:53,5000.00,14.00,6.80,14.50,9.53,17.00,14.50
2026-04-12 18:44:54,5000.00,14.00,6.66,14.50,9.23,17.40,14.60
2026-04-12 18:44:54,5000.00,14.10,6.69,14.50,8.93,17.50,14.70
2026-04-12 18:44:54,5000.00,14.20,6.69,14.50,9.26,17.40,14.60
2026-04-12 18:44:55,5000.00,14.00,6.76,14.50,9.48,17.50,14.60
2026-04-12 18:44:55,5000.00,14.00,6.75,14.50,9.48,17.60,14.60
2026-04-12 18:44:55,5000.00,14.00,6.80,14.50,9.53,17.40,14.60
2026-04-12 18:44:56,5000.00,14.00,6.74,14.50,9.67,17.70,14.50
2026-04-12 18:44:56,5000.00,14.00,6.80,14.50,9.70,17.50,14.50
2026-04-12 18:44:56,5000.00,14.00,6.80,14.50,9.42,17.50,14.50
2026-04-12 18:44:57,5000.00,14.00,6.82,14.50,9.57,17.50,14.50
2026-04-12 18:44:57,5000.00,14.00,6.76,14.50,9.65,17.50,14.50
2026-04-12 18:44:58,5000.00,14.00,6.70,14.50,9.21,17.40,14.60
2026-04-12 18:44:58,5000.00,14.10,6.72,14.50,9.30,17.50,14.60
2026-04-12 18:44:58,5000.00,14.00,6.79,14.50,9.53,17.60,14.50
2026-04-12 18:44:59,5000.00,14.00,6.78,14.50,9.65,17.50,14.50
2026-04-12 18:44:59,5000.00,14.00,6.75,14.50,9.61,17.50,14.50
2026-04-12 18:44:59,5000.00,14.00,6.72,14.50,9.09,17.40,14.60
2026-04-12 18:45:00,5000.00,14.10,6.63,14.50,9.06,17.30,14.70
2026-04-12 18:45:00,5000.00,14.10,6.71,14.50,9.11,17.40,14.60
2026-04-12 18:45:00,5000.00,14.00,6.77,14.50,9.14,17.20,14.60
2026-04-12 18:45:01,5000.00,14.00,6.77,14.50,9.35,17.50,14.60
2026-04-12 18:45:01,5000.00,14.00,6.79,14.50,9.43,17.70,14.50
2026-04-12 18:45:01,5000.00,14.00,6.75,14.50,9.60,17.60,14.50
2026-04-12 18:45:02,5000.00,14.00,6.76,14.50,9.70,17.60,14.50
2026-04-12 18:45:02,5000.00,14.00,6.81,14.50,9.65,17.50,14.50
2026-04-12 18:45:02,5000.00,14.00,6.70,14.50,9.58,17.60,14.50
2026-04-12 18:45:03,5000.00,14.00,6.81,14.50,9.68,17.60,14.50
2026-04-12 18:45:03,5000.00,14.00,6.79,14.50,9.47,17.60,14.50
2026-04-12 18:45:03,5000.00,14.00,6.81,14.50,9.30,17.40,14.60
2026-04-12 18:45:04,5000.00,14.00,6.74,14.50,9.51,17.20,14.50
2026-04-12 18:45:04,5000.00,14.00,6.80,14.50,9.51,17.50,14.50
2026-04-12 18:45:05,5000.00,14.00,6.81,14.50,9.44,17.60,14.60
2026-04-12 18:45:05,5000.00,14.10,6.65,14.50,9.03,17.60,14.60
2026-04-12 18:45:05,5000.00,14.10,6.70,14.50,9.44,17.60,14.60
2026-04-12 18:45:06,5000.00,14.00,6.75,14.50,9.52,17.60,14.50
2026-04-12 18:45:06,5000.00,14.00,6.63,14.50,9.08,17.60,14.70
2026-04-12 18:45:06,5000.00,14.10,6.69,14.50,9.33,17.60,14.60
2026-04-12 18:45:07,5000.00,14.00,6.68,14.50,9.62,17.50,14.60
2026-04-12 18:45:07,5000.00,14.00,6.75,14.50,9.53,17.70,14.60
2026-04-12 18:45:07,5000.00,14.00,6.81,14.50,9.59,17.70,14.60
2026-04-12 18:45:08,5000.00,14.10,6.77,14.50,9.54,17.60,14.60
2026-04-12 18:45:08,5000.00,14.00,6.67,14.50,8.89,17.40,14.70
2026-04-12 18:45:08,5000.00,14.10,6.70,14.50,9.19,17.60,14.60
2026-04-12 18:45:09,5000.00,14.00,6.70,14.50,9.45,17.30,14.60
2026-04-12 18:45:09,5000.00,14.00,6.77,14.50,9.60,17.50,14.50
2026-04-12 18:45:10,5000.00,14.00,6.77,14.50,9.11,17.60,14.60
2026-04-12 18:45:10,5000.00,14.10,6.72,14.50,8.97,17.30,14.60
2026-04-12 18:45:10,5000.00,14.10,6.54,14.50,8.89,17.50,14.70
2026-04-12 18:45:11,5000.00,14.20,6.67,14.50,9.20,17.70,14.60
2026-04-12 18:45:11,5000.00,14.00,6.71,14.50,9.38,17.50,14.60
2026-04-12 18:45:11,5000.00,14.00,6.76,14.50,9.67,17.50,14.60
2026-04-12 18:45:12,5000.00,14.00,6.70,14.50,9.55,17.70,14.50
2026-04-12 18:45:12,5000.00,14.00,6.77,14.50,9.47,17.50,14.50
2026-04-12 18:45:12,5000.00,14.00,6.77,14.50,9.43,17.30,14.50
2026-04-12 18:45:13,5000.00,14.00,6.76,14.50,9.59,17.40,14.50
2026-04-12 18:45:13,5000.00,14.00,6.81,14.50,9.78,17.60,14.50
2026-04-12 18:45:13,5000.00,14.00,6.81,14.50,9.41,17.30,14.60
2026-04-12 18:45:14,5000.00,14.00,6.79,14.50,9.49,17.50,14.50
2026-04-12 18:45:14,5000.00,14.00,6.82,14.50,9.72,17.60,14.50
2026-04-12 18:45:14,5000.00,14.00,6.75,14.50,9.55,17.50,14.50
2026-04-12 18:45:15,5000.00,14.00,6.75,14.50,9.65,17.60,14.50
2026-04-12 18:45:15,5000.00,14.00,6.79,14.50,9.66,17.50,14.50
2026-04-12 18:45:16,5000.00,14.00,6.74,14.50,9.10,17.30,14.50
2026-04-12 18:45:16,5000.00,14.00,6.59,14.50,9.13,17.60,14.60
2026-04-12 18:45:16,5000.00,14.10,6.69,14.50,9.33,17.40,14.60
2026-04-12 18:45:17,5000.00,14.00,6.75,14.50,9.48,17.60,14.60
2026-04-12 18:45:17,5000.00,14.00,6.78,14.50,9.57,17.60,14.50
2026-04-12 18:45:17,5000.00,14.00,6.76,14.50,9.72,17.40,14.50
2026-04-12 18:45:18,5000.00,14.00,6.76,14.50,9.66,17.50,14.50
2026-04-12 18:45:18,5000.00,14.00,6.76,14.50,9.61,17.60,14.50
2026-04-12 18:45:18,5000.00,14.00,6.75,14.50,9.64,17.50,14.50
2026-04-12 18:45:19,5000.00,14.00,6.81,14.50,9.60,17.50,14.50
2026-04-12 18:45:19,5000.00,14.00,6.76,14.50,9.64,17.60,14.50
2026-04-12 18:45:19,5000.00,14.00,6.76,14.50,9.79,17.50,14.50
2026-04-12 18:45:20,5000.00,14.00,6.78,14.50,9.57,17.60,14.50
2026-04-12 18:45:20,5000.00,14.00,6.78,14.50,9.58,17.50,14.50
2026-04-12 18:45:20,5000.00,14.00,6.78,14.50,9.40,17.20,14.50
2026-04-12 18:45:21,5000.00,14.00,6.77,14.50,9.79,17.60,14.50
2026-04-12 18:45:21,5000.00,14.00,6.77,14.50,9.58,17.60,14.50
2026-04-12 18:45:22,5000.00,14.00,6.64,14.50,9.16,17.60,14.60
2026-04-12 18:45:22,5000.00,14.10,6.73,14.50,9.34,17.60,14.60
2026-04-12 18:45:22,5000.00,14.00,6.75,14.50,9.50,17.50,14.50
2026-04-12 18:45:23,5000.00,14.00,6.68,14.50,9.56,17.50,14.50
2026-04-12 18:45:23,5000.00,14.00,6.78,14.50,9.53,17.70,14.50
2026-04-12 18:45:23,5000.00,14.00,6.78,14.50,9.76,17.40,14.50
2026-04-12 18:45:24,5000.00,14.00,6.76,14.50,9.65,17.50,14.50
2026-04-12 18:45:24,5000.00,14.00,6.80,14.50,9.88,17.70,14.50
2026-04-12 18:45:24,5000.00,14.00,6.79,14.50,9.76,17.50,14.50
2026-04-12 18:45:25,5000.00,14.00,6.79,14.50,9.82,17.50,14.50
2026-04-12 18:45:25,5000.00,14.00,6.80,14.50,9.40,17.50,14.50
2026-04-12 18:45:25,5000.00,14.00,6.79,14.50,9.51,17.60,14.50
2026-04-12 18:45:26,5000.00,14.00,6.83,14.50,9.64,17.70,14.50
2026-04-12 18:45:26,5000.00,14.00,6.79,14.50,9.81,17.60,14.50
2026-04-12 18:45:26,5000.00,14.00,6.82,14.50,9.66,17.50,14.50
2026-04-12 18:45:27,5000.00,14.00,6.73,14.50,9.15,17.30,14.50
2026-04-12 18:45:27,5000.00,14.00,6.61,14.50,9.10,17.60,14.70
2026-04-12 18:45:28,5000.00,14.10,6.69,14.50,9.13,17.50,14.60
2026-04-12 18:45:28,5000.00,14.00,6.77,14.50,9.46,17.60,14.60
2026-04-12 18:45:28,5000.00,14.00,6.77,14.50,9.60,17.40,14.50
2026-04-12 18:45:29,5000.00,14.00,6.78,14.50,9.46,17.50,14.50
2026-04-12 18:45:29,5000.00,14.00,6.79,14.50,9.76,17.60,14.50
2026-04-12 18:45:29,5000.00,14.00,6.77,14.50,9.66,17.70,14.50
2026-04-12 18:45:30,5000.00,14.00,6.79,14.50,9.75,17.40,14.50
2026-04-12 18:45:30,5000.00,14.00,6.83,14.50,9.44,17.40,14.50
2026-04-12 18:45:30,5000.00,14.00,6.74,14.50,9.69,17.40,14.50
2026-04-12 18:45:31,5000.00,14.00,6.78,14.50,9.70,17.50,14.50
2026-04-12 18:45:31,5000.00,14.00,6.79,14.50,9.61,17.50,14.50
2026-04-12 18:45:31,5000.00,14.00,6.82,14.50,9.68,17.50,14.50
2026-04-12 18:45:32,5000.00,14.00,6.74,14.50,9.80,17.50,14.50
2026-04-12 18:45:32,5000.00,14.00,6.84,14.50,9.49,17.50,14.50
2026-04-12 18:45:32,5000.00,14.00,6.71,14.50,9.14,17.00,14.50
2026-04-12 18:45:33,5000.00,14.00,6.74,14.50,9.45,17.60,14.50
2026-04-12 18:45:33,5000.00,14.00,6.61,14.50,9.11,17.20,14.60
2026-04-12 18:45:34,5000.00,14.00,6.62,14.50,9.04,17.60,14.70
2026-04-12 18:45:34,5000.00,14.10,6.74,14.50,9.28,17.50,14.60
2026-04-12 18:45:34,5000.00,14.00,6.71,14.50,9.27,17.50,14.60
2026-04-12 18:45:35,5000.00,14.00,6.71,14.50,9.48,17.50,14.50
2026-04-12 18:45:35,5000.00,14.00,6.77,14.50,9.70,17.50,14.50
2026-04-12 18:45:35,5000.00,14.00,6.78,14.50,9.65,17.40,14.50
2026-04-12 18:45:36,5000.00,14.00,6.81,14.50,9.64,17.50,14.50
2026-04-12 18:45:36,5000.00,14.00,6.79,14.50,9.55,17.70,14.50
2026-04-12 18:45:36,5000.00,14.00,6.82,14.50,9.66,17.60,14.50
2026-04-12 18:45:37,5000.00,14.00,6.72,14.50,9.25,17.50,14.60
2026-04-12 18:45:37,5000.00,14.10,6.73,14.50,9.44,17.50,14.60
2026-04-12 18:45:37,5000.00,14.00,6.75,14.50,9.53,17.50,14.50
2026-04-12 18:45:38,5000.00,14.00,6.81,14.50,9.63,17.60,14.50
2026-04-12 18:45:38,5000.00,14.00,6.76,14.50,9.48,17.60,14.50
2026-04-12 18:45:38,5000.00,14.00,6.79,14.50,9.44,17.00,14.50
2026-04-12 18:45:39,5000.00,14.00,6.68,14.50,9.24,17.40,14.60
2026-04-12 18:45:39,5000.00,14.10,6.74,14.50,9.40,17.50,14.60
2026-04-12 18:45:40,5000.00,14.00,6.75,14.50,9.25,17.50,14.60
2026-04-12 18:45:40,5000.00,14.10,6.70,14.50,9.29,17.60,14.60
2026-04-12 18:45:40,5000.00,14.00,6.74,14.50,9.51,17.60,14.50
2026-04-12 18:45:41,5000.00,14.00,6.81,14.50,9.68,17.60,14.50
2026-04-12 18:45:41,5000.00,14.00,6.76,14.50,9.64,17.60,14.50
2026-04-12 18:45:41,5000.00,14.00,6.72,14.50,9.64,17.30,14.50
2026-04-12 18:45:42,5000.00,14.00,6.73,14.50,9.16,17.40,14.60
2026-04-12 18:45:42,5000.00,14.10,6.76,14.50,9.35,17.70,14.60
2026-04-12 18:45:42,5000.00,14.00,6.77,14.50,9.35,17.50,14.50
2026-04-12 18:45:43,5000.00,14.00,6.78,14.50,9.55,17.40,14.50
2026-04-12 18:45:43,5000.00,14.00,6.74,14.50,9.06,17.60,14.60
2026-04-12 18:45:43,5000.00,14.10,6.71,14.50,9.29,17.60,14.60
2026-04-12 18:45:44,5000.00,14.00,6.77,14.50,9.19,17.50,14.60
2026-04-12 18:45:44,5000.00,14.10,6.64,14.50,9.25,17.60,14.60
2026-04-12 18:45:44,5000.00,14.00,6.72,14.50,9.47,17.30,14.60
2026-04-12 18:45:45,5000.00,14.00,6.76,14.50,9.49,17.50,14.50
2026-04-12 18:45:45,5000.00,14.00,6.79,14.50,9.49,17.60,14.50
2026-04-12 18:45:46,5000.00,14.00,6.75,14.50,9.57,17.40,14.50
2026-04-12 18:45:46,5000.00,14.00,6.73,14.50,9.64,17.60,14.50
2026-04-12 18:45:46,5000.00,14.00,6.79,14.50,9.05,17.30,14.60
2026-04-12 18:45:47,5000.00,14.10,6.71,14.50,9.32,17.40,14.60
2026-04-12 18:45:47,5000.00,14.00,6.77,14.50,9.71,17.60,14.50
2026-04-12 18:45:47,5000.00,14.00,6.79,14.50,9.47,17.20,14.50
2026-04-12 18:45:48,5000.00,14.00,6.76,14.50,9.65,17.50,14.50
2026-04-12 18:45:48,5000.00,14.00,6.82,14.50,9.66,17.20,14.50
2026-04-12 18:45:48,5000.00,14.00,6.74,14.50,9.44,17.60,14.60
2026-04-12 18:45:49,5000.00,14.10,6.72,14.50,9.59,17.50,14.60
2026-04-12 18:45:49,5000.00,14.00,6.74,14.50,9.31,17.40,14.50
2026-04-12 18:45:49,5000.00,14.00,6.62,14.50,9.09,17.30,14.60
2026-04-12 18:45:50,5000.00,14.10,6.67,14.50,9.34,17.50,14.60
2026-04-12 18:45:50,5000.00,14.00,6.74,14.50,9.53,17.60,14.60
2026-04-12 18:45:50,5000.00,14.00,6.76,14.50,9.59,17.50,14.60
2026-04-12 18:45:51,5000.00,14.00,6.77,14.50,9.58,17.50,14.50
2026-04-12 18:45:51,5000.00,14.00,6.77,14.50,9.67,17.50,14.50
2026-04-12 18:45:52,5000.00,14.00,6.66,14.50,9.19,17.60,14.60
2026-04-12 18:45:52,5000.00,14.10,6.73,14.50,9.40,17.60,14.60
2026-04-12 18:45:52,5000.00,14.00,6.73,14.50,9.01,17.60,14.70
2026-04-12 18:45:53,5000.00,14.10,6.68,14.50,9.18,17.40,14.60
2026-04-12 18:45:53,5000.00,14.00,6.75,14.50,9.38,17.70,14.60
2026-04-12 18:45:53,5000.00,14.00,6.74,14.50,9.64,17.50,14.50
2026-04-12 18:45:54,5000.00,14.00,6.79,14.50,9.56,17.60,14.50
2026-04-12 18:45:54,5000.00,14.00,6.84,14.50,9.61,17.30,14.50
2026-04-12 18:45:54,5000.00,14.00,6.75,14.50,9.64,17.50,14.50
2026-04-12 18:45:55,5000.00,14.00,6.79,14.50,9.63,17.50,14.50
2026-04-12 18:45:55,5000.00,14.00,6.67,14.50,9.00,17.60,14.60
2026-04-12 18:45:55,5000.00,14.10,6.74,14.50,9.35,17.40,14.60
2026-04-12 18:45:56,5000.00,14.00,6.71,14.50,9.38,17.60,14.50
2026-04-12 18:45:56,5000.00,14.00,6.73,14.50,9.39,17.70,14.50
2026-04-12 18:45:57,5000.00,14.00,6.75,14.50,9.69,17.40,14.50
2026-04-12 18:45:57,5000.00,14.00,6.82,14.50,9.67,17.50,14.50
2026-04-12 18:45:57,5000.00,14.00,6.73,14.50,9.36,17.50,14.60
2026-04-12 18:45:58,5000.00,14.00,6.79,14.50,9.51,17.50,14.50
2026-04-12 18:45:58,5000.00,14.00,6.72,14.50,9.57,17.60,14.50
2026-04-12 18:45:58,5000.00,14.00,6.78,14.50,9.14,17.60,14.60
2026-04-12 18:45:59,5000.00,14.10,6.71,14.50,9.36,17.60,14.60
2026-04-12 18:45:59,5000.00,14.00,6.74,14.50,9.39,17.40,14.50
2026-04-12 18:45:59,5000.00,14.00,6.78,14.50,9.44,17.60,14.50
2026-04-12 18:46:00,5000.00,14.00,6.78,14.50,9.63,17.40,14.50
2026-04-12 18:46:00,5000.00,14.00,6.84,14.50,9.42,17.30,14.50
2026-04-12 18:46:00,5000.00,14.00,6.66,14.50,9.15,17.50,14.60
2026-04-12 18:46:01,5000.00,14.10,6.74,14.50,9.38,17.70,14.60
2026-04-12 18:46:01,5000.00,14.00,6.70,14.50,9.50,17.40,14.60
2026-04-12 18:46:01,5000.00,14.00,6.77,14.50,9.52,17.50,14.50
2026-04-12 18:46:02,5000.00,14.00,6.80,14.50,9.51,17.40,14.50
2026-04-12 18:46:02,5000.00,14.00,6.79,14.50,9.63,17.50,14.50
2026-04-12 18:46:03,5000.00,14.00,6.85,14.50,9.77,17.60,14.50
2026-04-12 18:46:03,5000.00,14.00,6.77,14.50,9.87,17.60,14.50
2026-04-12 18:46:03,5000.00,14.00,6.79,14.50,9.65,17.60,14.50
2026-04-12 18:46:04,5000.00,14.00,6.82,14.50,9.72,17.60,14.50
2026-04-12 18:46:04,5000.00,14.00,6.79,14.50,9.68,17.50,14.50
2026-04-12 18:46:04,5000.00,14.00,6.66,14.50,9.17,17.40,14.60
2026-04-12 18:46:05,5000.00,14.10,6.76,14.50,9.32,17.40,14.60
2026-04-12 18:46:05,5000.00,14.00,6.76,14.50,9.04,17.50,14.70
2026-04-12 18:46:05,5000.00,14.10,6.72,14.50,9.22,17.60,14.60
2026-04-12 18:46:06,5000.00,14.10,6.65,14.50,9.12,17.60,14.60
2026-04-12 18:46:06,5000.00,14.00,6.76,14.50,9.37,17.50,14.60
2026-04-12 18:46:06,5000.00,14.00,6.72,14.50,9.53,17.50,14.50
2026-04-12 18:46:07,5000.00,14.00,6.73,14.50,9.45,17.60,14.50
2026-04-12 18:46:07,5000.00,14.00,6.77,14.50,9.70,17.60,14.50
2026-04-12 18:46:07,5000.00,14.00,6.77,14.50,9.60,17.70,14.50
2026-04-12 18:46:08,5000.00,14.00,6.80,14.50,9.83,17.30,14.50
2026-04-12 18:46:08,5000.00,14.00,6.80,14.50,9.58,17.50,14.60
2026-04-12 18:46:09,5000.00,14.10,6.69,14.50,9.61,17.40,14.50
2026-04-12 18:46:09,5000.00,14.00,6.77,14.50,9.56,17.60,14.50
2026-04-12 18:46:09,5000.00,14.00,6.75,14.50,9.74,17.50,14.50
2026-04-12 18:46:10,5000.00,14.00,6.80,14.50,9.61,17.40,14.50
2026-04-12 18:46:10,5000.00,14.00,6.65,14.50,9.10,17.40,14.60
2026-04-12 18:46:10,5000.00,14.10,6.70,14.50,8.99,17.40,14.60
2026-04-12 18:46:11,5000.00,14.00,6.72,14.50,9.37,17.40,14.60
2026-04-12 18:46:11,5000.00,14.00,6.60,14.50,9.07,17.50,14.70
2026-04-12 18:46:11,5000.00,14.10,6.66,14.50,9.22,17.40,14.60
2026-04-12 18:46:12,5000.00,14.00,6.72,14.50,9.27,17.50,14.50
2026-04-12 18:46:12,5000.00,14.00,6.73,14.50,9.58,17.50,14.50
2026-04-12 18:46:12,5000.00,14.00,6.76,14.50,9.50,17.40,14.50
2026-04-12 18:46:13,5000.00,14.00,6.79,14.50,9.55,17.70,14.50
2026-04-12 18:46:13,5000.00,14.00,6.79,14.50,9.69,17.50,14.50
2026-04-12 18:46:13,5000.00,14.00,6.77,14.50,9.47,17.70,14.50
2026-04-12 18:46:14,5000.00,14.00,6.80,14.50,9.64,17.50,14.50
2026-04-12 18:46:14,5000.00,14.00,6.79,14.50,9.48,17.40,14.50
2026-04-12 18:46:15,5000.00,14.00,6.84,14.50,9.76,17.30,14.50
2026-04-12 18:46:15,5000.00,14.00,6.82,14.50,9.81,17.50,14.50
2026-04-12 18:46:15,5000.00,14.00,6.76,14.50,9.73,17.60,14.50
2026-04-12 18:46:16,5000.00,14.00,6.79,14.50,9.67,17.60,14.50
2026-04-12 18:46:16,5000.00,14.00,6.81,14.50,9.77,17.40,14.50
2026-04-12 18:46:16,5000.00,14.00,6.70,14.50,9.38,17.50,14.60
2026-04-12 18:46:17,5000.00,14.00,6.74,14.50,9.58,17.40,14.50
2026-04-12 18:46:17,5000.00,14.00,6.77,14.50,9.56,17.40,14.50
2026-04-12 18:46:17,5000.00,14.00,6.80,14.50,9.36,17.50,14.60
2026-04-12 18:46:18,5000.00,14.10,6.74,14.50,9.36,17.50,14.60
2026-04-12 18:46:18,5000.00,14.00,6.69,14.50,9.09,17.50,14.70
2026-04-12 18:46:18,5000.00,14.10,6.69,14.50,9.24,17.40,14.60
2026-04-12 18:46:19,5000.00,14.00,6.77,14.50,9.37,17.60,14.60
2026-04-12 18:46:19,5000.00,14.00,6.77,14.50,9.51,17.50,14.50
2026-04-12 18:46:19,5000.00,14.00,6.72,14.50,9.16,17.50,14.60
2026-04-12 18:46:20,5000.00,14.10,6.58,14.50,8.82,17.40,14.70
2026-04-12 18:46:20,5000.00,14.10,6.68,14.50,9.08,17.40,14.60
2026-04-12 18:46:21,5000.00,14.00,6.71,14.50,9.34,17.40,14.60
2026-04-12 18:46:21,5000.00,14.00,6.69,14.50,9.08,17.40,14.70
2026-04-12 18:46:21,5000.00,14.10,6.67,14.50,8.93,17.40,14.60
2026-04-12 18:46:22,5000.00,14.10,6.60,14.50,8.82,17.30,14.70
2026-04-12 18:46:22,5000.00,14.20,6.65,14.50,8.81,17.40,14.70
2026-04-12 18:46:22,5000.00,14.20,6.62,14.50,9.05,17.50,14.60
2026-04-12 18:46:23,5000.00,14.10,6.73,14.50,9.27,17.50,14.60
2026-04-12 18:46:23,5000.00,14.00,6.66,14.50,9.48,17.40,14.60
2026-04-12 18:46:23,5000.00,14.00,6.75,14.50,9.09,17.40,14.70
2026-04-12 18:46:24,5000.00,14.10,6.70,14.50,8.92,17.50,14.70
2026-04-12 18:46:24,5000.00,14.10,6.70,14.50,9.21,17.40,14.60
2026-04-12 18:46:24,5000.00,14.00,6.66,14.50,9.24,17.40,14.60
2026-04-12 18:46:25,5000.00,14.00,6.66,14.50,9.02,17.50,14.70
2026-04-12 18:46:25,5000.00,14.10,6.64,14.50,9.14,17.40,14.60
2026-04-12 18:46:26,5000.00,14.00,6.74,14.50,9.42,17.40,14.60
2026-04-12 18:46:26,5000.00,14.00,6.73,14.50,9.34,17.40,14.60
2026-04-12 18:46:26,5000.00,14.00,6.74,14.50,9.60,17.60,14.50
2026-04-12 18:46:27,5000.00,14.00,6.76,14.50,9.54,17.60,14.50
2026-04-12 18:46:27,5000.00,14.00,6.74,14.50,8.90,17.30,14.60
2026-04-12 18:46:27,5000.00,14.00,6.64,14.50,8.84,17.40,14.70
2026-04-12 18:46:28,5000.00,14.10,6.67,14.50,9.31,17.40,14.60
2026-04-12 18:46:28,5000.00,14.00,6.73,14.50,9.20,17.60,14.60
2026-04-12 18:46:28,5000.00,14.00,6.81,14.50,9.59,17.50,14.60
2026-04-12 18:46:29,5000.00,14.00,6.75,14.50,9.66,17.60,14.50
2026-04-12 18:46:29,5000.00,14.00,6.77,14.50,9.53,17.40,14.50
2026-04-12 18:46:29,5000.00,14.00,6.77,14.50,9.09,17.60,14.60
2026-04-12 18:46:30,5000.00,14.10,6.76,14.50,9.37,17.30,14.60
2026-04-12 18:46:30,5000.00,14.00,6.75,14.50,9.36,17.50,14.60
2026-04-12 18:46:31,5000.00,14.00,6.74,14.50,9.46,17.40,14.50
2026-04-12 18:46:31,5000.00,14.00,6.77,14.50,9.51,17.60,14.50
2026-04-12 18:46:31,5000.00,14.00,6.80,14.50,9.63,17.20,14.50
2026-04-12 18:46:32,5000.00,14.00,6.80,14.50,9.55,17.60,14.50
2026-04-12 18:46:32,5000.00,14.00,6.85,14.50,9.68,17.40,14.50
2026-04-12 18:46:32,5000.00,14.00,6.76,14.50,9.32,17.50,14.50
2026-04-12 18:46:33,5000.00,14.00,6.80,14.50,9.63,17.50,14.50
2026-04-12 18:46:33,5000.00,14.00,6.77,14.50,9.62,17.60,14.50
2026-04-12 18:46:33,5000.00,14.00,6.81,14.50,9.59,17.60,14.50
2026-04-12 18:46:34,5000.00,14.00,6.78,14.50,9.68,17.40,14.50
2026-04-12 18:46:34,5000.00,14.00,6.82,14.50,9.75,17.60,14.50
2026-04-12 18:46:34,5000.00,14.00,6.68,14.50,9.18,17.50,14.60
2026-04-12 18:46:35,5000.00,14.10,6.73,14.50,9.38,17.60,14.60
2026-04-12 18:46:35,5000.00,14.00,6.73,14.50,9.50,17.40,14.50
2026-04-12 18:46:35,5000.00,14.00,6.75,14.50,9.56,17.40,14.50
2026-04-12 18:46:36,5000.00,14.00,6.79,14.50,9.70,17.70,14.50
2026-04-12 18:46:36,5000.00,14.00,6.76,14.50,9.68,17.50,14.50
2026-04-12 18:46:36,5000.00,14.00,6.80,14.50,9.67,17.60,14.50
2026-04-12 18:46:37,5000.00,14.00,6.76,14.50,9.65,17.50,14.50
2026-04-12 18:46:37,5000.00,14.00,6.81,14.50,9.87,17.40,14.50
2026-04-12 18:46:38,5000.00,14.00,6.74,14.50,9.48,17.40,14.50
2026-04-12 18:46:38,5000.00,14.00,6.69,14.50,9.22,17.10,14.50
2026-04-12 18:46:38,5000.00,14.00,6.67,14.50,8.95,17.50,14.70
2026-04-12 18:46:39,5000.00,14.10,6.67,14.50,9.26,17.50,14.60
2026-04-12 18:46:39,5000.00,14.00,6.74,14.50,9.27,17.40,14.50
2026-04-12 18:46:39,5000.00,14.00,6.75,14.50,9.53,17.40,14.50
2026-04-12 18:46:40,5000.00,14.00,6.74,14.50,9.63,17.30,14.50
2026-04-12 18:46:40,5000.00,14.00,6.79,14.50,9.20,17.40,14.60
2026-04-12 18:46:40,5000.00,14.10,6.68,14.50,9.33,17.40,14.60
2026-04-12 18:46:41,5000.00,14.00,6.75,14.50,9.63,17.50,14.50
2026-04-12 18:46:41,5000.00,14.00,6.74,14.50,9.58,17.50,14.50
2026-04-12 18:46:41,5000.00,14.00,6.81,14.50,9.23,17.30,14.60
2026-04-12 18:46:42,5000.00,14.10,6.72,14.50,9.09,17.20,14.60
2026-04-12 18:46:42,5000.00,14.00,6.78,14.50,9.48,17.60,14.50
2026-04-12 18:46:43,5000.00,14.00,6.74,14.50,9.17,17.50,14.70
2026-04-12 18:46:43,5000.00,14.10,6.71,14.50,9.10,17.40,14.60
2026-04-12 18:46:43,5000.00,14.00,6.76,14.50,9.31,17.50,14.50
2026-04-12 18:46:44,5000.00,14.00,6.77,14.50,9.34,17.20,14.50
2026-04-12 18:46:44,5000.00,14.00,6.65,14.50,9.00,17.40,14.60
2026-04-12 18:46:44,5000.00,14.10,6.69,14.50,9.19,17.30,14.60
2026-04-12 18:46:45,5000.00,14.00,6.72,14.50,9.31,17.50,14.60
2026-04-12 18:46:45,5000.00,14.00,6.81,14.50,9.64,17.40,14.50
2026-04-12 18:46:45,5000.00,14.00,6.75,14.50,9.59,17.60,14.50
2026-04-12 18:46:46,5000.00,14.00,6.79,14.50,9.78,17.50,14.50
2026-04-12 18:46:46,5000.00,14.00,6.72,14.50,9.65,17.40,14.50
2026-04-12 18:46:46,5000.00,14.00,6.81,14.50,9.75,17.40,14.50
2026-04-12 18:46:47,5000.00,14.00,6.80,14.50,9.55,17.60,14.50
2026-04-12 18:46:47,5000.00,14.00,6.73,14.50,9.76,17.40,14.50
2026-04-12 18:46:47,5000.00,14.00,6.82,14.50,9.60,17.60,14.50
2026-04-12 18:46:48,5000.00,14.00,6.76,14.50,9.69,17.30,14.50
2026-04-12 18:46:48,5000.00,14.00,6.79,14.50,9.68,17.40,14.50
2026-04-12 18:46:48,5000.00,14.00,6.79,14.50,9.56,17.60,14.50
2026-04-12 18:46:49,5000.00,14.00,6.76,14.50,9.43,17.10,14.50
2026-04-12 18:46:49,5000.00,14.00,6.62,14.40,9.27,17.40,14.60
2026-04-12 18:46:50,5000.00,14.10,6.68,14.50,9.51,17.40,14.50
2026-04-12 18:46:50,5000.00,14.00,6.82,14.50,9.64,17.50,14.50
2026-04-12 18:46:50,5000.00,14.00,6.80,14.50,9.72,17.50,14.50
2026-04-12 18:46:51,5000.00,14.00,6.79,14.50,9.60,17.60,14.50
2026-04-12 18:46:51,5000.00,14.00,6.71,14.50,9.21,17.40,14.60
2026-04-12 18:46:51,5000.00,14.10,6.76,14.50,9.30,17.50,14.60
2026-04-12 18:46:52,5000.00,14.00,6.76,14.50,9.56,17.30,14.50
2026-04-12 18:46:52,5000.00,14.00,6.79,14.50,9.66,17.40,14.50
2026-04-12 18:46:52,5000.00,14.00,6.75,14.50,9.76,17.40,14.50
2026-04-12 18:46:53,5000.00,14.00,6.79,14.50,9.65,17.50,14.50
2026-04-12 18:46:53,5000.00,14.00,6.80,14.50,9.67,17.60,14.50
2026-04-12 18:46:53,5000.00,14.00,6.76,14.50,9.76,17.60,14.50
2026-04-12 18:46:54,5000.00,14.00,6.74,14.50,9.61,17.50,14.50
2026-04-12 18:46:54,5000.00,14.00,6.81,14.50,9.68,17.40,14.50
2026-04-12 18:46:54,5000.00,14.00,6.62,14.50,9.26,17.50,14.60
2026-04-12 18:46:55,5000.00,14.10,6.70,14.50,9.37,17.40,14.60
2026-04-12 18:46:55,5000.00,14.00,6.72,14.50,9.43,17.50,14.50
2026-04-12 18:46:56,5000.00,14.00,6.75,14.50,9.54,17.50,14.50
2026-04-12 18:46:56,5000.00,14.00,6.75,14.50,9.53,17.50,14.50
2026-04-12 18:46:56,5000.00,14.00,6.78,14.50,9.54,17.40,14.50
2026-04-12 18:46:57,5000.00,14.00,6.79,14.50,9.64,17.40,14.50
2026-04-12 18:46:57,5000.00,14.00,6.81,14.50,9.75,17.50,14.50
2026-04-12 18:46:57,5000.00,14.00,6.73,14.50,9.69,17.50,14.50
2026-04-12 18:46:58,5000.00,14.00,6.84,14.50,9.69,17.60,14.50
2026-04-12 18:46:58,5000.00,14.00,6.82,14.50,9.63,17.50,14.50
2026-04-12 18:46:58,5000.00,14.00,6.74,14.50,9.85,17.10,14.50
2026-04-12 18:46:59,5000.00,14.00,6.79,14.50,9.82,17.50,14.50
2026-04-12 18:46:59,5000.00,14.00,6.79,14.50,9.75,17.40,14.50
2026-04-12 18:46:59,5000.00,14.00,6.83,14.50,9.55,17.00,14.50
2026-04-12 18:47:00,5000.00,14.00,6.76,14.50,9.53,17.20,14.50
2026-04-12 18:47:00,5000.00,14.00,6.64,14.50,9.31,17.60,14.60
2026-04-12 18:47:00,5000.00,14.10,6.66,14.50,9.10,17.60,14.60
2026-04-12 18:47:01,5000.00,14.00,6.73,14.50,9.48,17.50,14.50
2026-04-12 18:47:01,5000.00,14.00,6.75,14.50,9.62,17.40,14.50
2026-04-12 18:47:02,5000.00,14.00,6.74,14.50,9.09,17.50,14.60
2026-04-12 18:47:02,5000.00,14.10,6.70,14.50,9.33,17.30,14.60
2026-04-12 18:47:02,5000.00,14.00,6.77,14.50,9.48,17.60,14.50
2026-04-12 18:47:03,5000.00,14.00,6.76,14.50,9.15,17.50,14.60
2026-04-12 18:47:03,5000.00,14.10,6.69,14.50,9.18,17.50,14.60
2026-04-12 18:47:03,5000.00,14.00,6.74,14.50,9.56,17.40,14.50
2026-04-12 18:47:04,5000.00,14.00,6.73,14.50,9.59,17.70,14.50
2026-04-12 18:47:04,5000.00,14.00,6.78,14.50,9.67,17.40,14.50
2026-04-12 18:47:04,5000.00,14.00,6.78,14.50,9.49,17.20,14.50
2026-04-12 18:47:05,5000.00,14.00,6.78,14.50,9.55,17.50,14.50
2026-04-12 18:47:05,5000.00,14.00,6.80,14.50,9.43,17.30,14.50
2026-04-12 18:47:05,5000.00,14.00,6.74,14.50,8.85,17.40,14.60
2026-04-12 18:47:06,5000.00,14.10,6.70,14.50,8.87,17.40,14.60
2026-04-12 18:47:06,5000.00,14.10,6.62,14.50,8.82,17.50,14.70
2026-04-12 18:47:07,5000.00,14.20,6.53,14.50,8.59,17.50,14.70
2026-04-12 18:47:07,5000.00,14.20,6.61,14.50,9.02,17.60,14.60
2026-04-12 18:47:07,5000.00,14.00,6.64,14.50,9.34,17.40,14.60
2026-04-12 18:47:08,5000.00,14.00,6.65,14.50,9.00,17.60,14.70
2026-04-12 18:47:08,5000.00,14.10,6.63,14.50,9.25,17.50,14.60
2026-04-12 18:47:08,5000.00,14.00,6.71,14.50,9.42,17.40,14.60
2026-04-12 18:47:09,5000.00,14.00,6.68,14.50,9.48,17.40,14.50
2026-04-12 18:47:09,5000.00,14.00,6.76,14.50,9.50,17.50,14.50
2026-04-12 18:47:09,5000.00,14.00,6.75,14.50,9.53,17.50,14.50
2026-04-12 18:47:10,5000.00,14.00,6.76,14.50,9.60,17.20,14.50
2026-04-12 18:47:10,5000.00,14.00,6.82,14.50,9.49,17.50,14.50
2026-04-12 18:47:10,5000.00,14.00,6.76,14.50,9.71,17.50,14.50
2026-04-12 18:47:11,5000.00,14.00,6.80,14.50,9.80,17.60,14.50
2026-04-12 18:47:11,5000.00,14.00,6.75,14.50,8.90,17.20,14.60
2026-04-12 18:47:11,5000.00,14.10,6.58,14.50,8.87,17.50,14.70
2026-04-12 18:47:12,5000.00,14.10,6.66,14.50,9.28,17.40,14.60
2026-04-12 18:47:12,5000.00,14.00,6.73,14.50,9.41,17.40,14.60
2026-04-12 18:47:13,5000.00,14.00,6.74,14.50,9.41,17.40,14.50
2026-04-12 18:47:13,5000.00,14.00,6.76,14.50,9.53,17.50,14.50
2026-04-12 18:47:13,5000.00,14.00,6.80,14.50,9.48,17.50,14.50
2026-04-12 18:47:14,5000.00,14.00,6.80,14.50,9.15,17.50,14.60
2026-04-12 18:47:14,5000.00,14.10,6.71,14.50,9.12,17.40,14.60
2026-04-12 18:47:14,5000.00,14.00,6.75,14.50,9.56,17.40,14.50
2026-04-12 18:47:15,5000.00,14.00,6.78,14.50,9.14,17.40,14.60
2026-04-12 18:47:15,5000.00,14.10,6.68,14.50,9.26,17.50,14.60
2026-04-12 18:47:15,5000.00,14.00,6.77,14.50,9.40,17.40,14.60
2026-04-12 18:47:16,5000.00,14.00,6.76,14.50,9.71,17.60,14.50
2026-04-12 18:47:16,5000.00,14.00,6.83,14.50,9.56,17.60,14.50
2026-04-12 18:47:16,5000.00,14.00,6.75,14.50,9.28,17.40,14.50
2026-04-12 18:47:17,5000.00,14.00,6.69,14.50,9.03,17.50,14.60
2026-04-12 18:47:17,5000.00,14.10,6.70,14.50,9.33,17.40,14.60
2026-04-12 18:47:18,5000.00,14.00,6.70,14.50,9.27,17.50,14.60
2026-04-12 18:47:18,5000.00,14.00,6.78,14.50,9.62,17.60,14.50
2026-04-12 18:47:18,5000.00,14.00,6.77,14.50,9.59,17.80,14.50
2026-04-12 18:47:19,5000.00,14.00,6.79,14.50,9.67,17.40,14.50
2026-04-12 18:47:19,5000.00,14.00,6.75,14.50,9.59,17.20,14.50
2026-04-12 18:47:19,5000.00,14.00,6.78,14.50,9.77,17.60,14.50
2026-04-12 18:47:20,5000.00,14.00,6.80,14.50,9.18,17.50,14.60
2026-04-12 18:47:20,5000.00,14.10,6.74,14.50,9.21,17.50,14.60
2026-04-12 18:47:20,5000.00,14.00,6.74,14.50,9.53,17.60,14.50
2026-04-12 18:47:21,5000.00,14.00,6.77,14.50,9.55,17.50,14.50
2026-04-12 18:47:21,5000.00,14.00,6.73,14.50,9.54,17.60,14.50
2026-04-12 18:47:21,5000.00,14.00,6.84,14.50,9.68,17.40,14.50
2026-04-12 18:47:22,5000.00,14.00,6.75,14.50,9.52,17.30,14.50
2026-04-12 18:47:22,5000.00,14.00,6.69,14.50,9.07,17.50,14.60
2026-04-12 18:47:22,5000.00,14.10,6.68,14.50,8.97,17.60,14.60
2026-04-12 18:47:23,5000.00,14.10,6.68,14.50,9.23,17.50,14.60
2026-04-12 18:47:23,5000.00,14.00,6.71,14.50,8.92,17.30,14.70
2026-04-12 18:47:24,5000.00,14.10,6.67,14.50,9.04,17.50,14.60
2026-04-12 18:47:24,5000.00,14.00,6.68,14.50,9.39,17.50,14.50
2026-04-12 18:47:24,5000.00,14.00,6.76,14.50,9.45,17.50,14.50
2026-04-12 18:47:25,5000.00,14.00,6.82,14.50,9.62,17.50,14.50
2026-04-12 18:47:25,5000.00,14.00,6.75,14.50,9.59,17.50,14.50
2026-04-12 18:47:25,5000.00,14.00,6.75,14.50,9.71,17.30,14.50
2026-04-12 18:47:26,5000.00,14.00,6.79,14.50,9.14,17.40,14.60
2026-04-12 18:47:26,5000.00,14.10,6.73,14.50,9.11,17.20,14.60
2026-04-12 18:47:26,5000.00,14.00,6.77,14.50,9.48,17.40,14.50
2026-04-12 18:47:27,5000.00,14.00,6.70,14.50,9.06,17.50,14.60
2026-04-12 18:47:27,5000.00,14.10,6.69,14.50,8.99,17.40,14.50
2026-04-12 18:47:27,5000.00,14.00,6.54,14.50,8.93,17.50,14.60
2026-04-12 18:47:28,5000.00,14.10,6.67,14.50,9.30,17.40,14.60
2026-04-12 18:47:28,5000.00,14.00,6.66,14.50,8.99,17.50,14.70
2026-04-12 18:47:29,5000.00,14.10,6.67,14.50,9.23,17.50,14.60
2026-04-12 18:47:29,5000.00,14.00,6.71,14.50,9.44,17.60,14.50
2026-04-12 18:47:29,5000.00,14.00,6.76,14.50,9.36,17.60,14.50
2026-04-12 18:47:30,5000.00,14.00,6.73,14.50,9.64,17.40,14.50
2026-04-12 18:47:30,5000.00,14.00,6.73,14.50,9.67,17.50,14.50
2026-04-12 18:47:30,5000.00,14.00,6.72,14.50,9.62,17.50,14.50
2026-04-12 18:47:31,5000.00,14.00,6.82,14.50,9.74,17.60,14.50
2026-04-12 18:47:31,5000.00,14.00,6.78,14.50,9.65,17.40,14.50
2026-04-12 18:47:31,5000.00,14.00,6.75,14.50,9.57,17.10,14.50
2026-04-12 18:47:32,5000.00,14.00,6.84,14.50,9.67,17.50,14.50
2026-04-12 18:47:32,5000.00,14.00,6.81,14.50,9.79,17.60,14.50
2026-04-12 18:47:32,5000.00,14.00,6.81,14.50,9.41,17.50,14.60
2026-04-12 18:47:33,5000.00,14.00,6.64,14.50,8.90,17.30,14.60
2026-04-12 18:47:33,5000.00,14.00,6.60,14.50,8.94,17.40,14.70
2026-04-12 18:47:33,5000.00,14.10,6.67,14.40,9.30,17.50,14.60
2026-04-12 18:47:34,5000.00,14.00,6.71,14.40,9.37,17.60,14.50
2026-04-12 18:47:34,5000.00,14.00,6.77,14.40,9.55,17.40,14.50
2026-04-12 18:47:34,5000.00,14.00,6.76,14.50,9.56,17.30,14.50
2026-04-12 18:47:35,5000.00,14.00,6.82,14.50,9.60,17.40,14.50
2026-04-12 18:47:35,5000.00,14.00,6.81,14.40,9.61,17.30,14.50
2026-04-12 18:47:36,5000.00,14.00,6.76,14.50,9.54,17.50,14.50
2026-04-12 18:47:36,5000.00,14.00,6.79,14.50,9.64,17.50,14.50
2026-04-12 18:47:36,5000.00,14.00,6.82,14.40,9.16,17.30,14.60
2026-04-12 18:47:37,5000.00,14.10,6.73,14.40,9.39,17.40,14.50
2026-04-12 18:47:37,5000.00,14.00,6.73,14.40,9.43,17.40,14.50
2026-04-12 18:47:37,5000.00,14.00,6.77,14.40,9.55,17.50,14.50
2026-04-12 18:47:38,5000.00,14.00,6.79,14.40,9.51,17.50,14.50
2026-04-12 18:47:38,5000.00,14.00,6.78,14.50,9.46,17.30,14.50
2026-04-12 18:47:38,5000.00,14.00,6.69,14.40,9.12,17.30,14.60
2026-04-12 18:47:39,5000.00,14.10,6.67,14.50,8.85,17.30,14.60
2026-04-12 18:47:39,5000.00,14.10,6.56,14.50,8.69,17.50,14.70
2026-04-12 18:47:39,5000.00,14.10,6.57,14.50,8.70,17.50,14.70
2026-04-12 18:47:40,5000.00,14.20,6.63,14.50,9.09,17.60,14.60
2026-04-12 18:47:40,5000.00,14.00,6.64,14.40,8.96,17.40,14.70
2026-04-12 18:47:41,5000.00,14.10,6.64,14.40,9.02,17.40,14.60
2026-04-12 18:47:41,5000.00,14.00,6.74,14.40,9.21,17.50,14.60
2026-04-12 18:47:41,5000.00,14.00,6.71,14.40,9.39,17.50,14.50
2026-04-12 18:47:42,5000.00,14.00,6.69,14.40,9.44,17.50,14.50
2026-04-12 18:47:42,5000.00,14.00,6.73,14.40,9.59,17.60,14.50
2026-04-12 18:47:42,5000.00,14.00,6.74,14.40,9.47,17.30,14.50
2026-04-12 18:47:43,5000.00,14.00,6.77,14.50,9.33,17.40,14.50
2026-04-12 18:47:43,5000.00,14.00,6.80,14.40,9.60,17.40,14.50
2026-04-12 18:47:43,5000.00,14.00,6.77,14.40,9.63,17.40,14.50
2026-04-12 18:47:44,5000.00,14.00,6.82,14.50,9.74,17.50,14.50
2026-04-12 18:47:44,5000.00,14.00,6.76,14.40,9.71,17.00,14.50
2026-04-12 18:47:44,5000.00,14.00,6.75,14.40,9.05,17.40,14.60
2026-04-12 18:47:45,5000.00,14.10,6.61,14.40,8.91,17.40,14.60
2026-04-12 18:47:45,5000.00,14.10,6.54,14.50,8.75,17.50,14.70
2026-04-12 18:47:46,5000.00,14.20,6.67,14.40,9.11,17.50,14.60
2026-04-12 18:47:46,5000.00,14.00,6.70,14.40,9.40,17.50,14.60
2026-04-12 18:47:46,5000.00,14.00,6.75,14.40,9.25,17.50,14.50
2026-04-12 18:47:47,5000.00,14.00,6.75,14.40,9.43,17.50,14.50
2026-04-12 18:47:47,5000.00,14.00,6.78,14.50,9.44,17.30,14.50
2026-04-12 18:47:47,5000.00,14.00,6.77,14.40,9.38,17.40,14.50
2026-04-12 18:47:48,5000.00,14.00,6.81,14.40,9.54,17.50,14.50
2026-04-12 18:47:48,5000.00,14.00,6.77,14.40,9.59,17.60,14.50
2026-04-12 18:47:48,5000.00,14.00,6.78,14.40,9.09,17.30,14.60
2026-04-12 18:47:49,5000.00,14.10,6.73,14.40,9.33,17.50,14.50
2026-04-12 18:47:49,5000.00,14.00,6.76,14.40,9.50,17.60,14.50
2026-04-12 18:47:49,5000.00,14.00,6.78,14.40,9.39,17.50,14.50
2026-04-12 18:47:50,5000.00,14.00,6.79,14.40,9.67,17.40,14.50
2026-04-12 18:47:50,5000.00,14.00,6.76,14.40,9.44,17.20,14.50
2026-04-12 18:47:50,5000.00,14.00,6.72,14.40,9.08,17.50,14.60
2026-04-12 18:47:51,5000.00,14.10,6.59,14.40,8.89,17.40,14.60
2026-04-12 18:47:51,5000.00,14.10,6.70,14.40,9.17,17.50,14.60
2026-04-12 18:47:52,5000.00,14.00,6.74,14.40,9.37,17.60,14.50
2026-04-12 18:47:52,5000.00,14.00,6.70,14.40,9.56,17.60,14.50
2026-04-12 18:47:52,5000.00,14.00,6.81,14.40,9.45,17.60,14.50
2026-04-12 18:47:53,5000.00,14.00,6.74,14.40,9.53,17.30,14.50
2026-04-12 18:47:53,5000.00,14.00,6.79,14.40,9.39,17.50,14.50
2026-04-12 18:47:53,5000.00,14.00,6.79,14.40,9.66,17.50,14.50
2026-04-12 18:47:54,5000.00,14.00,6.83,14.40,9.64,17.30,14.50
2026-04-12 18:47:54,5000.00,14.00,6.80,14.40,9.64,17.40,14.50
2026-04-12 18:47:54,5000.00,13.90,6.73,14.40,9.75,17.50,14.50
2026-04-12 18:47:55,5000.00,14.00,6.78,14.40,9.65,17.50,14.50
2026-04-12 18:47:55,5000.00,14.00,6.75,14.40,9.76,17.50,14.50
2026-04-12 18:47:55,5000.00,14.00,6.79,14.40,9.71,17.60,14.50
2026-04-12 18:47:56,5000.00,14.00,6.82,14.50,9.72,17.50,14.50
2026-04-12 18:47:56,5000.00,14.00,6.72,14.40,9.10,17.50,14.60
2026-04-12 18:47:56,5000.00,14.10,6.67,14.40,8.91,17.30,14.70
2026-04-12 18:47:57,5000.00,14.10,6.65,14.50,8.79,17.50,14.70
2026-04-12 18:47:57,5000.00,14.10,6.63,14.40,8.99,17.10,14.60
2026-04-12 18:47:58,5000.00,14.00,6.73,14.40,9.21,17.60,14.50
2026-04-12 18:47:58,5000.00,14.00,6.73,14.40,9.48,17.40,14.50
2026-04-12 18:47:58,5000.00,14.00,6.74,14.40,9.33,17.40,14.50
2026-04-12 18:47:59,5000.00,14.00,6.73,14.40,9.52,17.50,14.50
2026-04-12 18:47:59,5000.00,14.00,6.77,14.40,9.67,17.40,14.50
2026-04-12 18:47:59,5000.00,14.00,6.80,14.40,9.60,17.40,14.50
2026-04-12 18:48:00,5000.00,14.00,6.76,14.40,9.51,17.30,14.50
2026-04-12 18:48:00,5000.00,14.00,6.80,14.40,9.65,17.60,14.50
2026-04-12 18:48:00,5000.00,14.00,6.79,14.40,9.24,17.30,14.60
2026-04-12 18:48:01,5000.00,14.10,6.74,14.40,9.13,17.20,14.50
2026-04-12 18:48:01,5000.00,14.00,6.78,14.40,9.44,17.50,14.50
2026-04-12 18:48:01,5000.00,14.00,6.73,14.40,8.97,17.30,14.60
2026-04-12 18:48:02,5000.00,14.10,6.58,14.40,8.81,17.40,14.60
2026-04-12 18:48:02,5000.00,14.10,6.65,14.40,9.09,17.40,14.60
2026-04-12 18:48:02,5000.00,14.00,6.68,14.40,9.28,17.60,14.50
2026-04-12 18:48:03,5000.00,14.00,6.66,14.40,8.99,17.50,14.60
2026-04-12 18:48:03,5000.00,14.10,6.66,14.40,9.18,17.60,14.60
2026-04-12 18:48:04,5000.00,14.00,6.72,14.40,9.44,17.70,14.50
2026-04-12 18:48:04,5000.00,14.00,6.72,14.40,8.91,17.60,14.60
2026-04-12 18:48:04,5000.00,14.10,6.64,14.40,9.13,17.50,14.50
2026-04-12 18:48:05,5000.00,14.00,6.77,14.40,9.36,17.50,14.50
2026-04-12 18:48:05,5000.00,14.00,6.73,14.40,9.49,17.30,14.50
2026-04-12 18:48:05,5000.00,14.00,6.76,14.40,9.43,17.40,14.50
2026-04-12 18:48:06,5000.00,14.00,6.81,14.40,9.58,17.50,14.50
2026-04-12 18:48:06,5000.00,14.00,6.76,14.40,9.62,17.60,14.50
2026-04-12 18:48:06,5000.00,14.00,6.80,14.40,9.10,17.20,14.60
2026-04-12 18:48:07,5000.00,14.10,6.72,14.40,9.13,17.40,14.50
2026-04-12 18:48:07,5000.00,14.00,6.57,14.40,8.99,17.50,14.60
2026-04-12 18:48:07,5000.00,14.10,6.71,14.40,9.05,17.50,14.60
2026-04-12 18:48:08,5000.00,14.00,6.71,14.40,9.21,17.40,14.50
2026-04-12 18:48:08,5000.00,14.00,6.72,14.40,9.45,17.40,14.50
2026-04-12 18:48:08,5000.00,14.00,6.78,14.40,9.50,17.50,14.50
2026-04-12 18:48:09,5000.00,14.00,6.74,14.40,9.52,17.40,14.50
2026-04-12 18:48:09,5000.00,14.00,6.81,14.40,9.65,17.50,14.50
2026-04-12 18:48:10,5000.00,14.00,6.75,14.40,9.71,17.50,14.50
2026-04-12 18:48:10,5000.00,14.00,6.73,14.40,9.20,17.40,14.60
2026-04-12 18:48:10,5000.00,14.10,6.73,14.40,9.11,17.30,14.50
2026-04-12 18:48:11,5000.00,14.00,6.76,14.40,9.54,17.50,14.50
2026-04-12 18:48:11,5000.00,14.00,6.76,14.40,9.65,17.40,14.50
2026-04-12 18:48:11,5000.00,14.00,6.76,14.40,9.66,17.60,14.50
2026-04-12 18:48:12,5000.00,14.00,6.79,14.40,9.80,17.50,14.50
2026-04-12 18:48:12,5000.00,14.00,6.75,14.40,9.47,17.40,14.50
2026-04-12 18:48:12,5000.00,14.00,6.71,14.40,9.04,17.30,14.50
2026-04-12 18:48:13,5000.00,14.00,6.58,14.40,9.04,17.60,14.60
2026-04-12 18:48:13,5000.00,14.10,6.66,14.40,9.23,17.50,14.50
2026-04-12 18:48:13,5000.00,14.00,6.71,14.40,9.43,17.50,14.50
2026-04-12 18:48:14,5000.00,14.00,6.76,14.40,9.51,17.40,14.50
2026-04-12 18:48:14,5000.00,14.00,6.75,14.40,9.45,17.50,14.50
2026-04-12 18:48:14,5000.00,14.00,6.72,14.40,9.62,17.40,14.50
2026-04-12 18:48:15,5000.00,14.00,6.78,14.40,9.41,17.40,14.50
2026-04-12 18:48:15,5000.00,14.00,6.83,14.40,9.74,17.60,14.50
2026-04-12 18:48:15,5000.00,14.00,6.75,14.40,9.72,17.40,14.50
2026-04-12 18:48:16,5000.00,13.90,6.81,14.40,9.59,17.30,14.50
2026-04-12 18:48:16,5000.00,13.90,6.81,14.40,9.59,17.50,14.50
2026-04-12 18:48:17,5000.00,14.00,6.71,14.40,9.83,17.40,14.50
2026-04-12 18:48:17,5000.00,14.00,6.76,14.40,9.16,17.40,14.60
2026-04-12 18:48:17,5000.00,14.10,6.69,14.40,9.12,17.20,14.50
2026-04-12 18:48:18,5000.00,14.00,6.73,14.40,9.39,17.40,14.50
2026-04-12 18:48:18,5000.00,14.00,6.63,14.40,8.89,17.30,14.60
2026-04-12 18:48:18,5000.00,14.10,6.59,14.40,8.93,17.30,14.60
2026-04-12 18:48:19,5000.00,14.00,6.71,14.40,9.27,17.40,14.50
2026-04-12 18:48:19,5000.00,14.00,6.76,14.40,9.48,17.50,14.50
2026-04-12 18:48:19,5000.00,14.00,6.63,14.40,9.01,17.40,14.60
2026-04-12 18:48:20,5000.00,14.10,6.71,14.40,9.21,17.50,14.50
2026-04-12 18:48:20,5000.00,14.00,6.70,14.40,9.48,17.50,14.50
2026-04-12 18:48:20,5000.00,14.00,6.75,14.40,9.52,17.60,14.50
2026-04-12 18:48:21,5000.00,14.00,6.78,14.40,9.52,17.60,14.50
2026-04-12 18:48:21,5000.00,14.00,6.79,14.40,9.65,17.40,14.50
2026-04-12 18:48:21,5000.00,14.00,6.77,14.40,9.50,17.50,14.50
2026-04-12 18:48:22,5000.00,14.00,6.74,14.50,9.83,17.50,14.50
2026-04-12 18:48:22,5000.00,14.00,6.80,14.40,9.66,17.50,14.50
2026-04-12 18:48:23,5000.00,14.00,6.77,14.40,9.63,17.40,14.50
2026-04-12 18:48:23,5000.00,13.90,6.70,14.40,9.25,17.50,14.60
2026-04-12 18:48:23,5000.00,14.10,6.71,14.40,9.15,17.40,14.50
2026-04-12 18:48:24,5000.00,14.00,6.70,14.40,8.98,17.40,14.60
2026-04-12 18:48:24,5000.00,14.10,6.62,14.40,8.80,17.60,14.60
2026-04-12 18:48:24,5000.00,14.10,6.54,14.50,8.65,17.60,14.70
2026-04-12 18:48:25,5000.00,14.10,6.65,14.40,9.11,17.40,14.60
2026-04-12 18:48:25,5000.00,14.00,6.71,14.40,9.35,17.40,14.50
2026-04-12 18:48:25,5000.00,14.00,6.72,14.40,8.99,17.40,14.70
2026-04-12 18:48:26,5000.00,14.10,6.67,14.40,9.29,17.50,14.60
2026-04-12 18:48:26,5000.00,14.00,6.78,14.40,9.41,17.60,14.50
2026-04-12 18:48:27,5000.00,14.00,6.68,14.40,8.90,17.50,14.60
2026-04-12 18:48:27,5000.00,14.10,6.71,14.40,9.03,17.50,14.60
2026-04-12 18:48:27,5000.00,14.00,6.78,14.40,9.28,17.50,14.50
2026-04-12 18:48:28,5000.00,14.00,6.75,14.40,9.59,17.50,14.50
2026-04-12 18:48:28,5000.00,14.00,6.68,14.40,9.12,17.40,14.60
2026-04-12 18:48:28,5000.00,14.10,6.70,14.40,9.14,17.50,14.50
2026-04-12 18:48:29,5000.00,14.00,6.72,14.40,9.39,17.40,14.50
2026-04-12 18:48:29,5000.00,14.00,6.67,14.40,9.56,17.30,14.50
2026-04-12 18:48:29,5000.00,14.00,6.80,14.40,9.37,17.20,14.50
2026-04-12 18:48:30,5000.00,14.00,6.60,14.40,9.04,17.60,14.60
2026-04-12 18:48:30,5000.00,14.10,6.69,14.40,9.25,17.50,14.50
2026-04-12 18:48:30,5000.00,14.00,6.73,14.40,9.31,17.50,14.50
2026-04-12 18:48:31,5000.00,14.00,6.76,14.40,9.38,17.10,14.50
2026-04-12 18:48:31,5000.00,14.00,6.77,14.40,9.53,17.40,14.50
2026-04-12 18:48:31,5000.00,14.00,6.73,14.40,9.03,17.30,14.60
2026-04-12 18:48:32,5000.00,14.10,6.71,14.40,8.98,17.70,14.60
2026-04-12 18:48:32,5000.00,14.10,6.69,14.40,9.26,17.50,14.60
2026-04-12 18:48:33,5000.00,14.00,6.74,14.40,9.40,17.50,14.50
2026-04-12 18:48:33,5000.00,14.00,6.73,14.40,9.53,17.30,14.50
2026-04-12 18:48:33,5000.00,14.00,6.73,14.40,9.46,17.40,14.50
2026-04-12 18:48:34,5000.00,14.00,6.81,14.40,9.57,17.40,14.50
2026-04-12 18:48:34,5000.00,14.00,6.70,14.40,9.04,17.50,14.60
2026-04-12 18:48:34,5000.00,14.10,6.68,14.40,9.41,17.40,14.60
2026-04-12 18:48:35,5000.00,14.00,6.73,14.40,9.40,17.40,14.50
2026-04-12 18:48:35,5000.00,14.00,6.70,14.40,9.09,17.50,14.60
2026-04-12 18:48:35,5000.00,14.10,6.67,14.40,9.32,17.40,14.50
2026-04-12 18:48:36,5000.00,14.00,6.79,14.40,9.44,17.60,14.50
2026-04-12 18:48:36,5000.00,14.00,6.72,14.40,9.30,17.50,14.50
2026-04-12 18:48:36,5000.00,14.00,6.78,14.40,9.42,17.40,14.50
2026-04-12 18:48:37,5000.00,14.00,6.74,14.40,9.66,17.40,14.50
2026-04-12 18:48:37,5000.00,14.00,6.75,14.40,9.45,17.60,14.50
2026-04-12 18:48:37,5000.00,14.00,6.83,14.40,9.69,17.40,14.50
2026-04-12 18:48:38,5000.00,14.00,6.78,14.40,9.65,17.50,14.50
2026-04-12 18:48:38,5000.00,14.00,6.80,14.40,9.67,17.50,14.50
2026-04-12 18:48:39,5000.00,14.00,6.70,14.40,9.60,17.60,14.50
2026-04-12 18:48:39,5000.00,14.00,6.81,14.40,9.70,17.50,14.50
2026-04-12 18:48:39,5000.00,14.00,6.80,14.40,9.57,17.40,14.50
2026-04-12 18:48:40,5000.00,14.00,6.73,14.40,9.77,17.30,14.50
2026-04-12 18:48:40,5000.00,14.00,6.84,14.40,9.59,17.50,14.50
2026-04-12 18:48:40,5000.00,14.00,6.72,14.40,9.22,17.30,14.50
2026-04-12 18:48:41,5000.00,14.00,6.66,14.40,8.98,17.30,14.60
2026-04-12 18:48:41,5000.00,14.10,6.68,14.40,8.90,17.40,14.60
2026-04-12 18:48:41,5000.00,14.10,6.64,14.40,8.91,17.60,14.60
2026-04-12 18:48:42,5000.00,14.10,6.66,14.40,9.17,17.50,14.60
2026-04-12 18:48:42,5000.00,14.00,6.71,14.40,9.34,17.50,14.50
2026-04-12 18:48:42,5000.00,14.00,6.71,14.40,9.41,17.40,14.50
2026-04-12 18:48:43,5000.00,14.00,6.75,14.40,9.53,17.50,14.50
2026-04-12 18:48:43,5000.00,14.00,6.74,14.40,9.62,17.40,14.50
2026-04-12 18:48:43,5000.00,14.00,6.78,14.40,9.46,17.60,14.50
2026-04-12 18:48:44,5000.00,14.00,6.80,14.40,9.63,17.20,14.50
2026-04-12 18:48:44,5000.00,14.00,6.79,14.40,9.56,17.50,14.50
2026-04-12 18:48:45,5000.00,14.00,6.75,14.40,9.62,17.50,14.50
2026-04-12 18:48:45,5000.00,14.00,6.77,14.40,9.56,17.20,14.50
2026-04-12 18:48:45,5000.00,14.00,6.76,14.40,9.57,17.60,14.50
2026-04-12 18:48:46,5000.00,14.00,6.80,14.40,9.65,17.40,14.50
2026-04-12 18:48:46,5000.00,14.00,6.71,14.40,9.45,17.50,14.50
2026-04-12 18:48:46,5000.00,14.00,6.66,14.40,9.23,17.30,14.60
2026-04-12 18:48:47,5000.00,14.10,6.73,14.40,9.36,17.50,14.50
2026-04-12 18:48:47,5000.00,14.00,6.78,14.40,9.50,17.40,14.50
2026-04-12 18:48:47,5000.00,14.00,6.76,14.40,9.56,17.10,14.50
2026-04-12 18:48:48,5000.00,14.00,6.78,14.40,9.67,17.40,14.50
2026-04-12 18:48:48,5000.00,14.00,6.78,14.40,9.71,17.50,14.50
2026-04-12 18:48:48,5000.00,14.00,6.80,14.40,9.56,17.40,14.50
2026-04-12 18:48:49,5000.00,14.00,6.80,14.40,9.53,17.40,14.50
2026-04-12 18:48:49,5000.00,14.00,6.73,14.40,9.15,17.40,14.60
2026-04-12 18:48:49,5000.00,14.10,6.73,14.40,9.18,17.40,14.50
2026-04-12 18:48:50,5000.00,14.00,6.73,14.40,9.37,17.30,14.50
2026-04-12 18:48:50,5000.00,14.00,6.79,14.40,9.66,17.30,14.50
2026-04-12 18:48:51,5000.00,14.00,6.77,14.40,9.47,17.40,14.50
2026-04-12 18:48:51,5000.00,13.90,6.79,14.40,9.71,17.50,14.50
2026-04-12 18:48:51,5000.00,14.00,6.81,14.40,9.56,17.40,14.50
2026-04-12 18:48:52,5000.00,14.00,6.68,14.40,9.00,17.30,14.60
2026-04-12 18:48:52,5000.00,14.10,6.56,14.40,8.60,17.40,14.60
2026-04-12 18:48:52,5000.00,14.10,6.67,14.40,9.28,17.50,14.50
2026-04-12 18:48:53,5000.00,14.00,6.73,14.40,9.45,17.40,14.50
2026-04-12 18:48:53,5000.00,14.00,6.74,14.40,9.41,17.40,14.50
2026-04-12 18:48:53,5000.00,14.00,6.70,14.40,9.09,17.30,14.60
2026-04-12 18:48:54,5000.00,14.10,6.66,14.40,9.21,17.60,14.50
2026-04-12 18:48:54,5000.00,14.00,6.63,14.40,8.86,17.40,14.60
2026-04-12 18:48:54,5000.00,14.10,6.67,14.40,9.07,17.60,14.50
2026-04-12 18:48:55,5000.00,14.00,6.72,14.40,9.51,17.30,14.50
2026-04-12 18:48:55,5000.00,14.00,6.77,14.40,9.47,17.50,14.50
2026-04-12 18:48:55,5000.00,14.00,6.76,14.40,9.60,17.40,14.50
2026-04-12 18:48:56,5000.00,14.00,6.77,14.40,9.57,17.50,14.50
2026-04-12 18:48:56,5000.00,14.00,6.75,14.40,9.60,17.50,14.50
2026-04-12 18:48:57,5000.00,14.00,6.74,14.40,9.62,17.50,14.50
2026-04-12 18:48:57,5000.00,14.00,6.73,14.40,9.67,17.50,14.50
2026-04-12 18:48:57,5000.00,14.00,6.64,14.40,9.20,17.40,14.50
2026-04-12 18:48:58,5000.00,14.00,6.55,14.40,8.98,17.50,14.60
2026-04-12 18:48:58,5000.00,14.10,6.68,14.40,9.23,17.60,14.50
2026-04-12 18:48:58,5000.00,14.00,6.73,14.40,9.39,17.60,14.50
2026-04-12 18:48:59,5000.00,14.00,6.75,14.40,9.06,17.40,14.60
2026-04-12 18:48:59,5000.00,14.10,6.68,14.40,9.07,17.40,14.50
2026-04-12 18:48:59,5000.00,14.00,6.74,14.40,9.16,17.60,14.60
2026-04-12 18:49:00,5000.00,14.10,6.71,14.40,9.41,17.50,14.50
2026-04-12 18:49:00,5000.00,14.00,6.74,14.40,9.58,17.50,14.50
2026-04-12 18:49:00,5000.00,14.00,6.76,14.40,9.52,17.50,14.50
2026-04-12 18:49:01,5000.00,14.00,6.76,14.40,9.50,17.40,14.50
2026-04-12 18:49:01,5000.00,14.00,6.79,14.40,9.48,17.50,14.50
2026-04-12 18:49:01,5000.00,14.00,6.76,14.40,9.24,17.20,14.50
2026-04-12 18:49:02,5000.00,14.00,6.80,14.40,9.71,17.60,14.50
2026-04-12 18:49:02,5000.00,14.00,6.79,14.40,9.81,17.40,14.50
2026-04-12 18:49:03,5000.00,13.90,6.83,14.40,9.49,17.50,14.50
2026-04-12 18:49:03,5000.00,14.00,6.69,14.40,9.08,17.20,14.50
2026-04-12 18:49:03,5000.00,14.00,6.77,14.40,9.30,17.40,14.50
2026-04-12 18:49:04,5000.00,14.00,6.67,14.40,9.12,17.40,14.60
2026-04-12 18:49:04,5000.00,14.10,6.71,14.40,9.20,17.50,14.50
2026-04-12 18:49:04,5000.00,14.00,6.74,14.40,9.52,17.20,14.50
2026-04-12 18:49:05,5000.00,14.00,6.79,14.40,9.38,17.60,14.50
2026-04-12 18:49:05,5000.00,14.00,6.74,14.40,9.69,17.50,14.50
2026-04-12 18:49:05,5000.00,14.00,6.72,14.40,9.50,17.40,14.50
2026-04-12 18:49:06,5000.00,14.00,6.74,14.40,9.68,17.40,14.50
2026-04-12 18:49:06,5000.00,13.90,6.81,14.40,9.52,17.60,14.50
2026-04-12 18:49:06,5000.00,14.00,6.76,14.40,9.55,17.50,14.50
2026-04-12 18:49:07,5000.00,14.00,6.72,14.40,9.64,17.40,14.50
2026-04-12 18:49:07,5000.00,14.00,6.69,14.40,9.25,17.50,14.60
2026-04-12 18:49:07,5000.00,14.10,6.62,14.40,8.90,17.60,14.60
2026-04-12 18:49:08,5000.00,14.10,6.69,14.40,9.20,17.40,14.50
2026-04-12 18:49:08,5000.00,14.00,6.70,14.40,8.83,17.40,14.60
2026-04-12 18:49:09,5000.00,14.10,6.62,14.40,8.69,17.20,14.70
2026-04-12 18:49:09,5000.00,14.10,6.60,14.40,8.98,17.60,14.60
2026-04-12 18:49:09,5000.00,14.00,6.72,14.40,9.28,17.30,14.50
2026-04-12 18:49:10,5000.00,14.00,6.67,14.40,8.92,17.50,14.60
2026-04-12 18:49:10,10000.00,14.10,6.65,14.40,9.19,17.30,14.50
2026-04-12 18:49:10,10000.00,10.32,6.67,14.40,9.30,17.40,14.50
2026-04-12 18:49:11,10000.00,14.00,6.71,14.40,9.43,17.40,14.50
2026-04-12 18:49:11,10000.00,14.00,6.70,14.40,9.45,17.60,14.50
2026-04-12 18:49:11,10000.00,14.00,6.74,14.40,9.57,17.50,14.50
2026-04-12 18:49:12,10000.00,14.00,6.74,14.40,9.66,17.40,14.50
2026-04-12 18:49:12,10000.00,14.00,6.74,14.40,9.65,17.70,14.50
2026-04-12 18:49:12,10000.00,14.00,6.78,14.40,9.68,17.50,14.50
2026-04-12 18:49:13,10000.00,14.00,6.70,14.40,9.68,17.50,14.50
2026-04-12 18:49:13,10000.00,13.90,6.78,14.40,9.55,17.40,14.50
2026-04-12 18:49:13,10000.00,13.90,6.74,14.40,9.37,17.50,14.50
2026-04-12 18:49:14,10000.00,14.00,6.67,14.40,9.49,17.50,14.40
2026-04-12 18:49:14,10000.00,14.00,6.53,14.40,9.14,17.50,14.60
2026-04-12 18:49:15,10000.00,14.10,6.74,14.40,9.37,17.50,14.50
2026-04-12 18:49:15,10000.00,14.00,6.68,14.40,9.38,17.40,14.50
2026-04-12 18:49:15,10000.00,14.00,6.76,14.40,9.61,17.50,14.50
2026-04-12 18:49:16,10000.00,14.00,6.75,14.40,9.39,17.40,14.50
2026-04-12 18:49:16,10000.00,14.00,6.75,14.40,9.67,17.30,14.50
2026-04-12 18:49:16,10000.00,13.90,6.80,14.40,9.73,17.40,14.50
2026-04-12 18:49:17,10000.00,13.90,6.72,14.40,9.23,17.30,14.50
2026-04-12 18:49:17,10000.00,14.10,6.70,14.40,9.16,17.50,14.50
2026-04-12 18:49:17,10000.00,14.00,6.74,14.40,9.58,17.30,14.50
2026-04-12 18:49:18,10000.00,13.90,6.78,14.40,9.49,17.60,14.50
2026-04-12 18:49:18,10000.00,14.00,6.67,14.40,9.05,17.40,14.60
2026-04-12 18:49:18,10000.00,14.10,6.71,14.40,9.20,17.40,14.50
2026-04-12 18:49:19,10000.00,14.00,6.74,14.40,9.46,17.50,14.50
2026-04-12 18:49:19,10000.00,14.00,6.75,14.40,9.35,17.40,14.50
2026-04-12 18:49:19,10000.00,14.00,6.59,14.40,9.10,17.50,14.60
2026-04-12 18:49:20,10000.00,14.10,6.70,14.40,9.29,17.60,14.50
2026-04-12 18:49:20,10000.00,14.00,6.72,14.40,8.96,17.40,14.60
2026-04-12 18:49:21,10000.00,14.10,6.67,14.40,8.88,17.40,14.50
2026-04-12 18:49:21,10000.00,14.00,6.70,14.40,9.36,17.40,14.50
2026-04-12 18:49:21,10000.00,14.00,6.74,14.40,9.55,17.60,14.50
2026-04-12 18:49:22,10000.00,14.00,6.70,14.40,9.38,17.50,14.50
2026-04-12 18:49:22,10000.00,14.00,6.78,14.40,9.73,17.50,14.40
2026-04-12 18:49:22,10000.00,14.00,6.77,14.40,9.36,17.40,14.50
2026-04-12 18:49:23,10000.00,13.90,6.78,14.40,9.61,17.30,14.50
2026-04-12 18:49:23,10000.00,14.00,6.75,14.40,9.48,17.60,14.40
2026-04-12 18:49:23,10000.00,13.90,6.78,14.40,9.41,17.30,14.50
2026-04-12 18:49:24,10000.00,14.00,6.71,14.40,9.29,17.50,14.50
2026-04-12 18:49:24,10000.00,14.00,6.75,14.40,9.36,17.10,14.50
2026-04-12 18:49:24,10000.00,14.00,6.78,14.40,9.54,17.30,14.40
2026-04-12 18:49:25,10000.00,14.00,6.68,14.40,9.14,17.30,14.50
2026-04-12 18:49:25,10000.00,14.00,6.58,14.40,8.84,17.40,14.60
2026-04-12 18:49:25,10000.00,14.10,6.68,14.40,9.22,17.50,14.50
2026-04-12 18:49:26,10000.00,14.00,6.71,14.40,9.19,17.50,14.50
2026-04-12 18:49:26,10000.00,14.00,6.66,14.40,9.06,17.50,14.60
2026-04-12 18:49:27,10000.00,14.10,6.65,14.40,9.21,17.50,14.50
2026-04-12 18:49:27,10000.00,14.00,6.75,14.40,9.48,17.50,14.50
2026-04-12 18:49:27,10000.00,14.00,6.73,14.40,9.35,17.60,14.50
2026-04-12 18:49:28,10000.00,14.00,6.76,14.40,9.58,17.30,14.50
2026-04-12 18:49:28,10000.00,14.00,6.76,14.40,9.53,17.50,14.50
2026-04-12 18:49:28,10000.00,14.00,6.77,14.40,9.67,17.50,14.40
2026-04-12 18:49:29,10000.00,13.90,6.73,14.40,9.78,17.50,14.40
2026-04-12 18:49:29,10000.00,13.90,6.78,14.40,9.67,17.50,14.50
2026-04-12 18:49:29,10000.00,13.90,6.78,14.40,9.56,17.50,14.40
2026-04-12 18:49:30,10000.00,13.90,6.73,14.40,9.68,17.40,14.40
2026-04-12 18:49:30,10000.00,13.90,6.80,14.40,9.58,17.50,14.40
2026-04-12 18:49:30,10000.00,14.00,6.67,14.40,9.17,17.40,14.50
2026-04-12 18:49:31,10000.00,14.00,6.71,14.40,9.46,17.50,14.50
2026-04-12 18:49:31,10000.00,13.90,6.76,14.40,9.51,17.50,14.50
2026-04-12 18:49:31,10000.00,13.90,6.79,14.40,9.64,17.40,14.50
2026-04-12 18:49:32,10000.00,13.90,6.75,14.40,9.63,17.60,14.50
2026-04-12 18:49:32,10000.00,13.90,6.80,14.40,9.62,17.50,14.50
2026-04-12 18:49:33,10000.00,13.90,6.75,14.40,9.53,17.50,14.40
2026-04-12 18:49:33,10000.00,13.90,6.82,14.40,9.79,17.40,14.40
2026-04-12 18:49:33,10000.00,13.90,6.67,14.40,9.14,17.50,14.50
2026-04-12 18:49:34,10000.00,14.10,6.73,14.40,9.38,17.40,14.50
2026-04-12 18:49:34,10000.00,14.00,6.74,14.40,9.36,17.50,14.50
2026-04-12 18:49:34,10000.00,13.90,6.78,14.40,9.55,17.30,14.50
2026-04-12 18:49:35,10000.00,13.90,6.79,14.40,9.52,17.50,14.50
2026-04-12 18:49:35,10000.00,14.00,6.82,14.40,9.84,17.30,14.40
2026-04-12 18:49:35,10000.00,13.90,6.72,14.40,9.53,17.40,14.40
2026-04-12 18:49:36,10000.00,14.00,6.74,14.40,9.04,17.30,14.50
2026-04-12 18:49:36,10000.00,14.10,6.60,14.40,8.89,17.10,14.50
2026-04-12 18:49:36,10000.00,14.00,6.66,14.40,8.99,17.40,14.50
2026-04-12 18:49:37,10000.00,14.00,6.67,14.40,9.38,17.50,14.50
2026-04-12 18:49:37,10000.00,14.00,6.75,14.40,9.42,17.60,14.50
2026-04-12 18:49:38,10000.00,14.00,6.72,14.40,9.52,17.30,14.50
2026-04-12 18:49:38,10000.00,13.90,6.76,14.40,9.60,17.50,14.40
2026-04-12 18:49:38,10000.00,13.90,6.73,14.40,9.64,17.50,14.40
2026-04-12 18:49:39,10000.00,13.90,6.78,14.40,9.74,17.40,14.40
2026-04-12 18:49:39,10000.00,13.90,6.71,14.40,9.17,17.40,14.50
2026-04-12 18:49:39,10000.00,14.00,6.70,14.40,9.34,17.40,14.50
2026-04-12 18:49:40,10000.00,14.00,6.67,14.40,9.52,17.50,14.50
2026-04-12 18:49:40,10000.00,14.00,6.74,14.40,9.75,17.40,14.40
2026-04-12 18:49:40,10000.00,14.00,6.74,14.40,9.66,17.60,14.50
2026-04-12 18:49:41,10000.00,14.00,6.69,14.40,9.32,17.50,14.50
2026-04-12 18:49:41,10000.00,14.00,6.66,14.40,9.07,17.50,14.60
2026-04-12 18:49:41,10000.00,14.10,6.67,14.40,9.21,17.50,14.50
2026-04-12 18:49:42,10000.00,14.00,6.62,14.40,8.87,17.40,14.60
2026-04-12 18:49:42,10000.00,14.10,6.63,14.40,9.21,17.30,14.50
2026-04-12 18:49:42,10000.00,14.00,6.72,14.40,9.38,17.50,14.50
2026-04-12 18:49:43,10000.00,14.00,6.67,14.40,9.56,17.50,14.50
2026-04-12 18:49:43,10000.00,14.00,6.70,14.40,9.64,17.50,14.50
2026-04-12 18:49:44,10000.00,14.00,6.73,14.40,9.57,17.50,14.50
2026-04-12 18:49:44,10000.00,13.90,6.74,14.40,9.41,17.40,14.40
2026-04-12 18:49:44,10000.00,14.00,6.80,14.40,9.53,17.30,14.40
2026-04-12 18:49:45,10000.00,13.90,6.73,14.40,9.55,17.50,14.40
2026-04-12 18:49:45,10000.00,13.90,6.79,14.40,9.55,17.40,14.40
2026-04-12 18:49:45,10000.00,13.90,6.78,14.40,9.65,17.40,14.40
2026-04-12 18:49:46,10000.00,13.90,6.79,14.40,9.73,17.30,14.40
2026-04-12 18:49:46,10000.00,13.90,6.76,14.40,9.62,17.40,14.50
2026-04-12 18:49:46,10000.00,13.90,6.73,14.40,9.72,17.40,14.40
2026-04-12 18:49:47,10000.00,13.90,6.81,14.40,9.72,17.40,14.40
2026-04-12 18:49:47,10000.00,13.90,6.72,14.40,9.78,17.50,14.40
2026-04-12 18:49:47,10000.00,14.00,6.72,14.40,9.06,17.40,14.50
2026-04-12 18:49:48,10000.00,14.10,6.64,14.40,8.85,17.20,14.50
2026-04-12 18:49:48,10000.00,14.00,6.61,14.40,8.77,17.20,14.60
2026-04-12 18:49:48,10000.00,14.10,6.67,14.40,9.22,17.50,14.50
2026-04-12 18:49:49,10000.00,14.00,6.70,14.40,9.15,17.60,14.50
2026-04-12 18:49:49,10000.00,14.00,6.73,14.40,9.43,17.20,14.50
2026-04-12 18:49:50,10000.00,14.00,6.70,14.40,9.63,17.50,14.40
2026-04-12 18:49:50,10000.00,13.90,6.74,14.40,9.17,17.40,14.60
2026-04-12 18:49:50,10000.00,14.10,6.69,14.40,9.01,17.60,14.60
2026-04-12 18:49:51,10000.00,14.10,6.68,14.40,9.18,17.50,14.50
2026-04-12 18:49:51,10000.00,14.00,6.69,14.40,9.28,17.50,14.50
2026-04-12 18:49:51,10000.00,14.00,6.67,14.40,9.02,17.40,14.50
2026-04-12 18:49:52,10000.00,14.00,6.69,14.40,9.50,17.50,14.50
2026-04-12 18:49:52,10000.00,14.00,6.72,14.40,9.52,17.30,14.50
2026-04-12 18:49:52,10000.00,13.90,6.69,14.40,9.33,17.40,14.50
2026-04-12 18:49:53,10000.00,13.90,6.79,14.40,9.65,17.40,14.40
2026-04-12 18:49:53,10000.00,13.90,6.79,14.40,9.38,17.40,14.40
2026-04-12 18:49:53,10000.00,14.00,6.63,14.40,9.25,17.40,14.60
2026-04-12 18:49:54,10000.00,14.10,6.67,14.40,9.35,17.40,14.50
2026-04-12 18:49:54,10000.00,14.00,6.73,14.40,9.45,17.20,14.40
2026-04-12 18:49:55,10000.00,13.90,6.70,14.40,9.51,17.60,14.40
2026-04-12 18:49:55,10000.00,14.00,6.76,14.40,9.60,17.30,14.40
2026-04-12 18:49:55,10000.00,13.90,6.74,14.40,9.48,17.50,14.50
2026-04-12 18:49:56,10000.00,13.90,6.79,14.40,9.70,17.40,14.40
2026-04-12 18:49:56,10000.00,13.90,6.80,14.40,9.63,17.50,14.40
2026-04-12 18:49:56,10000.00,13.90,6.78,14.40,9.74,17.50,14.40
2026-04-12 18:49:57,10000.00,13.90,6.76,14.40,9.75,17.40,14.40
2026-04-12 18:49:57,10000.00,13.90,6.73,14.40,9.71,17.40,14.40
2026-04-12 18:49:57,10000.00,13.90,6.81,14.40,9.76,17.10,14.50
2026-04-12 18:49:58,10000.00,13.90,6.75,14.40,9.50,17.50,14.40
2026-04-12 18:49:58,10000.00,13.90,6.75,14.40,9.76,17.40,14.40
2026-04-12 18:49:58,10000.00,13.90,6.70,14.40,8.96,17.40,14.50
2026-04-12 18:49:59,10000.00,14.10,6.64,14.40,9.26,17.40,14.50
2026-04-12 18:49:59,10000.00,14.00,6.64,14.40,8.86,17.50,14.60
2026-04-12 18:49:59,10000.00,14.10,6.68,14.40,9.29,17.30,14.50
2026-04-12 18:50:00,10000.00,14.00,6.72,14.40,9.30,17.50,14.50
2026-04-12 18:50:00,10000.00,14.00,6.72,14.40,9.58,17.30,14.50
2026-04-12 18:50:00,10000.00,13.90,6.74,14.40,9.46,17.50,14.40
2026-04-12 18:50:01,10000.00,13.90,6.76,14.40,9.53,17.40,14.40
2026-04-12 18:50:01,10000.00,13.90,6.73,14.40,9.54,17.50,14.40
2026-04-12 18:50:02,10000.00,14.00,6.79,14.40,9.69,17.30,14.40
2026-04-12 18:50:02,10000.00,13.90,6.70,14.40,9.11,17.40,14.50
2026-04-12 18:50:02,10000.00,14.10,6.70,14.40,9.40,17.40,14.50
2026-04-12 18:50:03,10000.00,14.00,6.70,14.40,9.49,17.50,14.50
2026-04-12 18:50:03,10000.00,13.90,6.75,14.40,9.61,17.40,14.50
2026-04-12 18:50:03,10000.00,13.90,6.73,14.40,9.56,17.40,14.40
2026-04-12 18:50:04,10000.00,14.00,6.82,14.40,9.78,17.30,14.40
2026-04-12 18:50:04,10000.00,13.90,6.77,14.40,9.57,17.40,14.40
2026-04-12 18:50:04,10000.00,14.00,6.64,14.40,9.14,17.50,14.50
2026-04-12 18:50:05,10000.00,14.00,6.65,14.40,9.40,17.40,14.50
2026-04-12 18:50:05,10000.00,14.00,6.74,14.40,9.42,17.50,14.50
2026-04-12 18:50:05,10000.00,13.90,6.75,14.40,9.59,17.40,14.40
2026-04-12 18:50:06,10000.00,13.90,6.79,14.40,9.52,17.30,14.40
2026-04-12 18:50:06,10000.00,13.90,6.75,14.40,9.59,17.40,14.40
2026-04-12 18:50:06,10000.00,13.90,6.76,14.40,9.63,17.60,14.40
2026-04-12 18:50:07,10000.00,13.90,6.75,14.40,9.51,17.40,14.40
2026-04-12 18:50:07,10000.00,13.90,6.77,14.40,9.77,17.30,14.40
2026-04-12 18:50:08,10000.00,13.90,6.78,14.40,9.70,17.50,14.40
2026-04-12 18:50:08,10000.00,13.90,6.63,14.40,9.21,17.40,14.50
2026-04-12 18:50:08,10000.00,14.00,6.73,14.40,9.37,17.60,14.50
2026-04-12 18:50:09,10000.00,14.00,6.73,14.40,9.60,17.50,14.50
2026-04-12 18:50:09,10000.00,13.90,6.74,14.40,9.61,17.50,14.40
2026-04-12 18:50:09,10000.00,13.90,6.73,14.40,9.68,17.30,14.40
2026-04-12 18:50:10,10000.00,14.00,6.67,14.40,8.95,17.30,14.50
2026-04-12 18:50:10,10000.00,14.10,6.64,14.40,8.90,17.30,14.60
2026-04-12 18:50:10,10000.00,14.10,6.57,14.40,8.81,17.40,14.60
2026-04-12 18:50:11,10000.00,14.00,6.67,14.40,9.13,17.50,14.50
2026-04-12 18:50:11,10000.00,14.00,6.66,14.40,9.36,17.40,14.50
2026-04-12 18:50:11,10000.00,13.90,6.65,14.40,8.94,17.40,14.60
2026-04-12 18:50:12,10000.00,14.10,6.63,14.40,9.17,17.50,14.50
2026-04-12 18:50:12,10000.00,14.00,6.73,14.40,9.29,17.50,14.50
2026-04-12 18:50:13,10000.00,14.00,6.68,14.40,9.21,17.60,14.50
2026-04-12 18:50:13,10000.00,14.00,6.74,14.40,9.65,17.30,14.50
2026-04-12 18:50:13,10000.00,13.90,6.74,14.40,9.48,17.50,14.40
2026-04-12 18:50:14,10000.00,13.90,6.75,14.40,9.68,17.40,14.40
2026-04-12 18:50:14,10000.00,13.90,6.75,14.40,9.71,17.60,14.40
2026-04-12 18:50:14,10000.00,13.90,6.78,14.40,9.72,17.40,14.40
2026-04-12 18:50:15,10000.00,13.90,6.77,14.40,9.72,17.40,14.40
2026-04-12 18:50:15,10000.00,13.90,6.70,14.40,9.06,17.30,14.50
2026-04-12 18:50:15,10000.00,14.00,6.63,14.40,9.24,17.30,14.50
2026-04-12 18:50:16,10000.00,14.00,6.72,14.40,9.55,17.40,14.50
2026-04-12 18:50:16,10000.00,13.90,6.76,14.40,9.67,17.40,14.50
2026-04-12 18:50:16,10000.00,13.90,6.70,14.40,9.11,17.50,14.60
2026-04-12 18:50:17,10000.00,14.00,6.68,14.40,9.26,17.50,14.50
2026-04-12 18:50:17,10000.00,14.00,6.68,14.40,9.48,17.40,14.40
2026-04-12 18:50:17,10000.00,14.00,6.76,14.40,9.66,17.40,14.50
2026-04-12 18:50:18,10000.00,13.90,6.76,14.40,9.54,17.50,14.40
2026-04-12 18:50:18,10000.00,13.90,6.74,14.40,9.57,17.30,14.40
2026-04-12 18:50:19,10000.00,13.90,6.78,14.40,9.65,17.40,14.40
2026-04-12 18:50:19,10000.00,13.90,6.79,14.40,9.76,17.30,14.40
2026-04-12 18:50:19,10000.00,13.90,6.76,14.40,9.83,17.50,14.40
2026-04-12 18:50:20,10000.00,13.90,6.78,14.40,9.71,17.50,14.40
2026-04-12 18:50:20,10000.00,13.90,6.78,14.40,9.70,17.50,14.40
2026-04-12 18:50:20,10000.00,13.90,6.76,14.40,9.53,17.30,14.40
2026-04-12 18:50:21,10000.00,13.90,6.62,14.40,9.05,17.40,14.50
2026-04-12 18:50:21,10000.00,14.00,6.66,14.40,8.92,17.40,14.60
2026-04-12 18:50:21,10000.00,14.10,6.68,14.40,8.99,17.60,14.50
2026-04-12 18:50:22,10000.00,14.00,6.68,14.40,9.42,17.40,14.50
2026-04-12 18:50:22,10000.00,14.00,6.72,14.40,9.52,17.40,14.50
2026-04-12 18:50:22,10000.00,13.90,6.74,14.40,9.32,17.40,14.50
2026-04-12 18:50:23,10000.00,14.00,6.70,14.40,9.41,17.40,14.50
2026-04-12 18:50:23,10000.00,14.00,6.75,14.40,9.47,17.50,14.40
2026-04-12 18:50:23,10000.00,13.90,6.76,14.40,9.56,17.40,14.40
2026-04-12 18:50:24,10000.00,13.90,6.74,14.40,9.65,17.50,14.40
2026-04-12 18:50:24,10000.00,13.90,6.73,14.40,9.75,17.50,14.40
2026-04-12 18:50:25,10000.00,13.90,6.75,14.40,9.76,17.40,14.40
2026-04-12 18:50:25,10000.00,13.90,6.77,14.40,9.37,17.30,14.40
2026-04-12 18:50:25,10000.00,13.90,6.76,14.40,9.49,17.30,14.40
2026-04-12 18:50:26,10000.00,13.90,6.78,14.40,9.66,17.50,14.40
2026-04-12 18:50:26,10000.00,13.90,6.72,14.40,9.46,17.30,14.40
2026-04-12 18:50:26,10000.00,14.00,6.74,14.40,9.14,17.40,14.50
2026-04-12 18:50:27,10000.00,14.00,6.66,14.40,9.40,17.30,14.50
2026-04-12 18:50:27,10000.00,14.00,6.65,14.40,9.05,17.50,14.60
2026-04-12 18:50:27,10000.00,14.10,6.64,14.40,9.03,17.20,14.60
2026-04-12 18:50:28,10000.00,14.10,6.67,14.40,9.29,17.50,14.50
2026-04-12 18:50:28,10000.00,14.00,6.66,14.40,9.42,17.50,14.50
2026-04-12 18:50:28,10000.00,14.00,6.73,14.40,9.38,17.50,14.50
2026-04-12 18:50:29,10000.00,14.00,6.68,14.40,9.61,17.40,14.40
2026-04-12 18:50:29,10000.00,14.00,6.79,14.40,9.59,17.50,14.40
2026-04-12 18:50:29,10000.00,13.90,6.75,14.40,9.43,17.50,14.40
2026-04-12 18:50:30,10000.00,13.90,6.75,14.40,9.66,17.40,14.40
2026-04-12 18:50:30,10000.00,13.90,6.74,14.40,9.57,17.50,14.40
2026-04-12 18:50:31,10000.00,13.90,6.78,14.40,9.26,17.20,14.50
2026-04-12 18:50:31,10000.00,14.00,6.69,14.40,9.42,17.30,14.50
2026-04-12 18:50:31,10000.00,14.00,6.76,14.40,9.65,17.30,14.50
2026-04-12 18:50:32,10000.00,14.00,6.77,14.40,9.45,17.40,14.40
2026-04-12 18:50:32,10000.00,14.00,6.69,14.40,9.10,17.30,14.50
2026-04-12 18:50:32,10000.00,14.10,6.67,14.40,9.32,17.40,14.50
2026-04-12 18:50:33,10000.00,14.00,6.73,14.40,9.62,17.50,14.40
2026-04-12 18:50:33,10000.00,13.90,6.75,14.40,9.51,17.60,14.40
2026-04-12 18:50:33,10000.00,13.90,6.74,14.40,9.50,17.30,14.50
2026-04-12 18:50:34,10000.00,13.90,6.76,14.40,9.73,17.50,14.40
2026-04-12 18:50:34,10000.00,13.90,6.73,14.40,9.76,17.30,14.40
2026-04-12 18:50:34,10000.00,13.90,6.75,14.40,9.38,17.40,14.40
2026-04-12 18:50:35,10000.00,13.90,6.79,14.40,9.69,17.50,14.40
2026-04-12 18:50:35,10000.00,13.90,6.77,14.40,9.64,17.40,14.40
2026-04-12 18:50:35,10000.00,13.90,6.71,14.40,9.58,17.50,14.40
2026-04-12 18:50:36,10000.00,13.90,6.76,14.40,9.77,17.50,14.40
2026-04-12 18:50:36,10000.00,13.90,6.78,14.40,9.70,17.50,14.40
2026-04-12 18:50:37,10000.00,13.90,6.76,14.40,9.69,17.30,14.40
2026-04-12 18:50:37,10000.00,13.90,6.76,14.40,9.60,17.30,14.40
2026-04-12 18:50:37,10000.00,14.00,6.69,14.40,9.18,17.50,14.50
2026-04-12 18:50:38,10000.00,14.00,6.64,14.40,9.30,17.40,14.50
2026-04-12 18:50:38,10000.00,14.00,6.72,14.40,9.55,17.50,14.50
2026-04-12 18:50:38,10000.00,14.00,6.74,14.40,9.54,17.50,14.40
2026-04-12 18:50:39,10000.00,13.90,6.75,14.40,9.48,17.20,14.40
2026-04-12 18:50:39,10000.00,13.90,6.72,14.40,9.34,17.30,14.40
2026-04-12 18:50:39,10000.00,13.90,6.81,14.40,9.61,17.40,14.40
2026-04-12 18:50:40,10000.00,13.90,6.75,14.40,9.64,17.40,14.40
2026-04-12 18:50:40,10000.00,13.90,6.78,14.40,9.62,17.40,14.40
2026-04-12 18:50:40,10000.00,13.90,6.73,14.40,9.65,17.10,14.40
2026-04-12 18:50:41,10000.00,13.90,6.77,14.40,9.70,17.40,14.40
2026-04-12 18:50:41,10000.00,13.90,6.81,14.40,9.65,17.50,14.40
2026-04-12 18:50:41,10000.00,13.90,6.75,14.40,9.74,17.40,14.40
2026-04-12 18:50:42,10000.00,13.90,6.76,14.40,9.77,17.40,14.40
2026-04-12 18:50:42,10000.00,13.90,6.77,14.40,9.59,17.30,14.40
2026-04-12 18:50:42,10000.00,14.00,6.56,14.40,9.25,17.50,14.50
2026-04-12 18:50:43,10000.00,14.00,6.70,14.40,9.41,17.40,14.50
2026-04-12 18:50:43,10000.00,14.00,6.73,14.40,9.67,17.40,14.40
2026-04-12 18:50:44,10000.00,13.90,6.73,14.40,9.55,17.50,14.40
2026-04-12 18:50:44,10000.00,13.90,6.79,14.40,9.74,17.50,14.40
2026-04-12 18:50:44,10000.00,13.90,6.77,14.40,9.60,17.50,14.40
2026-04-12 18:50:45,10000.00,13.90,6.80,14.40,9.16,17.40,14.50
2026-04-12 18:50:45,10000.00,14.00,6.69,14.40,9.21,17.30,14.50
2026-04-12 18:50:45,10000.00,14.00,6.74,14.40,9.58,17.30,14.50
2026-04-12 18:50:46,10000.00,13.90,6.73,14.40,9.07,17.30,14.50
2026-04-12 18:50:46,10000.00,14.10,6.69,14.40,9.13,17.30,14.50
2026-04-12 18:50:46,10000.00,14.00,6.71,14.40,9.32,17.40,14.40
2026-04-12 18:50:47,10000.00,13.90,6.77,14.40,9.58,17.30,14.40
2026-04-12 18:50:47,10000.00,13.90,6.76,14.40,9.55,17.50,14.40
2026-04-12 18:50:47,10000.00,13.90,6.75,14.40,9.47,17.00,14.40
2026-04-12 18:50:48,10000.00,14.00,6.63,14.40,9.21,17.50,14.50
2026-04-12 18:50:48,10000.00,14.10,6.71,14.40,9.35,17.40,14.50
2026-04-12 18:50:48,10000.00,14.00,6.70,14.40,9.16,17.50,14.50
2026-04-12 18:50:49,10000.00,14.00,6.70,14.40,9.55,17.40,14.40
2026-04-12 18:50:49,10000.00,13.90,6.79,14.40,9.65,17.50,14.40
2026-04-12 18:50:50,10000.00,13.90,6.76,14.40,9.48,17.40,14.40
2026-04-12 18:50:50,10000.00,13.90,6.75,14.40,9.69,17.40,14.40
2026-04-12 18:50:50,10000.00,13.90,6.78,14.40,9.52,17.60,14.40
2026-04-12 18:50:51,10000.00,13.90,6.78,14.40,9.77,17.50,14.40
2026-04-12 18:50:51,10000.00,13.90,6.78,14.40,9.64,17.50,14.40
2026-04-12 18:50:51,10000.00,13.90,6.80,14.40,9.74,17.30,14.40
2026-04-12 18:50:52,10000.00,13.90,6.77,14.40,9.30,17.40,14.50
2026-04-12 18:50:52,10000.00,14.00,6.73,14.40,9.17,17.30,14.50
2026-04-12 18:50:52,10000.00,14.00,6.71,14.40,9.51,17.40,14.40
2026-04-12 18:50:53,10000.00,13.90,6.76,14.40,9.45,17.50,14.40
2026-04-12 18:50:53,10000.00,13.90,6.66,14.40,9.02,17.40,14.50
2026-04-12 18:50:53,10000.00,14.10,6.57,14.40,8.80,17.30,14.60
2026-04-12 18:50:54,10000.00,14.10,6.65,14.40,9.03,17.40,14.50
2026-04-12 18:50:54,10000.00,14.00,6.63,14.40,8.82,17.40,14.60
2026-04-12 18:50:54,10000.00,14.10,6.61,14.40,9.04,17.40,14.50
2026-04-12 18:50:55,10000.00,14.00,6.70,14.40,9.35,17.40,14.50
2026-04-12 18:50:55,10000.00,14.00,6.71,14.40,8.87,17.60,14.60
2026-04-12 18:50:56,10000.00,14.10,6.60,14.40,9.13,17.60,14.50
2026-04-12 18:50:56,10000.00,14.00,6.71,14.40,9.22,17.50,14.50
2026-04-12 18:50:56,10000.00,14.00,6.71,14.40,9.61,17.50,14.40
2026-04-12 18:50:57,10000.00,13.90,6.75,14.40,9.47,17.40,14.40
2026-04-12 18:50:57,10000.00,14.00,6.71,14.40,9.55,17.10,14.40
2026-04-12 18:50:57,10000.00,13.90,6.74,14.40,9.61,17.40,14.40
2026-04-12 18:50:58,10000.00,13.90,6.75,14.40,9.58,17.60,14.40
2026-04-12 18:50:58,10000.00,13.90,6.74,14.40,9.63,17.30,14.40
2026-04-12 18:50:58,10000.00,13.90,6.79,14.40,9.29,17.30,14.50
2026-04-12 18:50:59,10000.00,14.00,6.63,14.40,8.92,17.50,14.60
2026-04-12 18:50:59,10000.00,14.10,6.68,14.40,9.31,17.40,14.50
2026-04-12 18:50:59,10000.00,14.00,6.68,14.40,9.18,17.40,14.50
2026-04-12 18:51:00,10000.00,14.00,6.77,14.40,9.52,17.50,14.40
2026-04-12 18:51:00,10000.00,13.90,6.76,14.40,9.61,17.60,14.40
2026-04-12 18:51:00,10000.00,13.90,6.73,14.40,9.48,17.40,14.40
2026-04-12 18:51:01,10000.00,13.90,6.75,14.40,9.64,17.40,14.40
2026-04-12 18:51:01,10000.00,13.90,6.76,14.40,9.54,17.30,14.40
2026-04-12 18:51:02,10000.00,13.90,6.79,14.40,9.27,17.20,14.40
2026-04-12 18:51:02,10000.00,13.90,6.76,14.40,9.66,17.50,14.40
2026-04-12 18:51:02,10000.00,13.90,6.77,14.40,9.63,17.30,14.40
2026-04-12 18:51:03,10000.00,13.90,6.75,14.40,9.54,17.50,14.40
2026-04-12 18:51:03,10000.00,13.90,6.75,14.40,9.72,17.20,14.40
2026-04-12 18:51:03,10000.00,13.90,6.77,14.40,9.72,17.50,14.40
2026-04-12 18:51:04,10000.00,13.90,6.74,14.40,9.67,17.30,14.40
2026-04-12 18:51:04,10000.00,13.90,6.70,14.40,9.04,17.10,14.50
2026-04-12 18:51:04,10000.00,14.00,6.53,14.40,9.01,17.40,14.60
2026-04-12 18:51:05,10000.00,14.10,6.61,14.40,8.78,17.30,14.60
2026-04-12 18:51:05,10000.00,14.10,6.62,14.40,9.21,17.40,14.50
2026-04-12 18:51:05,10000.00,14.00,6.67,14.40,9.40,17.40,14.50
2026-04-12 18:51:06,10000.00,14.00,6.74,14.40,9.40,17.50,14.50
2026-04-12 18:51:06,10000.00,14.00,6.75,14.40,9.40,17.60,14.40
2026-04-12 18:51:06,10000.00,13.90,6.66,14.40,9.15,17.40,14.50
2026-04-12 18:51:07,10000.00,14.10,6.72,14.40,9.18,17.50,14.50
2026-04-12 18:51:07,10000.00,14.00,6.70,14.40,8.95,17.40,14.60
2026-04-12 18:51:08,10000.00,14.10,6.65,14.40,9.19,17.50,14.50
2026-04-12 18:51:08,10000.00,14.00,6.68,14.40,9.29,17.40,14.50
2026-04-12 18:51:08,10000.00,14.00,6.72,14.40,8.95,17.50,14.60
2026-04-12 18:51:09,10000.00,14.10,6.64,14.40,9.07,17.40,14.50
2026-04-12 18:51:09,10000.00,14.00,6.72,14.40,9.41,17.40,14.40
2026-04-12 18:51:09,10000.00,14.00,6.73,14.40,9.26,17.20,14.40
2026-04-12 18:51:10,10000.00,14.00,6.61,14.40,9.15,17.30,14.50
2026-04-12 18:51:10,10000.00,14.10,6.66,14.40,9.26,17.40,14.50
2026-04-12 18:51:10,10000.00,14.00,6.71,14.40,9.29,17.30,14.50
2026-04-12 18:51:11,10000.00,14.00,6.38,14.40,8.98,17.40,14.60
2026-04-12 18:51:11,10000.00,14.10,6.65,14.40,9.29,17.60,14.50
2026-04-12 18:51:11,10000.00,14.00,6.70,14.40,9.41,17.40,14.50
2026-04-12 18:51:12,10000.00,14.00,6.74,14.40,9.54,17.40,14.40
2026-04-12 18:51:12,10000.00,13.90,6.73,14.40,9.49,17.30,14.40
2026-04-12 18:51:13,10000.00,14.00,6.76,14.40,9.60,17.30,14.40
2026-04-12 18:51:13,10000.00,13.90,6.76,14.40,9.66,17.40,14.40
2026-04-12 18:51:13,10000.00,13.90,6.73,14.40,9.27,17.50,14.50
2026-04-12 18:51:14,10000.00,14.00,6.69,14.40,9.02,17.20,14.50
2026-04-12 18:51:14,10000.00,14.00,6.71,14.40,9.42,17.20,14.50
2026-04-12 18:51:14,10000.00,14.00,6.69,14.40,9.50,17.50,14.40
2026-04-12 18:51:15,10000.00,13.90,6.79,14.40,9.57,17.40,14.40
2026-04-12 18:51:15,10000.00,14.00,6.66,14.40,9.12,17.30,14.50
2026-04-12 18:51:15,10000.00,14.10,6.65,14.40,9.03,17.30,14.50
2026-04-12 18:51:16,10000.00,14.10,6.59,14.40,9.16,17.50,14.50
2026-04-12 18:51:16,10000.00,14.00,6.62,14.40,9.56,17.30,14.40
2026-04-12 18:51:16,10000.00,14.00,6.75,14.40,9.47,17.40,14.40
2026-04-12 18:51:17,10000.00,13.90,6.66,14.40,9.18,17.40,14.50
2026-04-12 18:51:17,10000.00,14.10,6.68,14.40,9.14,17.50,14.50
2026-04-12 18:51:17,10000.00,14.00,6.66,14.40,9.43,17.40,14.50
2026-04-12 18:51:18,10000.00,14.00,6.74,14.40,9.45,17.50,14.40
2026-04-12 18:51:18,10000.00,13.90,6.72,14.40,9.61,17.50,14.40
2026-04-12 18:51:19,10000.00,14.00,6.75,14.40,9.52,17.40,14.40
2026-04-12 18:51:19,10000.00,13.90,6.74,14.40,9.59,17.60,14.40
2026-04-12 18:51:19,10000.00,13.90,6.65,14.40,9.23,17.50,14.50
2026-04-12 18:51:20,10000.00,14.10,6.71,14.40,9.28,17.30,14.50
2026-04-12 18:51:20,10000.00,14.00,6.73,14.40,9.35,17.40,14.40
2026-04-12 18:51:20,10000.00,13.90,6.63,14.40,8.93,17.00,14.50
2026-04-12 18:51:21,10000.00,14.00,6.66,14.40,9.00,17.30,14.60
2026-04-12 18:51:21,10000.00,14.10,6.66,14.40,9.07,17.30,14.50
2026-04-12 18:51:21,10000.00,14.00,6.72,14.40,9.45,17.40,14.50
2026-04-12 18:51:22,10000.00,14.00,6.75,14.40,9.52,17.50,14.40
2026-04-12 18:51:22,10000.00,14.00,6.72,14.40,9.58,17.50,14.40
2026-04-12 18:51:22,10000.00,13.90,6.78,14.40,9.57,17.50,14.40
2026-04-12 18:51:23,10000.00,13.90,6.72,14.40,9.25,17.40,14.50
2026-04-12 18:51:23,10000.00,14.00,6.71,14.40,9.11,17.30,14.50
2026-04-12 18:51:23,10000.00,14.00,6.71,14.40,9.45,17.40,14.50
2026-04-12 18:51:24,10000.00,13.90,6.73,14.40,9.55,17.50,14.40
2026-04-12 18:51:24,10000.00,13.90,6.72,14.40,9.57,17.40,14.40
2026-04-12 18:51:25,10000.00,13.90,6.75,14.40,9.65,17.30,14.40
2026-04-12 18:51:25,10000.00,14.00,6.76,14.40,9.70,17.50,14.40
2026-04-12 18:51:25,10000.00,13.90,6.78,14.40,9.55,17.60,14.40
2026-04-12 18:51:26,10000.00,13.90,6.75,14.40,9.53,16.90,14.40
2026-04-12 18:51:26,10000.00,13.90,6.56,14.40,9.28,17.40,14.50
2026-04-12 18:51:26,10000.00,14.00,6.59,14.40,8.86,17.30,14.60
2026-04-12 18:51:27,10000.00,14.10,6.62,14.40,9.20,17.60,14.50
2026-04-12 18:51:27,10000.00,14.00,6.68,14.40,9.50,17.50,14.50
2026-04-12 18:51:27,10000.00,14.00,6.72,14.40,9.48,17.30,14.40
2026-04-12 18:51:28,10000.00,13.90,6.71,14.40,9.55,17.50,14.40
2026-04-12 18:51:28,10000.00,13.90,6.76,14.40,9.67,17.40,14.40
2026-04-12 18:51:28,10000.00,13.90,6.77,14.40,9.42,17.40,14.40
2026-04-12 18:51:29,10000.00,13.90,6.71,14.40,9.65,17.30,14.40
2026-04-12 18:51:29,10000.00,13.90,6.76,14.40,9.69,17.40,14.40
2026-04-12 18:51:29,10000.00,13.90,6.76,14.40,9.11,17.20,14.50
2026-04-12 18:51:30,10000.00,14.00,6.64,14.40,9.20,17.50,14.50
2026-04-12 18:51:30,10000.00,14.00,6.74,14.40,9.55,17.30,14.40
2026-04-12 18:51:31,10000.00,13.90,6.72,14.40,9.53,17.50,14.40
2026-04-12 18:51:31,10000.00,13.90,6.78,14.40,9.54,17.40,14.40
2026-04-12 18:51:31,10000.00,13.90,6.64,14.40,9.09,17.30,14.50
2026-04-12 18:51:32,10000.00,14.00,6.62,14.40,8.85,17.20,14.60
2026-04-12 18:51:32,10000.00,14.10,6.63,14.40,9.07,17.40,14.50
2026-04-12 18:51:32,10000.00,14.00,6.69,14.40,8.86,17.40,14.60
2026-04-12 18:51:33,10000.00,14.10,6.63,14.40,8.90,17.10,14.50
2026-04-12 18:51:33,10000.00,14.00,6.68,14.40,9.30,17.50,14.50
2026-04-12 18:51:33,10000.00,14.00,6.71,14.40,9.34,17.40,14.50
2026-04-12 18:51:34,10000.00,14.00,6.76,14.40,9.45,17.40,14.40
2026-04-12 18:51:34,10000.00,13.90,6.76,14.40,9.60,17.40,14.40
2026-04-12 18:51:34,10000.00,13.90,6.77,14.40,9.57,17.60,14.40
2026-04-12 18:51:35,10000.00,13.90,6.75,14.40,9.62,17.50,14.40
2026-04-12 18:51:35,10000.00,13.90,6.70,14.40,9.71,17.40,14.40
2026-04-12 18:51:35,10000.00,13.90,6.76,14.40,9.64,17.50,14.40
2026-04-12 18:51:36,10000.00,13.90,6.77,14.40,9.71,17.30,14.40
2026-04-12 18:51:36,10000.00,13.90,6.80,14.40,9.69,17.40,14.40
2026-04-12 18:51:37,10000.00,13.90,6.78,14.40,9.54,17.20,14.40
2026-04-12 18:51:37,10000.00,13.90,6.72,14.40,9.11,17.40,14.50
2026-04-12 18:51:37,10000.00,14.00,6.57,14.40,8.93,17.30,14.60
2026-04-12 18:51:38,10000.00,14.10,6.68,14.40,9.20,17.50,14.50
2026-04-12 18:51:38,10000.00,14.00,6.72,14.40,9.39,17.20,14.40
2026-04-12 18:51:38,10000.00,14.00,6.74,14.40,9.48,17.40,14.40
2026-04-12 18:51:39,10000.00,13.90,6.75,14.40,9.40,17.10,14.40
2026-04-12 18:51:39,10000.00,13.90,6.76,14.40,9.46,17.40,14.40
2026-04-12 18:51:39,10000.00,13.90,6.75,14.40,8.95,17.40,14.50
2026-04-12 18:51:40,10000.00,14.10,6.69,14.40,9.13,17.40,14.40
2026-04-12 18:51:40,10000.00,14.00,6.66,14.40,9.37,17.40,14.40
2026-04-12 18:51:40,10000.00,13.90,6.73,14.40,9.52,17.40,14.40
2026-04-12 18:51:41,10000.00,13.90,6.76,14.40,9.30,17.50,14.40
2026-04-12 18:51:41,10000.00,13.90,6.75,14.40,9.63,17.40,14.40
2026-04-12 18:51:41,10000.00,13.90,6.72,14.40,9.70,17.40,14.40
2026-04-12 18:51:42,10000.00,13.90,6.72,14.40,9.71,17.50,14.40
2026-04-12 18:51:42,10000.00,13.90,6.75,14.40,9.58,17.40,14.40
2026-04-12 18:51:43,10000.00,14.00,6.61,14.40,9.21,17.50,14.50
2026-04-12 18:51:43,10000.00,14.00,6.66,14.40,9.28,17.40,14.40
2026-04-12 18:51:43,10000.00,14.00,6.72,14.40,9.48,17.50,14.40
2026-04-12 18:51:44,10000.00,13.90,6.73,14.40,9.56,17.40,14.40
2026-04-12 18:51:44,10000.00,13.90,6.75,14.40,9.67,17.40,14.40
2026-04-12 18:51:44,10000.00,13.90,6.73,14.40,9.77,17.40,14.40
2026-04-12 18:51:45,10000.00,13.90,6.70,14.40,9.19,17.40,14.50
2026-04-12 18:51:45,10000.00,14.00,6.68,14.40,9.29,17.40,14.50
2026-04-12 18:51:45,10000.00,14.00,6.62,14.40,8.92,17.30,14.60
2026-04-12 18:51:46,10000.00,14.00,6.66,14.40,9.29,17.50,14.50
2026-04-12 18:51:46,10000.00,14.00,6.75,14.40,9.32,17.50,14.40
2026-04-12 18:51:46,10000.00,13.90,6.76,14.40,9.46,17.50,14.40
2026-04-12 18:51:47,10000.00,13.90,6.74,14.40,9.63,17.50,14.40
2026-04-12 18:51:47,10000.00,13.90,6.70,14.40,9.61,17.40,14.40
2026-04-12 18:51:47,10000.00,13.90,6.68,14.40,9.04,17.30,14.50
2026-04-12 18:51:48,10000.00,14.00,6.61,14.40,8.81,17.30,14.50
2026-04-12 18:51:48,10000.00,14.10,6.66,14.40,9.07,17.10,14.50
2026-04-12 18:51:49,10000.00,14.00,6.66,14.40,9.32,17.40,14.50
2026-04-12 18:51:49,10000.00,14.00,6.67,14.40,9.39,17.40,14.40
2026-04-12 18:51:49,10000.00,14.00,6.75,14.40,9.41,17.50,14.40
2026-04-12 18:51:50,10000.00,13.90,6.75,14.40,9.39,17.20,14.40
2026-04-12 18:51:50,10000.00,13.90,6.78,14.40,9.58,17.20,14.40
2026-04-12 18:51:50,10000.00,13.90,6.74,14.40,9.67,17.20,14.40
2026-04-12 18:51:51,10000.00,13.90,6.78,14.40,9.62,17.40,14.40
2026-04-12 18:51:51,10000.00,13.90,6.79,14.40,9.72,17.40,14.40
2026-04-12 18:51:51,10000.00,13.90,6.80,14.40,9.61,17.30,14.40
2026-04-12 18:51:52,10000.00,13.90,6.75,14.40,9.69,17.40,14.40
2026-04-12 18:51:52,10000.00,13.90,6.74,14.40,9.79,17.30,14.40
2026-04-12 18:51:52,10000.00,13.90,6.75,14.40,9.67,17.40,14.40
2026-04-12 18:51:53,10000.00,13.90,6.77,14.40,9.75,17.40,14.40
2026-04-12 18:51:53,10000.00,13.90,6.77,14.40,9.34,17.50,14.50
2026-04-12 18:51:53,10000.00,14.00,6.62,14.40,9.09,17.50,14.60
2026-04-12 18:51:54,10000.00,14.10,6.64,14.40,9.21,17.40,14.50
2026-04-12 18:51:54,10000.00,14.00,6.71,14.40,9.51,17.40,14.40
2026-04-12 18:51:55,10000.00,14.00,6.72,14.40,9.64,17.60,14.40
2026-04-12 18:51:55,10000.00,13.90,6.70,14.40,9.59,17.40,14.40
2026-04-12 18:51:55,10000.00,13.90,6.75,14.40,9.60,17.30,14.40
2026-04-12 18:51:56,10000.00,13.90,6.77,14.40,9.43,17.50,14.40
2026-04-12 18:51:56,10000.00,13.90,6.76,14.40,9.55,17.30,14.40
2026-04-12 18:51:56,10000.00,13.90,6.75,14.40,9.63,17.40,14.40
2026-04-12 18:51:57,10000.00,13.90,6.73,14.40,9.69,17.50,14.40
2026-04-12 18:51:57,10000.00,13.90,6.72,14.40,9.70,17.40,14.40
2026-04-12 18:51:57,10000.00,13.90,6.75,14.40,9.71,17.50,14.40
2026-04-12 18:51:58,10000.00,13.90,6.76,14.40,9.72,17.50,14.40
2026-04-12 18:51:58,10000.00,13.90,6.73,14.40,9.63,17.40,14.40
2026-04-12 18:51:58,10000.00,13.90,6.77,14.40,9.70,17.50,14.50
2026-04-12 18:51:59,10000.00,14.00,6.72,14.40,9.52,17.50,14.40
2026-04-12 18:51:59,10000.00,13.90,6.73,14.40,9.58,17.30,14.40
2026-04-12 18:51:59,10000.00,13.90,6.67,14.40,9.10,17.40,14.50
2026-04-12 18:52:00,10000.00,14.00,6.66,14.40,9.38,17.40,14.40
2026-04-12 18:52:00,10000.00,14.00,6.71,14.40,9.50,17.50,14.40
2026-04-12 18:52:01,10000.00,13.90,6.72,14.40,8.98,17.30,14.50
2026-04-12 18:52:01,10000.00,14.10,6.71,14.40,9.34,17.50,14.50
2026-04-12 18:52:01,10000.00,14.00,6.71,14.40,9.49,17.50,14.40
2026-04-12 18:52:02,10000.00,14.00,6.72,14.40,9.64,17.40,14.40
2026-04-12 18:52:02,10000.00,14.00,6.72,14.40,9.64,17.40,14.40
2026-04-12 18:52:02,10000.00,13.90,6.75,14.40,9.61,17.50,14.40
2026-04-12 18:52:03,10000.00,13.90,6.76,14.40,9.67,17.40,14.40
2026-04-12 18:52:03,10000.00,13.90,6.75,14.40,9.77,17.30,14.40
2026-04-12 18:52:03,10000.00,13.90,6.79,14.40,9.62,17.20,14.40
2026-04-12 18:52:04,10000.00,13.90,6.77,14.40,9.58,17.40,14.40
2026-04-12 18:52:04,10000.00,13.90,6.68,14.40,9.16,17.50,14.50
2026-04-12 18:52:04,10000.00,14.00,6.72,14.40,9.09,17.50,14.50
2026-04-12 18:52:05,10000.00,14.00,6.71,14.40,9.40,17.40,14.40
2026-04-12 18:52:05,10000.00,13.90,6.76,14.40,9.58,17.20,14.40
2026-04-12 18:52:05,10000.00,13.90,6.76,14.40,9.54,17.40,14.40
2026-04-12 18:52:06,10000.00,13.90,6.78,14.40,9.58,17.20,14.40
2026-04-12 18:52:06,10000.00,13.90,6.76,14.40,9.79,17.40,14.40
2026-04-12 18:52:06,10000.00,13.90,6.80,14.40,9.30,17.40,14.50
2026-04-12 18:52:07,10000.00,14.00,6.70,14.40,9.13,17.40,14.40
2026-04-12 18:52:07,10000.00,14.00,6.75,14.40,9.48,17.40,14.40
2026-04-12 18:52:08,10000.00,13.90,6.75,14.40,9.60,17.40,14.40
2026-04-12 18:52:08,10000.00,13.90,6.79,14.40,9.44,17.40,14.40
2026-04-12 18:52:08,10000.00,13.90,6.72,14.40,9.70,17.30,14.40
2026-04-12 18:52:09,10000.00,13.90,6.75,14.40,9.70,17.40,14.40
2026-04-12 18:52:09,10000.00,13.90,6.75,14.40,9.59,17.30,14.40
2026-04-12 18:52:09,10000.00,14.00,6.54,14.40,9.14,17.30,14.50
2026-04-12 18:52:10,10000.00,14.00,6.72,14.40,9.62,17.30,14.40
2026-04-12 18:52:10,10000.00,13.90,6.68,14.40,9.10,17.30,14.50
2026-04-12 18:52:10,10000.00,14.00,6.68,14.40,9.38,17.40,14.50
2026-04-12 18:52:11,10000.00,14.00,6.74,14.40,9.39,16.20,14.40
2026-04-12 18:52:11,10000.00,13.90,6.72,14.40,9.62,17.50,14.40
2026-04-12 18:52:11,10000.00,13.90,6.77,14.40,9.57,17.40,14.40
2026-04-12 18:52:12,10000.00,13.90,6.72,14.40,9.75,17.30,14.40
2026-04-12 18:52:12,10000.00,13.90,6.78,14.40,9.64,17.60,14.40
2026-04-12 18:52:12,10000.00,13.90,6.65,14.40,9.14,17.50,14.50
2026-04-12 18:52:13,10000.00,14.00,6.68,14.40,9.28,17.40,14.40
2026-04-12 18:52:13,10000.00,14.00,6.72,14.40,9.46,17.40,14.40
2026-04-12 18:52:14,10000.00,13.90,6.75,14.40,9.55,17.30,14.40
2026-04-12 18:52:14,10000.00,13.90,6.76,14.40,9.42,17.40,14.50
2026-04-12 18:52:14,10000.00,14.00,6.67,14.40,9.21,17.40,14.40
2026-04-12 18:52:15,10000.00,14.00,6.65,14.40,9.06,17.30,14.50
2026-04-12 18:52:15,10000.00,14.10,6.59,14.40,8.76,17.30,14.60
2026-04-12 18:52:15,10000.00,14.10,6.62,14.40,9.01,17.30,14.50
2026-04-12 18:52:16,10000.00,14.00,6.70,14.40,9.22,17.30,14.40
2026-04-12 18:52:16,10000.00,13.90,6.74,14.40,9.50,17.60,14.40
2026-04-12 18:52:16,10000.00,13.90,6.72,14.40,9.46,17.40,14.40
2026-04-12 18:52:17,10000.00,14.00,6.76,14.40,9.59,17.40,14.40
2026-04-12 18:52:17,10000.00,13.90,6.73,14.40,9.71,17.40,14.40
2026-04-12 18:52:17,10000.00,13.90,6.73,14.40,9.70,17.40,14.40
2026-04-12 18:52:18,10000.00,13.90,6.74,14.40,9.50,17.50,14.40
2026-04-12 18:52:18,10000.00,13.90,6.77,14.40,9.48,17.40,14.40
2026-04-12 18:52:19,10000.00,13.90,6.78,14.40,9.70,17.50,14.40
2026-04-12 18:52:19,10000.00,13.90,6.75,14.40,9.57,17.50,14.40
2026-04-12 18:52:19,10000.00,13.90,6.74,14.40,9.71,17.40,14.40
2026-04-12 18:52:20,10000.00,13.90,6.70,14.40,9.17,17.40,14.50
2026-04-12 18:52:20,10000.00,14.10,6.56,14.40,8.80,17.30,14.50
2026-04-12 18:52:20,10000.00,14.00,6.59,14.40,8.79,17.30,14.50
2026-04-12 18:52:21,10000.00,14.10,6.50,14.40,8.72,17.40,14.60
2026-04-12 18:52:21,10000.00,14.10,6.61,14.40,8.60,17.40,14.60
2026-04-12 18:52:21,10000.00,14.10,6.59,14.40,9.02,17.40,14.50
2026-04-12 18:52:22,10000.00,14.00,6.63,14.40,9.19,17.40,14.50
2026-04-12 18:52:22,10000.00,14.00,6.66,14.40,8.93,17.50,14.60
2026-04-12 18:52:22,10000.00,14.10,6.62,14.40,8.99,17.40,14.50
2026-04-12 18:52:23,10000.00,14.00,6.66,14.40,9.32,17.40,14.50
2026-04-12 18:52:23,10000.00,14.00,6.75,14.40,9.30,17.50,14.40
2026-04-12 18:52:24,10000.00,14.00,6.75,14.40,9.58,17.30,14.40
2026-04-12 18:52:24,10000.00,14.00,6.78,14.40,9.52,17.50,14.40
2026-04-12 18:52:24,10000.00,14.00,6.74,14.40,9.57,17.30,14.40
2026-04-12 18:52:25,10000.00,13.90,6.70,14.40,9.09,17.40,14.50
2026-04-12 18:52:25,10000.00,14.00,6.69,14.40,9.08,17.20,14.50
2026-04-12 18:52:25,10000.00,14.00,6.69,14.40,9.38,17.50,14.40
2026-04-12 18:52:26,10000.00,14.00,6.75,14.40,9.52,17.30,14.40
2026-04-12 18:52:26,10000.00,14.00,6.59,14.40,9.12,17.30,14.50
2026-04-12 18:52:26,10000.00,14.10,6.61,14.40,8.89,17.20,14.60
2026-04-12 18:52:27,10000.00,14.10,6.66,14.40,9.14,17.50,14.50
2026-04-12 18:52:27,10000.00,14.00,6.60,14.40,8.85,17.30,14.60
2026-04-12 18:52:27,10000.00,14.10,6.60,14.40,9.04,17.50,14.50
2026-04-12 18:52:28,10000.00,14.00,6.69,14.40,9.23,17.40,14.50
2026-04-12 18:52:28,10000.00,14.00,6.74,14.40,9.45,17.50,14.40
2026-04-12 18:52:28,10000.00,14.00,6.71,14.40,9.47,17.50,14.40
2026-04-12 18:52:29,10000.00,14.00,6.67,14.40,9.57,17.40,14.40
2026-04-12 18:52:29,10000.00,13.90,6.75,14.40,9.67,17.50,14.40
2026-04-12 18:52:30,10000.00,13.90,6.78,14.40,9.57,17.50,14.40
2026-04-12 18:52:30,10000.00,13.90,6.76,14.40,9.63,17.20,14.40
2026-04-12 18:52:30,10000.00,13.90,6.75,14.40,9.50,17.30,14.40
2026-04-12 18:52:31,10000.00,13.90,6.76,14.40,9.62,17.50,14.40
2026-04-12 18:52:31,10000.00,13.90,6.80,14.40,9.55,17.40,14.40
2026-04-12 18:52:31,10000.00,13.90,6.76,14.40,9.48,17.40,14.40
2026-04-12 18:52:32,10000.00,14.00,6.62,14.40,9.21,17.40,14.50
2026-04-12 18:52:32,10000.00,14.00,6.71,14.40,9.44,17.40,14.50
2026-04-12 18:52:32,10000.00,14.00,6.75,14.40,9.40,17.50,14.40
2026-04-12 18:52:33,10000.00,13.90,6.71,14.40,9.54,17.40,14.40
2026-04-12 18:52:33,10000.00,14.00,6.77,14.40,9.68,17.60,14.40
2026-04-12 18:52:33,10000.00,13.90,6.75,14.40,9.60,17.40,14.40
2026-04-12 18:52:34,10000.00,13.90,6.76,14.40,9.66,17.40,14.40
2026-04-12 18:52:34,10000.00,13.90,6.69,14.40,9.24,17.40,14.50
2026-04-12 18:52:34,10000.00,14.00,6.67,14.40,9.33,17.40,14.40
2026-04-12 18:52:35,10000.00,14.00,6.73,14.40,9.45,17.50,14.40
2026-04-12 18:52:35,10000.00,13.90,6.75,14.40,9.60,17.60,14.40
2026-04-12 18:52:36,10000.00,13.90,6.70,14.40,9.61,17.40,14.40
2026-04-12 18:52:36,10000.00,13.90,6.74,14.40,9.62,17.50,14.40
2026-04-12 18:52:36,10000.00,13.90,6.80,14.40,9.60,17.40,14.40
2026-04-12 18:52:37,10000.00,13.90,6.74,14.40,9.66,17.40,14.40
2026-04-12 18:52:37,10000.00,14.00,6.67,14.40,9.05,17.00,14.40
2026-04-12 18:52:37,10000.00,14.00,6.69,14.40,9.43,17.20,14.40
2026-04-12 18:52:38,10000.00,13.90,6.69,14.40,8.98,17.20,14.50
2026-04-12 18:52:38,10000.00,14.10,6.67,14.40,9.11,17.50,14.40
2026-04-12 18:52:38,10000.00,14.00,6.66,14.40,9.46,17.40,14.40
2026-04-12 18:52:39,10000.00,14.00,6.76,14.40,9.61,17.40,14.40
2026-04-12 18:52:39,10000.00,14.00,6.77,14.40,9.50,17.50,14.40
2026-04-12 18:52:39,10000.00,13.90,6.73,14.40,9.70,17.30,14.40
2026-04-12 18:52:40,10000.00,13.90,6.75,14.40,9.55,17.60,14.40
2026-04-12 18:52:40,10000.00,13.90,6.69,14.40,9.20,17.30,14.50
2026-04-12 18:52:40,10000.00,14.00,6.64,14.40,9.32,17.60,14.40
2026-04-12 18:52:41,10000.00,14.00,6.72,14.40,9.60,16.90,14.40
2026-04-12 18:52:41,10000.00,14.00,6.68,14.40,9.06,17.50,14.50
2026-04-12 18:52:42,10000.00,14.00,6.66,14.40,9.40,17.50,14.50
2026-04-12 18:52:42,10000.00,14.00,6.72,14.40,9.45,17.40,14.40
2026-04-12 18:52:42,10000.00,13.90,6.73,14.40,9.43,17.30,14.40
2026-04-12 18:52:43,10000.00,14.00,6.69,14.40,9.07,17.50,14.50
2026-04-12 18:52:43,10000.00,14.00,6.67,14.40,9.42,17.30,14.40
2026-04-12 18:52:43,10000.00,14.00,6.71,14.40,9.33,17.50,14.40
2026-04-12 18:52:44,10000.00,14.00,6.69,14.40,9.55,17.30,14.40
2026-04-12 18:52:44,10000.00,13.90,6.70,14.40,9.25,17.70,14.50
2026-04-12 18:52:44,10000.00,14.00,6.71,14.40,9.40,17.50,14.40
2026-04-12 18:52:45,10000.00,14.00,6.77,14.40,9.43,17.50,14.40
2026-04-12 18:52:45,10000.00,14.00,6.73,14.40,9.62,17.40,14.40
2026-04-12 18:52:45,10000.00,13.90,6.69,14.40,9.43,17.40,14.40
2026-04-12 18:52:46,10000.00,14.00,6.78,14.40,9.57,17.60,14.40
2026-04-12 18:52:46,10000.00,13.90,6.76,14.40,9.45,17.40,14.40
2026-04-12 18:52:46,10000.00,13.90,6.69,14.40,9.58,17.00,14.40
2026-04-12 18:52:47,10000.00,13.90,6.76,14.40,9.73,17.40,14.40
2026-04-12 18:52:47,10000.00,13.90,6.78,14.40,9.61,17.40,14.40
2026-04-12 18:52:48,10000.00,13.90,6.76,14.40,9.26,17.40,14.40
2026-04-12 18:52:48,10000.00,14.00,6.66,14.40,9.17,17.40,14.50
2026-04-12 18:52:48,10000.00,14.00,6.67,14.40,9.21,17.40,14.50
2026-04-12 18:52:49,10000.00,14.00,6.71,14.40,9.46,17.20,14.40
2026-04-12 18:52:49,10000.00,14.00,6.75,14.40,9.45,17.50,14.40
2026-04-12 18:52:49,10000.00,13.90,6.72,14.40,9.48,17.40,14.40
2026-04-12 18:52:50,10000.00,13.90,6.70,14.40,9.65,17.30,14.40
2026-04-12 18:52:50,10000.00,13.90,6.78,14.40,9.75,17.50,14.40
2026-04-12 18:52:50,10000.00,13.90,6.81,14.40,9.46,17.50,14.50
2026-04-12 18:52:51,10000.00,14.00,6.68,14.40,8.98,17.50,14.50
2026-04-12 18:52:51,10000.00,14.10,6.66,14.40,9.23,17.60,14.50
2026-04-12 18:52:51,10000.00,14.00,6.72,14.40,9.36,17.40,14.40
2026-04-12 18:52:52,10000.00,13.90,6.76,14.40,9.42,17.40,14.40
2026-04-12 18:52:52,10000.00,13.90,6.76,14.40,9.58,17.50,14.40
2026-04-12 18:52:52,10000.00,13.90,6.78,14.40,9.57,17.40,14.40
2026-04-12 18:52:53,10000.00,13.90,6.73,14.40,9.40,17.30,14.40
2026-04-12 18:52:53,10000.00,13.90,6.68,14.40,8.98,17.20,14.40
2026-04-12 18:52:54,10000.00,14.00,6.55,14.40,9.01,17.20,14.50
2026-04-12 18:52:54,10000.00,14.10,6.69,14.40,9.25,17.40,14.50
2026-04-12 18:52:54,10000.00,14.00,6.70,14.40,9.27,17.40,14.40
2026-04-12 18:52:55,10000.00,13.90,6.74,14.40,9.34,17.60,14.40
2026-04-12 18:52:55,10000.00,13.90,6.70,14.40,9.49,17.50,14.40
2026-04-12 18:52:55,10000.00,13.90,6.74,14.40,9.67,17.40,14.40
2026-04-12 18:52:56,10000.00,13.90,6.76,14.40,9.52,17.50,14.40
2026-04-12 18:52:56,10000.00,13.90,6.78,14.40,9.63,17.20,14.40
2026-04-12 18:52:56,10000.00,13.90,6.79,14.40,9.37,17.40,14.40
2026-04-12 18:52:57,10000.00,13.90,6.74,14.40,9.17,17.40,14.50
2026-04-12 18:52:57,10000.00,14.00,6.73,14.40,9.01,17.10,14.40
2026-04-12 18:52:57,10000.00,14.00,6.71,14.40,9.46,17.30,14.40
2026-04-12 18:52:58,10000.00,13.90,6.73,14.40,9.49,17.40,14.40
2026-04-12 18:52:58,10000.00,13.90,6.77,14.40,9.59,17.40,14.40
2026-04-12 18:52:58,10000.00,13.90,6.67,14.40,9.05,17.30,14.50
2026-04-12 18:52:59,10000.00,14.00,6.58,14.40,8.90,17.40,14.60
2026-04-12 18:52:59,10000.00,14.10,6.58,14.40,9.21,17.50,14.50
2026-04-12 18:53:00,10000.00,14.00,6.68,14.40,9.37,17.30,14.40
2026-04-12 18:53:00,10000.00,14.00,6.77,14.40,9.27,17.40,14.40
2026-04-12 18:53:00,10000.00,13.90,6.72,14.40,9.59,17.40,14.40
2026-04-12 18:53:01,10000.00,13.90,6.77,14.40,9.58,17.30,14.40
2026-04-12 18:53:01,10000.00,13.90,6.75,14.40,9.66,17.50,14.40
2026-04-12 18:53:01,10000.00,13.90,6.72,14.40,9.63,17.20,14.40
2026-04-12 18:53:02,10000.00,13.90,6.71,14.40,9.39,17.50,14.40
2026-04-12 18:53:02,10000.00,13.90,6.74,14.40,9.69,17.40,14.40
2026-04-12 18:53:02,10000.00,13.90,6.74,14.40,9.68,17.50,14.40
2026-04-12 18:53:03,10000.00,13.90,6.76,14.40,9.60,17.50,14.40
2026-04-12 18:53:03,10000.00,13.90,6.80,14.40,9.60,17.30,14.40
2026-04-12 18:53:03,10000.00,13.90,6.76,14.40,9.63,17.30,14.40
2026-04-12 18:53:04,10000.00,13.90,6.75,14.40,9.14,17.30,14.50
2026-04-12 18:53:04,10000.00,14.00,6.64,14.40,9.01,17.30,14.40
2026-04-12 18:53:04,10000.00,14.00,6.57,14.40,8.94,17.50,14.50
2026-04-12 18:53:05,10000.00,14.00,6.66,14.40,9.15,17.40,14.50
2026-04-12 18:53:05,10000.00,14.00,6.65,14.40,9.44,17.30,14.40
2026-04-12 18:53:06,10000.00,14.00,6.69,14.40,9.49,17.50,14.40
2026-04-12 18:53:06,10000.00,13.90,6.77,14.40,9.50,17.40,14.40
2026-04-12 18:53:06,10000.00,13.90,6.65,14.40,9.11,17.50,14.50
2026-04-12 18:53:07,10000.00,14.00,6.66,14.40,9.29,17.30,14.50
2026-04-12 18:53:07,10000.00,14.00,6.72,14.40,9.32,17.40,14.40
2026-04-12 18:53:07,10000.00,13.90,6.72,14.40,9.45,17.30,14.40
2026-04-12 18:53:08,10000.00,13.90,6.74,14.40,9.58,17.20,14.40
2026-04-12 18:53:08,10000.00,13.90,6.74,14.40,9.71,17.50,14.40
2026-04-12 18:53:08,10000.00,13.90,6.76,14.40,9.40,17.40,14.50
2026-04-12 18:53:09,10000.00,14.00,6.68,14.40,9.27,17.60,14.40
2026-04-12 18:53:09,10000.00,14.00,6.72,14.40,9.63,17.40,14.40
2026-04-12 18:53:09,10000.00,13.90,6.75,14.40,9.23,17.50,14.50
2026-04-12 18:53:10,10000.00,14.00,6.59,14.40,8.95,17.50,14.60
2026-04-12 18:53:10,10000.00,14.10,6.60,14.40,9.23,17.50,14.50
2026-04-12 18:53:10,10000.00,14.00,6.72,14.40,9.42,17.30,14.40
2026-04-12 18:53:11,10000.00,14.00,6.74,14.40,9.36,17.40,14.40
2026-04-12 18:53:11,10000.00,14.00,6.71,14.40,9.73,17.40,14.40
2026-04-12 18:53:12,10000.00,13.90,6.78,14.40,9.65,17.60,14.40
2026-04-12 18:53:12,10000.00,13.90,6.76,14.40,9.72,17.40,14.40
2026-04-12 18:53:12,10000.00,13.90,6.67,14.40,9.00,17.40,14.50
2026-04-12 18:53:13,10000.00,14.00,6.68,14.40,9.34,17.40,14.50
2026-04-12 18:53:13,10000.00,14.00,6.73,14.40,9.27,17.50,14.40
2026-04-12 18:53:13,10000.00,13.90,6.64,14.40,9.00,17.30,14.50
2026-04-12 18:53:14,10000.00,14.00,6.61,14.40,9.21,17.40,14.50
2026-04-12 18:53:14,10000.00,14.00,6.72,14.40,9.53,17.40,14.40
2026-04-12 18:53:14,10000.00,13.90,6.70,14.40,9.35,17.60,14.40
2026-04-12 18:53:15,10000.00,13.90,6.70,14.40,9.46,17.30,14.40
2026-04-12 18:53:15,10000.00,13.90,6.57,14.40,9.07,17.50,14.50
2026-04-12 18:53:15,10000.00,14.00,6.66,14.40,9.29,17.30,14.40
2026-04-12 18:53:16,10000.00,14.00,6.73,14.40,9.44,17.50,14.40
2026-04-12 18:53:16,10000.00,13.90,6.76,14.40,9.66,17.40,14.40
2026-04-12 18:53:17,10000.00,13.90,6.76,14.40,9.73,17.40,14.40
2026-04-12 18:53:17,10000.00,13.90,6.75,14.40,9.08,17.20,14.50
2026-04-12 18:53:17,10000.00,14.00,6.67,14.40,9.30,17.40,14.40
2026-04-12 18:53:18,10000.00,14.00,6.72,14.40,9.48,17.50,14.40
2026-04-12 18:53:18,10000.00,13.90,6.78,14.40,9.53,17.30,14.40
2026-04-12 18:53:18,10000.00,13.90,6.75,14.40,9.53,17.30,14.40
2026-04-12 18:53:19,10000.00,13.90,6.78,14.40,9.63,17.20,14.40
2026-04-12 18:53:19,10000.00,13.90,6.72,14.40,9.51,17.40,14.40
2026-04-12 18:53:19,10000.00,13.90,6.76,14.40,9.10,17.10,14.50
2026-04-12 18:53:20,10000.00,14.00,6.71,14.40,9.29,17.30,14.40
2026-04-12 18:53:20,10000.00,13.90,6.73,14.40,9.31,17.30,14.40
2026-04-12 18:53:20,10000.00,14.00,6.56,14.40,8.95,17.40,14.50
2026-04-12 18:53:21,10000.00,14.10,6.58,14.40,8.80,17.40,14.60
2026-04-12 18:53:21,10000.00,14.10,6.60,14.40,9.16,17.50,14.50
2026-04-12 18:53:21,10000.00,14.00,6.71,14.40,9.36,17.30,14.40
2026-04-12 18:53:22,10000.00,14.00,6.64,14.40,8.86,17.50,14.50
2026-04-12 18:53:22,10000.00,14.10,6.69,14.40,9.17,17.40,14.50
2026-04-12 18:53:23,10000.00,14.00,6.67,14.40,9.32,17.50,14.40
2026-04-12 18:53:23,10000.00,13.90,6.68,14.40,9.50,17.30,14.40
2026-04-12 18:53:23,10000.00,13.90,6.67,14.40,9.64,17.50,14.40
2026-04-12 18:53:24,10000.00,14.00,6.76,14.40,9.61,17.50,14.40
2026-04-12 18:53:24,10000.00,13.90,6.75,14.40,9.67,17.50,14.40
2026-04-12 18:53:24,10000.00,13.90,6.76,14.40,9.69,17.40,14.40
2026-04-12 18:53:25,10000.00,13.90,6.76,14.40,9.59,17.60,14.40
2026-04-12 18:53:25,10000.00,13.90,6.72,14.40,9.58,17.30,14.40
2026-04-12 18:53:25,10000.00,13.90,6.77,14.40,9.55,17.40,14.40
2026-04-12 18:53:26,10000.00,13.90,6.77,14.40,9.43,17.30,14.40
2026-04-12 18:53:26,10000.00,13.90,6.55,14.40,9.11,17.40,14.50
2026-04-12 18:53:26,10000.00,14.00,6.69,14.40,8.88,17.20,14.60
2026-04-12 18:53:27,10000.00,14.10,6.62,14.40,8.92,17.40,14.50
2026-04-12 18:53:27,10000.00,14.00,6.70,14.40,9.29,17.30,14.40
2026-04-12 18:53:27,10000.00,13.90,6.70,14.40,9.41,17.50,14.40
2026-04-12 18:53:28,10000.00,13.90,6.76,14.40,9.50,17.50,14.40
2026-04-12 18:53:28,10000.00,13.90,6.74,14.40,9.60,17.40,14.40
2026-04-12 18:53:29,10000.00,13.90,6.72,14.40,9.68,17.30,14.40
2026-04-12 18:53:29,10000.00,13.90,6.77,14.40,9.61,17.50,14.40
2026-04-12 18:53:29,10000.00,13.90,6.72,14.40,9.47,17.40,14.40
2026-04-12 18:53:30,10000.00,13.90,6.75,14.40,9.70,17.30,14.40
2026-04-12 18:53:30,10000.00,13.90,6.77,14.40,9.62,17.50,14.40
2026-04-12 18:53:30,10000.00,13.90,6.79,14.40,9.75,17.30,14.40
2026-04-12 18:53:31,10000.00,13.90,6.77,14.40,9.58,17.50,14.40
2026-04-12 18:53:31,10000.00,13.90,6.78,14.40,9.66,17.30,14.40
2026-04-12 18:53:31,10000.00,13.90,6.68,14.40,9.03,17.10,14.40
2026-04-12 18:53:32,10000.00,14.00,6.68,14.40,9.01,16.90,14.50
2026-04-12 18:53:32,10000.00,14.00,6.73,14.40,9.28,17.40,14.40
2026-04-12 18:53:32,10000.00,13.90,6.73,14.40,9.03,17.40,14.50
2026-04-12 18:53:33,10000.00,14.10,6.67,14.40,8.94,17.40,14.50
2026-04-12 18:53:33,10000.00,14.00,6.72,14.40,9.40,17.20,14.40
2026-04-12 18:53:33,10000.00,13.90,6.74,14.40,9.43,17.50,14.40
2026-04-12 18:53:34,10000.00,13.90,6.76,14.40,9.49,17.50,14.40
2026-04-12 18:53:34,10000.00,13.90,6.75,14.40,9.63,17.40,14.40
2026-04-12 18:53:35,10000.00,13.90,6.78,14.40,9.78,17.30,14.40
2026-04-12 18:53:35,10000.00,13.90,6.77,14.40,9.68,17.50,14.40
2026-04-12 18:53:35,10000.00,13.90,6.81,14.40,9.74,17.50,14.40
2026-04-12 18:53:36,10000.00,13.90,6.80,14.40,9.77,17.50,14.40
2026-04-12 18:53:36,10000.00,13.90,6.75,14.40,9.66,17.50,14.40
2026-04-12 18:53:36,10000.00,13.90,6.73,14.40,9.35,17.40,14.50
2026-04-12 18:53:37,10000.00,14.00,6.70,14.40,9.39,17.50,14.40
2026-04-12 18:53:37,10000.00,14.00,6.65,14.40,8.91,17.30,14.50
2026-04-12 18:53:37,10000.00,14.10,6.69,14.40,9.36,17.40,14.50
2026-04-12 18:53:38,10000.00,13.90,6.73,14.40,9.53,17.50,14.40
2026-04-12 18:53:38,10000.00,13.90,6.70,14.40,9.12,17.50,14.50
2026-04-12 18:53:38,10000.00,14.00,6.63,14.40,8.79,17.30,14.50
2026-04-12 18:53:39,10000.00,14.00,6.67,14.40,9.04,17.10,14.40
2026-04-12 18:53:39,10000.00,14.00,6.71,14.40,9.33,17.50,14.40
2026-04-12 18:53:39,10000.00,13.90,6.67,14.40,9.06,17.10,14.50
2026-04-12 18:53:40,10000.00,14.00,6.65,14.40,9.13,17.40,14.40
2026-04-12 18:53:40,10000.00,14.00,6.71,14.40,9.46,17.30,14.40
2026-04-12 18:53:41,10000.00,14.00,6.69,14.40,9.41,17.40,14.40
2026-04-12 18:53:41,10000.00,13.90,6.75,14.40,9.56,17.40,14.40
2026-04-12 18:53:41,10000.00,13.90,6.73,14.40,9.43,17.20,14.40
2026-04-12 18:53:42,10000.00,13.90,6.71,14.40,9.17,17.30,14.50
2026-04-12 18:53:42,10000.00,14.00,6.68,14.40,9.26,17.40,14.50
2026-04-12 18:53:42,10000.00,14.00,6.71,14.40,8.80,17.10,14.50
2026-04-12 18:53:43,10000.00,14.00,6.67,14.40,9.26,17.40,14.50
2026-04-12 18:53:43,10000.00,13.90,6.72,14.40,9.37,17.40,14.40
2026-04-12 18:53:43,10000.00,13.90,6.77,14.40,9.43,17.60,14.40
2026-04-12 18:53:44,10000.00,13.90,6.75,14.40,9.62,17.40,14.40
2026-04-12 18:53:44,10000.00,13.90,6.72,14.40,9.64,17.50,14.40
2026-04-12 18:53:44,10000.00,13.90,6.72,14.40,9.60,17.30,14.40
2026-04-12 18:53:45,10000.00,13.90,6.76,14.40,9.74,17.50,14.40
2026-04-12 18:53:45,10000.00,13.90,6.71,14.40,9.54,17.30,14.40
2026-04-12 18:53:45,10000.00,13.90,6.74,14.40,9.65,17.20,14.40
2026-04-12 18:53:46,10000.00,13.90,6.76,14.40,9.20,17.60,14.50
2026-04-12 18:53:46,10000.00,14.00,6.69,14.40,9.43,17.30,14.40
2026-04-12 18:53:47,10000.00,13.90,6.73,14.40,9.45,17.50,14.40
2026-04-12 18:53:47,10000.00,13.90,6.72,14.40,9.69,17.30,14.40
2026-04-12 18:53:47,10000.00,13.90,6.78,14.40,9.57,17.30,14.40
2026-04-12 18:53:48,10000.00,13.90,6.80,14.40,9.53,17.40,14.40
2026-04-12 18:53:48,10000.00,13.90,6.62,14.40,9.11,17.30,14.50
2026-04-12 18:53:48,10000.00,14.10,6.57,14.40,9.29,17.50,14.50
2026-04-12 18:53:49,10000.00,14.00,6.72,14.40,9.41,17.40,14.40
2026-04-12 18:53:49,10000.00,13.90,6.65,14.40,9.00,17.20,14.50
2026-04-12 18:53:49,10000.00,14.10,6.67,14.40,9.13,17.30,14.50
2026-04-12 18:53:50,10000.00,14.00,6.69,14.40,9.49,17.50,14.40
2026-04-12 18:53:50,10000.00,13.90,6.72,14.40,9.58,17.40,14.40
2026-04-12 18:53:50,10000.00,13.90,6.75,14.40,9.54,17.50,14.40
2026-04-12 18:53:51,10000.00,13.90,6.75,14.40,9.58,17.50,14.40
2026-04-12 18:53:51,10000.00,13.90,6.71,14.40,9.52,17.50,14.40
2026-04-12 18:53:51,10000.00,13.90,6.68,14.40,9.60,17.50,14.40
2026-04-12 18:53:52,10000.00,13.90,6.77,14.40,9.60,17.30,14.40
2026-04-12 18:53:52,10000.00,13.90,6.74,14.40,9.65,17.30,14.40
2026-04-12 18:53:52,10000.00,13.90,6.77,14.40,9.49,17.40,14.40
2026-04-12 18:53:53,10000.00,13.90,6.76,14.40,9.40,17.20,14.40
2026-04-12 18:53:53,10000.00,13.90,6.80,14.40,9.46,17.40,14.40
2026-04-12 18:53:54,10000.00,13.90,6.70,14.40,9.15,17.40,14.40
2026-04-12 18:53:54,10000.00,14.00,6.70,14.40,9.48,17.30,14.40
2026-04-12 18:53:54,10000.00,13.90,6.75,14.40,9.68,17.30,14.40
2026-04-12 18:53:55,10000.00,13.90,6.79,14.40,9.65,17.30,14.40
2026-04-12 18:53:55,10000.00,13.90,6.68,14.40,9.15,17.50,14.50
2026-04-12 18:53:55,10000.00,14.00,6.64,14.40,9.26,17.30,14.40
2026-04-12 18:53:56,10000.00,14.00,6.76,14.40,9.45,17.30,14.40
2026-04-12 18:53:56,10000.00,13.90,6.78,14.40,9.28,17.50,14.40
2026-04-12 18:53:56,10000.00,13.90,6.77,14.40,9.55,17.30,14.40
2026-04-12 18:53:57,10000.00,13.90,6.76,14.40,9.58,17.50,14.40
2026-04-12 18:53:57,10000.00,13.90,6.74,14.40,9.67,17.30,14.40
2026-04-12 18:53:57,10000.00,13.90,6.79,14.40,9.55,17.60,14.50
2026-04-12 18:53:58,10000.00,14.00,6.70,14.40,9.51,17.30,14.40
2026-04-12 18:53:58,10000.00,13.90,6.75,14.40,9.56,17.40,14.40
2026-04-12 18:53:59,10000.00,13.90,6.78,14.40,9.12,17.40,14.50
2026-04-12 18:53:59,10000.00,14.00,6.69,14.40,8.93,17.50,14.50
2026-04-12 18:53:59,10000.00,14.00,6.54,14.40,8.88,17.30,14.60
2026-04-12 18:54:00,10000.00,14.10,6.59,14.40,9.16,17.50,14.50
2026-04-12 18:54:00,10000.00,14.00,6.68,14.40,9.35,17.30,14.40
2026-04-12 18:54:00,10000.00,14.00,6.76,14.40,9.35,17.40,14.40
2026-04-12 18:54:01,10000.00,13.90,6.72,14.40,9.51,17.30,14.40
2026-04-12 18:54:01,10000.00,13.90,6.65,14.40,9.09,17.60,14.50
2026-04-12 18:54:01,10000.00,14.10,6.66,14.40,9.23,17.20,14.50
2026-04-12 18:54:02,10000.00,14.00,6.70,14.40,9.24,17.50,14.40
2026-04-12 18:54:02,10000.00,13.90,6.73,14.40,9.59,17.30,14.40
2026-04-12 18:54:02,10000.00,13.90,6.75,14.40,9.55,17.60,14.40
2026-04-12 18:54:03,10000.00,13.90,6.78,14.40,9.59,17.40,14.40
2026-04-12 18:54:03,10000.00,13.90,6.78,14.40,9.64,17.40,14.40
2026-04-12 18:54:03,10000.00,13.90,6.73,14.40,9.59,17.50,14.50
2026-04-12 18:54:04,10000.00,14.00,6.76,14.40,9.50,17.50,14.40
2026-04-12 18:54:04,10000.00,13.90,6.81,14.40,9.33,17.40,14.40
2026-04-12 18:54:05,10000.00,13.90,6.66,14.40,9.10,17.50,14.50
2026-04-12 18:54:05,10000.00,14.00,6.67,14.40,9.36,17.40,14.40
2026-04-12 18:54:05,10000.00,13.90,6.74,14.40,9.44,17.50,14.40
2026-04-12 18:54:06,10000.00,13.90,6.75,14.40,8.95,17.20,14.50
2026-04-12 18:54:06,10000.00,14.00,6.62,14.40,9.01,17.40,14.40
2026-04-12 18:54:06,10000.00,14.00,6.70,14.40,9.44,17.40,14.40
2026-04-12 18:54:07,10000.00,13.90,6.70,14.40,9.54,17.30,14.40
2026-04-12 18:54:07,10000.00,13.90,6.71,14.40,9.44,17.40,14.40
2026-04-12 18:54:07,10000.00,13.90,6.75,14.40,9.57,17.30,14.40
2026-04-12 18:54:08,10000.00,13.90,6.75,14.40,9.61,17.40,14.40
2026-04-12 18:54:08,10000.00,13.90,6.80,14.40,9.70,17.30,14.40
2026-04-12 18:54:08,10000.00,13.90,6.77,14.40,9.59,17.40,14.40
2026-04-12 18:54:09,10000.00,13.90,6.77,14.40,9.62,17.30,14.40
2026-04-12 18:54:09,10000.00,13.90,6.69,14.40,9.60,17.30,14.40
2026-04-12 18:54:09,10000.00,13.90,6.74,14.40,9.63,17.30,14.50
2026-04-12 18:54:10,10000.00,14.00,6.63,14.40,8.80,17.40,14.50
2026-04-12 18:54:10,10000.00,14.10,6.51,14.40,8.81,17.40,14.60
2026-04-12 18:54:11,10000.00,14.10,6.55,14.40,8.66,17.40,14.60
2026-04-12 18:54:11,10000.00,14.10,6.57,14.40,9.02,17.40,14.50
2026-04-12 18:54:11,10000.00,14.00,6.65,14.40,8.88,17.40,14.50
2026-04-12 18:54:12,10000.00,14.10,6.61,14.40,9.15,17.50,14.50
2026-04-12 18:54:12,10000.00,14.00,6.70,14.40,9.27,17.30,14.40
2026-04-12 18:54:12,10000.00,14.00,6.69,14.40,9.34,17.40,14.40
2026-04-12 18:54:13,10000.00,14.00,6.67,14.40,9.46,17.40,14.40
2026-04-12 18:54:13,10000.00,13.90,6.75,14.40,9.52,17.50,14.40
2026-04-12 18:54:13,10000.00,13.90,6.74,14.40,9.51,17.40,14.40
2026-04-12 18:54:14,10000.00,13.90,6.75,14.40,9.64,17.20,14.40
2026-04-12 18:54:14,10000.00,13.90,6.67,14.40,9.50,17.50,14.40
2026-04-12 18:54:14,10000.00,13.90,6.76,14.40,9.72,17.20,14.40
2026-04-12 18:54:15,10000.00,13.90,6.77,14.40,9.52,17.40,14.40
2026-04-12 18:54:15,10000.00,13.90,6.71,14.40,8.94,17.30,14.50
2026-04-12 18:54:15,10000.00,14.00,6.59,14.40,8.84,17.30,14.50
2026-04-12 18:54:16,10000.00,14.00,6.66,14.40,9.37,17.40,14.40
2026-04-12 18:54:16,10000.00,14.00,6.75,14.40,9.37,17.50,14.40
2026-04-12 18:54:17,10000.00,13.90,6.73,14.40,9.51,17.20,14.40
2026-04-12 18:54:17,10000.00,13.90,6.78,14.40,9.49,17.50,14.40
2026-04-12 18:54:17,10000.00,13.90,6.72,14.40,9.70,17.30,14.40
2026-04-12 18:54:18,10000.00,13.90,6.76,14.40,9.51,17.40,14.40
2026-04-12 18:54:18,10000.00,13.90,6.74,14.40,9.76,17.30,14.40
2026-04-12 18:54:18,10000.00,13.90,6.79,14.40,9.66,17.50,14.40
2026-04-12 18:54:19,10000.00,13.90,6.71,14.40,9.13,17.40,14.50
2026-04-12 18:54:19,10000.00,14.00,6.70,14.40,9.19,17.50,14.40
2026-04-12 18:54:19,10000.00,14.00,6.72,14.40,9.51,17.30,14.40
2026-04-12 18:54:20,10000.00,13.90,6.75,14.40,9.57,17.30,14.40
2026-04-12 18:54:20,10000.00,13.90,6.73,14.40,9.55,17.50,14.40
2026-04-12 18:54:20,10000.00,13.90,6.76,14.40,9.43,17.00,14.40
2026-04-12 18:54:21,10000.00,14.00,6.64,14.40,9.12,17.40,14.50
2026-04-12 18:54:21,10000.00,14.00,6.68,14.40,9.33,17.50,14.40
2026-04-12 18:54:21,10000.00,14.00,6.76,14.40,9.50,17.40,14.40
2026-04-12 18:54:22,10000.00,13.90,6.73,14.40,9.62,17.50,14.40
2026-04-12 18:54:22,10000.00,13.90,6.74,14.40,9.62,17.40,14.40
2026-04-12 18:54:23,10000.00,13.90,6.77,14.40,9.72,17.50,14.40
2026-04-12 18:54:23,10000.00,13.90,6.69,14.40,9.64,17.40,14.40
2026-04-12 18:54:23,10000.00,13.90,6.77,14.40,9.66,17.30,14.40
2026-04-12 18:54:24,10000.00,13.90,6.77,14.40,9.62,17.30,14.40
2026-04-12 18:54:24,10000.00,13.90,6.77,14.40,9.61,17.00,14.40
2026-04-12 18:54:24,10000.00,13.90,6.75,14.40,9.78,17.40,14.40
2026-04-12 18:54:25,10000.00,13.90,6.76,14.40,9.69,17.30,14.40
2026-04-12 18:54:25,10000.00,13.90,6.79,14.40,9.49,17.30,14.40
2026-04-12 18:54:25,10000.00,13.90,6.77,14.40,9.76,17.40,14.40
2026-04-12 18:54:26,10000.00,13.90,6.79,14.40,9.76,17.30,14.40
2026-04-12 18:54:26,10000.00,13.90,6.71,14.40,9.10,17.30,14.50
2026-04-12 18:54:26,10000.00,14.00,6.56,14.40,9.05,17.30,14.50
2026-04-12 18:54:27,10000.00,14.00,6.71,14.40,9.38,17.50,14.40
2026-04-12 18:54:27,10000.00,14.00,6.65,14.40,8.98,17.50,14.50
2026-04-12 18:54:27,10000.00,14.10,6.66,14.40,9.22,17.40,14.40
2026-04-12 18:54:28,10000.00,14.00,6.71,14.40,9.27,17.40,14.40
2026-04-12 18:54:28,10000.00,13.90,6.73,14.40,9.03,17.20,14.50
2026-04-12 18:54:29,10000.00,14.10,6.61,14.40,9.21,17.50,14.40
2026-04-12 18:54:29,10000.00,14.00,6.70,14.40,9.50,17.40,14.40
2026-04-12 18:54:29,10000.00,13.90,6.76,14.40,9.58,17.40,14.40
2026-04-12 18:54:30,10000.00,13.90,6.74,14.40,9.51,17.50,14.40
2026-04-12 18:54:30,10000.00,13.90,6.76,14.40,9.67,17.40,14.40
2026-04-12 18:54:30,10000.00,13.90,6.78,14.40,9.48,17.30,14.40
2026-04-12 18:54:31,10000.00,13.90,6.75,14.40,9.16,17.30,14.50
2026-04-12 18:54:31,10000.00,14.10,6.65,14.40,9.23,17.40,14.40
2026-04-12 18:54:31,10000.00,14.00,6.75,14.40,9.24,17.40,14.50
2026-04-12 18:54:32,10000.00,14.00,6.56,14.40,8.96,17.40,14.50
2026-04-12 18:54:32,10000.00,14.10,6.65,14.40,9.11,17.30,14.50
2026-04-12 18:54:32,10000.00,14.00,6.72,14.40,9.43,17.40,14.40
2026-04-12 18:54:33,10000.00,14.00,6.70,14.40,9.41,17.40,14.40
2026-04-12 18:54:33,10000.00,14.00,6.70,14.40,9.57,17.40,14.40
2026-04-12 18:54:34,10000.00,13.90,6.69,14.40,9.06,17.50,14.50
2026-04-12 18:54:34,10000.00,14.10,6.65,14.40,9.37,17.50,14.40
2026-04-12 18:54:34,10000.00,14.00,6.68,14.40,9.47,17.40,14.40
2026-04-12 18:54:35,10000.00,14.00,6.74,14.40,9.52,17.30,14.40
2026-04-12 18:54:35,10000.00,13.90,6.78,14.40,9.57,17.40,14.40
2026-04-12 18:54:35,10000.00,13.90,6.74,14.40,9.52,17.40,14.40
2026-04-12 18:54:36,10000.00,13.90,6.76,14.40,9.48,17.40,14.40
2026-04-12 18:54:36,10000.00,13.90,6.74,14.40,9.62,17.60,14.40
2026-04-12 18:54:36,10000.00,13.90,6.79,14.40,9.74,17.00,14.40
2026-04-12 18:54:37,10000.00,13.90,6.78,14.40,9.59,17.40,14.40
2026-04-12 18:54:37,10000.00,13.90,6.67,14.40,9.07,17.30,14.40
2026-04-12 18:54:37,10000.00,14.00,6.60,14.40,8.91,17.30,14.50
2026-04-12 18:54:38,10000.00,14.00,6.65,14.40,9.22,17.30,14.40
2026-04-12 18:54:38,10000.00,14.00,6.74,14.40,9.41,17.50,14.40
2026-04-12 18:54:38,10000.00,13.90,6.75,14.40,9.46,17.40,14.40
2026-04-12 18:54:39,10000.00,13.90,6.74,14.40,9.43,17.50,14.40
2026-04-12 18:54:39,10000.00,13.90,6.77,14.40,9.80,17.40,14.40
2026-04-12 18:54:39,10000.00,13.90,6.78,14.40,9.56,17.40,14.40
2026-04-12 18:54:40,10000.00,13.90,6.74,14.40,9.62,17.40,14.40
2026-04-12 18:54:40,10000.00,13.90,6.77,14.40,9.69,17.40,14.40
2026-04-12 18:54:41,10000.00,13.90,6.79,14.40,9.61,17.50,14.40
2026-04-12 18:54:41,10000.00,13.90,6.77,14.40,9.80,17.40,14.40
2026-04-12 18:54:41,10000.00,13.90,6.81,14.40,9.72,17.40,14.50
2026-04-12 18:54:42,10000.00,14.00,6.75,14.40,9.46,17.50,14.40
2026-04-12 18:54:42,10000.00,13.90,6.74,14.40,9.29,17.40,14.40
2026-04-12 18:54:42,10000.00,13.90,6.75,14.40,9.43,17.20,14.40
2026-04-12 18:54:43,10000.00,13.90,6.66,14.40,9.08,17.40,14.50
2026-04-12 18:54:43,10000.00,14.00,6.65,14.40,9.36,17.40,14.40
2026-04-12 18:54:43,10000.00,14.00,6.70,14.40,9.47,17.30,14.40
2026-04-12 18:54:44,10000.00,13.90,6.76,14.40,9.52,17.40,14.40
2026-04-12 18:54:44,10000.00,13.90,6.73,14.40,9.52,17.50,14.40
2026-04-12 18:54:44,10000.00,13.90,6.74,14.40,9.52,17.40,14.40
2026-04-12 18:54:45,10000.00,13.90,6.76,14.40,9.62,17.40,14.40
2026-04-12 18:54:45,10000.00,13.90,6.78,14.40,9.57,17.40,14.40
2026-04-12 18:54:45,10000.00,13.90,6.75,14.40,9.64,17.50,14.40
2026-04-12 18:54:46,10000.00,13.90,6.77,14.40,9.72,17.20,14.40
2026-04-12 18:54:46,10000.00,13.90,6.76,14.40,9.66,17.30,14.40
2026-04-12 18:54:47,10000.00,13.90,6.73,14.40,9.79,17.40,14.40
2026-04-12 18:54:47,10000.00,13.90,6.80,14.40,9.70,17.30,14.40
2026-04-12 18:54:47,10000.00,13.90,6.72,14.40,9.21,17.30,14.50
2026-04-12 18:54:48,10000.00,14.00,6.68,14.40,9.43,17.50,14.40
2026-04-12 18:54:48,10000.00,14.00,6.72,14.40,9.41,17.30,14.40
2026-04-12 18:54:48,10000.00,13.90,6.61,14.40,8.98,17.40,14.50
2026-04-12 18:54:49,10000.00,14.10,6.63,14.40,9.34,17.30,14.40
2026-04-12 18:54:49,10000.00,14.00,6.72,14.40,9.40,17.50,14.40
2026-04-12 18:54:49,10000.00,14.00,6.73,14.40,9.56,17.40,14.40
2026-04-12 18:54:50,10000.00,13.90,6.79,14.40,9.63,17.30,14.40
2026-04-12 18:54:50,10000.00,13.90,6.73,14.40,9.41,17.50,14.40
2026-04-12 18:54:50,10000.00,13.90,6.76,14.40,9.64,17.40,14.40
2026-04-12 18:54:51,10000.00,13.90,6.71,14.40,9.50,17.30,14.40
2026-04-12 18:54:51,10000.00,13.90,6.76,14.40,9.68,17.30,14.40
2026-04-12 18:54:51,10000.00,13.90,6.80,14.40,9.56,17.50,14.40
2026-04-12 18:54:52,10000.00,13.90,6.68,14.40,9.15,17.40,14.50
2026-04-12 18:54:52,10000.00,14.00,6.67,14.40,9.22,17.50,14.40
2026-04-12 18:54:53,10000.00,14.00,6.74,14.40,9.50,17.30,14.40
2026-04-12 18:54:53,10000.00,13.90,6.77,14.40,9.51,17.60,14.40
2026-04-12 18:54:53,10000.00,13.90,6.71,14.40,9.70,17.20,14.40
2026-04-12 18:54:54,10000.00,13.90,6.67,14.40,9.04,17.40,14.50
2026-04-12 18:54:54,10000.00,14.10,6.54,14.40,8.94,17.40,14.50
2026-04-12 18:54:54,10000.00,14.10,6.65,14.30,9.14,17.40,14.50
2026-04-12 18:54:55,10000.00,14.00,6.69,14.40,9.44,17.30,14.40
2026-04-12 18:54:55,10000.00,14.00,6.72,14.40,9.42,17.40,14.40
2026-04-12 18:54:55,10000.00,13.90,6.70,14.40,8.95,17.40,14.50
2026-04-12 18:54:56,10000.00,14.10,6.66,14.40,9.00,17.40,14.40
2026-04-12 18:54:56,10000.00,14.00,6.73,14.40,9.54,17.30,14.40
2026-04-12 18:54:56,10000.00,14.00,6.73,14.40,9.32,17.40,14.40
2026-04-12 18:54:57,10000.00,13.90,6.74,14.40,9.43,17.40,14.40
2026-04-12 18:54:57,10000.00,13.90,6.76,14.40,9.53,17.00,14.40
2026-04-12 18:54:57,10000.00,13.90,6.77,14.40,9.41,17.50,14.40
2026-04-12 18:54:58,10000.00,13.90,6.73,14.40,9.13,17.40,14.50
2026-04-12 18:54:58,10000.00,14.00,6.64,14.40,9.15,17.20,14.40
2026-04-12 18:54:59,10000.00,14.00,6.74,14.40,9.61,17.50,14.40
2026-04-12 18:54:59,10000.00,13.90,6.74,14.40,9.27,17.40,14.50
2026-04-12 18:54:59,10000.00,14.00,6.61,14.40,8.91,17.20,14.40
2026-04-12 18:55:00,10000.00,14.00,6.60,14.40,8.87,17.30,14.50
2026-04-12 18:55:00,10000.00,14.00,6.62,14.40,9.23,17.40,14.40
2026-04-12 18:55:00,10000.00,14.00,6.66,14.40,9.46,17.30,14.40
2026-04-12 18:55:01,10000.00,14.00,6.76,14.40,9.45,17.40,14.50
2026-04-12 18:55:01,10000.00,14.00,6.67,14.40,9.25,17.40,14.40
2026-04-12 18:55:01,10000.00,14.00,6.72,14.40,9.45,17.30,14.40
2026-04-12 18:55:02,10000.00,13.90,6.76,14.40,9.62,17.30,14.40
2026-04-12 18:55:02,10000.00,13.90,6.74,14.40,9.53,17.10,14.40
2026-04-12 18:55:02,10000.00,13.90,6.74,14.40,9.53,17.40,14.40
2026-04-12 18:55:03,10000.00,13.90,6.75,14.40,9.07,17.30,14.50
2026-04-12 18:55:03,20000.00,13.90,6.62,14.20,9.07,17.20,14.30
2026-04-12 18:55:04,20000.00,9.84,6.61,14.20,8.91,17.30,14.40
2026-04-12 18:55:04,20000.00,14.00,6.62,14.20,9.29,17.30,14.30
2026-04-12 18:55:04,20000.00,13.90,6.68,14.20,9.38,17.40,14.30
2026-04-12 18:55:05,20000.00,13.90,6.70,14.20,9.48,17.30,14.30
2026-04-12 18:55:05,20000.00,13.80,6.64,14.20,9.44,17.20,14.30
2026-04-12 18:55:05,20000.00,13.80,6.74,14.20,9.52,17.30,14.30
2026-04-12 18:55:06,20000.00,13.90,6.75,14.30,9.52,17.00,14.30
2026-04-12 18:55:06,20000.00,13.80,6.74,14.20,9.48,17.30,14.30
2026-04-12 18:55:06,20000.00,13.80,6.71,14.30,9.67,17.40,14.30
2026-04-12 18:55:07,20000.00,13.80,6.77,14.30,9.65,17.20,14.30
2026-04-12 18:55:07,20000.00,13.80,6.73,14.30,9.57,17.40,14.30
2026-04-12 18:55:07,20000.00,13.80,6.75,14.30,9.62,17.20,14.30
2026-04-12 18:55:08,20000.00,13.80,6.72,14.30,9.48,17.40,14.30
2026-04-12 18:55:08,20000.00,13.80,6.71,14.30,9.69,17.30,14.30
2026-04-12 18:55:08,20000.00,13.80,6.70,14.30,9.55,17.30,14.30
2026-04-12 18:55:09,20000.00,13.80,6.73,14.30,9.56,17.20,14.30
2026-04-12 18:55:09,20000.00,13.80,6.77,14.20,9.71,17.20,14.30
2026-04-12 18:55:09,20000.00,13.80,6.74,14.30,9.63,17.30,14.30
2026-04-12 18:55:10,20000.00,13.80,6.74,14.20,9.12,17.20,14.40
2026-04-12 18:55:10,20000.00,13.90,6.65,14.20,9.10,17.20,14.30
2026-04-12 18:55:11,20000.00,13.90,6.59,14.20,8.92,17.30,14.40
2026-04-12 18:55:11,20000.00,14.00,6.59,14.20,9.34,17.40,14.30
2026-04-12 18:55:11,20000.00,13.90,6.68,14.20,9.34,17.40,14.30
2026-04-12 18:55:12,20000.00,13.90,6.63,14.20,9.55,17.20,14.30
2026-04-12 18:55:12,20000.00,13.90,6.71,14.20,9.56,17.40,14.30
2026-04-12 18:55:12,20000.00,13.80,6.69,14.20,9.51,17.30,14.30
2026-04-12 18:55:13,20000.00,13.80,6.67,14.20,9.47,17.30,14.30
2026-04-12 18:55:13,20000.00,13.80,6.68,14.20,9.54,17.50,14.30
2026-04-12 18:55:13,20000.00,13.80,6.74,14.30,9.62,17.30,14.30
2026-04-12 18:55:14,20000.00,13.80,6.73,14.20,9.23,17.40,14.40
2026-04-12 18:55:14,20000.00,13.90,6.68,14.20,9.53,17.20,14.30
2026-04-12 18:55:14,20000.00,13.80,6.73,14.20,9.59,17.40,14.30
2026-04-12 18:55:15,20000.00,13.80,6.72,14.20,9.43,17.30,14.30
2026-04-12 18:55:15,20000.00,13.80,6.71,14.20,9.55,17.40,14.30
2026-04-12 18:55:15,20000.00,13.80,6.72,14.20,9.69,17.20,14.30
2026-04-12 18:55:16,20000.00,13.80,6.67,14.20,8.99,17.30,14.30
2026-04-12 18:55:16,20000.00,13.90,6.56,14.20,8.86,17.40,14.40
2026-04-12 18:55:17,20000.00,14.00,6.66,14.20,9.10,17.30,14.30
2026-04-12 18:55:17,20000.00,13.90,6.67,14.20,9.53,17.30,14.30
2026-04-12 18:55:17,20000.00,13.90,6.69,14.20,9.44,17.30,14.30
2026-04-12 18:55:18,20000.00,13.80,6.70,14.20,9.57,17.30,14.30
2026-04-12 18:55:18,20000.00,13.80,6.69,14.20,9.59,17.40,14.30
2026-04-12 18:55:18,20000.00,13.80,6.69,14.20,9.56,17.30,14.30
2026-04-12 18:55:19,20000.00,13.80,6.73,14.20,9.64,17.30,14.30
2026-04-12 18:55:19,20000.00,13.80,6.73,14.20,9.49,17.50,14.30
2026-04-12 18:55:19,20000.00,13.80,6.73,14.30,9.54,17.20,14.30
2026-04-12 18:55:20,20000.00,13.80,6.72,14.20,9.63,17.30,14.30
2026-04-12 18:55:20,20000.00,13.80,6.76,14.30,9.68,17.40,14.30
2026-04-12 18:55:20,20000.00,13.80,6.73,14.20,9.66,17.30,14.30
2026-04-12 18:55:21,20000.00,13.80,6.79,14.30,9.31,17.20,14.30
2026-04-12 18:55:21,20000.00,13.80,6.73,14.30,9.66,17.20,14.30
2026-04-12 18:55:21,20000.00,13.80,6.57,14.20,9.21,17.30,14.40
2026-04-12 18:55:22,20000.00,13.90,6.63,14.20,9.32,17.30,14.30
2026-04-12 18:55:22,20000.00,13.90,6.67,14.20,9.52,17.30,14.30
2026-04-12 18:55:23,20000.00,13.80,6.70,14.20,9.47,17.30,14.30
2026-04-12 18:55:23,20000.00,13.90,6.67,14.20,9.56,17.30,14.30
2026-04-12 18:55:23,20000.00,13.80,6.71,14.20,9.65,17.00,14.30
2026-04-12 18:55:24,20000.00,13.80,6.74,14.20,9.54,17.40,14.30
2026-04-12 18:55:24,20000.00,13.80,6.74,14.30,9.65,17.30,14.30
2026-04-12 18:55:24,20000.00,13.80,6.75,14.30,9.69,17.20,14.30
2026-04-12 18:55:25,20000.00,13.80,6.72,14.20,9.67,17.40,14.30
2026-04-12 18:55:25,20000.00,13.80,6.73,14.20,9.65,17.30,14.30
2026-04-12 18:55:25,20000.00,13.80,6.74,14.30,9.74,17.20,14.30
2026-04-12 18:55:26,20000.00,13.80,6.69,14.20,9.66,17.40,14.30
2026-04-12 18:55:26,20000.00,13.80,6.70,14.30,9.74,17.30,14.30
2026-04-12 18:55:26,20000.00,13.80,6.70,14.30,9.37,17.30,14.30
2026-04-12 18:55:27,20000.00,13.90,6.61,14.20,9.00,17.30,14.30
2026-04-12 18:55:27,20000.00,13.90,6.61,14.20,9.20,17.30,14.30
2026-04-12 18:55:27,20000.00,13.90,6.56,14.20,9.01,17.40,14.40
2026-04-12 18:55:28,20000.00,14.00,6.59,14.20,9.15,17.40,14.30
2026-04-12 18:55:28,20000.00,13.90,6.68,14.20,9.36,17.30,14.30
2026-04-12 18:55:29,20000.00,13.90,6.65,14.30,9.34,17.30,14.30
2026-04-12 18:55:29,20000.00,13.80,6.70,14.20,9.60,17.30,14.30
2026-04-12 18:55:29,20000.00,13.80,6.73,14.30,9.62,17.30,14.30
2026-04-12 18:55:30,20000.00,13.80,6.73,14.30,9.60,17.30,14.30
2026-04-12 18:55:30,20000.00,13.80,6.68,14.30,9.57,17.40,14.30
2026-04-12 18:55:30,20000.00,13.80,6.71,14.30,9.75,17.40,14.30
2026-04-12 18:55:31,20000.00,13.80,6.73,14.30,9.60,17.40,14.30
2026-04-12 18:55:31,20000.00,13.80,6.65,14.20,9.08,17.20,14.40
2026-04-12 18:55:31,20000.00,14.00,6.64,14.20,9.29,17.30,14.30
2026-04-12 18:55:32,20000.00,13.90,6.62,14.30,9.54,17.40,14.30
2026-04-12 18:55:32,20000.00,13.80,6.74,14.20,9.44,17.50,14.30
2026-04-12 18:55:32,20000.00,13.90,6.75,14.30,9.61,17.40,14.30
2026-04-12 18:55:33,20000.00,13.80,6.73,14.20,9.51,17.00,14.30
2026-04-12 18:55:33,20000.00,13.90,6.59,14.20,8.84,17.20,14.40
2026-04-12 18:55:33,20000.00,14.00,6.54,14.20,8.80,17.30,14.40
2026-04-12 18:55:34,20000.00,14.00,6.58,14.20,9.25,17.20,14.30
2026-04-12 18:55:34,20000.00,13.90,6.67,14.20,9.28,17.50,14.30
2026-04-12 18:55:35,20000.00,13.90,6.67,14.20,8.95,17.20,14.40
2026-04-12 18:55:35,20000.00,14.00,6.65,14.20,8.99,17.30,14.30
2026-04-12 18:55:35,20000.00,13.90,6.64,14.20,9.41,17.30,14.30
2026-04-12 18:55:36,20000.00,13.90,6.68,14.30,9.46,17.30,14.30
2026-04-12 18:55:36,20000.00,13.90,6.71,14.20,9.40,17.30,14.30
2026-04-12 18:55:36,20000.00,13.90,6.69,14.30,9.52,16.90,14.30
2026-04-12 18:55:37,20000.00,13.80,6.70,14.30,9.56,17.40,14.30
2026-04-12 18:55:37,20000.00,13.80,6.72,14.20,9.09,17.10,14.40
2026-04-12 18:55:37,20000.00,13.90,6.68,14.20,8.97,17.30,14.40
2026-04-12 18:55:38,20000.00,14.00,6.66,14.20,9.33,17.30,14.30
2026-04-12 18:55:38,20000.00,13.90,6.71,14.30,9.53,17.30,14.30
2026-04-12 18:55:38,20000.00,13.80,6.69,14.30,9.38,17.30,14.40
2026-04-12 18:55:39,20000.00,14.00,6.50,14.20,8.87,17.30,14.40
2026-04-12 18:55:39,20000.00,14.00,6.61,14.20,9.15,17.40,14.30
2026-04-12 18:55:40,20000.00,13.90,6.62,14.20,8.93,17.40,14.40
2026-04-12 18:55:40,20000.00,14.00,6.56,14.20,8.89,17.10,14.40
2026-04-12 18:55:40,20000.00,13.90,6.66,14.30,9.30,17.30,14.30
2026-04-12 18:55:41,20000.00,13.90,6.69,14.20,9.36,17.40,14.30
2026-04-12 18:55:41,20000.00,13.90,6.64,14.30,9.31,17.40,14.30
2026-04-12 18:55:41,20000.00,13.90,6.66,14.30,9.50,17.30,14.30
2026-04-12 18:55:42,20000.00,13.90,6.73,14.30,9.59,17.30,14.30
2026-04-12 18:55:42,20000.00,13.80,6.71,14.30,9.43,17.40,14.30
2026-04-12 18:55:42,20000.00,13.80,6.67,14.30,9.62,16.90,14.30
2026-04-12 18:55:43,20000.00,13.80,6.72,14.30,9.64,17.30,14.30
2026-04-12 18:55:43,20000.00,13.80,6.71,14.30,9.54,17.40,14.30
2026-04-12 18:55:43,20000.00,13.80,6.72,14.30,9.25,17.40,14.40
2026-04-12 18:55:44,20000.00,13.90,6.67,14.20,9.46,17.20,14.30
2026-04-12 18:55:44,20000.00,13.90,6.62,14.20,9.10,17.20,14.40
2026-04-12 18:55:44,20000.00,14.00,6.61,14.20,9.32,17.20,14.30
2026-04-12 18:55:45,20000.00,13.90,6.70,14.30,9.46,17.40,14.30
2026-04-12 18:55:45,20000.00,13.90,6.66,14.20,9.60,17.30,14.30
2026-04-12 18:55:46,20000.00,13.80,6.65,14.20,9.08,17.40,14.40
2026-04-12 18:55:46,20000.00,14.00,6.65,14.20,8.99,17.30,14.30
2026-04-12 18:55:46,20000.00,13.90,6.64,14.30,9.46,17.30,14.30
2026-04-12 18:55:47,20000.00,13.90,6.64,14.20,9.04,17.30,14.40
2026-04-12 18:55:47,20000.00,14.00,6.58,14.20,9.12,17.40,14.30
2026-04-12 18:55:47,20000.00,13.90,6.69,14.20,9.39,17.30,14.30
2026-04-12 18:55:48,20000.00,13.90,6.68,14.30,9.52,17.50,14.30
2026-04-12 18:55:48,20000.00,13.90,6.69,14.20,9.53,17.40,14.30
2026-04-12 18:55:48,20000.00,13.80,6.69,14.30,9.47,17.00,14.30
2026-04-12 18:55:49,20000.00,13.80,6.73,14.30,9.45,17.30,14.30
2026-04-12 18:55:49,20000.00,13.80,6.77,14.30,9.41,17.20,14.30
2026-04-12 18:55:49,20000.00,13.90,6.53,14.20,9.17,17.10,14.40
2026-04-12 18:55:50,20000.00,14.00,6.64,14.20,9.35,17.20,14.30
2026-04-12 18:55:50,20000.00,13.90,6.71,14.30,9.24,17.40,14.30
2026-04-12 18:55:50,20000.00,13.80,6.72,14.20,9.23,17.30,14.30
2026-04-12 18:55:51,20000.00,13.80,6.73,14.30,9.61,17.40,14.30
2026-04-12 18:55:51,20000.00,13.80,6.71,14.30,9.64,17.30,14.30
2026-04-12 18:55:51,20000.00,13.80,6.74,14.20,9.47,17.30,14.30
2026-04-12 18:55:52,20000.00,13.80,6.72,14.30,9.62,17.40,14.30
2026-04-12 18:55:52,20000.00,13.80,6.71,14.20,9.62,17.30,14.30
2026-04-12 18:55:53,20000.00,13.80,6.71,14.20,9.15,17.40,14.40
2026-04-12 18:55:53,20000.00,14.00,6.66,14.20,9.04,17.10,14.30
2026-04-12 18:55:53,20000.00,13.90,6.64,14.20,9.40,17.20,14.30
2026-04-12 18:55:54,20000.00,13.90,6.71,14.30,9.55,17.30,14.30
2026-04-12 18:55:54,20000.00,13.90,6.72,14.30,9.54,17.30,14.30
2026-04-12 18:55:54,20000.00,13.80,6.72,14.20,9.66,17.00,14.30
2026-04-12 18:55:55,20000.00,13.90,6.61,14.20,9.06,17.20,14.40
2026-04-12 18:55:55,20000.00,13.90,6.50,14.20,8.93,17.20,14.40
2026-04-12 18:55:55,20000.00,14.00,6.62,14.20,9.18,17.30,14.30
2026-04-12 18:55:56,20000.00,13.90,6.66,14.20,9.24,17.50,14.30
2026-04-12 18:55:56,20000.00,13.80,6.68,14.20,8.96,17.30,14.40
2026-04-12 18:55:56,20000.00,14.00,6.60,14.20,8.77,17.40,14.50
2026-04-12 18:55:57,20000.00,14.00,6.57,14.20,9.02,17.20,14.30
2026-04-12 18:55:57,20000.00,13.90,6.62,14.20,9.27,17.40,14.30
2026-04-12 18:55:58,20000.00,13.90,6.64,14.20,9.24,17.30,14.30
2026-04-12 18:55:58,20000.00,13.90,6.72,14.20,9.36,17.10,14.30
2026-04-12 18:55:58,20000.00,13.90,6.75,14.20,9.44,17.40,14.30
2026-04-12 18:55:59,20000.00,13.90,6.72,14.20,9.55,17.30,14.30
2026-04-12 18:55:59,20000.00,13.80,6.68,14.20,9.60,17.40,14.30
2026-04-12 18:55:59,20000.00,13.80,6.71,14.20,9.59,17.40,14.30
2026-04-12 18:56:00,20000.00,13.80,6.76,14.30,9.65,17.40,14.30
2026-04-12 18:56:00,20000.00,13.80,6.71,14.30,9.64,17.20,14.30
2026-04-12 18:56:00,20000.00,13.80,6.55,14.20,9.11,17.30,14.40
2026-04-12 18:56:01,20000.00,13.90,6.64,14.20,9.33,17.30,14.30
2026-04-12 18:56:01,20000.00,13.90,6.69,14.20,9.38,17.30,14.30
2026-04-12 18:56:01,20000.00,13.80,6.70,14.20,9.46,17.30,14.30
2026-04-12 18:56:02,20000.00,13.90,6.71,14.20,9.68,17.30,14.30
2026-04-12 18:56:02,20000.00,13.80,6.69,14.20,9.10,17.20,14.40
2026-04-12 18:56:02,20000.00,13.90,6.61,14.20,8.90,17.40,14.40
2026-04-12 18:56:03,20000.00,13.90,6.62,14.20,9.27,17.40,14.30
2026-04-12 18:56:03,20000.00,13.90,6.64,14.20,9.23,17.30,14.30
2026-04-12 18:56:04,20000.00,13.90,6.72,14.20,9.52,17.20,14.30
2026-04-12 18:56:04,20000.00,13.90,6.70,14.30,9.54,17.40,14.30
2026-04-12 18:56:04,20000.00,13.80,6.74,14.20,9.64,17.30,14.30
2026-04-12 18:56:05,20000.00,13.90,6.73,14.30,9.64,17.30,14.30
2026-04-12 18:56:05,20000.00,13.80,6.73,14.30,9.72,17.00,14.30
2026-04-12 18:56:05,20000.00,13.80,6.75,14.30,9.47,17.40,14.30
2026-04-12 18:56:06,20000.00,13.90,6.54,14.20,9.06,17.20,14.30
2026-04-12 18:56:06,20000.00,13.90,6.69,14.20,9.32,17.30,14.40
2026-04-12 18:56:06,20000.00,13.90,6.61,14.20,9.35,17.40,14.30
2026-04-12 18:56:07,20000.00,13.90,6.72,14.20,9.42,17.40,14.30
2026-04-12 18:56:07,20000.00,13.90,6.69,14.30,9.53,17.30,14.30
2026-04-12 18:56:07,20000.00,13.80,6.74,14.20,9.49,17.30,14.30
2026-04-12 18:56:08,20000.00,13.80,6.68,14.20,9.73,17.30,14.30
2026-04-12 18:56:08,20000.00,13.80,6.65,14.20,9.08,17.30,14.40
2026-04-12 18:56:08,20000.00,14.00,6.60,14.20,9.28,17.20,14.30
2026-04-12 18:56:09,20000.00,13.90,6.68,14.20,9.48,17.50,14.30
2026-04-12 18:56:09,20000.00,13.90,6.64,14.20,9.02,17.30,14.40
2026-04-12 18:56:10,20000.00,14.00,6.62,14.20,9.11,17.40,14.30
2026-04-12 18:56:10,20000.00,13.90,6.66,14.20,9.33,17.30,14.30
2026-04-12 18:56:10,20000.00,13.90,6.67,14.30,9.45,17.20,14.30
2026-04-12 18:56:11,20000.00,13.90,6.70,14.20,9.60,17.30,14.30
2026-04-12 18:56:11,20000.00,13.80,6.71,14.20,9.43,17.30,14.30
2026-04-12 18:56:11,20000.00,13.90,6.52,14.20,8.99,17.30,14.40
2026-04-12 18:56:12,20000.00,13.90,6.61,14.20,8.86,17.30,14.40
2026-04-12 18:56:12,20000.00,14.00,6.62,14.20,8.85,17.10,14.30
2026-04-12 18:56:12,20000.00,13.90,6.66,14.20,9.11,17.40,14.40
2026-04-12 18:56:13,20000.00,14.00,6.62,14.20,9.22,17.40,14.30
2026-04-12 18:56:13,20000.00,13.90,6.67,14.20,9.49,17.30,14.30
2026-04-12 18:56:13,20000.00,13.90,6.71,14.30,9.47,17.40,14.30
2026-04-12 18:56:14,20000.00,13.80,6.68,14.30,9.60,17.50,14.30
2026-04-12 18:56:14,20000.00,13.80,6.69,14.30,9.49,17.30,14.30
2026-04-12 18:56:14,20000.00,13.80,6.68,14.30,9.51,17.10,14.30
2026-04-12 18:56:15,20000.00,13.80,6.77,14.20,9.58,17.40,14.30
2026-04-12 18:56:15,20000.00,13.80,6.74,14.20,9.51,17.20,14.30
2026-04-12 18:56:16,20000.00,13.80,6.67,14.20,9.58,17.10,14.30
2026-04-12 18:56:16,20000.00,13.80,6.73,14.30,9.66,17.50,14.30
2026-04-12 18:56:16,20000.00,13.80,6.73,14.30,9.53,17.20,14.30
2026-04-12 18:56:17,20000.00,13.90,6.59,14.20,8.97,17.20,14.30
2026-04-12 18:56:17,20000.00,13.90,6.59,14.20,9.05,17.30,14.40
2026-04-12 18:56:17,20000.00,14.00,6.63,14.20,9.16,17.20,14.30
2026-04-12 18:56:18,20000.00,13.90,6.61,14.20,8.76,17.50,14.40
2026-04-12 18:56:18,20000.00,14.00,6.64,14.20,9.05,17.40,14.30
2026-04-12 18:56:18,20000.00,13.90,6.65,14.20,9.10,17.40,14.40
2026-04-12 18:56:19,20000.00,13.90,6.68,14.20,9.32,17.40,14.30
2026-04-12 18:56:19,20000.00,13.90,6.70,14.20,9.44,17.40,14.30
2026-04-12 18:56:19,20000.00,13.90,6.73,14.20,9.50,17.40,14.30
2026-04-12 18:56:20,20000.00,13.80,6.66,14.30,9.56,17.40,14.30
2026-04-12 18:56:20,20000.00,13.90,6.75,14.30,9.70,17.30,14.30
2026-04-12 18:56:20,20000.00,13.80,6.69,14.30,9.60,17.40,14.30
2026-04-12 18:56:21,20000.00,13.80,6.70,14.30,9.65,17.20,14.30
2026-04-12 18:56:21,20000.00,13.80,6.75,14.30,9.60,17.30,14.30
2026-04-12 18:56:22,20000.00,13.80,6.68,14.30,9.58,17.30,14.30
2026-04-12 18:56:22,20000.00,13.80,6.76,14.30,9.52,17.10,14.30
2026-04-12 18:56:22,20000.00,13.80,6.53,14.20,9.00,17.20,14.40
2026-04-12 18:56:23,20000.00,13.90,6.65,14.20,9.32,17.30,14.30
2026-04-12 18:56:23,20000.00,13.90,6.68,14.30,9.40,17.30,14.30
2026-04-12 18:56:23,20000.00,13.80,6.70,14.30,9.65,17.40,14.30
2026-04-12 18:56:24,20000.00,13.90,6.76,14.30,9.54,17.40,14.30
2026-04-12 18:56:24,20000.00,13.80,6.71,14.30,9.73,17.30,14.30
2026-04-12 18:56:24,20000.00,13.80,6.75,14.30,9.65,17.40,14.30
2026-04-12 18:56:25,20000.00,13.80,6.67,14.20,9.16,17.40,14.40
2026-04-12 18:56:25,20000.00,13.90,6.66,14.20,9.22,17.30,14.30
2026-04-12 18:56:25,20000.00,13.90,6.72,14.30,9.41,17.40,14.30
2026-04-12 18:56:26,20000.00,13.80,6.70,14.30,9.54,17.30,14.30
2026-04-12 18:56:26,20000.00,13.90,6.70,14.30,9.63,17.20,14.30
2026-04-12 18:56:26,20000.00,13.80,6.73,14.30,9.60,17.30,14.30
2026-04-12 18:56:27,20000.00,13.80,6.67,14.30,9.62,17.40,14.30
2026-04-12 18:56:27,20000.00,13.80,6.75,14.30,9.68,17.30,14.30
2026-04-12 18:56:28,20000.00,13.80,6.75,14.30,9.48,17.30,14.30
2026-04-12 18:56:28,20000.00,13.90,6.58,14.20,9.11,17.40,14.40
2026-04-12 18:56:28,20000.00,13.90,6.63,14.20,9.36,17.40,14.30
2026-04-12 18:56:29,20000.00,13.90,6.69,14.20,9.33,17.50,14.30
2026-04-12 18:56:29,20000.00,13.90,6.64,14.30,9.57,17.20,14.30
2026-04-12 18:56:29,20000.00,13.80,6.70,14.30,9.64,17.40,14.30
2026-04-12 18:56:30,20000.00,13.80,6.71,14.30,9.53,17.30,14.30
2026-04-12 18:56:30,20000.00,13.80,6.75,14.30,9.66,17.20,14.30
2026-04-12 18:56:30,20000.00,13.80,6.76,14.30,9.66,17.20,14.30
2026-04-12 18:56:31,20000.00,13.80,6.73,14.30,9.76,17.30,14.30
2026-04-12 18:56:31,20000.00,13.80,6.72,14.30,9.70,17.30,14.30
2026-04-12 18:56:31,20000.00,13.80,6.78,14.30,9.64,17.40,14.30
2026-04-12 18:56:32,20000.00,13.80,6.66,14.20,9.23,17.50,14.40
2026-04-12 18:56:32,20000.00,13.90,6.65,14.20,9.45,17.30,14.30
2026-04-12 18:56:32,20000.00,13.90,6.70,14.30,9.43,17.20,14.30
2026-04-12 18:56:33,20000.00,13.80,6.72,14.30,9.64,17.30,14.30
2026-04-12 18:56:33,20000.00,13.90,6.61,14.20,8.92,17.20,14.40
2026-04-12 18:56:34,20000.00,14.00,6.51,14.20,8.84,17.30,14.40
2026-04-12 18:56:34,20000.00,14.00,6.61,14.20,9.18,17.20,14.30
2026-04-12 18:56:34,20000.00,13.90,6.67,14.20,9.37,17.50,14.30
2026-04-12 18:56:35,20000.00,13.90,6.69,14.30,9.42,16.90,14.30
2026-04-12 18:56:35,20000.00,13.90,6.70,14.30,9.58,17.40,14.30
2026-04-12 18:56:35,20000.00,13.80,6.74,14.30,9.53,17.40,14.30
2026-04-12 18:56:36,20000.00,13.80,6.71,14.30,9.78,17.30,14.30
2026-04-12 18:56:36,20000.00,13.80,6.74,14.30,9.61,17.40,14.30
2026-04-12 18:56:36,20000.00,13.80,6.75,14.30,9.53,17.10,14.30
2026-04-12 18:56:37,20000.00,13.80,6.71,14.30,9.50,17.10,14.30
2026-04-12 18:56:37,20000.00,13.80,6.73,14.30,9.71,17.40,14.30
2026-04-12 18:56:37,20000.00,13.80,6.77,14.30,9.50,17.30,14.30
2026-04-12 18:56:38,20000.00,13.80,6.70,14.30,9.73,17.30,14.30
2026-04-12 18:56:38,20000.00,13.80,6.73,14.30,9.59,17.40,14.30
2026-04-12 18:56:38,20000.00,13.80,6.74,14.30,9.72,17.20,14.30
2026-04-12 18:56:39,20000.00,13.80,6.53,14.30,9.12,17.20,14.30
2026-04-12 18:56:39,20000.00,13.90,6.53,14.20,8.99,17.20,14.40
2026-04-12 18:56:39,20000.00,14.00,6.65,14.20,9.32,17.30,14.30
2026-04-12 18:56:40,20000.00,13.90,6.66,14.30,9.48,17.40,14.30
2026-04-12 18:56:40,20000.00,13.90,6.73,14.30,9.61,17.30,14.30
2026-04-12 18:56:41,20000.00,13.80,6.74,14.30,9.55,17.30,14.30
2026-04-12 18:56:41,20000.00,13.80,6.68,14.30,9.60,17.30,14.30
2026-04-12 18:56:41,20000.00,13.80,6.76,14.30,9.46,17.30,14.30
2026-04-12 18:56:42,20000.00,13.80,6.70,14.30,9.71,17.30,14.30
2026-04-12 18:56:42,20000.00,13.80,6.76,14.30,9.64,17.20,14.30
2026-04-12 18:56:42,20000.00,13.80,6.77,14.30,9.56,17.30,14.30
2026-04-12 18:56:43,20000.00,13.80,6.75,14.30,9.75,17.10,14.30
2026-04-12 18:56:43,20000.00,13.80,6.76,14.30,9.71,17.30,14.30
2026-04-12 18:56:43,20000.00,13.80,6.66,14.20,9.16,17.10,14.40
2026-04-12 18:56:44,20000.00,13.90,6.69,14.20,9.29,17.30,14.30
2026-04-12 18:56:44,20000.00,13.90,6.67,14.30,9.45,17.20,14.30
2026-04-12 18:56:44,20000.00,13.90,6.66,14.30,9.46,17.30,14.30
2026-04-12 18:56:45,20000.00,13.90,6.52,14.30,9.08,17.40,14.40
2026-04-12 18:56:45,20000.00,14.00,6.65,14.30,9.37,17.40,14.30
2026-04-12 18:56:45,20000.00,13.90,6.71,14.30,9.39,17.40,14.30
2026-04-12 18:56:46,20000.00,13.90,6.61,14.20,9.00,17.30,14.40
2026-04-12 18:56:46,20000.00,14.00,6.62,14.20,9.24,17.40,14.30
2026-04-12 18:56:47,20000.00,13.90,6.63,14.30,9.52,17.40,14.30
2026-04-12 18:56:47,20000.00,13.90,6.73,14.30,9.57,17.40,14.30
2026-04-12 18:56:47,20000.00,13.90,6.74,14.30,9.64,17.30,14.30
2026-04-12 18:56:48,20000.00,13.80,6.71,14.30,9.50,17.20,14.30
2026-04-12 18:56:48,20000.00,13.80,6.68,14.30,9.66,17.20,14.30
2026-04-12 18:56:48,20000.00,13.80,6.70,14.30,9.15,17.40,14.40
2026-04-12 18:56:49,20000.00,13.90,6.62,14.30,9.17,17.20,14.30
2026-04-12 18:56:49,20000.00,13.90,6.66,14.30,9.53,17.40,14.30
2026-04-12 18:56:49,20000.00,13.90,6.71,14.30,9.44,17.30,14.30
2026-04-12 18:56:50,20000.00,13.90,6.77,14.30,9.58,17.30,14.30
2026-04-12 18:56:50,20000.00,13.90,6.53,14.30,8.92,17.30,14.40
2026-04-12 18:56:50,20000.00,14.00,6.64,14.30,9.24,17.30,14.30
2026-04-12 18:56:51,20000.00,13.90,6.70,14.30,9.45,17.40,14.30
2026-04-12 18:56:51,20000.00,13.90,6.67,14.30,9.46,17.00,14.30
2026-04-12 18:56:51,20000.00,13.80,6.70,14.30,9.42,17.40,14.30
2026-04-12 18:56:52,20000.00,13.80,6.68,14.30,9.66,17.40,14.30
2026-04-12 18:56:52,20000.00,13.90,6.70,14.30,9.49,17.20,14.30
2026-04-12 18:56:53,20000.00,13.80,6.70,14.30,9.54,17.30,14.30
2026-04-12 18:56:53,20000.00,13.80,6.71,14.30,9.20,17.40,14.40
2026-04-12 18:56:53,20000.00,13.90,6.65,14.30,9.07,17.50,14.30
2026-04-12 18:56:54,20000.00,13.90,6.69,14.30,9.44,17.30,14.30
2026-04-12 18:56:54,20000.00,13.90,6.75,14.30,9.56,17.30,14.30
2026-04-12 18:56:54,20000.00,13.90,6.69,14.30,9.51,17.30,14.30
2026-04-12 18:56:55,20000.00,13.80,6.67,14.30,9.62,17.20,14.30
2026-04-12 18:56:55,20000.00,13.80,6.74,14.30,9.50,17.30,14.30
2026-04-12 18:56:55,20000.00,13.90,6.61,14.30,9.03,17.30,14.40
2026-04-12 18:56:56,20000.00,14.00,6.53,14.30,8.80,17.30,14.40
2026-04-12 18:56:56,20000.00,14.00,6.60,14.20,9.12,17.30,14.30
2026-04-12 18:56:56,20000.00,13.90,6.65,14.30,9.32,17.40,14.30
2026-04-12 18:56:57,20000.00,13.90,6.65,14.30,9.44,17.20,14.30
2026-04-12 18:56:57,20000.00,13.90,6.73,14.30,9.46,17.40,14.30
2026-04-12 18:56:57,20000.00,13.90,6.70,14.30,9.60,17.30,14.30
2026-04-12 18:56:58,20000.00,13.80,6.74,14.30,9.52,17.30,14.30
2026-04-12 18:56:58,20000.00,13.80,6.73,14.30,9.59,17.30,14.30
2026-04-12 18:56:59,20000.00,13.80,6.75,14.30,9.63,17.30,14.30
2026-04-12 18:56:59,20000.00,13.80,6.69,14.30,9.62,17.40,14.30
2026-04-12 18:56:59,20000.00,13.80,6.73,14.30,9.41,17.10,14.30
2026-04-12 18:57:00,20000.00,13.80,6.70,14.30,9.55,17.30,14.30
2026-04-12 18:57:00,20000.00,13.80,6.74,14.30,9.74,17.30,14.30
2026-04-12 18:57:00,20000.00,13.80,6.75,14.30,9.54,17.30,14.30
2026-04-12 18:57:01,20000.00,13.80,6.73,14.30,9.70,17.10,14.30
2026-04-12 18:57:01,20000.00,13.90,6.67,14.30,9.22,17.20,14.40
2026-04-12 18:57:01,20000.00,13.90,6.51,14.30,8.76,17.20,14.40
2026-04-12 18:57:02,20000.00,14.00,6.60,14.30,9.01,17.30,14.30
2026-04-12 18:57:02,20000.00,13.90,6.67,14.30,9.50,17.30,14.30
2026-04-12 18:57:02,20000.00,13.80,6.67,14.30,8.93,17.20,14.40
2026-04-12 18:57:03,20000.00,14.00,6.60,14.30,9.22,17.20,14.30
2026-04-12 18:57:03,20000.00,13.90,6.67,14.30,9.48,17.50,14.30
2026-04-12 18:57:03,20000.00,13.90,6.68,14.30,9.44,17.30,14.30
2026-04-12 18:57:04,20000.00,13.90,6.69,14.30,9.45,17.30,14.30
2026-04-12 18:57:04,20000.00,13.80,6.75,14.30,9.48,17.40,14.30
2026-04-12 18:57:05,20000.00,13.80,6.72,14.30,9.68,17.30,14.30
2026-04-12 18:57:05,20000.00,13.80,6.71,14.30,9.12,17.40,14.40
2026-04-12 18:57:05,20000.00,13.90,6.62,14.30,9.26,17.20,14.30
2026-04-12 18:57:06,20000.00,13.90,6.74,14.30,9.58,17.30,14.30
2026-04-12 18:57:06,20000.00,13.90,6.70,14.30,9.49,17.40,14.30
2026-04-12 18:57:06,20000.00,13.80,6.71,14.30,9.36,17.10,14.30
2026-04-12 18:57:07,20000.00,13.90,6.48,14.20,8.99,17.40,14.40
2026-04-12 18:57:07,20000.00,14.00,6.63,14.30,9.24,17.50,14.30
2026-04-12 18:57:07,20000.00,13.90,6.70,14.30,9.20,17.40,14.40
2026-04-12 18:57:08,20000.00,13.90,6.64,14.20,9.27,17.40,14.30
2026-04-12 18:57:08,20000.00,13.90,6.64,14.30,9.47,17.40,14.30
2026-04-12 18:57:08,20000.00,13.90,6.67,14.30,9.35,17.30,14.30
2026-04-12 18:57:09,20000.00,13.90,6.71,14.30,9.12,17.50,14.40
2026-04-12 18:57:09,20000.00,13.90,6.64,14.30,9.35,17.50,14.30
2026-04-12 18:57:09,20000.00,13.90,6.65,14.30,9.51,17.20,14.30
2026-04-12 18:57:10,20000.00,13.90,6.64,14.30,9.66,17.40,14.30
2026-04-12 18:57:10,20000.00,13.90,6.70,14.30,9.56,17.30,14.30
2026-04-12 18:57:11,20000.00,13.80,6.74,14.30,9.46,17.30,14.30
2026-04-12 18:57:11,20000.00,13.90,6.71,14.30,9.56,17.20,14.30
2026-04-12 18:57:11,20000.00,13.80,6.77,14.30,9.71,17.00,14.30
2026-04-12 18:57:12,20000.00,13.80,6.77,14.30,9.58,17.30,14.30
2026-04-12 18:57:12,20000.00,13.90,6.61,14.20,8.95,17.20,14.40
2026-04-12 18:57:12,20000.00,14.00,6.59,14.20,9.36,17.20,14.30
2026-04-12 18:57:13,20000.00,13.90,6.67,14.30,9.40,17.30,14.30
2026-04-12 18:57:13,20000.00,13.80,6.69,14.30,9.46,17.30,14.30
2026-04-12 18:57:13,20000.00,13.80,6.70,14.30,9.33,17.40,14.30
2026-04-12 18:57:14,20000.00,13.90,6.71,14.30,9.63,17.20,14.30
2026-04-12 18:57:14,20000.00,13.80,6.71,14.30,9.47,17.50,14.30
2026-04-12 18:57:14,20000.00,13.80,6.71,14.30,9.72,17.30,14.30
2026-04-12 18:57:15,20000.00,13.80,6.80,14.30,9.63,17.30,14.30
2026-04-12 18:57:15,20000.00,13.80,6.76,14.30,9.55,17.30,14.30
2026-04-12 18:57:15,20000.00,13.80,6.74,14.30,9.55,17.30,14.30
2026-04-12 18:57:16,20000.00,13.80,6.72,14.30,9.55,17.50,14.30
2026-04-12 18:57:16,20000.00,13.80,6.73,14.30,9.59,17.40,14.30
2026-04-12 18:57:16,20000.00,13.80,6.72,14.30,9.55,17.50,14.30
2026-04-12 18:57:17,20000.00,13.80,6.73,14.30,9.72,17.30,14.30
2026-04-12 18:57:17,20000.00,13.80,6.72,14.30,9.76,17.20,14.30
2026-04-12 18:57:18,20000.00,13.80,6.60,14.20,8.98,17.20,14.40
2026-04-12 18:57:18,20000.00,13.90,6.55,14.30,8.80,17.50,14.40
2026-04-12 18:57:18,20000.00,14.00,6.64,14.20,9.20,17.10,14.30
2026-04-12 18:57:19,20000.00,13.90,6.63,14.30,9.43,17.40,14.30
2026-04-12 18:57:19,20000.00,13.90,6.68,14.30,9.37,17.40,14.30
2026-04-12 18:57:19,20000.00,13.90,6.67,14.30,9.51,17.10,14.30
2026-04-12 18:57:20,20000.00,13.90,6.73,14.30,9.44,17.30,14.30
2026-04-12 18:57:20,20000.00,13.90,6.68,14.30,9.56,17.20,14.30
2026-04-12 18:57:20,20000.00,13.80,6.71,14.20,9.34,17.40,14.30
2026-04-12 18:57:21,20000.00,13.90,6.70,14.30,9.51,17.40,14.30
2026-04-12 18:57:21,20000.00,13.80,6.72,14.30,9.62,17.20,14.30
2026-04-12 18:57:21,20000.00,13.80,6.71,14.30,9.57,17.30,14.30
2026-04-12 18:57:22,20000.00,13.80,6.69,14.30,9.78,17.30,14.30
2026-04-12 18:57:22,20000.00,13.80,6.69,14.30,9.60,17.40,14.30
2026-04-12 18:57:22,20000.00,13.80,6.70,14.20,9.16,17.20,14.40
2026-04-12 18:57:23,20000.00,14.00,6.71,14.30,9.31,17.30,14.30
2026-04-12 18:57:23,20000.00,13.90,6.60,14.20,8.79,17.20,14.40
2026-04-12 18:57:24,20000.00,14.00,6.48,14.30,8.68,17.20,14.50
2026-04-12 18:57:24,20000.00,14.00,6.57,14.20,9.13,17.20,14.40
2026-04-12 18:57:24,20000.00,13.90,6.64,14.30,9.16,17.40,14.30
2026-04-12 18:57:25,20000.00,13.90,6.70,14.30,9.34,17.40,14.30
2026-04-12 18:57:25,20000.00,13.90,6.68,14.30,9.36,17.50,14.30
2026-04-12 18:57:25,20000.00,13.90,6.71,14.30,9.50,17.10,14.30
2026-04-12 18:57:26,20000.00,13.80,6.68,14.30,9.58,17.30,14.30
2026-04-12 18:57:26,20000.00,13.90,6.72,14.30,9.57,17.40,14.30
2026-04-12 18:57:26,20000.00,13.80,6.71,14.30,9.26,17.40,14.40
2026-04-12 18:57:27,20000.00,13.90,6.63,14.20,9.32,17.50,14.30
2026-04-12 18:57:27,20000.00,13.90,6.66,14.20,9.43,17.30,14.30
2026-04-12 18:57:27,20000.00,13.90,6.72,14.30,9.38,17.30,14.30
2026-04-12 18:57:28,20000.00,13.80,6.71,14.30,9.47,17.30,14.30
2026-04-12 18:57:28,20000.00,13.80,6.69,14.30,9.53,17.30,14.30
2026-04-12 18:57:28,20000.00,13.80,6.69,14.30,9.44,17.20,14.30
2026-04-12 18:57:29,20000.00,13.90,6.63,14.20,8.95,17.20,14.30
2026-04-12 18:57:29,20000.00,13.90,6.45,14.30,8.82,17.20,14.40
2026-04-12 18:57:30,20000.00,13.90,6.65,14.30,9.25,17.40,14.30
2026-04-12 18:57:30,20000.00,13.90,6.66,14.20,9.46,17.20,14.30
2026-04-12 18:57:30,20000.00,13.90,6.67,14.30,9.53,17.30,14.30
2026-04-12 18:57:31,20000.00,13.90,6.70,14.30,9.58,17.40,14.30
2026-04-12 18:57:31,20000.00,13.90,6.71,14.30,9.58,17.40,14.30
2026-04-12 18:57:31,20000.00,13.80,6.69,14.30,9.52,17.20,14.30
2026-04-12 18:57:32,20000.00,13.80,6.73,14.30,9.57,17.30,14.30
2026-04-12 18:57:32,20000.00,13.80,6.75,14.30,9.69,17.40,14.30
2026-04-12 18:57:32,20000.00,13.80,6.71,14.30,9.41,17.20,14.30
2026-04-12 18:57:33,20000.00,13.90,6.69,14.20,9.47,17.30,14.30
2026-04-12 18:57:33,20000.00,13.90,6.66,14.20,9.09,17.40,14.40
2026-04-12 18:57:33,20000.00,13.90,6.66,14.20,8.93,17.40,14.40
2026-04-12 18:57:34,20000.00,14.00,6.61,14.20,9.28,17.40,14.30
2026-04-12 18:57:34,20000.00,13.90,6.66,14.20,9.23,17.40,14.40
2026-04-12 18:57:35,20000.00,14.00,6.54,14.30,8.87,17.30,14.40
2026-04-12 18:57:35,20000.00,14.00,6.61,14.20,9.19,17.50,14.40
2026-04-12 18:57:35,20000.00,13.90,6.69,14.20,9.38,17.40,14.30
2026-04-12 18:57:36,20000.00,13.90,6.70,14.20,9.58,17.30,14.30
2026-04-12 18:57:36,20000.00,13.90,6.67,14.20,9.54,17.30,14.30
2026-04-12 18:57:36,20000.00,13.90,6.69,14.20,9.52,17.30,14.30
2026-04-12 18:57:37,20000.00,13.80,6.71,14.20,9.44,17.20,14.30
2026-04-12 18:57:37,20000.00,13.80,6.74,14.30,9.39,17.20,14.30
2026-04-12 18:57:37,20000.00,13.80,6.72,14.30,9.59,17.20,14.30
2026-04-12 18:57:38,20000.00,13.80,6.72,14.30,9.62,17.40,14.30
2026-04-12 18:57:38,20000.00,13.80,6.65,14.20,9.04,17.10,14.40
2026-04-12 18:57:38,20000.00,14.00,6.67,14.20,9.21,17.30,14.30
2026-04-12 18:57:39,20000.00,13.90,6.66,14.30,9.38,17.50,14.30
2026-04-12 18:57:39,20000.00,13.80,6.70,14.20,9.13,17.30,14.40
2026-04-12 18:57:39,20000.00,14.00,6.65,14.20,9.04,17.20,14.30
2026-04-12 18:57:40,20000.00,13.90,6.45,14.30,8.90,17.40,14.40
2026-04-12 18:57:40,20000.00,14.00,6.56,14.20,9.24,17.30,14.30
2026-04-12 18:57:41,20000.00,13.90,6.57,14.20,8.82,17.30,14.40
2026-04-12 18:57:41,20000.00,14.00,6.61,14.20,9.14,17.30,14.30
2026-04-12 18:57:41,20000.00,13.90,6.62,14.20,9.29,17.30,14.30
2026-04-12 18:57:42,20000.00,13.90,6.63,14.20,8.91,17.40,14.40
2026-04-12 18:57:42,20000.00,14.00,6.62,14.20,9.19,17.30,14.30
2026-04-12 18:57:42,20000.00,13.90,6.64,14.20,9.39,17.30,14.30
2026-04-12 18:57:43,20000.00,13.90,6.64,14.30,9.32,17.40,14.30
2026-04-12 18:57:43,20000.00,13.90,6.66,14.30,9.52,17.30,14.30
2026-04-12 18:57:43,20000.00,13.90,6.71,14.30,9.50,17.40,14.30
2026-04-12 18:57:44,20000.00,13.90,6.70,14.30,9.39,17.10,14.30
2026-04-12 18:57:44,20000.00,13.80,6.70,14.20,8.98,17.30,14.40
2026-04-12 18:57:44,20000.00,14.00,6.63,14.20,9.31,17.40,14.30
2026-04-12 18:57:45,20000.00,13.90,6.65,14.20,9.09,17.40,14.40
2026-04-12 18:57:45,20000.00,14.00,6.57,14.30,8.83,17.40,14.40
2026-04-12 18:57:46,20000.00,14.00,6.58,14.20,9.12,17.30,14.30
2026-04-12 18:57:46,20000.00,13.90,6.67,14.20,9.27,17.30,14.30
2026-04-12 18:57:46,20000.00,13.90,6.67,14.20,9.51,17.30,14.30
2026-04-12 18:57:47,20000.00,13.90,6.72,14.30,9.58,17.50,14.30
2026-04-12 18:57:47,20000.00,13.80,6.70,14.20,9.56,17.40,14.30
2026-04-12 18:57:47,20000.00,13.80,6.72,14.30,9.49,17.30,14.30
2026-04-12 18:57:48,20000.00,13.90,6.70,14.30,9.44,17.30,14.30
2026-04-12 18:57:48,20000.00,13.80,6.74,14.30,9.29,17.10,14.30
2026-04-12 18:57:48,20000.00,13.90,6.76,14.30,9.52,17.30,14.30
2026-04-12 18:57:49,20000.00,13.80,6.70,14.30,9.66,17.40,14.30
2026-04-12 18:57:49,20000.00,13.80,6.72,14.30,9.71,17.30,14.30
2026-04-12 18:57:49,20000.00,13.80,6.72,14.30,9.55,17.40,14.40
2026-04-12 18:57:50,20000.00,13.90,6.64,14.20,9.39,17.30,14.30
2026-04-12 18:57:50,20000.00,13.90,6.70,14.30,9.42,17.30,14.30
2026-04-12 18:57:50,20000.00,13.90,6.66,14.20,8.99,17.20,14.30
2026-04-12 18:57:51,20000.00,13.90,6.60,14.20,8.89,17.10,14.40
2026-04-12 18:57:51,20000.00,14.00,6.64,14.20,9.15,17.30,14.30
2026-04-12 18:57:51,20000.00,13.90,6.66,14.30,9.24,17.30,14.30
2026-04-12 18:57:52,20000.00,13.90,6.70,14.20,9.44,17.30,14.30
2026-04-12 18:57:52,20000.00,13.90,6.65,14.30,9.55,17.40,14.30
2026-04-12 18:57:53,20000.00,13.90,6.70,14.30,9.58,17.40,14.30
2026-04-12 18:57:53,20000.00,13.90,6.71,14.30,9.50,17.40,14.30
2026-04-12 18:57:53,20000.00,13.80,6.73,14.30,9.68,17.20,14.30
2026-04-12 18:57:54,20000.00,13.80,6.65,14.30,9.59,17.50,14.30
2026-04-12 18:57:54,20000.00,13.80,6.71,14.30,9.61,17.40,14.30
2026-04-12 18:57:54,20000.00,13.80,6.72,14.30,9.62,17.30,14.30
2026-04-12 18:57:55,20000.00,13.80,6.71,14.30,9.68,17.30,14.30
2026-04-12 18:57:55,20000.00,13.80,6.74,14.30,9.48,17.10,14.30
2026-04-12 18:57:55,20000.00,13.80,6.71,14.30,9.47,17.40,14.30
2026-04-12 18:57:56,20000.00,13.90,6.73,14.30,9.53,17.00,14.30
2026-04-12 18:57:56,20000.00,13.90,6.69,14.30,9.57,17.30,14.30
2026-04-12 18:57:56,20000.00,13.90,6.54,14.30,9.27,17.10,14.40
2026-04-12 18:57:57,20000.00,13.90,6.65,14.30,9.20,17.30,14.30
2026-04-12 18:57:57,20000.00,13.90,6.71,14.30,9.48,17.10,14.30
2026-04-12 18:57:57,20000.00,13.90,6.71,14.30,9.55,17.20,14.30
2026-04-12 18:57:58,20000.00,13.90,6.69,14.30,9.56,17.40,14.30
2026-04-12 18:57:58,20000.00,13.80,6.71,14.30,9.54,17.50,14.30
2026-04-12 18:57:58,20000.00,13.90,6.65,14.30,9.39,17.20,14.30
2026-04-12 18:57:59,20000.00,13.80,6.72,14.30,9.66,17.30,14.30
2026-04-12 18:57:59,20000.00,13.80,6.72,14.30,9.50,17.30,14.30
2026-04-12 18:58:00,20000.00,13.80,6.74,14.30,9.65,17.20,14.30
2026-04-12 18:58:00,20000.00,13.80,6.75,14.30,9.65,17.50,14.30
2026-04-12 18:58:00,20000.00,13.80,6.74,14.30,9.67,17.40,14.30
2026-04-12 18:58:01,20000.00,13.80,6.76,14.30,9.58,17.40,14.30
2026-04-12 18:58:01,20000.00,13.80,6.68,14.30,9.73,17.30,14.30
2026-04-12 18:58:01,20000.00,13.80,6.73,14.30,9.66,17.40,14.30
2026-04-12 18:58:02,20000.00,13.80,6.69,14.20,9.08,17.40,14.40
2026-04-12 18:58:02,20000.00,13.90,6.66,14.20,9.34,17.50,14.30
2026-04-12 18:58:02,20000.00,13.90,6.61,14.30,9.45,17.50,14.30
2026-04-12 18:58:03,20000.00,13.90,6.71,14.30,9.66,17.40,14.30
2026-04-12 18:58:03,20000.00,13.90,6.70,14.30,9.41,17.50,14.30
2026-04-12 18:58:03,20000.00,13.80,6.73,14.30,9.57,17.10,14.30
2026-04-12 18:58:04,20000.00,13.80,6.74,14.30,9.62,17.60,14.30
2026-04-12 18:58:04,20000.00,13.80,6.74,14.30,9.63,17.20,14.30
2026-04-12 18:58:04,20000.00,13.80,6.71,14.30,9.66,17.40,14.30
2026-04-12 18:58:05,20000.00,13.80,6.71,14.30,9.78,17.40,14.30
2026-04-12 18:58:05,20000.00,13.80,6.64,14.30,9.74,17.40,14.30
2026-04-12 18:58:06,20000.00,13.80,6.74,14.30,9.48,17.30,14.30
2026-04-12 18:58:06,20000.00,13.80,6.76,14.30,9.66,17.20,14.30
2026-04-12 18:58:06,20000.00,13.80,6.74,14.30,9.77,17.40,14.30
2026-04-12 18:58:07,20000.00,13.80,6.75,14.30,9.62,17.20,14.30
2026-04-12 18:58:07,20000.00,13.80,6.67,14.30,9.10,17.40,14.40
2026-04-12 18:58:07,20000.00,13.90,6.68,14.30,9.38,17.40,14.30
2026-04-12 18:58:08,20000.00,13.90,6.65,14.30,9.52,17.30,14.30
2026-04-12 18:58:08,20000.00,13.90,6.74,14.30,9.46,17.30,14.30
2026-04-12 18:58:08,20000.00,13.80,6.74,14.30,9.66,17.40,14.30
2026-04-12 18:58:09,20000.00,13.80,6.67,14.30,9.61,17.30,14.30
2026-04-12 18:58:09,20000.00,13.80,6.70,14.30,9.65,17.40,14.30
2026-04-12 18:58:09,20000.00,13.80,6.73,14.30,9.53,17.40,14.30
2026-04-12 18:58:10,20000.00,13.80,6.73,14.30,9.64,17.10,14.30
2026-04-12 18:58:10,20000.00,13.80,6.72,14.30,9.39,17.10,14.30
2026-04-12 18:58:10,20000.00,13.80,6.73,14.30,9.76,17.40,14.30
2026-04-12 18:58:11,20000.00,13.80,6.75,14.30,9.72,17.30,14.30
2026-04-12 18:58:11,20000.00,13.80,6.71,14.30,9.65,17.30,14.30
2026-04-12 18:58:11,20000.00,13.80,6.70,14.30,9.69,17.50,14.30
2026-04-12 18:58:12,20000.00,13.80,6.76,14.30,9.80,17.30,14.30
2026-04-12 18:58:12,20000.00,13.90,6.66,14.30,9.57,17.30,14.30
2026-04-12 18:58:13,20000.00,13.80,6.67,14.30,9.64,17.10,14.30
2026-04-12 18:58:13,20000.00,13.80,6.69,14.30,9.43,17.40,14.30
2026-04-12 18:58:13,20000.00,13.80,6.74,14.30,9.43,17.20,14.30
2026-04-12 18:58:14,20000.00,13.80,6.74,14.30,9.61,17.20,14.30
2026-04-12 18:58:14,20000.00,13.80,6.70,14.30,9.58,17.40,14.30
2026-04-12 18:58:14,20000.00,13.80,6.75,14.30,9.71,17.40,14.30
2026-04-12 18:58:15,20000.00,13.80,6.72,14.30,9.68,17.40,14.30
2026-04-12 18:58:15,20000.00,13.80,6.69,14.30,9.77,17.40,14.30
2026-04-12 18:58:15,20000.00,13.80,6.72,14.30,9.58,17.40,14.30
2026-04-12 18:58:16,20000.00,13.80,6.71,14.30,9.69,17.20,14.30
2026-04-12 18:58:16,20000.00,13.80,6.73,14.30,9.77,17.30,14.30
2026-04-12 18:58:16,20000.00,13.80,6.71,14.30,9.57,17.30,14.30
2026-04-12 18:58:17,20000.00,13.80,6.64,14.20,9.20,17.40,14.40
2026-04-12 18:58:17,20000.00,13.90,6.64,14.30,9.05,17.10,14.30
2026-04-12 18:58:17,20000.00,13.90,6.53,14.30,9.01,17.40,14.40
2026-04-12 18:58:18,20000.00,14.00,6.60,14.20,9.14,17.30,14.30
2026-04-12 18:58:18,20000.00,13.90,6.69,14.30,9.29,17.40,14.30
2026-04-12 18:58:19,20000.00,13.90,6.64,14.30,9.52,17.40,14.30
2026-04-12 18:58:19,20000.00,13.90,6.73,14.30,9.55,17.30,14.30
2026-04-12 18:58:19,20000.00,13.80,6.68,14.30,9.50,17.20,14.30
2026-04-12 18:58:20,20000.00,13.90,6.72,14.30,9.66,17.20,14.30
2026-04-12 18:58:20,20000.00,13.80,6.71,14.30,9.48,17.40,14.30
2026-04-12 18:58:20,20000.00,13.80,6.69,14.30,9.63,17.40,14.30
2026-04-12 18:58:21,20000.00,13.80,6.75,14.30,9.64,17.50,14.30
2026-04-12 18:58:21,20000.00,13.80,6.74,14.30,9.74,17.20,14.30
2026-04-12 18:58:21,20000.00,13.80,6.72,14.30,9.70,17.40,14.30
2026-04-12 18:58:22,20000.00,13.90,6.75,14.30,9.44,17.40,14.30
2026-04-12 18:58:22,20000.00,13.80,6.71,14.30,9.68,17.50,14.30
2026-04-12 18:58:22,20000.00,13.90,6.67,14.30,9.40,17.30,14.30
2026-04-12 18:58:23,20000.00,13.90,6.55,14.30,8.95,17.10,14.30
2026-04-12 18:58:23,20000.00,13.90,6.64,14.30,9.33,17.30,14.30
2026-04-12 18:58:23,20000.00,13.90,6.61,14.20,9.01,17.30,14.40
2026-04-12 18:58:24,20000.00,13.90,6.63,14.20,9.14,17.30,14.30
2026-04-12 18:58:24,20000.00,13.90,6.68,14.20,9.09,17.40,14.30
2026-04-12 18:58:25,20000.00,13.90,6.71,14.30,9.47,17.20,14.30
2026-04-12 18:58:25,20000.00,13.80,6.66,14.30,9.53,17.30,14.30
2026-04-12 18:58:25,20000.00,13.80,6.72,14.30,9.65,17.30,14.30
2026-04-12 18:58:26,20000.00,13.80,6.73,14.30,9.56,17.40,14.30
2026-04-12 18:58:26,20000.00,13.80,6.70,14.30,9.55,17.30,14.30
2026-04-12 18:58:26,20000.00,13.80,6.76,14.30,9.11,17.30,14.40
2026-04-12 18:58:27,20000.00,13.90,6.66,14.30,9.05,17.20,14.30
2026-04-12 18:58:27,20000.00,13.90,6.66,14.30,9.48,17.40,14.30
2026-04-12 18:58:27,20000.00,13.90,6.72,14.30,9.61,17.20,14.30
2026-04-12 18:58:28,20000.00,13.90,6.72,14.30,9.52,17.30,14.30
2026-04-12 18:58:28,20000.00,13.80,6.66,14.30,9.60,17.40,14.30
2026-04-12 18:58:28,20000.00,13.80,6.71,14.30,9.55,17.30,14.30
2026-04-12 18:58:29,20000.00,13.90,6.65,14.30,8.94,17.30,14.40
2026-04-12 18:58:29,20000.00,13.90,6.59,14.30,8.80,17.30,14.40
2026-04-12 18:58:29,20000.00,14.00,6.54,14.30,8.72,17.30,14.40
2026-04-12 18:58:30,20000.00,14.00,6.56,14.30,8.60,17.20,14.50
2026-04-12 18:58:30,20000.00,14.00,6.56,14.30,8.96,17.20,14.40
2026-04-12 18:58:31,20000.00,13.90,6.61,14.30,9.13,17.30,14.30
2026-04-12 18:58:31,20000.00,13.90,6.65,14.30,9.22,17.30,14.30
2026-04-12 18:58:31,20000.00,13.90,6.67,14.30,9.44,17.30,14.30
2026-04-12 18:58:32,20000.00,13.90,6.69,14.30,9.52,17.30,14.30
2026-04-12 18:58:32,20000.00,13.90,6.75,14.30,9.53,17.30,14.30
2026-04-12 18:58:32,20000.00,13.90,6.67,14.20,9.09,17.30,14.40
2026-04-12 18:58:33,20000.00,13.90,6.63,14.30,9.18,17.30,14.30
2026-04-12 18:58:33,20000.00,13.90,6.69,14.30,9.43,17.40,14.30
2026-04-12 18:58:33,20000.00,13.90,6.69,14.30,8.89,17.30,14.40
2026-04-12 18:58:34,20000.00,14.00,6.63,14.20,8.98,17.40,14.30
2026-04-12 18:58:34,20000.00,13.90,6.68,14.30,9.15,17.30,14.30
2026-04-12 18:58:34,20000.00,13.90,6.55,14.20,9.03,17.40,14.40
2026-04-12 18:58:35,20000.00,14.00,6.59,14.30,8.65,17.40,14.40
2026-04-12 18:58:35,20000.00,14.00,6.56,14.20,8.98,17.30,14.40
2026-04-12 18:58:36,20000.00,13.90,6.65,14.20,9.16,17.30,14.30
2026-04-12 18:58:36,20000.00,13.90,6.67,14.20,9.29,17.30,14.30
2026-04-12 18:58:36,20000.00,13.90,6.72,14.30,9.40,17.40,14.30
2026-04-12 18:58:37,20000.00,13.90,6.67,14.30,9.03,17.30,14.40
2026-04-12 18:58:37,20000.00,14.00,6.64,14.20,9.10,17.30,14.30
2026-04-12 18:58:37,20000.00,13.90,6.64,14.30,9.31,17.30,14.30
2026-04-12 18:58:38,20000.00,13.90,6.71,14.30,9.46,17.50,14.30
2026-04-12 18:58:38,20000.00,13.90,6.68,14.30,9.56,17.40,14.30
2026-04-12 18:58:38,20000.00,13.80,6.74,14.30,9.47,17.40,14.30
2026-04-12 18:58:39,20000.00,13.80,6.69,14.30,9.56,17.40,14.30
2026-04-12 18:58:39,20000.00,13.80,6.69,14.30,9.59,17.30,14.30
2026-04-12 18:58:39,20000.00,13.80,6.69,14.30,9.34,17.30,14.30
2026-04-12 18:58:40,20000.00,13.90,6.56,14.30,8.74,17.30,14.40
2026-04-12 18:58:40,20000.00,14.00,6.59,14.30,9.14,17.40,14.30
2026-04-12 18:58:40,20000.00,13.90,6.71,14.30,9.38,17.30,14.30
2026-04-12 18:58:41,20000.00,13.90,6.70,14.30,9.46,17.40,14.30
2026-04-12 18:58:41,20000.00,13.90,6.72,14.30,9.45,17.00,14.30
2026-04-12 18:58:42,20000.00,13.90,6.67,14.30,9.59,17.40,14.30
2026-04-12 18:58:42,20000.00,13.80,6.72,14.30,9.67,17.40,14.30
2026-04-12 18:58:42,20000.00,13.80,6.73,14.30,9.53,17.20,14.30
2026-04-12 18:58:43,20000.00,13.80,6.71,14.30,9.59,17.30,14.30
2026-04-12 18:58:43,20000.00,13.80,6.71,14.30,9.63,17.30,14.30
2026-04-12 18:58:43,20000.00,13.80,6.77,14.30,9.67,17.50,14.30
2026-04-12 18:58:44,20000.00,13.80,6.67,14.30,9.71,17.30,14.30
2026-04-12 18:58:44,20000.00,13.90,6.75,14.30,9.59,17.40,14.30
2026-04-12 18:58:44,20000.00,13.80,6.68,14.30,9.66,17.10,14.30
2026-04-12 18:58:45,20000.00,13.80,6.70,14.30,9.69,17.00,14.30
2026-04-12 18:58:45,20000.00,13.90,6.65,14.30,9.68,17.10,14.30
2026-04-12 18:58:45,20000.00,13.80,6.70,14.20,9.08,17.10,14.40
2026-04-12 18:58:46,20000.00,14.00,6.63,14.20,9.36,17.30,14.30
2026-04-12 18:58:46,20000.00,13.90,6.69,14.30,9.41,17.20,14.30
2026-04-12 18:58:46,20000.00,13.80,6.69,14.30,9.53,17.30,14.30
2026-04-12 18:58:47,20000.00,13.90,6.73,14.30,9.47,17.40,14.30
2026-04-12 18:58:47,20000.00,13.80,6.71,14.30,9.63,17.40,14.30
2026-04-12 18:58:47,20000.00,13.80,6.71,14.30,9.56,17.40,14.30
2026-04-12 18:58:48,20000.00,13.80,6.72,14.30,9.56,17.30,14.30
2026-04-12 18:58:48,20000.00,13.80,6.69,14.30,9.81,17.10,14.30
2026-04-12 18:58:49,20000.00,13.80,6.73,14.30,9.68,17.30,14.30
2026-04-12 18:58:49,20000.00,13.80,6.70,14.30,9.52,17.30,14.30
2026-04-12 18:58:49,20000.00,13.80,6.72,14.30,9.32,17.10,14.30
2026-04-12 18:58:50,20000.00,13.80,6.73,14.30,9.72,17.20,14.30
2026-04-12 18:58:50,20000.00,13.80,6.73,14.30,9.84,17.30,14.30
2026-04-12 18:58:50,20000.00,13.80,6.75,14.30,9.45,17.20,14.30
2026-04-12 18:58:51,20000.00,13.90,6.64,14.30,9.04,17.30,14.40
2026-04-12 18:58:51,20000.00,14.00,6.57,14.30,8.82,17.20,14.40
2026-04-12 18:58:51,20000.00,14.00,6.53,14.20,9.11,17.20,14.30
2026-04-12 18:58:52,20000.00,13.90,6.67,14.30,9.17,17.40,14.30
2026-04-12 18:58:52,20000.00,13.90,6.67,14.30,9.49,17.20,14.30
2026-04-12 18:58:52,20000.00,13.90,6.74,14.30,9.44,17.20,14.30
2026-04-12 18:58:53,20000.00,13.90,6.70,14.30,9.30,17.40,14.30
2026-04-12 18:58:53,20000.00,13.80,6.71,14.30,9.52,17.40,14.30
2026-04-12 18:58:53,20000.00,13.80,6.64,14.20,9.21,17.40,14.40
2026-04-12 18:58:54,20000.00,13.90,6.68,14.30,9.40,17.30,14.30
2026-04-12 18:58:54,20000.00,13.90,6.69,14.30,9.51,17.30,14.30
2026-04-12 18:58:55,20000.00,13.80,6.69,14.30,9.54,17.40,14.30
2026-04-12 18:58:55,20000.00,13.90,6.70,14.30,9.54,17.30,14.30
2026-04-12 18:58:55,20000.00,13.80,6.69,14.30,9.68,17.30,14.30
2026-04-12 18:58:56,20000.00,13.80,6.74,14.30,9.56,17.30,14.30
2026-04-12 18:58:56,20000.00,13.80,6.72,14.30,9.44,17.20,14.30
2026-04-12 18:58:56,20000.00,13.90,6.65,14.30,8.64,17.30,14.30
2026-04-12 18:58:57,20000.00,13.90,6.55,14.30,8.98,17.30,14.40
2026-04-12 18:58:57,20000.00,14.00,6.59,14.30,9.23,17.40,14.30
2026-04-12 18:58:57,20000.00,13.90,6.65,14.30,9.36,17.40,14.30
2026-04-12 18:58:58,20000.00,13.90,6.71,14.30,9.43,17.40,14.30
2026-04-12 18:58:58,20000.00,13.90,6.71,14.30,9.64,17.10,14.30
2026-04-12 18:58:58,20000.00,13.80,6.63,14.20,9.09,17.30,14.30
2026-04-12 18:58:59,20000.00,13.90,6.69,14.30,9.43,17.30,14.30
2026-04-12 18:58:59,20000.00,13.90,6.70,14.30,9.38,17.40,14.30
2026-04-12 18:58:59,20000.00,13.80,6.63,14.20,9.06,17.30,14.40
2026-04-12 18:59:00,20000.00,14.00,6.60,14.20,9.27,17.40,14.30
2026-04-12 18:59:00,20000.00,13.90,6.70,14.30,9.42,17.30,14.30
2026-04-12 18:59:01,20000.00,13.90,6.71,14.30,9.39,17.30,14.30
2026-04-12 18:59:01,20000.00,13.90,6.70,14.30,9.50,17.30,14.30
2026-04-12 18:59:01,20000.00,13.80,6.70,14.30,9.59,17.30,14.30
2026-04-12 18:59:02,20000.00,13.90,6.72,14.30,9.32,17.20,14.30
2026-04-12 18:59:02,20000.00,13.90,6.46,14.20,9.09,17.50,14.40
2026-04-12 18:59:02,20000.00,13.90,6.59,14.20,9.21,17.30,14.30
2026-04-12 18:59:03,20000.00,13.90,6.68,14.30,9.40,17.40,14.30
2026-04-12 18:59:03,20000.00,13.90,6.64,14.30,9.43,17.30,14.30
2026-04-12 18:59:03,20000.00,13.90,6.72,14.30,9.50,17.50,14.40
2026-04-12 18:59:04,20000.00,13.90,6.67,14.20,9.53,17.30,14.30
2026-04-12 18:59:04,20000.00,13.90,6.66,14.30,9.50,17.30,14.30
2026-04-12 18:59:04,20000.00,13.90,6.72,14.30,9.05,17.30,14.40
2026-04-12 18:59:05,20000.00,14.00,6.61,14.30,9.29,17.30,14.30
2026-04-12 18:59:05,20000.00,13.90,6.70,14.30,9.38,17.40,14.30
2026-04-12 18:59:06,20000.00,13.90,6.67,14.30,8.94,17.30,14.40
2026-04-12 18:59:06,20000.00,14.00,6.65,14.30,9.00,17.30,14.30
2026-04-12 18:59:06,20000.00,13.90,6.67,14.30,9.39,17.30,14.30
2026-04-12 18:59:07,20000.00,13.90,6.67,14.30,9.47,17.40,14.30
2026-04-12 18:59:07,20000.00,13.80,6.68,14.30,9.40,17.30,14.30
2026-04-12 18:59:07,20000.00,13.90,6.51,14.30,9.20,17.40,14.40
2026-04-12 18:59:08,20000.00,14.00,6.60,14.30,9.26,17.30,14.30
2026-04-12 18:59:08,20000.00,13.90,6.66,14.30,9.44,17.40,14.30
2026-04-12 18:59:08,20000.00,13.90,6.70,14.30,9.15,17.40,14.40
2026-04-12 18:59:09,20000.00,13.90,6.64,14.30,9.35,17.40,14.30
2026-04-12 18:59:09,20000.00,13.90,6.68,14.30,9.48,17.40,14.30
2026-04-12 18:59:09,20000.00,13.90,6.68,14.30,9.53,17.10,14.30
2026-04-12 18:59:10,20000.00,13.90,6.71,14.30,9.38,17.30,14.30
2026-04-12 18:59:10,20000.00,13.80,6.73,14.30,9.47,17.30,14.30
2026-04-12 18:59:10,20000.00,13.80,6.69,14.30,9.52,17.30,14.30
2026-04-12 18:59:11,20000.00,13.80,6.66,14.30,9.61,17.00,14.30
2026-04-12 18:59:11,20000.00,13.80,6.76,14.30,9.62,17.20,14.30
2026-04-12 18:59:11,20000.00,13.80,6.77,14.30,9.49,17.30,14.30
2026-04-12 18:59:12,20000.00,13.80,6.78,14.30,9.60,17.30,14.30
2026-04-12 18:59:12,20000.00,13.80,6.72,14.30,9.45,17.30,14.30
2026-04-12 18:59:13,20000.00,13.90,6.63,14.30,8.91,17.20,14.40
2026-04-12 18:59:13,20000.00,14.00,6.61,14.30,9.25,17.20,14.30
2026-04-12 18:59:13,20000.00,13.90,6.69,14.30,9.38,17.40,14.30
2026-04-12 18:59:14,20000.00,13.80,6.73,14.30,9.42,17.40,14.30
2026-04-12 18:59:14,20000.00,13.80,6.71,14.30,9.64,17.40,14.30
2026-04-12 18:59:14,20000.00,13.80,6.70,14.30,9.48,17.30,14.30
2026-04-12 18:59:15,20000.00,13.80,6.71,14.30,9.65,17.20,14.30
2026-04-12 18:59:15,20000.00,13.80,6.65,14.30,9.60,17.30,14.30
2026-04-12 18:59:15,20000.00,13.80,6.71,14.30,9.78,17.20,14.30
2026-04-12 18:59:16,20000.00,13.80,6.74,14.30,9.61,17.40,14.30
2026-04-12 18:59:16,20000.00,13.80,6.73,14.30,9.79,17.20,14.30
2026-04-12 18:59:16,20000.00,13.80,6.74,14.30,9.56,17.20,14.30
2026-04-12 18:59:17,20000.00,13.80,6.75,14.30,9.63,17.20,14.30
2026-04-12 18:59:17,20000.00,13.80,6.70,14.30,9.76,17.20,14.30
2026-04-12 18:59:17,20000.00,13.80,6.74,14.30,9.54,17.30,14.30
2026-04-12 18:59:18,20000.00,13.80,6.70,14.30,9.61,16.90,14.30
2026-04-12 18:59:18,20000.00,13.90,6.70,14.30,9.07,17.20,14.30
2026-04-12 18:59:19,20000.00,13.90,6.69,14.20,9.24,17.30,14.30
2026-04-12 18:59:19,20000.00,13.90,6.69,14.30,9.50,17.20,14.30
2026-04-12 18:59:19,20000.00,13.80,6.68,14.30,9.64,17.10,14.30
2026-04-12 18:59:20,20000.00,13.90,6.70,14.30,9.70,17.30,14.30
2026-04-12 18:59:20,20000.00,13.80,6.75,14.30,9.55,17.30,14.30
2026-04-12 18:59:20,20000.00,13.80,6.69,14.30,9.52,17.30,14.30
2026-04-12 18:59:21,20000.00,13.80,6.73,14.30,9.81,17.30,14.30
2026-04-12 18:59:21,20000.00,13.80,6.76,14.30,9.12,17.20,14.40
2026-04-12 18:59:21,20000.00,13.90,6.64,14.30,9.32,17.00,14.30
2026-04-12 18:59:22,20000.00,13.90,6.69,14.30,9.39,17.30,14.30
2026-04-12 18:59:22,20000.00,13.80,6.74,14.30,9.63,17.20,14.30
2026-04-12 18:59:22,20000.00,13.80,6.69,14.30,9.48,17.20,14.30
2026-04-12 18:59:23,20000.00,13.80,6.66,14.30,9.53,17.30,14.30
2026-04-12 18:59:23,20000.00,13.80,6.72,14.30,9.64,17.40,14.30
2026-04-12 18:59:23,20000.00,13.80,6.74,14.30,9.47,17.10,14.30
2026-04-12 18:59:24,20000.00,13.90,6.59,14.30,9.08,17.30,14.40
2026-04-12 18:59:24,20000.00,13.90,6.69,14.30,9.37,17.30,14.30
2026-04-12 18:59:25,20000.00,13.90,6.66,14.20,8.93,17.30,14.40
2026-04-12 18:59:25,20000.00,14.00,6.59,14.20,8.99,17.20,14.30
2026-04-12 18:59:25,20000.00,13.90,6.65,14.30,9.34,17.30,14.30
2026-04-12 18:59:26,20000.00,13.90,6.69,14.30,9.46,17.30,14.30
2026-04-12 18:59:26,20000.00,13.90,6.73,14.30,9.36,17.40,14.30
2026-04-12 18:59:26,20000.00,13.80,6.71,14.30,9.53,17.10,14.30
2026-04-12 18:59:27,20000.00,13.80,6.73,14.30,9.40,17.40,14.30
2026-04-12 18:59:27,20000.00,13.80,6.66,14.30,9.61,17.30,14.30
2026-04-12 18:59:27,20000.00,13.80,6.73,14.30,9.56,17.30,14.30
2026-04-12 18:59:28,20000.00,13.80,6.75,14.30,9.58,17.30,14.30
2026-04-12 18:59:28,20000.00,13.80,6.74,14.30,9.59,17.20,14.30
2026-04-12 18:59:28,20000.00,13.80,6.73,14.30,9.63,17.40,14.30
2026-04-12 18:59:29,20000.00,13.80,6.74,14.30,9.67,17.20,14.30
2026-04-12 18:59:29,20000.00,13.80,6.64,14.30,9.08,17.30,14.30
2026-04-12 18:59:29,20000.00,13.90,6.59,14.30,8.90,17.40,14.40
2026-04-12 18:59:30,20000.00,14.00,6.62,14.30,9.12,17.30,14.30
2026-04-12 18:59:30,20000.00,13.90,6.71,14.30,9.40,17.30,14.30
2026-04-12 18:59:31,20000.00,13.90,6.74,14.30,9.55,17.30,14.30
2026-04-12 18:59:31,20000.00,13.90,6.72,14.30,9.73,17.00,14.30
2026-04-12 18:59:31,20000.00,13.80,6.69,14.30,9.54,17.30,14.30
2026-04-12 18:59:32,20000.00,13.80,6.72,14.30,9.64,17.20,14.30
2026-04-12 18:59:32,20000.00,13.80,6.72,14.30,9.44,17.40,14.30
2026-04-12 18:59:32,20000.00,13.80,6.68,14.30,9.64,17.30,14.30
2026-04-12 18:59:33,20000.00,13.80,6.70,14.30,9.69,17.40,14.30
2026-04-12 18:59:33,20000.00,13.80,6.74,14.30,9.42,17.30,14.30
2026-04-12 18:59:33,20000.00,13.80,6.72,14.30,9.49,17.30,14.30
2026-04-12 18:59:34,20000.00,13.80,6.71,14.30,9.77,17.30,14.30
2026-04-12 18:59:34,20000.00,13.80,6.70,14.30,9.53,17.30,14.30
2026-04-12 18:59:34,20000.00,13.80,6.73,14.30,9.51,17.10,14.30
2026-04-12 18:59:35,20000.00,13.90,6.57,14.20,9.27,17.30,14.40
2026-04-12 18:59:35,20000.00,13.90,6.66,14.30,9.38,17.40,14.30
2026-04-12 18:59:35,20000.00,13.90,6.62,14.30,9.54,17.30,14.30
2026-04-12 18:59:36,20000.00,13.90,6.73,14.30,9.49,17.30,14.30
2026-04-12 18:59:36,20000.00,13.80,6.69,14.30,9.57,17.40,14.30
2026-04-12 18:59:37,20000.00,13.80,6.73,14.30,9.57,17.20,14.30
2026-04-12 18:59:37,20000.00,13.80,6.70,14.30,9.57,17.20,14.30
2026-04-12 18:59:37,20000.00,13.80,6.71,14.30,9.67,17.20,14.30
2026-04-12 18:59:38,20000.00,13.80,6.67,14.30,9.68,17.40,14.30
2026-04-12 18:59:38,20000.00,13.80,6.76,14.30,9.65,17.20,14.30
2026-04-12 18:59:38,20000.00,13.80,6.75,14.30,9.73,17.30,14.30
2026-04-12 18:59:39,20000.00,13.80,6.71,14.30,9.76,17.20,14.30
2026-04-12 18:59:39,20000.00,13.80,6.74,14.30,9.65,17.40,14.30
2026-04-12 18:59:39,20000.00,13.80,6.72,14.30,9.78,17.30,14.30
2026-04-12 18:59:40,20000.00,13.80,6.73,14.30,9.67,17.10,14.30
2026-04-12 18:59:40,20000.00,13.80,6.69,14.30,8.80,17.30,14.40
2026-04-12 18:59:40,20000.00,13.90,6.59,14.20,9.01,17.30,14.30
2026-04-12 18:59:41,20000.00,13.90,6.64,14.30,9.42,17.20,14.30
2026-04-12 18:59:41,20000.00,13.90,6.70,14.30,9.00,17.20,14.40
2026-04-12 18:59:41,20000.00,14.00,6.65,14.30,9.23,17.40,14.30
2026-04-12 18:59:42,20000.00,13.90,6.69,14.30,9.46,17.40,14.30
2026-04-12 18:59:42,20000.00,13.80,6.68,14.30,9.07,17.30,14.40
2026-04-12 18:59:43,20000.00,13.90,6.63,14.30,9.10,17.30,14.30
2026-04-12 18:59:43,20000.00,13.90,6.70,14.30,9.39,17.30,14.30
2026-04-12 18:59:43,20000.00,13.90,6.70,14.30,9.47,17.40,14.30
2026-04-12 18:59:44,20000.00,13.80,6.73,14.30,9.52,17.20,14.30
2026-04-12 18:59:44,20000.00,13.80,6.74,14.30,9.59,17.40,14.30
2026-04-12 18:59:44,20000.00,13.80,6.75,14.30,9.59,17.20,14.30
2026-04-12 18:59:45,20000.00,13.80,6.71,14.30,9.59,17.30,14.30
2026-04-12 18:59:45,20000.00,13.80,6.70,14.30,9.36,17.40,14.40
2026-04-12 18:59:45,20000.00,13.90,6.70,14.30,9.33,16.70,14.30
2026-04-12 18:59:46,20000.00,13.90,6.54,14.30,9.06,17.30,14.40
2026-04-12 18:59:46,20000.00,13.90,6.61,14.30,9.19,17.30,14.30
2026-04-12 18:59:46,20000.00,13.90,6.66,14.30,9.39,17.30,14.30
2026-04-12 18:59:47,20000.00,13.90,6.74,14.30,9.59,17.30,14.30
2026-04-12 18:59:47,20000.00,13.90,6.62,14.30,9.01,17.20,14.40
2026-04-12 18:59:48,20000.00,13.90,6.61,14.30,9.21,17.30,14.30
2026-04-12 18:59:48,20000.00,13.90,6.68,14.30,9.33,17.40,14.30
2026-04-12 18:59:48,20000.00,13.90,6.65,14.30,8.98,17.20,14.40
2026-04-12 18:59:49,20000.00,14.00,6.64,14.30,9.19,17.40,14.30
2026-04-12 18:59:49,20000.00,13.90,6.69,14.20,9.24,17.40,14.30
2026-04-12 18:59:49,20000.00,13.90,6.64,14.30,9.42,17.30,14.30
2026-04-12 18:59:50,20000.00,13.90,6.71,14.30,9.58,17.30,14.30
2026-04-12 18:59:50,20000.00,13.80,6.71,14.30,9.44,17.20,14.30
2026-04-12 18:59:50,20000.00,13.80,6.72,14.30,9.59,17.20,14.30
2026-04-12 18:59:51,20000.00,13.80,6.72,14.30,9.48,17.20,14.30
2026-04-12 18:59:51,20000.00,13.90,6.71,14.30,9.38,17.20,14.30
2026-04-12 18:59:51,20000.00,13.90,6.56,14.20,9.05,17.40,14.40
2026-04-12 18:59:52,20000.00,13.90,6.65,14.30,9.18,17.20,14.30
2026-04-12 18:59:52,20000.00,13.90,6.70,14.30,9.46,17.30,14.30
2026-04-12 18:59:52,20000.00,13.90,6.70,14.30,9.48,17.20,14.30
2026-04-12 18:59:53,20000.00,13.80,6.72,14.30,9.51,17.20,14.30
2026-04-12 18:59:53,20000.00,13.80,6.71,14.30,9.68,17.20,14.30
2026-04-12 18:59:53,20000.00,13.80,6.73,14.30,9.56,17.40,14.30
2026-04-12 18:59:54,20000.00,13.80,6.66,14.30,9.68,17.40,14.30
2026-04-12 18:59:54,20000.00,13.80,6.64,14.30,9.16,17.20,14.40
2026-04-12 18:59:55,20000.00,13.90,6.61,14.20,9.33,17.20,14.30
2026-04-12 18:59:55,20000.00,13.90,6.67,14.30,9.38,17.20,14.30
2026-04-12 18:59:55,20000.00,13.80,6.68,14.30,9.61,17.30,14.30
2026-04-12 18:59:56,20000.00,13.90,6.72,14.30,9.48,17.40,14.30
2026-04-12 18:59:56,20000.00,13.80,6.72,14.30,9.61,17.30,14.30
2026-04-12 18:59:56,20000.00,13.80,6.71,14.30,9.55,16.90,14.30
2026-04-12 18:59:57,20000.00,13.90,6.58,14.30,8.98,17.20,14.40
2026-04-12 18:59:57,20000.00,13.90,6.54,14.30,8.83,17.30,14.40
2026-04-12 18:59:57,20000.00,14.00,6.57,14.20,9.03,17.30,14.30
2026-04-12 18:59:58,20000.00,13.90,6.67,14.20,9.26,17.30,14.30
2026-04-12 18:59:58,20000.00,13.90,6.68,14.30,9.48,17.40,14.30
2026-04-12 18:59:58,20000.00,13.90,6.70,14.30,9.42,17.30,14.30
2026-04-12 18:59:59,20000.00,13.80,6.75,14.30,9.55,17.30,14.30
2026-04-12 18:59:59,20000.00,13.80,6.69,14.30,9.46,17.20,14.30
2026-04-12 18:59:59,20000.00,13.90,6.74,14.30,9.48,17.30,14.30
2026-04-12 19:00:00,20000.00,13.80,6.68,14.30,9.61,17.40,14.30
2026-04-12 19:00:00,20000.00,13.80,6.76,14.30,9.57,17.30,14.30
2026-04-12 19:00:01,20000.00,13.80,6.68,14.30,9.68,17.20,14.30
2026-04-12 19:00:01,20000.00,13.80,6.72,14.30,9.66,17.30,14.30
2026-04-12 19:00:01,20000.00,13.80,6.71,14.30,9.12,17.20,14.40
2026-04-12 19:00:02,20000.00,13.90,6.63,14.20,9.15,17.10,14.30
2026-04-12 19:00:02,20000.00,13.90,6.74,14.30,9.37,17.20,14.30
2026-04-12 19:00:02,20000.00,13.90,6.61,14.20,8.93,16.90,14.30
2026-04-12 19:00:03,20000.00,13.90,6.64,14.30,9.27,17.10,14.30
2026-04-12 19:00:03,20000.00,13.90,6.55,14.20,8.96,17.20,14.40
2026-04-12 19:00:03,20000.00,14.00,6.59,14.20,9.25,17.30,14.30
2026-04-12 19:00:04,20000.00,13.90,6.65,14.20,8.87,17.40,14.40
2026-04-12 19:00:04,20000.00,14.00,6.59,14.30,8.94,17.10,14.30
2026-04-12 19:00:04,20000.00,13.90,6.64,14.30,9.27,17.30,14.30
2026-04-12 19:00:05,20000.00,13.90,6.64,14.30,9.50,17.20,14.30
2026-04-12 19:00:05,20000.00,13.90,6.76,14.30,9.39,17.30,14.30
2026-04-12 19:00:06,20000.00,13.80,6.71,14.30,9.40,17.30,14.30
2026-04-12 19:00:06,20000.00,13.90,6.67,14.30,9.58,17.40,14.30
2026-04-12 19:00:06,20000.00,13.80,6.75,14.30,9.54,17.30,14.30
2026-04-12 19:00:07,20000.00,13.80,6.71,14.30,9.73,17.30,14.30
2026-04-12 19:00:07,20000.00,13.80,6.74,14.30,9.55,17.40,14.30
2026-04-12 19:00:07,20000.00,13.80,6.71,14.20,9.13,17.20,14.40
2026-04-12 19:00:08,20000.00,13.90,6.67,14.30,9.16,17.10,14.30
2026-04-12 19:00:08,20000.00,13.90,6.69,14.30,9.32,17.20,14.30
2026-04-12 19:00:08,20000.00,13.90,6.53,14.30,8.97,17.30,14.40
2026-04-12 19:00:09,20000.00,14.00,6.50,14.30,8.67,17.30,14.40
2026-04-12 19:00:09,20000.00,14.00,6.61,14.20,9.13,17.40,14.30
2026-04-12 19:00:09,20000.00,13.90,6.63,14.30,9.32,17.30,14.30
2026-04-12 19:00:10,20000.00,13.90,6.62,14.20,8.81,17.20,14.40
2026-04-12 19:00:10,20000.00,14.00,6.57,14.30,9.22,17.30,14.30
2026-04-12 19:00:10,20000.00,13.90,6.67,14.30,9.30,17.20,14.30
2026-04-12 19:00:11,20000.00,13.90,6.63,14.30,9.44,17.20,14.30
2026-04-12 19:00:11,20000.00,13.90,6.69,14.30,9.49,17.20,14.30
2026-04-12 19:00:12,20000.00,13.90,6.67,14.30,9.42,17.30,14.30
2026-04-12 19:00:12,20000.00,13.80,6.67,14.30,9.55,17.30,14.30
2026-04-12 19:00:12,20000.00,13.80,6.71,14.30,9.45,17.30,14.30
2026-04-12 19:00:13,20000.00,13.90,6.69,14.30,9.45,17.40,14.30
2026-04-12 19:00:13,20000.00,13.80,6.74,14.30,9.57,17.10,14.30
2026-04-12 19:00:13,20000.00,13.80,6.75,14.30,9.59,17.20,14.30
2026-04-12 19:00:14,20000.00,13.80,6.72,14.30,9.37,17.10,14.30
2026-04-12 19:00:14,20000.00,13.90,6.63,14.30,9.00,17.30,14.40
2026-04-12 19:00:14,20000.00,13.90,6.65,14.30,9.38,17.30,14.30
2026-04-12 19:00:15,20000.00,13.90,6.73,14.30,9.57,17.30,14.30
2026-04-12 19:00:15,20000.00,13.90,6.68,14.30,9.62,17.20,14.30
2026-04-12 19:00:15,20000.00,13.80,6.73,14.30,9.36,17.30,14.30
2026-04-12 19:00:16,20000.00,13.80,6.67,14.30,9.55,17.20,14.30
2026-04-12 19:00:16,20000.00,13.80,6.71,14.30,9.64,17.40,14.30
2026-04-12 19:00:16,20000.00,13.80,6.74,14.30,9.64,17.20,14.30
2026-04-12 19:00:17,20000.00,13.80,6.68,14.20,9.20,17.30,14.40
2026-04-12 19:00:17,20000.00,13.90,6.63,14.20,9.37,17.30,14.30
2026-04-12 19:00:18,20000.00,13.90,6.62,14.20,9.02,17.20,14.40
2026-04-12 19:00:18,20000.00,13.90,6.61,14.20,9.12,17.30,14.30
2026-04-12 19:00:18,20000.00,13.90,6.67,14.30,9.39,17.30,14.30
2026-04-12 19:00:19,20000.00,13.90,6.71,14.30,9.44,17.30,14.30
2026-04-12 19:00:19,20000.00,13.80,6.71,14.30,9.48,17.20,14.30
2026-04-12 19:00:19,20000.00,13.90,6.67,14.20,8.90,17.10,14.40
2026-04-12 19:00:20,20000.00,14.00,6.61,14.20,9.21,17.00,14.30
2026-04-12 19:00:20,20000.00,13.90,6.66,14.30,9.35,17.30,14.30
2026-04-12 19:00:20,20000.00,13.80,6.68,14.20,9.06,17.20,14.40
2026-04-12 19:00:21,20000.00,14.00,6.55,14.20,8.92,17.30,14.40
2026-04-12 19:00:21,20000.00,13.90,6.64,14.20,9.26,17.30,14.30
2026-04-12 19:00:21,20000.00,13.90,6.62,14.30,9.37,17.20,14.30
2026-04-12 19:00:22,20000.00,13.90,6.71,14.30,9.52,17.30,14.30
2026-04-12 19:00:22,20000.00,13.90,6.68,14.30,9.44,17.30,14.30
2026-04-12 19:00:22,20000.00,13.80,6.75,14.30,9.55,17.20,14.30
2026-04-12 19:00:23,20000.00,13.80,6.75,14.30,9.47,17.30,14.30
2026-04-12 19:00:23,20000.00,13.80,6.71,14.30,9.58,17.00,14.30
2026-04-12 19:00:23,20000.00,13.80,6.74,14.30,9.58,17.30,14.30
2026-04-12 19:00:24,20000.00,13.80,6.71,14.30,9.64,17.40,14.30
2026-04-12 19:00:24,20000.00,13.80,6.70,14.30,9.40,17.00,14.30
2026-04-12 19:00:25,20000.00,13.80,6.74,14.30,9.35,17.30,14.30
2026-04-12 19:00:25,20000.00,13.90,6.55,14.20,9.01,17.30,14.40
2026-04-12 19:00:25,20000.00,14.00,6.67,14.20,9.26,17.10,14.30
2026-04-12 19:00:26,20000.00,13.90,6.70,14.30,9.31,17.30,14.30
2026-04-12 19:00:26,20000.00,13.90,6.70,14.30,9.63,17.30,14.30
2026-04-12 19:00:26,20000.00,13.80,6.63,14.30,9.62,17.30,14.30
2026-04-12 19:00:27,20000.00,13.90,6.70,14.30,9.46,17.40,14.30
2026-04-12 19:00:27,20000.00,13.80,6.74,14.30,9.56,17.30,14.30
2026-04-12 19:00:27,20000.00,13.80,6.74,14.30,9.59,17.10,14.30
2026-04-12 19:00:28,20000.00,13.80,6.71,14.30,9.40,17.20,14.30
2026-04-12 19:00:28,20000.00,13.80,6.69,14.30,9.56,17.30,14.30
2026-04-12 19:00:28,20000.00,13.80,6.74,14.30,9.62,17.30,14.30
2026-04-12 19:00:29,20000.00,13.80,6.72,14.30,9.35,17.30,14.30
2026-04-12 19:00:29,20000.00,13.80,6.70,14.30,9.84,17.30,14.30
2026-04-12 19:00:29,20000.00,13.80,6.69,14.30,9.73,17.40,14.30
2026-04-12 19:00:30,20000.00,13.80,6.71,14.30,9.68,17.10,14.30
2026-04-12 19:00:30,20000.00,13.80,6.73,14.30,9.75,17.30,14.30
2026-04-12 19:00:31,20000.00,13.80,6.70,14.30,9.60,17.30,14.30
2026-04-12 19:00:31,20000.00,13.80,6.79,14.30,9.62,17.40,14.30
2026-04-12 19:00:31,20000.00,13.80,6.71,14.30,9.56,17.30,14.30
2026-04-12 19:00:32,20000.00,13.80,6.75,14.30,9.73,17.10,14.30
2026-04-12 19:00:32,20000.00,13.80,6.76,14.30,9.60,17.30,14.30
2026-04-12 19:00:32,20000.00,13.80,6.73,14.30,9.67,17.10,14.30
2026-04-12 19:00:33,20000.00,13.80,6.73,14.30,9.82,17.40,14.30
2026-04-12 19:00:33,20000.00,13.80,6.74,14.30,9.78,17.40,14.30
2026-04-12 19:00:33,20000.00,13.80,6.75,14.30,9.85,17.30,14.30
2026-04-12 19:00:34,20000.00,13.80,6.72,14.30,9.78,17.10,14.30
2026-04-12 19:00:34,20000.00,13.80,6.74,14.30,9.56,17.40,14.30
2026-04-12 19:00:34,20000.00,13.80,6.71,14.30,9.22,17.20,14.40
2026-04-12 19:00:35,20000.00,13.90,6.71,14.20,9.42,17.30,14.30
2026-04-12 19:00:35,20000.00,13.90,6.68,14.30,9.47,17.20,14.30
2026-04-12 19:00:35,20000.00,13.80,6.58,14.30,9.12,17.40,14.40
2026-04-12 19:00:36,20000.00,13.90,6.62,14.20,9.20,17.10,14.30
2026-04-12 19:00:36,20000.00,13.90,6.67,14.30,9.33,17.40,14.30
2026-04-12 19:00:37,20000.00,13.90,6.72,14.30,9.49,17.20,14.30
2026-04-12 19:00:37,20000.00,13.80,6.74,14.30,9.50,17.40,14.30
2026-04-12 19:00:37,20000.00,13.80,6.72,14.30,9.60,17.40,14.30
2026-04-12 19:00:38,20000.00,13.80,6.71,14.30,9.69,17.40,14.30
2026-04-12 19:00:38,20000.00,13.80,6.69,14.20,9.13,17.30,14.40
2026-04-12 19:00:38,20000.00,13.90,6.67,14.30,9.03,17.00,14.30
2026-04-12 19:00:39,20000.00,13.90,6.68,14.30,9.36,17.30,14.30
2026-04-12 19:00:39,20000.00,13.80,6.68,14.30,9.64,17.30,14.30
2026-04-12 19:00:39,20000.00,13.80,6.73,14.30,9.51,17.30,14.30
2026-04-12 19:00:40,20000.00,13.80,6.76,14.30,9.55,17.20,14.30
2026-04-12 19:00:40,20000.00,13.80,6.79,14.30,9.58,17.40,14.30
2026-04-12 19:00:40,20000.00,13.80,6.75,14.30,9.37,17.20,14.30
2026-04-12 19:00:41,20000.00,13.90,6.63,14.30,9.04,17.30,14.40
2026-04-12 19:00:41,20000.00,13.90,6.67,14.30,9.36,17.30,14.30
2026-04-12 19:00:41,20000.00,13.90,6.71,14.20,8.90,17.20,14.40
2026-04-12 19:00:42,20000.00,14.00,6.63,14.20,9.24,17.30,14.30
2026-04-12 19:00:42,20000.00,13.90,6.70,14.30,9.34,17.50,14.30
2026-04-12 19:00:43,20000.00,13.90,6.67,14.30,9.54,17.30,14.30
2026-04-12 19:00:43,20000.00,13.90,6.67,14.30,9.60,17.30,14.30
2026-04-12 19:00:43,20000.00,13.80,6.69,14.30,9.59,17.40,14.30
2026-04-12 19:00:44,20000.00,13.80,6.70,14.30,9.45,17.40,14.30
2026-04-12 19:00:44,20000.00,13.80,6.79,14.30,9.50,17.30,14.30
2026-04-12 19:00:44,20000.00,13.80,6.73,14.30,9.53,17.40,14.30
2026-04-12 19:00:45,20000.00,13.80,6.77,14.30,9.69,17.30,14.30
2026-04-12 19:00:45,20000.00,13.80,6.68,14.30,9.68,17.30,14.30
2026-04-12 19:00:45,20000.00,13.80,6.71,14.30,9.71,17.30,14.30
2026-04-12 19:00:46,20000.00,13.80,6.73,14.30,9.66,17.20,14.30
2026-04-12 19:00:46,20000.00,13.90,6.69,14.30,9.07,17.20,14.30
2026-04-12 19:00:46,20000.00,13.90,6.55,14.20,8.90,17.30,14.40
2026-04-12 19:00:47,20000.00,14.00,6.62,14.20,9.12,17.40,14.30
2026-04-12 19:00:47,20000.00,13.90,6.62,14.30,9.33,17.30,14.30
2026-04-12 19:00:47,20000.00,13.90,6.71,14.30,9.40,17.20,14.30
2026-04-12 19:00:48,20000.00,13.90,6.71,14.30,9.13,17.40,14.40
2026-04-12 19:00:48,20000.00,13.90,6.62,14.30,9.38,17.20,14.30
2026-04-12 19:00:49,20000.00,13.90,6.71,14.30,9.49,17.20,14.30
2026-04-12 19:00:49,20000.00,13.90,6.71,14.30,9.55,17.20,14.30
2026-04-12 19:00:49,20000.00,13.80,6.70,14.30,9.45,17.40,14.30
2026-04-12 19:00:50,20000.00,13.80,6.69,14.30,9.59,17.10,14.30
2026-04-12 19:00:50,20000.00,13.80,6.73,14.30,9.61,17.40,14.30
2026-04-12 19:00:50,20000.00,13.80,6.73,14.30,9.67,17.00,14.30
2026-04-12 19:00:51,20000.00,13.80,6.74,14.30,9.68,17.20,14.30
2026-04-12 19:00:51,20000.00,13.80,6.75,14.30,9.73,17.20,14.30
2026-04-12 19:00:51,20000.00,13.80,6.73,14.30,9.55,16.90,14.30
2026-04-12 19:00:52,20000.00,13.80,6.66,14.20,8.95,17.10,14.30
2026-04-12 19:00:52,20000.00,13.90,6.50,14.30,8.93,17.40,14.40
2026-04-12 19:00:52,20000.00,14.00,6.59,14.20,9.09,17.20,14.30
2026-04-12 19:00:53,20000.00,13.90,6.65,14.30,9.43,17.20,14.30
2026-04-12 19:00:53,20000.00,13.90,6.66,14.30,9.45,17.20,14.30
2026-04-12 19:00:53,20000.00,13.90,6.65,14.30,9.47,17.20,14.30
2026-04-12 19:00:54,20000.00,13.90,6.69,14.30,9.51,17.30,14.30
2026-04-12 19:00:54,20000.00,13.80,6.70,14.30,9.62,17.20,14.30
2026-04-12 19:00:54,20000.00,13.80,6.75,14.30,9.54,17.30,14.30
2026-04-12 19:00:55,20000.00,13.80,6.76,14.30,9.39,17.10,14.30
2026-04-12 19:00:55,20000.00,13.80,6.76,14.30,9.70,17.30,14.30
2026-04-12 19:00:56,20000.00,13.80,6.73,14.30,9.71,17.40,14.30
