Timestamp,Label,V_AD,V_AB,V_BC,V_CD,V_AC,V_BD
2026-04-12 21:35:02,AB_1,14.6,6.67,15.3,8.16,15.0,14.5
2026-04-12 21:35:02,AB_1,14.0,6.79,14.8,8.49,15.4,14.5
2026-04-12 21:35:03,AB_1,14.0,6.84,14.8,8.96,15.6,14.5
2026-04-12 21:35:03,AB_1,14.0,6.87,14.7,9.17,15.8,14.5
2026-04-12 21:35:03,AB_1,14.0,6.86,14.7,8.71,15.9,14.5
2026-04-12 21:35:04,AB_1,14.0,6.84,14.7,8.99,16.0,14.5
2026-04-12 21:35:04,AB_1,14.0,6.84,14.7,9.16,16.1,14.5
2026-04-12 21:35:04,AB_1,14.0,6.76,14.6,8.89,16.2,14.4
2026-04-12 21:35:05,AB_1,14.0,6.85,14.6,9.15,16.2,14.5
2026-04-12 21:35:05,AB_1,14.0,6.85,14.6,9.29,16.3,14.5
2026-04-12 21:35:06,AB_1,14.0,6.77,14.6,8.93,16.2,14.5
2026-04-12 21:35:06,AB_1,14.0,6.77,14.5,8.68,16.4,14.5
2026-04-12 21:35:06,AB_1,14.0,6.64,14.5,8.61,16.5,14.5
2026-04-12 21:35:07,AB_1,14.1,6.78,14.5,8.91,16.6,14.5
2026-04-12 21:35:07,AB_1,14.0,6.82,14.5,9.19,16.5,14.5
2026-04-12 21:35:07,AB_1,14.0,6.82,14.5,9.18,16.5,14.5
2026-04-12 21:35:08,AB_1,14.0,6.7,14.5,8.87,16.6,14.5
2026-04-12 21:35:08,AB_1,14.1,6.64,14.5,8.72,16.7,14.5
2026-04-12 21:35:08,AB_1,14.1,6.69,14.5,8.68,16.9,14.5
2026-04-12 21:35:09,AB_1,14.1,6.76,14.5,8.98,16.8,14.5
2026-04-12 21:35:09,AB_1,14.0,6.83,14.5,9.34,16.8,14.5
2026-04-12 21:35:09,AB_1,14.0,6.86,14.5,9.35,16.9,14.5
2026-04-12 21:35:10,AB_1,14.0,6.81,14.5,9.55,17.0,14.5
2026-04-12 21:35:10,AB_1,14.0,6.64,14.5,9.08,17.0,14.5
2026-04-12 21:35:11,AB_1,14.1,6.66,14.4,8.77,17.1,14.5
2026-04-12 21:35:11,AB_1,14.1,6.78,14.4,9.19,17.0,14.5
2026-04-12 21:35:11,AB_1,14.0,6.8,14.4,9.07,16.9,14.5
2026-04-12 21:35:12,AB_1,14.1,6.71,14.5,8.97,17.1,14.5
2026-04-12 21:35:12,AB_1,14.1,6.8,14.4,9.13,17.0,14.4
2026-04-12 21:35:12,AB_1,14.0,6.83,14.4,9.43,16.8,14.4
2026-04-12 21:35:13,AB_1,14.0,6.84,14.4,9.4,16.9,14.4
2026-04-12 21:35:13,AB_1,14.0,6.76,14.4,9.03,17.0,14.4
2026-04-12 21:35:13,AB_1,14.1,6.69,14.4,8.84,17.1,14.5
2026-04-12 21:35:14,AB_1,14.0,6.8,14.3,8.9,16.8,14.4
2026-04-12 21:35:14,AB_1,14.0,6.61,14.3,8.91,17.1,14.4
2026-04-12 21:35:14,AB_1,14.0,6.76,14.3,9.11,17.0,14.4
2026-04-12 21:35:15,AB_1,14.0,6.64,14.4,9.0,16.9,14.4
2026-04-12 21:35:15,AB_1,14.0,6.68,14.4,8.79,17.0,14.5
2026-04-12 21:35:16,AB_1,14.1,6.81,14.4,9.15,16.9,14.5
2026-04-12 21:35:16,AB_1,14.0,6.83,14.5,8.86,17.0,14.6
2026-04-12 21:35:16,AB_1,14.2,6.68,14.5,8.58,17.3,14.6
2026-04-12 21:35:17,AB_1,14.2,6.74,14.5,8.73,17.0,14.7
2026-04-12 21:35:17,AB_1,14.2,6.75,14.5,8.5,17.0,14.7
2026-04-12 21:35:17,AB_1,14.2,6.7,14.5,8.84,17.2,14.6
2026-04-12 21:35:18,AB_1,14.1,6.75,14.5,9.17,17.3,14.5
2026-04-12 21:35:18,AB_1,14.1,6.77,14.5,9.19,17.1,14.5
2026-04-12 21:35:18,AB_1,14.1,6.63,14.5,8.95,17.1,14.6
2026-04-12 21:35:19,AB_1,14.1,6.68,14.5,8.66,17.0,14.6
2026-04-12 21:35:19,AB_1,14.2,6.61,14.5,8.61,17.2,14.7
2026-04-12 21:35:20,AB_1,14.2,6.48,14.5,8.58,17.1,14.7
2026-04-12 21:35:20,AB_1,14.2,6.7,14.5,8.95,17.2,14.5
2026-04-12 21:35:20,AB_1,14.1,6.76,14.5,9.09,17.3,14.5
2026-04-12 21:35:21,AB_1,14.1,6.77,14.5,9.37,17.3,14.5
2026-04-12 21:35:21,AB_1,14.1,6.61,14.5,8.94,17.2,14.6
2026-04-12 21:35:21,AB_1,14.2,6.7,14.4,9.09,17.2,14.5
2026-04-12 21:35:22,AB_1,14.1,6.77,14.5,9.29,17.3,14.5
2026-04-12 21:35:22,AB_1,14.1,6.78,14.5,9.45,17.3,14.5
2026-04-12 21:35:22,AB_1,14.1,6.77,14.5,9.39,17.2,14.6
2026-04-12 21:35:23,AB_1,14.1,6.77,14.5,8.99,17.0,14.6
2026-04-12 21:35:23,AB_1,14.2,6.74,14.4,9.16,17.3,14.5
2026-04-12 21:35:23,AB_1,14.1,6.79,14.5,9.29,17.3,14.5
2026-04-12 21:35:24,AB_1,14.1,6.65,14.5,8.78,17.2,14.6
2026-04-12 21:35:24,AB_1,14.2,6.75,14.5,9.06,17.1,14.5
2026-04-12 21:35:25,AB_1,14.1,6.72,14.4,8.83,17.1,14.6
2026-04-12 21:35:25,AB_1,14.2,6.76,14.4,9.01,17.3,14.5
2026-04-12 21:35:25,AB_1,14.1,6.77,14.4,9.24,17.3,14.5
2026-04-12 21:35:26,AB_1,14.1,6.82,14.5,9.56,17.3,14.5
2026-04-12 21:35:26,AB_1,14.1,6.74,14.5,8.94,17.1,14.6
2026-04-12 21:35:26,AB_1,14.2,6.72,14.4,9.34,17.3,14.5
2026-04-12 21:35:27,AB_1,14.1,6.78,14.5,9.38,17.4,14.5
2026-04-12 21:35:27,AB_1,14.1,6.81,14.5,9.55,17.3,14.5
2026-04-12 21:35:27,AB_1,14.1,6.82,14.5,9.48,17.4,14.5
2026-04-12 21:35:28,AB_1,14.1,6.5,14.4,9.18,17.1,14.6
2026-04-12 21:35:28,AB_1,14.2,6.74,14.5,9.23,17.4,14.5
2026-04-12 21:35:28,AB_1,14.1,6.77,14.5,9.43,17.2,14.5
2026-04-12 21:35:29,AB_1,14.1,6.82,14.5,9.29,17.0,14.6
2026-04-12 21:35:29,AB_1,14.2,6.81,14.4,9.33,17.3,14.5
2026-04-12 21:35:29,AB_1,14.1,6.6,14.4,9.18,17.2,14.5
2026-04-12 21:35:30,AB_1,14.1,6.72,14.4,8.76,17.1,14.5
2026-04-12 21:35:30,AB_1,14.1,6.71,14.4,9.26,17.1,14.5
2026-04-12 21:35:31,AB_1,14.1,6.66,14.4,8.88,17.2,14.5
2026-04-12 21:35:31,AB_1,14.1,6.7,14.4,9.27,17.2,14.5
2026-04-12 21:35:31,AB_1,14.0,6.5,14.4,8.9,17.3,14.6
2026-04-12 21:35:32,AB_1,14.2,6.73,14.4,9.28,17.2,14.5
2026-04-12 21:35:32,AB_1,14.1,6.64,14.4,8.9,17.3,14.6
2026-04-12 21:35:32,AB_1,14.2,6.74,14.4,8.69,17.2,14.6
2026-04-12 21:35:33,AB_1,14.2,6.67,14.4,8.62,17.1,14.6
2026-04-12 21:35:33,AB_1,14.2,6.67,14.5,8.57,17.4,14.6
2026-04-12 21:35:33,AB_1,14.2,6.62,14.5,8.92,17.1,14.5
2026-04-12 21:35:34,AB_1,14.1,6.74,14.4,9.06,17.3,14.5
2026-04-12 21:35:34,AB_1,14.1,6.78,14.5,9.2,17.3,14.5
2026-04-12 21:35:35,AB_1,14.1,6.79,14.4,9.34,17.2,14.5
2026-04-12 21:35:35,AB_1,14.1,6.79,14.5,9.31,17.3,14.5
2026-04-12 21:35:35,AB_1,14.1,6.82,14.5,9.37,17.2,14.5
2026-04-12 21:35:36,AB_1,14.1,6.77,14.5,9.3,17.3,14.5
2026-04-12 21:35:36,AB_1,14.1,6.72,14.4,9.19,17.2,14.5
2026-04-12 21:35:36,AB_1,14.1,6.79,14.4,9.37,17.3,14.5
2026-04-12 21:35:37,AB_1,14.0,6.84,14.4,9.56,17.2,14.5
2026-04-12 21:35:37,AB_1,14.0,6.81,14.4,9.58,17.3,14.4
2026-04-12 21:35:37,AB_1,14.0,6.69,14.4,9.1,17.1,14.5
2026-04-12 21:35:38,AB_1,14.1,6.63,14.4,9.02,17.2,14.5
2026-04-12 21:35:38,AB_1,14.0,6.77,14.4,9.25,17.1,14.5
2026-04-12 21:35:38,AB_1,14.0,6.8,14.4,9.4,17.3,14.5
2026-04-12 21:35:39,AB_1,14.0,6.81,14.4,9.48,17.2,14.4
2026-04-12 21:35:39,AB_1,14.0,6.62,14.4,9.07,17.3,14.6
2026-04-12 21:35:39,AB_1,14.1,6.78,14.4,9.25,17.3,14.5
2026-04-12 21:35:40,AB_1,14.0,6.79,14.4,9.45,17.2,14.5
2026-04-12 21:35:40,AB_1,14.0,6.56,14.4,9.02,17.0,14.5
2026-04-12 21:35:41,AB_1,14.0,6.76,14.3,9.3,17.2,14.4
2026-04-12 21:35:41,AB_1,13.9,6.81,14.4,9.09,17.2,14.4
2026-04-12 21:35:41,AB_1,13.9,6.69,14.3,8.88,17.1,14.5
2026-04-12 21:35:42,AB_1,14.0,6.76,14.4,9.2,17.2,14.4
2026-04-12 21:35:42,AB_1,13.9,6.81,14.4,9.4,17.1,14.4
2026-04-12 21:35:42,AB_1,13.9,6.56,14.4,9.03,17.2,14.6
2026-04-12 21:35:43,AB_1,14.1,6.74,14.5,8.82,17.2,14.6
2026-04-12 21:35:43,AB_1,14.2,6.67,14.5,9.08,17.3,14.5
2026-04-12 21:35:43,AB_1,14.1,6.78,14.5,9.04,17.2,14.5
2026-04-12 21:35:44,AB_1,14.1,6.8,14.5,9.35,17.3,14.5
2026-04-12 21:35:44,AB_1,14.1,6.65,14.5,9.09,17.3,14.6
2026-04-12 21:35:44,AB_1,14.1,6.72,14.5,9.05,17.4,14.5
2026-04-12 21:35:45,AB_1,14.1,6.78,14.5,9.45,17.2,14.5
2026-04-12 21:35:45,AB_1,14.1,6.8,14.5,9.38,17.4,14.5
2026-04-12 21:35:46,AB_1,14.0,6.71,14.5,8.98,17.4,14.6
2026-04-12 21:35:46,AB_1,14.2,6.71,14.5,9.13,17.2,14.6
2026-04-12 21:35:46,AB_1,14.1,6.77,14.5,9.37,17.1,14.5
2026-04-12 21:35:47,AB_1,14.1,6.72,14.5,8.99,17.4,14.6
2026-04-12 21:35:47,AB_1,14.2,6.74,14.5,9.25,17.4,14.5
2026-04-12 21:35:47,AB_1,14.1,6.58,14.5,8.9,17.3,14.6
2026-04-12 21:35:48,AB_1,14.2,6.72,14.5,9.21,17.5,14.5
2026-04-12 21:35:48,AB_1,14.1,6.77,14.5,9.29,17.4,14.5
2026-04-12 21:35:48,AB_1,14.1,6.77,14.4,9.34,17.1,14.5
2026-04-12 21:35:49,AB_1,14.1,6.74,14.4,9.46,17.5,14.5
2026-04-12 21:35:49,AB_1,14.1,6.78,14.5,9.56,17.4,14.5
2026-04-12 21:35:49,AB_1,14.1,6.6,14.5,8.96,17.1,14.6
2026-04-12 21:35:50,AB_1,14.2,6.7,14.4,9.23,17.4,14.5
2026-04-12 21:35:50,AB_1,14.1,6.78,14.5,9.36,17.5,14.5
2026-04-12 21:35:50,AB_1,14.1,6.39,14.4,9.2,17.5,14.5
2026-04-12 21:35:51,AB_1,14.1,6.71,14.5,9.36,17.4,14.5
2026-04-12 21:35:51,AB_1,14.1,6.75,14.5,9.52,17.4,14.5
2026-04-12 21:35:52,AB_1,14.1,6.74,14.5,8.76,17.2,14.6
2026-04-12 21:35:52,AB_1,14.2,6.7,14.5,9.16,17.3,14.5
2026-04-12 21:35:52,AB_1,14.1,6.68,14.4,8.95,17.3,14.6
2026-04-12 21:35:53,AB_1,14.1,6.7,14.4,8.65,17.1,14.6
2026-04-12 21:35:53,AB_1,14.1,6.61,14.4,8.43,17.1,14.6
2026-04-12 21:35:53,AB_1,14.2,6.6,14.5,8.75,17.3,14.6
2026-04-12 21:35:54,AB_1,14.2,6.6,14.5,8.62,17.1,14.6
2026-04-12 21:35:54,AB_1,14.1,6.56,14.4,8.65,17.2,14.6
2026-04-12 21:35:54,AB_1,14.1,6.68,14.4,8.63,17.3,14.7
2026-04-12 21:35:55,AB_1,14.2,6.64,14.5,8.77,17.4,14.5
2026-04-12 21:35:55,AB_1,14.0,6.56,14.4,8.79,17.3,14.6
2026-04-12 21:35:56,AB_1,14.1,6.46,14.5,8.6,17.3,14.7
2026-04-12 21:35:56,AB_1,14.2,6.68,14.5,8.79,17.1,14.6
2026-04-12 21:35:56,AB_1,14.1,6.7,14.5,9.14,17.2,14.6
2026-04-12 21:35:57,AB_1,14.1,6.74,14.5,9.21,17.4,14.6
2026-04-12 21:35:57,AB_1,14.1,6.76,14.5,9.4,17.4,14.5
2026-04-12 21:35:57,AB_1,14.0,6.78,14.5,9.39,17.3,14.5
2026-04-12 21:35:58,AB_1,14.1,6.61,14.4,9.01,17.3,14.6
2026-04-12 21:35:58,AB_1,14.2,6.7,14.5,9.0,17.3,14.5
2026-04-12 21:35:58,AB_1,14.1,6.73,14.5,9.33,17.4,14.5
2026-04-12 21:35:59,AB_1,14.1,6.74,14.5,9.31,17.4,14.5
2026-04-12 21:35:59,AB_1,14.1,6.55,14.5,8.9,17.3,14.6
2026-04-12 21:35:59,AB_1,14.2,6.68,14.5,9.01,17.2,14.6
2026-04-12 21:36:00,AB_1,14.2,6.67,14.5,8.98,17.4,14.6
2026-04-12 21:36:00,AB_1,14.2,6.66,14.5,8.65,17.4,14.7
2026-04-12 21:36:01,AB_1,14.2,6.64,14.5,8.94,17.2,14.6
2026-04-12 21:36:01,AB_1,14.1,6.54,14.5,8.84,17.4,14.7
2026-04-12 21:36:01,AB_1,14.2,6.68,14.5,9.18,17.2,14.6
2026-04-12 21:36:02,AB_1,14.1,6.76,14.5,8.9,17.1,14.7
2026-04-12 21:36:02,AB_1,14.2,6.66,14.5,9.04,17.3,14.6
2026-04-12 21:36:02,AB_1,14.1,6.62,14.5,8.85,17.2,14.7
2026-04-12 21:36:03,AB_1,14.2,6.69,14.5,9.03,17.4,14.5
2026-04-12 21:36:03,AB_1,14.1,6.71,14.4,9.16,17.3,14.5
2026-04-12 21:36:03,AB_1,14.1,6.51,14.4,8.86,17.3,14.6
2026-04-12 21:36:04,AB_1,14.2,6.65,14.4,9.02,17.4,14.5
2026-04-12 21:36:04,AB_1,14.1,6.61,14.4,8.78,17.4,14.6
2026-04-12 21:36:04,AB_1,14.2,6.7,14.4,9.11,17.3,14.5
2026-04-12 21:36:05,AB_1,14.0,6.75,14.4,9.24,17.3,14.5
2026-04-12 21:36:05,AB_1,14.1,6.74,14.4,8.78,17.3,14.5
2026-04-12 21:36:06,AB_1,14.1,6.63,14.4,8.84,17.2,14.6
2026-04-12 21:36:06,AB_1,14.1,6.56,14.5,8.65,17.4,14.6
2026-04-12 21:36:06,AB_1,14.2,6.67,14.4,9.06,17.3,14.5
2026-04-12 21:36:07,AB_1,14.0,6.76,14.4,9.09,17.2,14.5
2026-04-12 21:36:07,AB_1,14.0,6.59,14.4,8.91,17.2,14.6
2026-04-12 21:36:07,AB_1,14.1,6.74,14.4,8.71,17.2,14.6
2026-04-12 21:36:08,AB_1,14.1,6.51,14.4,8.63,17.3,14.6
2026-04-12 21:36:08,AB_1,14.1,6.72,14.4,8.89,17.3,14.5
2026-04-12 21:36:08,AB_1,14.0,6.78,14.4,9.15,17.3,14.5
2026-04-12 21:36:09,AB_1,14.0,6.73,14.4,9.34,17.2,14.5
2026-04-12 21:36:09,AB_1,14.0,6.62,14.5,8.89,17.2,14.6
2026-04-12 21:36:10,AB_1,14.1,6.53,14.5,8.8,17.2,14.7
2026-04-12 21:36:10,AB_1,14.2,6.7,14.5,9.05,17.2,14.6
2026-04-12 21:36:10,AB_1,14.0,6.77,14.5,9.34,17.4,14.5
2026-04-12 21:36:11,AB_1,14.0,6.75,14.4,9.27,17.2,14.5
2026-04-12 21:36:11,AB_1,14.0,6.75,14.4,8.77,17.2,14.6
2026-04-12 21:36:11,AB_1,14.2,6.67,14.4,9.11,17.2,14.5
2026-04-12 21:36:12,AB_1,14.1,6.67,14.4,8.99,17.4,14.6
2026-04-12 21:36:12,AB_1,14.2,6.69,14.4,8.98,17.3,14.5
2026-04-12 21:36:12,AB_1,14.1,6.55,14.5,8.74,17.3,14.7
2026-04-12 21:36:13,AB_1,14.2,6.66,14.5,9.16,17.5,14.6
2026-04-12 21:36:13,AB_1,14.1,6.72,14.5,9.22,17.4,14.5
2026-04-12 21:36:24,AB_2,14.5,6.42,14.5,9.03,18.1,14.8
2026-04-12 21:36:24,AB_2,14.4,6.55,14.4,9.11,17.9,14.6
2026-04-12 21:36:25,AB_2,14.3,6.58,14.5,9.09,17.9,14.6
2026-04-12 21:36:25,AB_2,14.2,6.67,14.4,9.32,17.9,14.5
2026-04-12 21:36:25,AB_2,14.2,6.48,14.4,9.1,17.7,14.7
2026-04-12 21:36:26,AB_2,14.3,6.59,14.4,9.27,17.6,14.5
2026-04-12 21:36:26,AB_2,14.2,6.45,14.4,8.98,17.8,14.7
2026-04-12 21:36:26,AB_2,14.3,6.59,14.5,8.83,17.7,14.7
2026-04-12 21:36:27,AB_2,14.4,6.55,14.4,9.02,17.6,14.6
2026-04-12 21:36:27,AB_2,14.2,6.46,14.5,8.75,17.4,14.7
2026-04-12 21:36:27,AB_2,14.4,6.6,14.5,8.68,17.6,14.7
2026-04-12 21:36:28,AB_2,14.4,6.55,14.5,8.88,17.7,14.6
2026-04-12 21:36:28,AB_2,14.2,6.45,14.5,8.87,17.7,14.6
2026-04-12 21:36:28,AB_2,14.3,6.62,14.4,9.07,17.7,14.5
2026-04-12 21:36:29,AB_2,14.2,6.65,14.4,9.1,17.5,14.5
2026-04-12 21:36:29,AB_2,14.2,6.58,14.5,8.94,17.5,14.5
2026-04-12 21:36:30,AB_2,14.2,6.59,14.5,8.96,17.4,14.7
2026-04-12 21:36:30,AB_2,14.3,6.61,14.5,8.68,17.7,14.7
2026-04-12 21:36:30,AB_2,14.3,6.61,14.5,9.0,17.7,14.6
2026-04-12 21:36:31,AB_2,14.2,6.47,14.5,8.73,17.5,14.7
2026-04-12 21:36:31,AB_2,14.3,6.6,14.5,8.73,17.2,14.7
2026-04-12 21:36:31,AB_2,14.3,6.54,14.5,9.03,17.4,14.6
2026-04-12 21:36:32,AB_2,14.2,6.71,14.4,9.17,17.6,14.5
2026-04-12 21:36:32,AB_2,14.2,6.71,14.5,9.35,17.5,14.5
2026-04-12 21:36:32,AB_2,14.2,6.69,14.4,9.23,17.6,14.5
2026-04-12 21:36:33,AB_2,14.1,6.7,14.5,9.07,17.5,14.7
2026-04-12 21:36:33,AB_2,14.2,6.66,14.5,9.12,17.6,14.5
2026-04-12 21:36:33,AB_2,14.2,6.7,14.4,9.41,17.4,14.5
2026-04-12 21:36:34,AB_2,14.1,6.71,14.4,9.38,17.5,14.5
2026-04-12 21:36:34,AB_2,14.1,6.66,14.4,9.37,17.7,14.5
2026-04-12 21:36:35,AB_2,14.1,6.58,14.4,8.87,17.2,14.5
2026-04-12 21:36:35,AB_2,14.2,6.6,14.4,8.96,17.6,14.6
2026-04-12 21:36:35,AB_2,14.3,6.64,14.4,8.67,17.3,14.6
2026-04-12 21:36:36,AB_2,14.3,6.67,14.4,9.06,17.4,14.5
2026-04-12 21:36:36,AB_2,14.1,6.58,14.3,9.21,17.5,14.4
2026-04-12 21:36:36,AB_2,14.0,6.55,14.4,8.75,17.6,14.6
2026-04-12 21:36:37,AB_2,14.3,6.61,14.4,9.17,17.6,14.5
2026-04-12 21:36:37,AB_2,14.2,6.52,14.4,8.82,17.7,14.6
2026-04-12 21:36:37,AB_2,14.3,6.6,14.4,9.08,17.5,14.5
2026-04-12 21:36:38,AB_2,14.2,6.62,14.4,8.78,17.6,14.6
2026-04-12 21:36:38,AB_2,14.3,6.62,14.4,8.69,17.5,14.6
2026-04-12 21:36:39,AB_2,14.3,6.59,14.4,8.88,17.7,14.5
2026-04-12 21:36:39,AB_2,14.2,6.64,14.4,9.13,17.6,14.5
2026-04-12 21:36:39,AB_2,14.2,6.72,14.4,9.26,17.5,14.5
2026-04-12 21:36:40,AB_2,14.2,6.63,14.4,8.87,17.3,14.5
2026-04-12 21:36:40,AB_2,14.3,6.61,14.4,9.0,17.4,14.5
2026-04-12 21:36:40,AB_2,14.2,6.63,14.4,8.67,17.2,14.5
2026-04-12 21:36:41,AB_2,14.2,6.59,14.3,8.57,17.6,14.6
2026-04-12 21:36:41,AB_2,14.3,6.58,14.4,9.0,17.3,14.4
2026-04-12 21:36:41,AB_2,14.2,6.47,14.4,8.72,17.4,14.6
2026-04-12 21:36:42,AB_2,14.3,6.61,14.3,8.95,17.6,14.5
2026-04-12 21:36:42,AB_2,14.2,6.49,14.4,8.76,17.2,14.6
2026-04-12 21:36:42,AB_2,14.3,6.58,14.4,8.59,17.5,14.6
2026-04-12 21:36:43,AB_2,14.4,6.56,14.4,8.96,17.5,14.5
2026-04-12 21:36:43,AB_2,14.2,6.43,14.4,8.73,17.5,14.6
2026-04-12 21:36:44,AB_2,14.3,6.62,14.4,9.02,17.6,14.5
2026-04-12 21:36:44,AB_2,14.2,6.51,14.4,8.84,17.6,14.6
2026-04-12 21:36:44,AB_2,14.3,6.61,14.4,8.88,17.6,14.5
2026-04-12 21:36:45,AB_2,14.2,6.69,14.3,9.16,17.6,14.4
2026-04-12 21:36:45,AB_2,14.2,6.52,14.4,8.8,17.3,14.6
2026-04-12 21:36:45,AB_2,14.3,6.51,14.4,8.61,17.7,14.6
2026-04-12 21:36:46,AB_2,14.4,6.64,14.4,8.79,17.6,14.6
2026-04-12 21:36:46,AB_2,14.4,6.52,14.4,8.56,17.5,14.6
2026-04-12 21:36:46,AB_2,14.4,6.48,14.4,8.54,17.5,14.6
2026-04-12 21:36:47,AB_2,14.4,6.54,14.4,8.45,17.4,14.6
2026-04-12 21:36:47,AB_2,14.4,6.53,14.4,8.6,17.5,14.6
2026-04-12 21:36:47,AB_2,14.3,6.14,14.6,8.71,17.5,14.8
2026-04-12 21:36:48,AB_2,14.4,6.56,14.6,8.53,17.8,14.9
2026-04-12 21:36:48,AB_2,14.5,6.56,14.6,8.82,17.6,14.6
2026-04-12 21:36:49,AB_2,14.2,6.62,14.5,9.11,17.5,14.5
2026-04-12 21:36:49,AB_2,14.2,6.65,14.4,9.16,17.6,14.5
2026-04-12 21:36:49,AB_2,14.2,6.51,14.4,8.75,17.6,14.6
2026-04-12 21:36:50,AB_2,14.3,6.64,14.4,9.09,17.5,14.5
2026-04-12 21:36:50,AB_2,14.2,6.53,14.4,8.79,17.6,14.6
2026-04-12 21:36:50,AB_2,14.3,6.6,14.1,8.94,17.5,14.6
2026-04-12 21:36:51,AB_2,14.3,6.56,14.6,9.32,17.5,14.5
2026-04-12 21:36:51,AB_2,14.2,6.73,14.3,9.23,17.4,14.3
2026-04-12 21:36:51,AB_2,14.2,6.43,14.5,8.87,17.4,14.7
2026-04-12 21:36:52,AB_2,14.3,6.6,14.4,8.75,17.6,14.6
2026-04-12 21:36:52,AB_2,14.3,6.48,14.5,8.72,17.4,14.7
2026-04-12 21:36:52,AB_2,14.3,6.6,14.4,8.98,17.5,14.5
2026-04-12 21:36:53,AB_2,14.2,6.65,14.1,8.56,17.1,14.3
2026-04-12 21:36:53,AB_2,14.3,6.52,15.0,9.16,17.9,15.0
2026-04-12 21:36:54,AB_2,14.3,6.68,14.0,9.07,17.3,14.0
2026-04-12 21:36:54,AB_2,14.0,6.6,14.4,8.86,17.6,14.9
2026-04-12 21:36:54,AB_2,14.3,6.6,14.5,8.68,17.3,14.2
2026-04-12 21:36:55,AB_2,14.1,6.71,14.2,8.88,17.6,14.6
2026-04-12 21:36:55,AB_2,14.2,6.67,14.5,9.29,17.5,14.4
2026-04-12 21:36:55,AB_2,14.2,6.54,14.4,8.75,17.4,14.6
2026-04-12 21:36:56,AB_2,14.2,6.65,14.3,8.85,17.1,14.3
2026-04-12 21:36:56,AB_2,14.1,6.69,14.2,9.04,17.4,14.3
2026-04-12 21:36:56,AB_2,14.1,6.75,14.4,9.36,17.4,14.4
2026-04-12 21:36:57,AB_2,14.1,6.73,14.3,9.24,17.3,14.3
2026-04-12 21:36:57,AB_2,14.1,6.64,14.4,8.91,17.3,14.6
2026-04-12 21:36:57,AB_2,14.3,6.58,14.4,8.64,17.5,14.5
2026-04-12 21:36:58,AB_2,14.3,6.6,14.3,9.01,17.4,14.5
2026-04-12 21:36:58,AB_2,14.2,6.67,14.4,9.05,17.5,14.4
2026-04-12 21:36:59,AB_2,14.1,6.55,14.3,8.94,17.4,14.5
2026-04-12 21:36:59,AB_2,14.3,6.63,14.4,9.1,17.5,14.5
2026-04-12 21:36:59,AB_2,14.2,6.55,14.3,8.88,17.4,14.5
2026-04-12 21:37:00,AB_2,14.3,6.56,14.4,8.62,17.6,14.6
2026-04-12 21:37:00,AB_2,14.3,6.6,14.4,8.55,17.4,14.6
2026-04-12 21:37:00,AB_2,14.3,6.51,14.4,8.6,17.2,14.6
2026-04-12 21:37:01,AB_2,14.4,6.53,14.5,8.38,17.2,14.7
2026-04-12 21:37:01,AB_2,14.4,6.54,14.4,8.48,17.6,14.7
2026-04-12 21:37:01,AB_2,14.3,6.54,14.4,8.45,17.5,14.7
2026-04-12 21:37:02,AB_2,14.4,6.59,14.4,8.7,17.5,14.5
2026-04-12 21:37:02,AB_2,14.2,6.47,14.4,8.56,17.4,14.6
2026-04-12 21:37:03,AB_2,14.3,6.5,14.4,8.4,17.5,14.6
2026-04-12 21:37:03,AB_2,14.4,6.56,14.4,8.78,17.3,14.5
2026-04-12 21:37:03,AB_2,14.2,6.65,14.4,8.79,17.4,14.5
2026-04-12 21:37:04,AB_2,14.2,6.71,14.4,9.2,17.3,14.4
2026-04-12 21:37:04,AB_2,14.1,6.68,14.4,9.2,17.6,14.4
2026-04-12 21:37:04,AB_2,14.1,6.53,14.4,8.97,17.4,14.6
2026-04-12 21:37:05,AB_2,14.2,6.67,14.4,8.97,17.6,14.5
2026-04-12 21:37:05,AB_2,14.2,6.71,14.4,9.39,17.3,14.4
2026-04-12 21:37:05,AB_2,14.1,6.63,14.4,8.76,17.4,14.5
2026-04-12 21:37:06,AB_2,14.2,6.64,14.3,8.66,17.3,14.5
2026-04-12 21:37:06,AB_2,14.3,6.57,14.3,8.57,17.5,14.6
2026-04-12 21:37:06,AB_2,14.3,6.56,14.3,8.77,17.5,14.4
2026-04-12 21:37:07,AB_2,14.2,6.47,14.3,8.73,17.4,14.5
2026-04-12 21:37:07,AB_2,14.2,6.65,14.3,8.85,17.6,14.4
2026-04-12 21:37:08,AB_2,14.1,6.55,14.3,8.65,17.3,14.5
2026-04-12 21:37:08,AB_2,14.2,6.53,14.3,8.48,17.5,14.6
2026-04-12 21:37:08,AB_2,14.3,6.64,14.4,8.63,17.2,14.5
2026-04-12 21:37:09,AB_2,14.2,6.67,14.3,9.02,17.4,14.5
2026-04-12 21:37:09,AB_2,14.2,6.42,14.4,8.88,17.6,14.6
2026-04-12 21:37:09,AB_2,14.3,6.61,14.4,8.7,17.5,14.5
2026-04-12 21:37:10,AB_2,14.3,6.66,14.4,9.09,17.6,14.5
2026-04-12 21:37:10,AB_2,14.2,6.62,14.4,9.26,17.6,14.5
2026-04-12 21:37:10,AB_2,14.1,6.65,14.4,9.27,17.5,14.5
2026-04-12 21:37:11,AB_2,14.2,6.57,14.4,8.84,17.5,14.6
2026-04-12 21:37:11,AB_2,14.2,6.66,14.4,9.17,17.5,14.5
2026-04-12 21:37:11,AB_2,14.1,6.71,14.4,8.75,17.5,14.6
2026-04-12 21:37:12,AB_2,14.3,6.65,14.4,8.95,17.6,14.5
2026-04-12 21:37:12,AB_2,14.2,6.58,14.4,8.84,17.5,14.6
2026-04-12 21:37:13,AB_2,14.3,6.51,14.4,8.67,17.7,14.7
2026-04-12 21:37:13,AB_2,14.3,6.55,14.5,8.47,17.2,14.6
2026-04-12 21:37:13,AB_2,14.3,6.6,14.5,8.68,17.5,14.6
2026-04-12 21:37:14,AB_2,14.3,6.56,14.4,8.4,17.4,14.6
2026-04-12 21:37:14,AB_2,14.3,6.49,14.5,8.48,17.5,14.7
2026-04-12 21:37:14,AB_2,14.3,6.58,14.5,8.42,17.5,14.7
2026-04-12 21:37:15,AB_2,14.4,6.56,14.4,8.95,17.5,14.6
2026-04-12 21:37:15,AB_2,14.2,6.48,14.4,8.62,17.4,14.6
2026-04-12 21:37:15,AB_2,14.3,6.58,14.4,8.47,17.6,14.6
2026-04-12 21:37:16,AB_2,14.3,6.53,14.4,8.78,17.5,14.6
2026-04-12 21:37:16,AB_2,14.3,6.52,14.4,8.43,17.6,14.6
2026-04-12 21:37:17,AB_2,14.3,6.58,14.4,8.84,17.5,14.5
2026-04-12 21:37:17,AB_2,14.2,6.61,14.3,8.9,17.6,14.5
2026-04-12 21:37:17,AB_2,14.2,6.42,14.3,8.75,17.2,14.5
2026-04-12 21:37:18,AB_2,14.3,6.58,14.3,8.94,17.6,14.5
2026-04-12 21:37:18,AB_2,14.2,6.48,14.3,8.69,17.5,14.6
2026-04-12 21:37:18,AB_2,14.3,6.63,14.3,8.83,17.5,14.4
2026-04-12 21:37:19,AB_2,14.2,6.69,14.3,9.15,17.4,14.4
2026-04-12 21:37:19,AB_2,14.2,6.72,14.3,9.17,17.4,14.5
2026-04-12 21:37:19,AB_2,14.2,6.72,14.5,9.09,17.5,14.6
2026-04-12 21:37:20,AB_2,14.3,6.58,14.4,8.64,17.2,14.5
2026-04-12 21:37:20,AB_2,14.3,6.6,14.4,9.0,17.5,14.5
2026-04-12 21:37:20,AB_2,14.2,6.53,14.4,8.8,17.6,14.6
2026-04-12 21:37:21,AB_2,14.3,6.59,14.4,8.6,17.5,14.7
2026-04-12 21:37:21,AB_2,14.3,6.57,14.5,8.53,17.4,14.7
2026-04-12 21:37:22,AB_2,14.3,6.33,14.5,8.44,17.6,14.7
2026-04-12 21:37:22,AB_2,14.3,6.57,14.4,8.79,17.3,14.6
2026-04-12 21:37:22,AB_2,14.2,6.51,14.4,8.58,17.5,14.6
2026-04-12 21:37:23,AB_2,14.3,6.59,14.4,9.01,17.5,14.6
2026-04-12 21:37:23,AB_2,14.2,6.48,14.5,8.74,17.5,14.7
2026-04-12 21:37:23,AB_2,14.3,6.62,14.4,8.53,17.4,14.7
2026-04-12 21:37:24,AB_2,14.3,6.53,14.5,8.44,17.3,14.7
2026-04-12 21:37:24,AB_2,14.3,6.56,14.5,8.43,17.6,14.7
2026-04-12 21:37:24,AB_2,14.3,6.53,14.4,8.72,17.2,14.6
2026-04-12 21:37:25,AB_2,14.2,6.58,14.4,8.63,17.5,14.6
2026-04-12 21:37:25,AB_2,14.3,6.54,14.4,8.54,17.4,14.6
2026-04-12 21:37:26,AB_2,14.3,6.51,14.5,8.43,17.5,14.7
2026-04-12 21:37:26,AB_2,14.4,6.6,14.4,8.79,17.5,14.6
2026-04-12 21:37:26,AB_2,14.2,6.45,14.4,8.62,17.4,14.6
2026-04-12 21:37:27,AB_2,14.3,6.62,14.4,8.82,17.6,14.5
2026-04-12 21:37:27,AB_2,14.2,6.4,14.4,8.57,17.3,14.6
2026-04-12 21:37:27,AB_2,14.3,6.56,14.4,8.44,17.3,14.6
2026-04-12 21:37:28,AB_2,14.4,6.55,14.4,8.87,17.4,14.5
2026-04-12 21:37:28,AB_2,14.2,6.66,14.4,8.92,17.7,14.5
2026-04-12 21:37:28,AB_2,14.2,6.66,14.3,9.25,17.5,14.4
2026-04-12 21:37:29,AB_2,14.1,6.68,14.3,9.2,17.5,14.4
2026-04-12 21:37:29,AB_2,14.1,6.44,14.3,8.89,17.6,14.5
2026-04-12 21:37:29,AB_2,14.2,6.57,14.3,8.58,17.4,14.6
2026-04-12 21:37:30,AB_2,14.3,6.6,14.3,9.01,17.4,14.5
2026-04-12 21:37:30,AB_2,14.2,6.53,14.3,8.74,17.6,14.6
2026-04-12 21:37:31,AB_2,14.3,6.41,14.4,8.71,17.4,14.5
2026-04-12 21:37:31,AB_2,14.3,6.63,14.4,9.13,17.4,14.5
2026-04-12 21:37:31,AB_2,14.2,6.71,14.4,9.16,17.6,14.5
2026-04-12 21:37:32,AB_2,14.2,6.46,14.4,8.97,17.5,14.6
2026-04-12 21:37:32,AB_2,14.3,6.58,14.5,8.63,17.5,14.6
2026-04-12 21:37:32,AB_2,14.3,6.55,14.5,8.49,17.7,14.7
2026-04-12 21:37:33,AB_2,14.3,6.58,14.5,8.76,17.5,14.6
2026-04-12 21:37:33,AB_2,14.2,6.5,14.4,8.76,17.6,14.7
2026-04-12 21:37:33,AB_2,14.3,6.56,14.5,8.61,17.4,14.7
2026-04-12 21:37:34,AB_2,14.3,6.6,14.4,8.88,17.5,14.6
2026-04-12 21:37:34,AB_2,14.2,6.64,14.4,9.16,17.3,14.5
2026-04-12 21:37:35,AB_2,14.2,6.5,14.4,8.79,17.6,14.6
2026-04-12 21:37:35,AB_2,14.3,6.65,14.4,8.83,17.3,14.5
2026-04-12 21:37:35,AB_2,14.2,6.67,14.4,9.21,17.4,14.5
2026-04-12 21:38:10,AB_3,14.8,6.28,14.7,8.89,18.6,15.0
2026-04-12 21:38:10,AB_3,14.6,6.4,14.7,8.96,18.3,15.0
2026-04-12 21:38:10,AB_3,14.6,6.43,14.7,8.72,18.4,15.0
2026-04-12 21:38:11,AB_3,14.6,6.44,14.6,9.04,18.2,14.9
2026-04-12 21:38:11,AB_3,14.4,6.42,14.6,9.16,18.3,14.8
2026-04-12 21:38:12,AB_3,14.4,6.31,14.6,9.02,18.1,14.9
2026-04-12 21:38:12,AB_3,14.5,6.45,14.6,9.07,18.3,14.8
2026-04-12 21:38:12,AB_3,14.4,6.5,14.5,9.36,18.2,14.7
2026-04-12 21:38:13,AB_3,14.3,6.49,14.5,9.39,18.2,14.7
2026-04-12 21:38:13,AB_3,14.3,6.33,14.6,9.08,18.0,14.8
2026-04-12 21:38:13,AB_3,14.4,6.51,14.5,9.15,18.0,14.7
2026-04-12 21:38:14,AB_3,14.3,6.52,14.5,9.35,18.1,14.7
2026-04-12 21:38:14,AB_3,14.3,6.38,14.5,9.13,18.0,14.8
2026-04-12 21:38:14,AB_3,14.4,6.49,14.6,8.88,17.6,14.8
2026-04-12 21:38:15,AB_3,14.4,6.52,14.5,8.77,17.9,14.7
2026-04-12 21:38:15,AB_3,14.4,6.44,14.6,8.65,17.9,14.8
2026-04-12 21:38:15,AB_3,14.4,6.41,14.6,8.69,17.8,14.8
2026-04-12 21:38:16,AB_3,14.4,6.49,14.5,9.01,17.9,14.7
2026-04-12 21:38:16,AB_3,14.3,6.37,14.5,8.85,17.8,14.8
2026-04-12 21:38:17,AB_3,14.4,6.45,14.5,8.68,17.9,14.8
2026-04-12 21:38:17,AB_3,14.4,6.52,14.5,8.98,17.6,14.6
2026-04-12 21:38:17,AB_3,14.3,6.41,14.5,8.75,17.9,14.8
2026-04-12 21:38:18,AB_3,14.3,6.56,14.5,8.95,17.8,14.6
2026-04-12 21:38:18,AB_3,14.3,6.45,14.5,8.87,17.7,14.7
2026-04-12 21:38:18,AB_3,14.3,6.56,14.5,8.92,17.8,14.6
2026-04-12 21:38:19,AB_3,14.2,6.57,14.4,9.19,17.7,14.6
2026-04-12 21:38:19,AB_3,14.2,6.41,14.5,8.97,17.9,14.7
2026-04-12 21:38:19,AB_3,14.3,6.55,14.5,9.1,17.3,14.6
2026-04-12 21:38:20,AB_3,14.2,6.62,14.5,9.18,17.9,14.6
2026-04-12 21:38:20,AB_3,14.2,6.62,14.4,9.27,17.7,14.6
2026-04-12 21:38:20,AB_3,14.1,6.64,14.4,9.3,17.3,14.5
2026-04-12 21:38:21,AB_3,14.2,6.56,14.5,8.9,17.5,14.7
2026-04-12 21:38:21,AB_3,14.3,6.62,14.5,9.16,17.6,14.6
2026-04-12 21:38:22,AB_3,14.2,6.62,14.5,9.04,17.8,14.6
2026-04-12 21:38:22,AB_3,14.2,6.61,14.5,9.37,17.6,14.6
2026-04-12 21:38:22,AB_3,14.1,6.65,14.4,9.38,17.8,14.5
2026-04-12 21:38:23,AB_3,14.2,6.6,14.4,9.1,17.7,14.7
2026-04-12 21:38:23,AB_3,14.3,6.59,14.5,9.35,17.6,14.6
2026-04-12 21:38:23,AB_3,14.2,6.68,14.5,9.44,17.6,14.6
2026-04-12 21:38:24,AB_3,14.1,6.68,14.4,9.3,17.6,14.6
2026-04-12 21:38:24,AB_3,14.1,6.53,14.5,9.22,17.6,14.7
2026-04-12 21:38:24,AB_3,14.2,6.58,14.5,8.81,17.6,14.7
2026-04-12 21:38:25,AB_3,14.3,6.56,14.5,9.08,17.8,14.6
2026-04-12 21:38:25,AB_3,14.2,6.63,14.5,9.18,17.7,14.6
2026-04-12 21:38:25,AB_3,14.2,6.66,14.5,9.38,17.5,14.6
2026-04-12 21:38:26,AB_3,14.2,6.45,14.5,8.93,17.5,14.7
2026-04-12 21:38:26,AB_3,14.3,6.51,14.5,8.73,17.6,14.7
2026-04-12 21:38:27,AB_3,14.4,6.5,14.5,8.61,17.5,14.7
2026-04-12 21:38:27,AB_3,14.3,6.49,14.5,8.69,17.6,14.7
2026-04-12 21:38:27,AB_3,14.4,6.48,14.6,8.6,17.8,14.8
2026-04-12 21:38:28,AB_3,14.4,6.45,14.6,8.54,17.5,14.8
2026-04-12 21:38:28,AB_3,14.4,6.49,14.6,8.49,17.7,14.8
2026-04-12 21:38:28,AB_3,14.5,6.49,14.6,8.5,17.6,14.8
2026-04-12 21:38:29,AB_3,14.5,6.48,14.5,8.63,17.9,14.7
2026-04-12 21:38:29,AB_3,14.3,6.58,14.5,8.85,17.7,14.6
2026-04-12 21:38:29,AB_3,14.3,6.6,14.5,9.06,17.7,14.6
2026-04-12 21:38:30,AB_3,14.2,6.44,14.5,8.82,17.6,14.7
2026-04-12 21:38:30,AB_3,14.3,6.51,14.5,8.7,17.8,14.7
2026-04-12 21:38:31,AB_3,14.4,6.41,14.5,8.49,17.6,14.8
2026-04-12 21:38:31,AB_3,14.4,6.46,14.5,8.52,17.5,14.8
2026-04-12 21:38:31,AB_3,14.4,6.52,14.5,8.79,17.5,14.6
2026-04-12 21:38:32,AB_3,14.3,6.52,14.5,8.68,17.6,14.7
2026-04-12 21:38:32,AB_3,14.3,6.55,14.5,8.57,17.2,14.8
2026-04-12 21:38:32,AB_3,14.4,6.43,14.5,8.55,17.6,14.8
2026-04-12 21:38:33,AB_3,14.4,6.48,14.5,8.76,17.5,14.6
2026-04-12 21:38:33,AB_3,14.2,6.56,14.4,9.01,17.4,14.6
2026-04-12 21:38:33,AB_3,14.2,6.66,14.4,9.12,17.7,14.6
2026-04-12 21:38:34,AB_3,14.2,6.61,14.4,9.25,17.6,14.6
2026-04-12 21:38:34,AB_3,14.2,6.46,14.5,8.67,17.6,14.7
2026-04-12 21:38:34,AB_3,14.3,6.63,14.5,9.05,17.5,14.6
2026-04-12 21:38:35,AB_3,14.2,6.65,14.5,9.33,17.6,14.6
2026-04-12 21:38:35,AB_3,14.2,6.44,14.5,8.94,17.6,14.7
2026-04-12 21:38:36,AB_3,14.3,6.55,14.5,8.68,17.5,14.7
2026-04-12 21:38:36,AB_3,14.3,6.55,14.5,8.72,17.7,14.8
2026-04-12 21:38:36,AB_3,14.3,6.48,14.5,8.55,17.5,14.7
2026-04-12 21:38:37,AB_3,14.4,6.58,14.5,8.93,17.6,14.6
2026-04-12 21:38:37,AB_3,14.3,6.56,14.4,9.06,17.6,14.6
2026-04-12 21:38:37,AB_3,14.2,6.61,14.4,9.02,17.5,14.5
2026-04-12 21:38:38,AB_3,14.2,6.5,14.5,8.84,17.6,14.7
2026-04-12 21:38:38,AB_3,14.3,6.56,14.5,8.7,17.5,14.7
2026-04-12 21:38:38,AB_3,14.3,6.54,14.5,8.58,17.4,14.7
2026-04-12 21:38:39,AB_3,14.3,6.58,14.5,8.99,17.4,14.6
2026-04-12 21:38:39,AB_3,14.2,6.41,14.5,8.67,17.4,14.7
2026-04-12 21:38:39,AB_3,14.3,6.59,14.5,8.84,17.6,14.6
2026-04-12 21:38:40,AB_3,14.2,6.63,14.4,9.11,17.6,14.6
2026-04-12 21:38:40,AB_3,14.2,6.59,14.5,9.29,17.8,14.5
2026-04-12 21:38:41,AB_3,14.2,6.49,14.5,8.86,17.6,14.7
2026-04-12 21:38:41,AB_3,14.3,6.63,14.5,9.02,17.6,14.6
2026-04-12 21:38:41,AB_3,14.2,6.46,14.5,8.83,17.5,14.7
2026-04-12 21:38:42,AB_3,14.3,6.61,14.5,8.96,17.7,14.6
2026-04-12 21:38:42,AB_3,14.2,6.43,14.5,8.79,17.7,14.7
2026-04-12 21:38:42,AB_3,14.3,6.61,14.5,8.99,17.7,14.6
2026-04-12 21:38:43,AB_3,14.2,6.62,14.5,9.11,17.5,14.6
2026-04-12 21:38:43,AB_3,14.2,6.63,14.5,9.15,17.3,14.5
2026-04-12 21:38:43,AB_3,14.3,6.55,14.5,8.89,17.5,14.6
2026-04-12 21:38:44,AB_3,14.2,6.5,14.5,8.65,17.5,14.7
2026-04-12 21:38:44,AB_3,14.3,6.51,14.5,8.54,17.5,14.7
2026-04-12 21:38:44,AB_3,14.4,6.5,14.5,8.88,17.7,14.6
2026-04-12 21:38:45,AB_3,14.3,6.47,14.5,8.8,17.6,14.7
2026-04-12 21:38:45,AB_3,14.4,6.46,14.5,8.51,17.7,14.8
2026-04-12 21:38:46,AB_3,14.4,6.38,14.5,8.51,17.7,14.8
2026-04-12 21:38:46,AB_3,14.4,6.54,14.5,8.84,17.7,14.7
2026-04-12 21:38:46,AB_3,14.3,6.39,14.5,8.63,17.4,14.7
2026-04-12 21:38:47,AB_3,14.3,6.6,14.5,8.97,17.6,14.6
2026-04-12 21:38:47,AB_3,14.2,6.67,14.5,9.15,17.5,14.6
2026-04-12 21:38:47,AB_3,14.2,6.55,14.5,8.86,17.6,14.7
2026-04-12 21:38:48,AB_3,14.3,6.53,14.5,8.64,17.5,14.7
2026-04-12 21:38:48,AB_3,14.3,6.42,14.5,8.57,17.6,14.7
2026-04-12 21:38:48,AB_3,14.3,6.55,14.5,8.76,17.4,14.6
2026-04-12 21:38:49,AB_3,14.2,6.52,14.5,8.6,17.7,14.7
2026-04-12 21:38:49,AB_3,14.3,6.55,14.5,8.84,17.6,14.6
2026-04-12 21:38:50,AB_3,14.2,6.52,14.5,8.58,17.5,14.7
2026-04-12 21:38:50,AB_3,14.3,6.48,14.5,8.48,17.6,14.7
2026-04-12 21:38:50,AB_3,14.4,6.55,14.5,8.44,17.5,14.8
2026-04-12 21:38:51,AB_3,14.4,6.49,14.5,8.56,17.5,14.8
2026-04-12 21:38:51,AB_3,14.4,6.51,14.5,8.67,17.5,14.6
2026-04-12 21:38:51,AB_3,14.2,6.49,14.5,8.54,17.6,14.7
2026-04-12 21:38:52,AB_3,14.4,6.53,14.5,8.43,17.8,14.8
2026-04-12 21:38:52,AB_3,14.3,6.43,14.5,8.41,17.4,14.8
2026-04-12 21:38:52,AB_3,14.4,6.49,14.5,8.47,17.6,14.8
2026-04-12 21:38:53,AB_3,14.4,6.54,14.5,8.63,17.7,14.6
2026-04-12 21:38:53,AB_3,14.3,6.57,14.5,9.04,17.6,14.6
2026-04-12 21:38:53,AB_3,14.2,6.61,14.4,9.12,17.5,14.6
2026-04-12 21:38:54,AB_3,14.2,6.64,14.4,9.2,17.5,14.5
2026-04-12 21:38:54,AB_3,14.2,6.63,14.4,9.11,17.5,14.5
2026-04-12 21:38:55,AB_3,14.2,6.49,14.5,8.93,17.6,14.7
2026-04-12 21:38:55,AB_3,14.3,6.59,14.5,8.63,17.5,14.7
2026-04-12 21:38:55,AB_3,14.3,6.46,14.5,8.61,17.5,14.7
2026-04-12 21:38:56,AB_3,14.4,6.53,14.5,8.79,17.4,14.6
2026-04-12 21:38:56,AB_3,14.2,6.49,14.5,8.8,17.7,14.7
2026-04-12 21:38:56,AB_3,14.3,6.58,14.5,8.75,17.7,14.7
2026-04-12 21:38:57,AB_3,14.3,6.45,14.5,8.68,17.6,14.7
2026-04-12 21:38:57,AB_3,14.3,6.56,14.5,8.92,17.6,14.6
2026-04-12 21:38:57,AB_3,14.2,6.44,14.5,8.61,17.5,14.7
2026-04-12 21:38:58,AB_3,14.3,6.55,14.5,8.92,17.6,14.6
2026-04-12 21:38:58,AB_3,14.2,6.62,14.4,9.08,17.6,14.5
2026-04-12 21:38:59,AB_3,14.2,6.52,14.5,8.71,17.5,14.7
2026-04-12 21:38:59,AB_3,14.3,6.6,14.4,8.98,17.6,14.5
2026-04-12 21:38:59,AB_3,14.2,6.48,14.5,8.5,17.5,14.7
2026-04-12 21:39:00,AB_3,14.3,6.59,14.4,9.0,17.5,14.6
2026-04-12 21:39:00,AB_3,14.2,6.64,14.4,9.11,17.5,14.5
2026-04-12 21:39:00,AB_3,14.1,6.44,14.4,8.76,17.3,14.5
2026-04-12 21:39:01,AB_3,14.2,6.57,14.4,8.98,17.4,14.5
2026-04-12 21:39:01,AB_3,14.2,6.59,14.4,8.82,17.4,14.6
2026-04-12 21:39:01,AB_3,14.3,6.59,14.5,8.47,17.4,14.6
2026-04-12 21:39:02,AB_3,14.3,6.49,14.5,8.36,17.5,14.7
2026-04-12 21:39:02,AB_3,14.3,6.53,14.5,8.55,17.7,14.7
2026-04-12 21:39:02,AB_3,14.3,6.56,14.5,8.79,17.5,14.6
2026-04-12 21:39:03,AB_3,14.2,6.62,14.5,8.68,17.6,14.7
2026-04-12 21:39:03,AB_3,14.3,6.59,14.4,8.85,17.4,14.6
2026-04-12 21:39:04,AB_3,14.2,6.62,14.4,9.09,17.4,14.5
2026-04-12 21:39:04,AB_3,14.1,6.45,14.5,8.71,17.6,14.7
2026-04-12 21:39:04,AB_3,14.3,6.62,14.5,8.54,17.5,14.7
2026-04-12 21:39:05,AB_3,14.3,6.58,14.5,8.83,17.6,14.6
2026-04-12 21:39:05,AB_3,14.2,6.65,14.4,9.09,17.6,14.5
2026-04-12 21:39:05,AB_3,14.1,6.68,14.4,9.19,17.3,14.6
2026-04-12 21:39:06,AB_3,14.1,6.68,14.5,9.36,17.4,14.5
2026-04-12 21:39:06,AB_3,14.1,6.68,14.5,9.33,17.6,14.6
2026-04-12 21:39:06,AB_3,14.1,6.72,14.5,9.43,17.5,14.5
2026-04-12 21:39:07,AB_3,14.1,6.71,14.5,9.04,17.4,14.5
2026-04-12 21:39:07,AB_3,14.1,6.63,14.4,8.78,17.5,14.6
2026-04-12 21:39:07,AB_3,14.2,6.53,14.5,8.69,17.5,14.7
2026-04-12 21:39:08,AB_3,14.3,6.6,14.4,8.91,17.5,14.5
2026-04-12 21:39:08,AB_3,14.2,6.46,14.4,8.85,17.5,14.6
2026-04-12 21:39:09,AB_3,14.3,6.61,14.4,8.97,17.6,14.5
2026-04-12 21:39:09,AB_3,14.2,6.57,14.4,8.76,17.4,14.7
2026-04-12 21:39:09,AB_3,14.3,6.59,14.4,8.92,17.4,14.5
2026-04-12 21:39:10,AB_3,14.2,6.55,14.4,8.82,17.6,14.7
2026-04-12 21:39:10,AB_3,14.3,6.61,14.4,8.94,17.5,14.6
2026-04-12 21:39:10,AB_3,14.2,6.67,14.5,9.16,17.3,14.5
2026-04-12 21:39:11,AB_3,14.2,6.46,14.5,8.89,17.5,14.7
2026-04-12 21:39:11,AB_3,14.3,6.58,14.5,8.68,17.5,14.7
2026-04-12 21:39:11,AB_3,14.3,6.55,14.5,8.82,17.5,14.6
2026-04-12 21:39:12,AB_3,14.2,6.6,14.5,9.02,17.7,14.7
2026-04-12 21:39:12,AB_3,14.3,6.62,14.5,8.66,17.6,14.7
2026-04-12 21:39:13,AB_3,14.4,6.3,14.5,8.57,17.5,14.6
2026-04-12 21:39:13,AB_3,14.3,6.5,14.5,8.6,17.6,14.7
2026-04-12 21:39:13,AB_3,14.4,6.54,14.5,8.82,17.6,14.6
2026-04-12 21:39:14,AB_3,14.2,6.5,14.5,8.77,17.6,14.7
2026-04-12 21:39:14,AB_3,14.3,6.53,14.5,8.57,17.6,14.7
2026-04-12 21:39:14,AB_3,14.4,6.54,14.5,8.57,17.5,14.6
2026-04-12 21:39:15,AB_3,14.3,6.57,14.5,8.91,17.5,14.6
2026-04-12 21:39:15,AB_3,14.2,6.63,14.5,9.07,17.5,14.6
2026-04-12 21:39:15,AB_3,14.2,6.48,14.5,8.87,17.6,14.7
2026-04-12 21:39:16,AB_3,14.3,6.59,14.5,8.89,17.5,14.6
2026-04-12 21:39:16,AB_3,14.2,6.65,14.5,9.13,17.5,14.5
2026-04-12 21:39:16,AB_3,14.2,6.67,14.5,9.32,17.5,14.5
2026-04-12 21:39:17,AB_3,14.1,6.53,14.5,8.88,17.4,14.6
2026-04-12 21:39:17,AB_3,14.3,6.61,14.5,8.66,17.4,14.7
2026-04-12 21:39:18,AB_3,14.3,6.43,14.5,8.58,17.5,14.7
2026-04-12 21:39:18,AB_3,14.3,6.56,14.5,8.62,17.6,14.7
2026-04-12 21:39:18,AB_3,14.4,6.51,14.5,8.38,17.2,14.6
2026-04-12 21:39:19,AB_3,14.3,6.54,14.5,8.44,17.5,14.7
2026-04-12 21:39:19,AB_3,14.3,6.52,14.5,8.66,17.4,14.6
2026-04-12 21:39:19,AB_3,14.3,6.49,14.5,8.6,17.6,14.7
2026-04-12 21:39:20,AB_3,14.3,6.52,14.5,8.84,17.4,14.6
2026-04-12 21:39:20,AB_3,14.2,6.62,14.5,9.05,17.6,14.6
2026-04-12 21:39:20,AB_3,14.2,6.64,14.5,8.98,17.6,14.6
2026-04-12 21:39:21,AB_3,14.2,6.51,14.5,8.8,17.3,14.7
2026-04-12 21:39:21,AB_3,14.3,6.56,14.5,8.66,17.5,14.7
2026-04-12 21:39:25,AB_4,14.5,6.37,14.5,8.84,17.9,14.7
2026-04-12 21:39:26,AB_4,14.4,6.52,14.5,9.04,17.9,14.7
2026-04-12 21:39:26,AB_4,14.3,6.5,14.5,9.29,17.9,14.6
2026-04-12 21:39:26,AB_4,14.3,6.58,14.4,9.28,18.0,14.7
2026-04-12 21:39:27,AB_4,14.3,6.58,14.5,9.27,17.9,14.5
2026-04-12 21:39:27,AB_4,14.3,6.62,14.4,9.29,17.7,14.5
2026-04-12 21:39:27,AB_4,14.2,6.66,14.4,9.44,17.7,14.5
2026-04-12 21:39:28,AB_4,14.2,6.67,14.4,9.32,17.9,14.5
2026-04-12 21:39:28,AB_4,14.2,6.68,14.4,9.5,17.8,14.5
2026-04-12 21:39:28,AB_4,14.2,6.68,14.4,9.03,17.9,14.6
2026-04-12 21:39:29,AB_4,14.3,6.6,14.4,8.95,17.6,14.6
2026-04-12 21:39:29,AB_4,14.2,6.46,14.4,8.86,17.5,14.6
2026-04-12 21:39:30,AB_4,14.3,6.42,14.4,8.81,17.7,14.7
2026-04-12 21:39:30,AB_4,14.4,6.57,14.4,8.95,17.7,14.5
2026-04-12 21:39:30,AB_4,14.3,6.59,14.4,9.24,17.6,14.5
2026-04-12 21:39:31,AB_4,14.3,6.53,14.4,8.85,17.6,14.6
2026-04-12 21:39:31,AB_4,14.3,6.54,14.4,8.96,17.7,14.5
2026-04-12 21:39:31,AB_4,14.2,6.52,14.4,8.6,17.7,14.6
2026-04-12 21:39:32,AB_4,14.3,6.52,14.4,8.62,17.7,14.7
2026-04-12 21:39:32,AB_4,14.3,6.53,14.4,9.03,17.5,14.5
2026-04-12 21:39:32,AB_4,14.2,6.62,14.4,9.11,17.6,14.5
2026-04-12 21:39:33,AB_4,14.2,6.66,14.4,9.16,17.6,14.5
2026-04-12 21:39:33,AB_4,14.2,6.42,14.4,8.89,17.6,14.6
2026-04-12 21:39:33,AB_4,14.3,6.59,14.4,8.67,17.7,14.7
2026-04-12 21:39:34,AB_4,14.3,6.57,14.5,8.43,17.6,14.7
2026-04-12 21:39:34,AB_4,14.3,6.54,14.4,8.74,17.5,14.6
2026-04-12 21:39:35,AB_4,14.2,6.65,14.4,9.17,17.4,14.5
2026-04-12 21:39:35,AB_4,14.2,6.64,14.4,9.17,17.7,14.5
2026-04-12 21:39:35,AB_4,14.2,6.63,14.4,9.34,17.6,14.5
2026-04-12 21:39:36,AB_4,14.2,6.68,14.4,9.32,17.4,14.5
2026-04-12 21:39:36,AB_4,14.2,6.57,14.4,8.95,17.5,14.6
2026-04-12 21:39:36,AB_4,14.3,6.61,14.4,9.2,17.5,14.5
2026-04-12 21:39:37,AB_4,14.2,6.64,14.4,9.22,17.6,14.5
2026-04-12 21:39:37,AB_4,14.2,6.39,14.4,8.95,17.6,14.6
2026-04-12 21:39:37,AB_4,14.3,6.56,14.4,8.61,17.5,14.6
2026-04-12 21:39:38,AB_4,14.3,6.54,14.4,8.5,17.5,14.7
2026-04-12 21:39:38,AB_4,14.4,6.58,14.4,8.88,17.6,14.5
2026-04-12 21:39:38,AB_4,14.3,6.61,14.4,9.01,17.7,14.5
2026-04-12 21:39:39,AB_4,14.2,6.65,14.4,9.26,17.2,14.5
2026-04-12 21:39:39,AB_4,14.2,6.67,14.4,9.16,17.7,14.5
2026-04-12 21:39:39,AB_4,14.2,6.37,14.4,8.97,17.7,14.6
2026-04-12 21:39:40,AB_4,14.3,6.61,14.4,8.62,17.6,14.7
2026-04-12 21:39:40,AB_4,14.4,6.6,14.4,9.04,17.6,14.5
2026-04-12 21:39:41,AB_4,14.2,6.66,14.4,9.12,17.8,14.5
2026-04-12 21:39:41,AB_4,14.2,6.65,14.4,9.23,17.4,14.5
2026-04-12 21:39:41,AB_4,14.2,6.6,14.4,8.8,17.7,14.6
2026-04-12 21:39:42,AB_4,14.3,6.62,14.4,9.1,17.6,14.5
2026-04-12 21:39:42,AB_4,14.2,6.45,14.4,8.86,17.6,14.6
2026-04-12 21:39:42,AB_4,14.3,6.57,14.5,8.72,17.4,14.7
2026-04-12 21:39:43,AB_4,14.4,6.56,14.5,8.48,17.6,14.7
2026-04-12 21:39:43,AB_4,14.4,6.59,14.5,8.84,17.6,14.6
2026-04-12 21:39:43,AB_4,14.3,6.59,14.4,9.12,17.6,14.6
2026-04-12 21:39:44,AB_4,14.2,6.66,14.4,9.14,17.6,14.5
2026-04-12 21:39:44,AB_4,14.2,6.66,14.4,9.24,17.6,14.5
2026-04-12 21:39:44,AB_4,14.2,6.66,14.4,8.98,17.5,14.6
2026-04-12 21:39:45,AB_4,14.3,6.68,14.4,9.34,17.5,14.5
2026-04-12 21:39:45,AB_4,14.2,6.37,14.4,8.9,17.6,14.6
2026-04-12 21:39:46,AB_4,14.3,6.58,14.5,8.66,17.5,14.7
2026-04-12 21:39:46,AB_4,14.4,6.61,14.4,8.73,17.6,14.6
2026-04-12 21:39:46,AB_4,14.2,6.43,14.5,8.64,17.5,14.6
2026-04-12 21:39:47,AB_4,14.4,6.52,14.4,8.77,17.5,14.5
2026-04-12 21:39:47,AB_4,14.2,6.5,14.5,8.79,17.5,14.6
2026-04-12 21:39:47,AB_4,14.3,6.43,14.5,8.45,17.7,14.7
2026-04-12 21:39:48,AB_4,14.4,6.59,14.5,8.93,17.7,14.6
2026-04-12 21:39:48,AB_4,14.2,6.59,14.5,8.72,17.7,14.7
2026-04-12 21:39:48,AB_4,14.4,6.6,14.5,8.79,17.7,14.6
2026-04-12 21:39:49,AB_4,14.3,6.61,14.4,9.01,17.7,14.6
2026-04-12 21:39:49,AB_4,14.2,6.69,14.4,9.35,17.6,14.5
2026-04-12 21:39:49,AB_4,14.2,6.65,14.4,9.41,17.7,14.6
2026-04-12 21:39:50,AB_4,14.2,6.66,14.5,9.35,17.6,14.5
2026-04-12 21:39:50,AB_4,14.2,6.69,14.4,9.24,17.7,14.5
2026-04-12 21:39:51,AB_4,14.2,6.7,14.5,9.46,17.4,14.5
2026-04-12 21:39:51,AB_4,14.2,6.48,14.4,9.05,17.4,14.6
2026-04-12 21:39:51,AB_4,14.3,6.61,14.5,8.76,17.6,14.7
2026-04-12 21:39:52,AB_4,14.4,6.55,14.5,8.95,17.7,14.6
2026-04-12 21:39:52,AB_4,14.2,6.46,14.4,8.73,17.5,14.6
2026-04-12 21:39:52,AB_4,14.3,6.56,14.5,9.06,17.6,14.5
2026-04-12 21:39:53,AB_4,14.3,6.55,14.4,8.83,17.7,14.6
2026-04-12 21:39:53,AB_4,14.3,6.58,14.5,8.58,17.7,14.7
2026-04-12 21:39:53,AB_4,14.4,6.55,14.5,8.53,17.7,14.7
2026-04-12 21:39:54,AB_4,14.4,6.55,14.4,8.92,17.6,14.6
2026-04-12 21:39:54,AB_4,14.3,6.59,14.4,9.02,17.6,14.5
2026-04-12 21:39:54,AB_4,14.2,6.48,14.4,8.74,17.5,14.7
2026-04-12 21:39:55,AB_4,14.4,6.55,14.4,8.94,17.6,14.5
2026-04-12 21:39:55,AB_4,14.3,6.51,14.4,8.72,17.6,14.6
2026-04-12 21:39:56,AB_4,14.4,6.54,14.4,8.53,17.6,14.7
2026-04-12 21:39:56,AB_4,14.3,6.52,14.4,8.84,17.5,14.6
2026-04-12 21:39:56,AB_4,14.3,6.44,14.4,8.77,17.5,14.6
2026-04-12 21:39:57,AB_4,14.3,6.53,14.4,8.59,17.6,14.7
2026-04-12 21:39:57,AB_4,14.4,6.52,14.5,8.48,17.6,14.7
2026-04-12 21:39:57,AB_4,14.4,6.48,14.5,8.44,17.5,14.7
2026-04-12 21:39:58,AB_4,14.4,6.5,14.5,8.42,17.4,14.7
2026-04-12 21:39:58,AB_4,14.3,6.49,14.5,8.42,17.4,14.7
2026-04-12 21:39:58,AB_4,14.4,6.54,14.5,8.57,17.7,14.6
2026-04-12 21:39:59,AB_4,14.2,6.57,14.4,8.95,17.7,14.5
2026-04-12 21:39:59,AB_4,14.2,6.66,14.4,9.21,17.4,14.5
2026-04-12 21:40:00,AB_4,14.2,6.68,14.4,9.18,17.7,14.5
2026-04-12 21:40:00,AB_4,14.2,6.68,14.4,9.34,17.5,14.5
2026-04-12 21:40:00,AB_4,14.2,6.55,14.4,8.91,17.6,14.6
2026-04-12 21:40:01,AB_4,14.3,6.61,14.4,8.67,17.6,14.6
2026-04-12 21:40:01,AB_4,14.3,6.59,14.4,8.91,17.5,14.5
2026-04-12 21:40:01,AB_4,14.2,6.46,14.4,8.78,17.5,14.6
2026-04-12 21:40:02,AB_4,14.3,6.57,14.4,8.91,17.5,14.5
2026-04-12 21:40:02,AB_4,14.2,6.42,14.4,8.72,17.7,14.6
2026-04-12 21:40:02,AB_4,14.3,6.56,14.4,8.52,17.3,14.7
2026-04-12 21:40:03,AB_4,14.3,6.55,14.4,8.86,17.6,14.5
2026-04-12 21:40:03,AB_4,14.2,6.43,14.4,8.66,17.4,14.5
2026-04-12 21:40:03,AB_4,14.3,6.51,14.4,8.66,17.6,14.6
2026-04-12 21:40:04,AB_4,14.3,6.56,14.4,8.51,17.6,14.6
2026-04-12 21:40:04,AB_4,14.4,6.53,14.4,8.43,17.5,14.7
2026-04-12 21:40:05,AB_4,14.4,6.51,14.4,8.48,17.5,14.7
2026-04-12 21:40:05,AB_4,14.4,6.52,14.5,8.41,17.7,14.7
2026-04-12 21:40:05,AB_4,14.4,6.54,14.5,8.38,17.3,14.7
2026-04-12 21:40:06,AB_4,14.4,6.51,14.4,8.6,17.6,14.6
2026-04-12 21:40:06,AB_4,14.3,6.38,14.4,8.36,17.4,14.7
2026-04-12 21:40:06,AB_4,14.4,6.54,14.4,8.65,17.6,14.6
2026-04-12 21:40:07,AB_4,14.3,6.41,14.4,8.55,17.6,14.7
2026-04-12 21:40:07,AB_4,14.4,6.59,14.4,8.75,17.6,14.6
2026-04-12 21:40:07,AB_4,14.3,6.63,14.4,9.09,17.5,14.6
2026-04-12 21:40:08,AB_4,14.2,6.63,14.4,9.13,17.6,14.5
2026-04-12 21:40:08,AB_4,14.2,6.43,14.5,8.73,17.5,14.7
2026-04-12 21:40:09,AB_4,14.4,6.52,14.5,8.45,17.6,14.7
2026-04-12 21:40:09,AB_4,14.4,6.47,14.5,8.44,17.5,14.7
2026-04-12 21:40:09,AB_4,14.4,6.55,14.5,8.45,17.6,14.7
2026-04-12 21:40:10,AB_4,14.4,6.53,14.5,8.45,17.5,14.7
2026-04-12 21:40:10,AB_4,14.4,6.55,14.5,8.63,17.6,14.6
2026-04-12 21:40:10,AB_4,14.3,6.45,14.5,8.61,17.6,14.7
2026-04-12 21:40:11,AB_4,14.4,6.57,14.4,8.82,17.4,14.6
2026-04-12 21:40:11,AB_4,14.3,6.62,14.4,8.83,17.6,14.5
2026-04-12 21:40:11,AB_4,14.2,6.66,14.4,9.13,17.7,14.5
2026-04-12 21:40:12,AB_4,14.2,6.46,14.4,8.83,17.7,14.6
2026-04-12 21:40:12,AB_4,14.3,6.61,14.4,8.87,17.5,14.5
2026-04-12 21:40:12,AB_4,14.2,6.5,14.4,8.69,17.6,14.7
2026-04-12 21:40:13,AB_4,14.3,6.61,14.4,8.55,17.5,14.7
2026-04-12 21:40:13,AB_4,14.3,6.54,14.4,8.45,17.7,14.7
2026-04-12 21:40:14,AB_4,14.4,6.55,14.4,8.61,17.7,14.6
2026-04-12 21:40:14,AB_4,14.3,6.37,14.4,8.54,17.6,14.6
2026-04-12 21:40:14,AB_4,14.4,6.49,14.4,8.49,17.5,14.7
2026-04-12 21:40:15,AB_4,14.4,6.57,14.4,8.74,17.7,14.6
2026-04-12 21:40:15,AB_4,14.3,6.46,14.4,8.62,17.7,14.6
2026-04-12 21:40:15,AB_4,14.4,6.55,14.4,8.44,17.5,14.7
2026-04-12 21:40:16,AB_4,14.4,6.55,14.4,8.8,17.5,14.6
2026-04-12 21:40:16,AB_4,14.3,6.63,14.4,8.79,17.5,14.5
2026-04-12 21:40:16,AB_4,14.2,6.64,14.4,8.96,17.6,14.5
2026-04-12 21:40:17,AB_4,14.2,6.69,14.4,9.19,17.4,14.5
2026-04-12 21:40:17,AB_4,14.2,6.67,14.4,9.32,17.6,14.5
2026-04-12 21:40:17,AB_4,14.2,6.5,14.4,8.81,17.3,14.6
2026-04-12 21:40:18,AB_4,14.3,6.62,14.4,8.87,17.6,14.5
2026-04-12 21:40:18,AB_4,14.2,6.67,14.4,9.15,17.6,14.5
2026-04-12 21:40:19,AB_4,14.2,6.54,14.4,8.63,17.7,14.6
2026-04-12 21:40:19,AB_4,14.3,6.56,14.4,8.69,17.6,14.7
2026-04-12 21:40:19,AB_4,14.4,6.59,14.5,8.45,17.5,14.7
2026-04-12 21:40:20,AB_4,14.4,6.52,14.5,8.36,17.4,14.6
2026-04-12 21:40:20,AB_4,14.3,6.45,14.5,8.46,17.4,14.7
2026-04-12 21:40:20,AB_4,14.4,6.53,14.5,8.24,17.5,14.7
2026-04-12 21:40:21,AB_4,14.4,6.54,14.5,8.41,17.6,14.7
2026-04-12 21:40:21,AB_4,14.4,6.55,14.5,8.56,17.6,14.6
2026-04-12 21:40:21,AB_4,14.2,6.59,14.4,8.81,17.6,14.5
2026-04-12 21:40:22,AB_4,14.2,6.52,14.4,8.73,17.5,14.6
2026-04-12 21:40:22,AB_4,14.3,6.6,14.4,8.92,17.6,14.6
2026-04-12 21:40:23,AB_4,14.3,6.56,14.4,8.92,17.5,14.5
2026-04-12 21:40:23,AB_4,14.2,6.46,14.4,8.64,17.4,14.6
2026-04-12 21:40:23,AB_4,14.3,6.55,14.4,8.42,17.6,14.7
2026-04-12 21:40:24,AB_4,14.4,6.53,14.4,8.94,17.5,14.5
2026-04-12 21:40:24,AB_4,14.2,6.62,14.4,9.0,17.6,14.5
2026-04-12 21:40:24,AB_4,14.2,6.68,14.4,9.19,17.5,14.5
2026-04-12 21:40:25,AB_4,14.2,6.67,14.4,9.19,17.6,14.5
2026-04-12 21:40:25,AB_4,14.2,6.47,14.4,8.72,17.5,14.5
2026-04-12 21:40:25,AB_4,14.3,6.6,14.4,8.81,17.5,14.6
2026-04-12 21:40:26,AB_4,14.3,6.49,14.4,8.48,17.5,14.6
2026-04-12 21:40:26,AB_4,14.4,6.52,14.4,8.55,17.6,14.6
2026-04-12 21:40:26,AB_4,14.3,6.41,14.4,8.56,17.4,14.7
2026-04-12 21:40:27,AB_4,14.3,6.57,14.4,8.67,17.6,14.5
2026-04-12 21:40:27,AB_4,14.2,6.45,14.4,8.59,17.5,14.6
2026-04-12 21:40:28,AB_4,14.3,6.6,14.4,8.79,17.6,14.5
2026-04-12 21:40:28,AB_4,14.2,6.63,14.4,9.08,17.4,14.5
2026-04-12 21:40:28,AB_4,14.2,6.67,14.4,9.2,17.7,14.5
2026-04-12 21:40:29,AB_4,14.2,6.66,14.4,9.22,17.5,14.5
2026-04-12 21:40:29,AB_4,14.2,6.52,14.4,8.95,17.6,14.6
2026-04-12 21:40:29,AB_4,14.3,6.62,14.4,9.15,17.5,14.5
2026-04-12 21:40:30,AB_4,14.2,6.55,14.5,8.82,17.7,14.6
2026-04-12 21:40:30,AB_4,14.3,6.58,14.4,8.69,17.6,14.6
2026-04-12 21:40:30,AB_4,14.4,6.56,14.4,8.71,17.7,14.5
2026-04-12 21:40:31,AB_4,14.3,6.58,14.4,8.72,17.6,14.6
2026-04-12 21:40:31,AB_4,14.3,6.42,14.4,8.46,17.5,14.7
2026-04-12 21:40:31,AB_4,14.4,6.56,14.4,8.71,17.5,14.5
2026-04-12 21:40:32,AB_4,14.3,6.48,14.4,8.68,17.5,14.6
2026-04-12 21:40:32,AB_4,14.3,6.55,14.4,8.74,17.6,14.5
2026-04-12 21:40:33,AB_4,14.2,6.43,14.4,8.71,17.6,14.6
2026-04-12 21:40:33,AB_4,14.3,6.61,14.4,8.85,17.5,14.5
2026-04-12 21:40:33,AB_4,14.2,6.45,14.4,8.77,17.6,14.6
2026-04-12 21:40:34,AB_4,14.3,6.61,14.4,8.87,17.5,14.5
2026-04-12 21:40:34,AB_4,14.2,6.47,14.4,8.78,17.4,14.7
2026-04-12 21:40:34,AB_4,14.3,6.57,14.4,8.62,17.5,14.7
2026-04-12 21:40:35,AB_4,14.3,6.51,14.5,8.59,17.7,14.7
2026-04-12 21:40:35,AB_4,14.4,6.59,14.5,8.84,17.6,14.6
2026-04-12 21:40:35,AB_4,14.3,6.46,14.4,8.64,17.6,14.7
2026-04-12 21:40:36,AB_4,14.4,6.46,14.5,8.51,17.7,14.7
2026-04-12 21:40:36,AB_4,14.4,6.55,14.5,8.42,17.5,14.7
2026-04-12 21:40:37,AB_4,14.4,6.39,14.4,8.43,17.5,14.7
2026-04-12 21:41:05,AD_1,14.8,6.4,14.6,8.86,18.3,14.9
2026-04-12 21:41:05,AD_1,14.7,6.48,14.6,9.03,18.4,14.8
2026-04-12 21:41:05,AD_1,14.5,6.46,14.6,8.89,18.3,14.9
2026-04-12 21:41:06,AD_1,14.6,6.45,14.6,8.53,18.5,14.9
2026-04-12 21:41:06,AD_1,14.6,6.51,14.5,9.05,18.2,14.8
2026-04-12 21:41:06,AD_1,14.5,6.42,14.6,8.81,18.2,14.8
2026-04-12 21:41:07,AD_1,14.6,6.53,14.5,9.14,18.0,14.7
2026-04-12 21:41:07,AD_1,14.4,6.5,14.5,9.19,18.3,14.7
2026-04-12 21:41:07,AD_1,14.4,6.41,14.5,9.04,18.0,14.7
2026-04-12 21:41:08,AD_1,14.4,6.37,14.6,9.02,18.2,14.8
2026-04-12 21:41:08,AD_1,14.5,6.49,14.5,8.64,18.1,14.8
2026-04-12 21:41:09,AD_1,14.6,6.38,14.6,8.72,17.8,14.9
2026-04-12 21:41:09,AD_1,14.6,6.5,14.5,8.81,18.1,14.7
2026-04-12 21:41:09,AD_1,14.4,6.39,14.5,8.93,18.0,14.7
2026-04-12 21:41:10,AD_1,14.4,6.56,14.5,9.07,18.0,14.6
2026-04-12 21:41:10,AD_1,14.4,6.59,14.5,9.01,18.1,14.8
2026-04-12 21:41:10,AD_1,14.5,6.52,14.6,8.79,17.9,14.8
2026-04-12 21:41:11,AD_1,14.5,6.53,14.5,9.04,18.0,14.7
2026-04-12 21:41:11,AD_1,14.4,6.57,14.5,9.15,18.0,14.6
2026-04-12 21:41:11,AD_1,14.4,6.56,14.5,9.21,18.0,14.6
2026-04-12 21:41:12,AD_1,14.4,6.64,14.5,9.34,18.0,14.6
2026-04-12 21:41:12,AD_1,14.3,6.66,14.5,9.48,17.9,14.6
2026-04-12 21:41:12,AD_1,14.3,6.59,14.4,9.52,18.0,14.6
2026-04-12 21:41:13,AD_1,14.3,6.57,14.5,9.01,17.9,14.7
2026-04-12 21:41:13,AD_1,14.5,6.6,14.5,9.16,17.8,14.6
2026-04-12 21:41:14,AD_1,14.4,6.62,14.4,9.28,17.8,14.6
2026-04-12 21:41:14,AD_1,14.3,6.44,14.4,9.11,18.0,14.7
2026-04-12 21:41:14,AD_1,14.5,6.59,14.4,9.11,18.0,14.6
2026-04-12 21:41:15,AD_1,14.4,6.63,14.4,9.23,18.1,14.5
2026-04-12 21:41:15,AD_1,14.4,6.69,14.4,9.2,17.9,14.5
2026-04-12 21:41:15,AD_1,14.4,6.62,14.4,8.96,17.9,14.6
2026-04-12 21:41:16,AD_1,14.5,6.62,14.4,9.07,17.6,14.5
2026-04-12 21:41:16,AD_1,14.4,6.44,14.4,8.97,18.0,14.6
2026-04-12 21:41:16,AD_1,14.5,6.61,14.4,8.89,18.0,14.6
2026-04-12 21:41:17,AD_1,14.5,6.54,14.4,8.74,17.8,14.7
2026-04-12 21:41:17,AD_1,14.5,6.53,14.4,8.51,17.9,14.7
2026-04-12 21:41:17,AD_1,14.5,6.55,14.4,8.84,17.8,14.5
2026-04-12 21:41:18,AD_1,14.3,6.44,14.4,8.76,17.8,14.7
2026-04-12 21:41:18,AD_1,14.5,6.55,14.4,9.03,17.8,14.6
2026-04-12 21:41:19,AD_1,14.3,6.59,14.4,9.16,17.8,14.5
2026-04-12 21:41:19,AD_1,14.3,6.66,14.4,9.14,17.8,14.5
2026-04-12 21:41:19,AD_1,14.3,6.67,14.4,8.99,17.9,14.6
2026-04-12 21:41:20,AD_1,14.4,6.63,14.4,8.81,18.0,14.6
2026-04-12 21:41:20,AD_1,14.5,6.58,14.4,9.06,17.8,14.5
2026-04-12 21:41:20,AD_1,14.4,6.62,14.4,9.09,17.9,14.5
2026-04-12 21:41:21,AD_1,14.4,6.59,14.4,8.78,17.8,14.6
2026-04-12 21:41:21,AD_1,14.5,6.52,14.4,8.59,17.8,14.7
2026-04-12 21:41:21,AD_1,14.5,6.56,14.4,9.01,17.8,14.6
2026-04-12 21:41:22,AD_1,14.4,6.64,14.4,9.01,17.7,14.6
2026-04-12 21:41:22,AD_1,14.3,6.65,14.4,9.27,17.9,14.5
2026-04-12 21:41:22,AD_1,14.3,6.72,14.4,9.38,17.9,14.5
2026-04-12 21:41:23,AD_1,14.3,6.7,14.4,9.45,17.9,14.5
2026-04-12 21:41:23,AD_1,14.3,6.43,14.4,9.05,17.8,14.6
2026-04-12 21:41:24,AD_1,14.4,6.61,14.4,9.22,17.7,14.6
2026-04-12 21:41:24,AD_1,14.3,6.49,14.5,9.01,17.8,14.7
2026-04-12 21:41:24,AD_1,14.4,6.63,14.5,8.77,17.5,14.7
2026-04-12 21:41:25,AD_1,14.5,6.59,14.5,8.86,17.9,14.6
2026-04-12 21:41:25,AD_1,14.3,6.43,14.5,8.84,17.8,14.7
2026-04-12 21:41:25,AD_1,14.5,6.51,14.5,8.7,17.8,14.7
2026-04-12 21:41:26,AD_1,14.5,6.55,14.5,8.96,17.9,14.6
2026-04-12 21:41:26,AD_1,14.4,6.47,14.5,8.72,17.6,14.7
2026-04-12 21:41:26,AD_1,14.5,6.53,14.5,8.58,17.7,14.7
2026-04-12 21:41:27,AD_1,14.5,6.52,14.5,8.28,17.6,14.7
2026-04-12 21:41:27,AD_1,14.4,6.53,14.5,8.36,17.6,14.7
2026-04-12 21:41:27,AD_1,14.5,6.39,14.5,8.55,17.7,14.8
2026-04-12 21:41:28,AD_1,14.5,6.54,14.5,8.5,17.7,14.8
2026-04-12 21:41:28,AD_1,14.5,6.48,14.5,8.49,17.7,14.8
2026-04-12 21:41:29,AD_1,14.5,6.52,14.5,8.47,17.8,14.8
2026-04-12 21:41:29,AD_1,14.5,6.55,14.5,8.32,17.8,14.8
2026-04-12 21:41:29,AD_1,14.5,6.55,14.5,8.61,17.6,14.7
2026-04-12 21:41:30,AD_1,14.4,6.6,14.5,8.77,17.8,14.6
2026-04-12 21:41:30,AD_1,14.3,6.63,14.5,9.16,17.6,14.6
2026-04-12 21:41:30,AD_1,14.3,6.45,14.5,8.71,17.7,14.7
2026-04-12 21:41:31,AD_1,14.4,6.6,14.5,9.08,17.7,14.6
2026-04-12 21:41:31,AD_1,14.3,6.64,14.5,9.07,17.8,14.6
2026-04-12 21:41:31,AD_1,14.3,6.68,14.5,9.19,17.6,14.6
2026-04-12 21:41:32,AD_1,14.3,6.51,14.5,8.74,17.8,14.7
2026-04-12 21:41:32,AD_1,14.4,6.61,14.5,9.15,17.6,14.6
2026-04-12 21:41:33,AD_1,14.3,6.67,14.4,8.99,17.8,14.6
2026-04-12 21:41:33,AD_1,14.4,6.53,14.5,8.8,17.6,14.6
2026-04-12 21:41:33,AD_1,14.4,6.44,14.5,8.84,17.9,14.7
2026-04-12 21:41:34,AD_1,14.4,6.63,14.5,8.95,17.7,14.6
2026-04-12 21:41:34,AD_1,14.3,6.46,14.5,8.79,17.7,14.7
2026-04-12 21:41:34,AD_1,14.4,6.6,14.5,8.59,17.7,14.7
2026-04-12 21:41:35,AD_1,14.4,6.58,14.5,8.99,17.5,14.6
2026-04-12 21:41:35,AD_1,14.3,6.67,14.4,9.07,17.7,14.6
2026-04-12 21:41:35,AD_1,14.3,6.48,14.5,8.77,17.5,14.7
2026-04-12 21:41:36,AD_1,14.4,6.66,14.4,8.87,17.7,14.6
2026-04-12 21:41:36,AD_1,14.3,6.69,14.5,9.2,17.7,14.6
2026-04-12 21:41:36,AD_1,14.3,6.52,14.5,8.88,17.7,14.6
2026-04-12 21:41:37,AD_1,14.4,6.55,14.5,8.55,17.6,14.7
2026-04-12 21:41:37,AD_1,14.4,6.55,14.5,8.91,17.8,14.6
2026-04-12 21:41:38,AD_1,14.3,6.53,14.5,8.73,17.7,14.7
2026-04-12 21:41:38,AD_1,14.4,6.58,14.5,8.88,17.6,14.6
2026-04-12 21:41:38,AD_1,14.3,6.61,14.5,8.56,17.5,14.6
2026-04-12 21:41:39,AD_1,14.4,6.54,14.5,8.52,17.6,14.7
2026-04-12 21:41:39,AD_1,14.5,6.57,14.4,8.81,17.8,14.5
2026-04-12 21:41:39,AD_1,14.4,6.41,14.4,8.44,17.5,14.6
2026-04-12 21:41:40,AD_1,14.4,6.62,14.4,8.85,17.8,14.4
2026-04-12 21:41:40,AD_1,14.4,6.52,14.3,8.69,17.6,14.5
2026-04-12 21:41:40,AD_1,14.5,6.62,14.3,8.74,17.8,14.5
2026-04-12 21:41:41,AD_1,14.4,6.47,14.4,8.73,17.7,14.6
2026-04-12 21:41:41,AD_1,14.5,6.46,14.4,8.59,17.7,14.7
2026-04-12 21:41:41,AD_1,14.5,6.53,14.5,8.56,17.8,14.7
2026-04-12 21:41:42,AD_1,14.5,6.6,14.5,8.42,17.7,14.7
2026-04-12 21:41:42,AD_1,14.5,6.59,14.5,8.49,17.8,14.7
2026-04-12 21:41:43,AD_1,14.5,6.57,14.4,8.75,17.5,14.6
2026-04-12 21:41:43,AD_1,14.4,6.46,14.4,8.45,17.8,14.7
2026-04-12 21:41:43,AD_1,14.5,6.56,14.5,8.45,17.7,14.6
2026-04-12 21:41:44,AD_1,14.4,6.39,14.4,8.4,17.4,14.7
2026-04-12 21:41:44,AD_1,14.5,6.51,14.5,8.5,17.7,14.7
2026-04-12 21:41:44,AD_1,14.5,6.56,14.4,8.62,17.7,14.6
2026-04-12 21:41:45,AD_1,14.4,6.66,14.5,8.92,17.6,14.6
2026-04-12 21:41:45,AD_1,14.3,6.68,14.4,9.06,17.4,14.5
2026-04-12 21:41:45,AD_1,14.3,6.71,14.4,9.1,17.7,14.5
2026-04-12 21:41:46,AD_1,14.3,6.71,14.4,9.32,17.6,14.5
2026-04-12 21:41:46,AD_1,14.3,6.7,14.4,9.27,17.7,14.5
2026-04-12 21:41:46,AD_1,14.3,6.73,14.4,9.27,17.5,14.5
2026-04-12 21:41:47,AD_1,14.3,6.73,14.4,9.14,17.5,14.5
2026-04-12 21:41:47,AD_1,14.3,6.5,14.4,8.97,17.7,14.6
2026-04-12 21:41:48,AD_1,14.3,6.63,14.4,8.72,17.7,14.7
2026-04-12 21:41:48,AD_1,14.4,6.62,14.4,8.54,17.5,14.7
2026-04-12 21:41:48,AD_1,14.4,6.55,14.4,8.72,17.6,14.6
2026-04-12 21:41:49,AD_1,14.3,6.5,14.4,8.74,17.5,14.7
2026-04-12 21:41:49,AD_1,14.4,6.62,14.4,8.67,17.5,14.5
2026-04-12 21:41:49,AD_1,14.3,6.6,14.4,8.89,17.7,14.6
2026-04-12 21:41:50,AD_1,14.4,6.5,14.4,8.7,17.7,14.6
2026-04-12 21:41:50,AD_1,14.4,6.57,14.4,8.57,17.7,14.7
2026-04-12 21:41:50,AD_1,14.5,6.54,14.4,8.51,17.6,14.7
2026-04-12 21:41:51,AD_1,14.5,6.54,14.4,8.77,17.8,14.5
2026-04-12 21:41:51,AD_1,14.3,6.65,14.4,8.96,17.6,14.5
2026-04-12 21:41:52,AD_1,14.3,6.32,14.4,8.63,17.7,14.6
2026-04-12 21:41:52,AD_1,14.4,6.57,14.4,8.57,17.6,14.6
2026-04-12 21:41:52,AD_1,14.4,6.57,14.4,8.2,17.7,14.6
2026-04-12 21:41:53,AD_1,14.5,6.56,14.4,8.78,17.7,14.5
2026-04-12 21:41:53,AD_1,14.4,6.63,14.3,8.93,17.6,14.5
2026-04-12 21:41:53,AD_1,14.3,6.66,14.3,9.0,17.6,14.4
2026-04-12 21:41:54,AD_1,14.3,6.67,14.3,9.12,17.6,14.4
2026-04-12 21:41:54,AD_1,14.3,6.69,14.3,9.25,17.7,14.4
2026-04-12 21:41:54,AD_1,14.3,6.57,14.3,8.64,17.8,14.5
2026-04-12 21:41:55,AD_1,14.5,6.62,14.3,8.96,17.7,14.4
2026-04-12 21:41:55,AD_1,14.4,6.55,14.3,8.67,17.7,14.5
2026-04-12 21:41:55,AD_1,14.5,6.6,14.3,8.9,17.6,14.4
2026-04-12 21:41:56,AD_1,14.3,6.72,14.3,9.18,17.8,14.4
2026-04-12 21:41:56,AD_1,14.3,6.69,14.3,9.26,17.8,14.4
2026-04-12 21:41:57,AD_1,14.3,6.6,14.6,8.9,17.7,14.5
2026-04-12 21:41:57,AD_1,14.2,6.61,14.1,8.56,17.5,14.6
2026-04-12 21:41:57,AD_1,14.5,6.62,14.5,9.03,17.9,14.5
2026-04-12 21:41:58,AD_1,14.3,6.68,14.3,8.98,17.4,14.4
2026-04-12 21:41:58,AD_1,14.3,6.59,14.4,8.88,17.7,14.6
2026-04-12 21:41:58,AD_1,14.4,6.59,14.4,8.62,17.6,14.6
2026-04-12 21:41:59,AD_1,14.4,6.64,14.4,8.99,17.7,14.6
2026-04-12 21:41:59,AD_1,14.3,6.44,14.4,8.82,17.6,14.6
2026-04-12 21:41:59,AD_1,14.4,6.63,14.4,8.73,17.5,14.5
2026-04-12 21:42:00,AD_1,14.3,6.47,14.4,8.75,17.6,14.7
2026-04-12 21:42:00,AD_1,14.4,6.54,14.4,8.54,17.7,14.6
2026-04-12 21:42:00,AD_1,14.4,6.42,14.5,8.52,17.6,14.7
2026-04-12 21:42:01,AD_1,14.5,6.61,14.4,8.78,17.6,14.6
2026-04-12 21:42:01,AD_1,14.3,6.39,14.4,8.7,17.6,14.7
2026-04-12 21:42:02,AD_1,14.5,6.59,14.4,8.84,17.6,14.5
2026-04-12 21:42:02,AD_1,14.4,6.49,14.4,8.5,17.8,14.7
2026-04-12 21:42:02,AD_1,14.4,6.49,14.4,8.55,17.6,14.7
2026-04-12 21:42:03,AD_1,14.4,6.58,14.4,8.8,17.6,14.6
2026-04-12 21:42:03,AD_1,14.3,6.59,14.4,9.08,17.6,14.5
2026-04-12 21:42:03,AD_1,14.3,6.48,14.4,8.8,17.6,14.6
2026-04-12 21:42:04,AD_1,14.4,6.6,14.4,8.94,17.6,14.5
2026-04-12 21:42:04,AD_1,14.3,6.54,14.4,8.74,17.5,14.7
2026-04-12 21:42:04,AD_1,14.4,6.6,14.4,8.47,17.5,14.7
2026-04-12 21:42:05,AD_1,14.4,6.62,14.4,8.79,17.8,14.6
2026-04-12 21:42:05,AD_1,14.3,6.68,14.4,9.1,17.6,14.5
2026-04-12 21:42:06,AD_1,14.3,6.72,14.4,9.07,17.6,14.6
2026-04-12 21:42:06,AD_1,14.4,6.6,14.4,8.57,17.6,14.6
2026-04-12 21:42:06,AD_1,14.5,6.57,14.4,8.69,17.6,14.5
2026-04-12 21:42:07,AD_1,14.4,6.7,14.4,8.94,17.7,14.5
2026-04-12 21:42:07,AD_1,14.3,6.63,14.4,8.84,17.5,14.5
2026-04-12 21:42:07,AD_1,14.3,6.64,14.4,8.96,17.3,14.5
2026-04-12 21:42:08,AD_1,14.3,6.63,14.4,8.65,17.6,14.6
2026-04-12 21:42:08,AD_1,14.4,6.64,14.4,8.84,17.7,14.6
2026-04-12 21:42:08,AD_1,14.4,6.58,14.4,8.59,17.1,14.6
2026-04-12 21:42:09,AD_1,14.4,6.51,14.4,8.58,17.6,14.6
2026-04-12 21:42:09,AD_1,14.4,6.52,14.5,8.43,17.6,14.7
2026-04-12 21:42:10,AD_1,14.5,6.4,14.5,8.32,17.4,14.7
2026-04-12 21:42:10,AD_1,14.5,6.58,14.4,8.62,17.6,14.6
2026-04-12 21:42:10,AD_1,14.3,6.67,14.4,9.06,17.5,14.5
2026-04-12 21:42:11,AD_1,14.3,6.66,14.4,8.98,17.6,14.5
2026-04-12 21:42:11,AD_1,14.3,6.53,14.4,8.84,17.5,14.7
2026-04-12 21:42:11,AD_1,14.4,6.6,14.5,8.43,17.6,14.7
2026-04-12 21:42:12,AD_1,14.4,6.62,14.4,8.93,17.6,14.6
2026-04-12 21:42:12,AD_1,14.3,6.56,14.4,8.68,17.5,14.7
2026-04-12 21:42:12,AD_1,14.4,6.58,14.5,8.54,17.7,14.7
2026-04-12 21:42:13,AD_1,14.4,6.54,14.5,8.54,17.7,14.7
2026-04-12 21:42:13,AD_1,14.5,6.62,14.5,8.41,17.6,14.7
2026-04-12 21:42:13,AD_1,14.5,6.54,14.5,8.45,17.4,14.7
2026-04-12 21:42:14,AD_1,14.5,6.57,14.5,8.65,17.7,14.6
2026-04-12 21:42:14,AD_1,14.3,6.55,14.5,8.46,17.6,14.6
2026-04-12 21:42:15,AD_1,14.4,6.5,14.5,8.45,17.6,14.7
2026-04-12 21:42:15,AD_1,14.4,6.6,14.5,8.84,17.6,14.6
2026-04-12 21:42:15,AD_1,14.3,6.69,14.4,9.13,17.5,14.6
2026-04-12 21:42:16,AD_1,14.3,6.69,14.5,8.76,17.7,14.7
2026-04-12 21:42:16,AD_1,14.4,6.65,14.4,9.05,17.6,14.6
2026-04-12 21:42:21,AD_2,14.6,6.54,14.6,9.04,18.1,14.8
2026-04-12 21:42:21,AD_2,14.4,6.64,14.6,9.29,18.0,14.7
2026-04-12 21:42:21,AD_2,14.4,6.48,14.6,9.15,17.9,14.8
2026-04-12 21:42:22,AD_2,14.5,6.64,14.5,9.15,17.9,14.6
2026-04-12 21:42:22,AD_2,14.3,6.69,14.5,9.44,17.6,14.6
2026-04-12 21:42:22,AD_2,14.3,6.5,14.5,8.04,17.8,14.7
2026-04-12 21:42:23,AD_2,14.4,6.58,14.5,8.81,17.9,14.7
2026-04-12 21:42:23,AD_2,14.5,6.6,14.4,9.0,17.6,14.7
2026-04-12 21:42:23,AD_2,14.3,6.65,14.5,9.1,17.8,14.6
2026-04-12 21:42:24,AD_2,14.3,6.71,14.4,9.26,17.6,14.6
2026-04-12 21:42:24,AD_2,14.3,6.62,14.5,8.97,17.7,14.7
2026-04-12 21:42:24,AD_2,14.4,6.65,14.5,9.16,17.5,14.6
2026-04-12 21:42:25,AD_2,14.3,6.45,14.5,8.96,17.6,14.7
2026-04-12 21:42:25,AD_2,14.4,6.65,14.5,9.13,17.6,14.6
2026-04-12 21:42:26,AD_2,14.3,6.69,14.4,9.01,17.6,14.6
2026-04-12 21:42:26,AD_2,14.3,6.66,14.5,8.87,17.7,14.6
2026-04-12 21:42:26,AD_2,14.4,6.54,14.5,8.65,17.6,14.7
2026-04-12 21:42:27,AD_2,14.4,6.57,14.5,9.02,17.7,14.6
2026-04-12 21:42:27,AD_2,14.3,6.5,14.5,8.79,17.8,14.7
2026-04-12 21:42:27,AD_2,14.4,6.64,14.5,8.67,17.6,14.7
2026-04-12 21:42:28,AD_2,14.4,6.62,14.5,8.59,17.4,14.7
2026-04-12 21:42:28,AD_2,14.5,6.51,14.5,8.53,17.6,14.8
2026-04-12 21:42:28,AD_2,14.5,6.59,14.5,8.83,17.4,14.6
2026-04-12 21:42:29,AD_2,14.4,6.55,14.5,8.58,17.7,14.7
2026-04-12 21:42:29,AD_2,14.5,6.62,14.5,8.9,17.7,14.6
2026-04-12 21:42:30,AD_2,14.4,6.63,14.5,8.79,17.6,14.7
2026-04-12 21:42:30,AD_2,14.4,6.5,14.5,8.58,17.8,14.8
2026-04-12 21:42:30,AD_2,14.5,6.47,14.5,8.51,17.5,14.7
2026-04-12 21:42:31,AD_2,14.5,6.65,14.5,8.89,17.6,14.7
2026-04-12 21:42:31,AD_2,14.4,6.55,14.5,8.72,17.7,14.7
2026-04-12 21:42:31,AD_2,14.4,6.48,14.5,8.6,17.6,14.6
2026-04-12 21:42:32,AD_2,14.4,6.58,14.5,8.53,17.6,14.7
2026-04-12 21:42:32,AD_2,14.5,6.61,14.5,8.78,17.7,14.6
2026-04-12 21:42:32,AD_2,14.4,6.65,14.5,9.13,17.6,14.6
2026-04-12 21:42:33,AD_2,14.3,6.69,14.5,9.11,17.7,14.6
2026-04-12 21:42:33,AD_2,14.3,6.59,14.5,8.87,17.7,14.7
2026-04-12 21:42:33,AD_2,14.4,6.68,14.5,9.01,17.6,14.6
2026-04-12 21:42:34,AD_2,14.3,6.7,14.5,9.29,17.7,14.6
2026-04-12 21:42:34,AD_2,14.3,6.54,14.5,8.81,17.6,14.7
2026-04-12 21:42:35,AD_2,14.4,6.71,14.5,9.12,17.5,14.6
2026-04-12 21:42:35,AD_2,14.3,6.78,14.5,9.36,17.8,14.6
2026-04-12 21:42:35,AD_2,14.3,6.55,14.5,8.96,17.6,14.7
2026-04-12 21:42:36,AD_2,14.4,6.7,14.5,8.97,17.7,14.6
2026-04-12 21:42:36,AD_2,14.3,6.55,14.5,8.94,17.6,14.7
2026-04-12 21:42:36,AD_2,14.4,6.71,14.5,9.09,17.6,14.6
2026-04-12 21:42:37,AD_2,14.3,6.62,14.5,8.78,17.5,14.6
2026-04-12 21:42:37,AD_2,14.4,6.68,14.5,8.53,17.5,14.7
2026-04-12 21:42:37,AD_2,14.5,6.59,14.5,8.54,17.7,14.7
2026-04-12 21:42:38,AD_2,14.4,6.7,14.5,9.07,17.5,14.6
2026-04-12 21:42:38,AD_2,14.4,6.58,14.5,8.66,17.7,14.7
2026-04-12 21:42:39,AD_2,14.5,6.5,14.5,8.63,17.6,14.7
2026-04-12 21:42:39,AD_2,14.5,6.63,14.5,8.85,17.7,14.6
2026-04-12 21:42:39,AD_2,14.4,6.73,14.5,8.65,17.6,14.7
2026-04-12 21:42:40,AD_2,14.5,6.53,14.5,8.43,17.7,14.8
2026-04-12 21:42:40,AD_2,14.5,6.65,14.5,8.53,17.6,14.8
2026-04-12 21:42:40,AD_2,14.5,6.65,14.5,8.88,17.4,14.7
2026-04-12 21:42:41,AD_2,14.4,6.7,14.5,9.03,17.6,14.6
2026-04-12 21:42:41,AD_2,14.3,6.62,14.5,8.83,17.6,14.7
2026-04-12 21:42:41,AD_2,14.5,6.69,14.5,8.8,17.7,14.7
2026-04-12 21:42:42,AD_2,14.4,6.71,14.5,8.96,17.6,14.6
2026-04-12 21:42:42,AD_2,14.4,6.74,14.5,9.15,17.6,14.6
2026-04-12 21:42:42,AD_2,14.3,6.81,14.5,9.14,17.6,14.6
2026-04-12 21:42:43,AD_2,14.3,6.62,14.5,8.83,17.8,14.7
2026-04-12 21:42:43,AD_2,14.4,6.75,14.5,8.88,17.6,14.6
2026-04-12 21:42:44,AD_2,14.3,6.46,14.5,8.85,17.7,14.7
2026-04-12 21:42:44,AD_2,14.4,6.69,14.5,9.12,17.6,14.6
2026-04-12 21:42:44,AD_2,14.3,6.66,14.5,8.8,17.7,14.7
2026-04-12 21:42:45,AD_2,14.4,6.65,14.5,9.03,17.6,14.6
2026-04-12 21:42:45,AD_2,14.3,6.48,14.4,8.82,17.5,14.6
2026-04-12 21:42:45,AD_2,14.4,6.63,14.5,8.59,17.3,14.6
2026-04-12 21:42:46,AD_2,14.3,6.45,14.5,8.51,17.5,14.7
2026-04-12 21:42:46,AD_2,14.4,6.64,14.4,8.84,17.6,14.6
2026-04-12 21:42:46,AD_2,14.3,6.69,14.5,9.09,17.6,14.6
2026-04-12 21:42:47,AD_2,14.3,6.56,14.5,8.86,17.6,14.7
2026-04-12 21:42:47,AD_2,14.4,6.72,14.5,8.71,17.7,14.8
2026-04-12 21:42:47,AD_2,14.6,6.8,14.5,8.89,17.7,14.7
2026-04-12 21:42:48,AD_2,14.5,6.85,14.6,8.68,17.7,14.8
2026-04-12 21:42:48,AD_2,14.7,6.69,14.6,8.49,17.7,14.7
2026-04-12 21:42:49,AD_2,14.6,6.75,14.6,8.46,17.7,14.8
2026-04-12 21:42:49,AD_2,14.6,6.69,14.6,8.6,17.5,14.8
2026-04-12 21:42:49,AD_2,14.5,6.69,14.5,8.73,17.7,14.7
2026-04-12 21:42:50,AD_2,14.4,6.73,14.5,8.67,17.7,14.8
2026-04-12 21:42:50,AD_2,14.5,6.69,14.5,8.68,17.6,14.8
2026-04-12 21:42:50,AD_2,14.5,6.68,14.5,8.86,17.6,14.6
2026-04-12 21:42:51,AD_2,14.4,6.75,14.5,9.16,17.7,14.6
2026-04-12 21:42:51,AD_2,14.3,6.55,14.5,8.8,17.2,14.7
2026-04-12 21:42:51,AD_2,14.5,6.75,14.5,8.97,17.6,14.6
2026-04-12 21:42:52,AD_2,14.4,6.8,14.5,9.17,17.7,14.6
2026-04-12 21:42:52,AD_2,14.3,6.6,14.5,8.74,17.7,14.7
2026-04-12 21:42:52,AD_2,14.4,6.72,14.5,9.02,17.5,14.6
2026-04-12 21:42:53,AD_2,14.3,6.77,14.5,9.28,17.6,14.5
2026-04-12 21:42:53,AD_2,14.3,6.79,14.5,9.09,17.7,14.6
2026-04-12 21:42:54,AD_2,14.3,6.72,14.5,8.88,17.5,14.6
2026-04-12 21:42:54,AD_2,14.4,6.65,14.5,8.72,17.7,14.7
2026-04-12 21:42:54,AD_2,14.5,6.7,14.5,8.92,17.6,14.6
2026-04-12 21:42:55,AD_2,14.3,6.71,14.5,9.2,17.7,14.6
2026-04-12 21:42:55,AD_2,14.3,6.53,14.5,8.92,17.4,14.7
2026-04-12 21:42:55,AD_2,14.4,6.69,14.5,8.75,17.5,14.7
2026-04-12 21:42:56,AD_2,14.4,6.66,14.5,8.69,17.7,14.6
2026-04-12 21:42:56,AD_2,14.4,6.48,14.5,8.76,17.7,14.7
2026-04-12 21:42:56,AD_2,14.4,6.66,14.5,8.99,17.7,14.6
2026-04-12 21:42:57,AD_2,14.3,6.75,14.5,9.21,17.6,14.6
2026-04-12 21:42:57,AD_2,14.3,6.78,14.5,9.21,17.7,14.6
2026-04-12 21:42:57,AD_2,14.3,6.48,14.5,8.97,17.5,14.6
2026-04-12 21:42:58,AD_2,14.4,6.71,14.5,9.04,17.7,14.6
2026-04-12 21:42:58,AD_2,14.3,6.56,14.5,8.96,17.7,14.7
2026-04-12 21:42:59,AD_2,14.4,6.68,14.5,9.07,17.6,14.6
2026-04-12 21:42:59,AD_2,14.3,6.78,14.5,9.2,17.4,14.5
2026-04-12 21:42:59,AD_2,14.3,6.7,14.5,8.81,17.5,14.7
2026-04-12 21:43:00,AD_2,14.4,6.72,14.5,9.09,17.7,14.6
2026-04-12 21:43:00,AD_2,14.3,6.54,14.5,8.88,17.6,14.7
2026-04-12 21:43:00,AD_2,14.4,6.67,14.5,8.74,17.5,14.7
2026-04-12 21:43:01,AD_2,14.5,6.66,14.5,8.8,17.6,14.6
2026-04-12 21:43:01,AD_2,14.3,6.74,14.4,9.12,17.7,14.5
2026-04-12 21:43:01,AD_2,14.3,6.73,14.5,9.22,17.7,14.6
2026-04-12 21:43:02,AD_2,14.3,6.76,14.4,9.34,17.6,14.5
2026-04-12 21:43:02,AD_2,14.3,6.8,14.4,9.29,17.7,14.5
2026-04-12 21:43:02,AD_2,14.3,6.62,14.4,8.99,17.6,14.6
2026-04-12 21:43:03,AD_2,14.4,6.73,14.5,8.77,17.5,14.7
2026-04-12 21:43:03,AD_2,14.4,6.7,14.5,8.42,17.7,14.7
2026-04-12 21:43:04,AD_2,14.5,6.67,14.5,8.84,17.7,14.6
2026-04-12 21:43:04,AD_2,14.3,6.72,14.5,9.15,17.6,14.5
2026-04-12 21:43:04,AD_2,14.3,6.77,14.5,9.03,17.7,14.6
2026-04-12 21:43:05,AD_2,14.4,6.67,14.5,8.53,17.6,14.6
2026-04-12 21:43:05,AD_2,14.4,6.63,14.5,8.84,17.4,14.7
2026-04-12 21:43:05,AD_2,14.4,6.66,14.5,8.86,17.6,14.6
2026-04-12 21:43:06,AD_2,14.4,6.8,14.5,9.07,17.7,14.6
2026-04-12 21:43:06,AD_2,14.4,6.81,14.5,9.25,17.8,14.6
2026-04-12 21:43:06,AD_2,14.4,6.85,14.5,9.4,17.7,14.6
2026-04-12 21:43:07,AD_2,14.4,6.88,14.5,9.45,17.7,14.6
2026-04-12 21:43:07,AD_2,14.4,6.68,14.5,9.22,17.8,14.7
2026-04-12 21:43:07,AD_2,14.5,6.61,14.6,8.85,17.7,14.8
2026-04-12 21:43:08,AD_2,14.6,6.81,14.6,8.79,17.9,14.8
2026-04-12 21:43:08,AD_2,14.6,6.72,14.6,8.5,17.7,14.8
2026-04-12 21:43:09,AD_2,14.5,6.65,14.6,8.49,17.8,14.8
2026-04-12 21:43:09,AD_2,14.6,6.7,14.6,8.52,17.6,14.8
2026-04-12 21:43:09,AD_2,14.6,6.68,14.5,8.84,17.6,14.7
2026-04-12 21:43:10,AD_2,14.4,6.73,14.5,9.06,17.5,14.6
2026-04-12 21:43:10,AD_2,14.4,6.61,14.5,8.72,17.6,14.7
2026-04-12 21:43:10,AD_2,14.4,6.55,14.5,8.59,17.6,14.7
2026-04-12 21:43:11,AD_2,14.5,6.68,14.5,8.78,17.7,14.7
2026-04-12 21:43:11,AD_2,14.5,6.67,14.5,9.01,17.8,14.6
2026-04-12 21:43:11,AD_2,14.3,6.74,14.5,9.21,17.7,14.6
2026-04-12 21:43:12,AD_2,14.3,6.75,14.5,9.25,17.5,14.6
2026-04-12 21:43:12,AD_2,14.3,6.78,14.5,9.25,17.6,14.5
2026-04-12 21:43:13,AD_2,14.3,6.77,14.5,9.39,17.8,14.5
2026-04-12 21:43:13,AD_2,14.3,6.71,14.5,8.91,17.7,14.6
2026-04-12 21:43:13,AD_2,14.4,6.72,14.5,9.12,17.5,14.6
2026-04-12 21:43:14,AD_2,14.3,6.61,14.5,8.8,17.5,14.7
2026-04-12 21:43:14,AD_2,14.4,6.7,14.5,9.14,17.6,14.6
2026-04-12 21:43:14,AD_2,14.3,6.75,14.5,9.09,17.8,14.6
2026-04-12 21:43:15,AD_2,14.3,6.61,14.5,8.9,17.6,14.7
2026-04-12 21:43:15,AD_2,14.4,6.72,14.5,9.07,17.6,14.6
2026-04-12 21:43:15,AD_2,14.3,6.65,14.5,8.8,17.4,14.6
2026-04-12 21:43:16,AD_2,14.4,6.59,14.5,8.66,17.7,14.7
2026-04-12 21:43:16,AD_2,14.4,6.57,14.5,8.57,17.6,14.7
2026-04-12 21:43:16,AD_2,14.5,6.67,14.5,9.05,17.6,14.6
2026-04-12 21:43:17,AD_2,14.3,6.61,14.5,8.7,17.6,14.7
2026-04-12 21:43:17,AD_2,14.4,6.67,14.5,8.65,17.6,14.7
2026-04-12 21:43:18,AD_2,14.4,6.51,14.5,8.4,17.5,14.7
2026-04-12 21:43:18,AD_2,14.5,6.65,14.5,8.5,17.6,14.8
2026-04-12 21:43:18,AD_2,14.5,6.62,14.5,8.24,17.5,14.8
2026-04-12 21:43:19,AD_2,14.5,6.65,14.5,8.7,17.6,14.6
2026-04-12 21:43:19,AD_2,14.4,6.69,14.5,9.04,17.7,14.6
2026-04-12 21:43:19,AD_2,14.3,6.58,14.5,8.71,17.7,14.7
2026-04-12 21:43:20,AD_2,14.4,6.66,14.5,8.54,17.5,14.7
2026-04-12 21:43:20,AD_2,14.5,6.67,14.5,8.72,17.7,14.6
2026-04-12 21:43:20,AD_2,14.3,6.72,14.5,8.72,17.6,14.6
2026-04-12 21:43:21,AD_2,14.4,6.61,14.5,8.32,17.5,14.6
2026-04-12 21:43:21,AD_2,14.4,6.63,14.5,8.57,17.7,14.7
2026-04-12 21:43:21,AD_2,14.4,6.66,14.5,8.88,17.6,14.6
2026-04-12 21:43:22,AD_2,14.3,6.74,14.5,9.04,17.6,14.6
2026-04-12 21:43:22,AD_2,14.3,6.53,14.5,8.82,17.6,14.7
2026-04-12 21:43:23,AD_2,14.4,6.73,14.5,8.93,17.7,14.6
2026-04-12 21:43:23,AD_2,14.3,6.76,14.5,8.75,17.6,14.7
2026-04-12 21:43:23,AD_2,14.4,6.63,14.5,8.45,17.6,14.7
2026-04-12 21:43:24,AD_2,14.5,6.69,14.5,8.99,17.4,14.6
2026-04-12 21:43:24,AD_2,14.3,6.76,14.5,9.08,17.7,14.6
2026-04-12 21:43:24,AD_2,14.3,6.77,14.5,9.28,17.7,14.6
2026-04-12 21:43:25,AD_2,14.3,6.67,14.5,9.0,17.8,14.7
2026-04-12 21:43:25,AD_2,14.4,6.75,14.5,9.2,17.6,14.6
2026-04-12 21:43:25,AD_2,14.4,6.6,14.5,8.83,17.7,14.7
2026-04-12 21:43:26,AD_2,14.5,6.72,14.5,9.05,17.5,14.6
2026-04-12 21:43:26,AD_2,14.4,6.81,14.5,8.96,17.6,14.6
2026-04-12 21:43:26,AD_2,14.3,6.68,14.5,8.93,17.5,14.7
2026-04-12 21:43:27,AD_2,14.4,6.74,14.5,8.94,17.7,14.6
2026-04-12 21:43:27,AD_2,14.3,6.79,14.5,9.24,17.6,14.6
2026-04-12 21:43:28,AD_2,14.4,6.73,14.5,8.9,17.7,14.7
2026-04-12 21:43:28,AD_2,14.5,6.71,14.5,8.72,17.7,14.8
2026-04-12 21:43:28,AD_2,14.5,6.78,14.5,9.08,17.8,14.7
2026-04-12 21:43:29,AD_2,14.5,6.71,14.6,8.89,17.7,14.8
2026-04-12 21:43:29,AD_2,14.5,6.76,14.6,8.66,17.7,14.8
2026-04-12 21:43:29,AD_2,14.6,6.63,14.6,8.3,17.7,14.8
2026-04-12 21:43:30,AD_2,14.6,6.75,14.6,8.5,17.5,14.8
2026-04-12 21:43:30,AD_2,14.6,6.7,14.6,8.77,17.7,14.7
2026-04-12 21:43:30,AD_2,14.4,6.68,14.5,8.78,17.6,14.7
2026-04-12 21:43:31,AD_2,14.4,6.77,14.5,9.13,17.8,14.6
2026-04-12 21:43:31,AD_2,14.4,6.65,14.5,8.81,17.5,14.7
2026-04-12 21:43:32,AD_2,14.4,6.6,14.5,8.51,17.5,14.7
2026-04-12 21:43:32,AD_2,14.5,6.6,14.5,8.43,17.7,14.8
2026-04-12 21:43:36,AD_3,14.6,6.39,14.5,8.71,18.0,14.8
2026-04-12 21:43:36,AD_3,14.5,6.52,14.6,8.68,17.9,14.9
2026-04-12 21:43:36,AD_3,14.5,6.47,14.5,8.66,18.0,14.8
2026-04-12 21:43:37,AD_3,14.5,6.54,14.5,8.48,17.8,14.6
2026-04-12 21:43:37,AD_3,14.3,6.49,14.5,8.67,17.9,14.8
2026-04-12 21:43:38,AD_3,14.5,6.59,14.4,8.88,17.8,14.6
2026-04-12 21:43:38,AD_3,14.3,6.56,14.5,9.03,17.8,14.6
2026-04-12 21:43:38,AD_3,14.3,6.64,14.5,9.22,17.8,14.6
2026-04-12 21:43:39,AD_3,14.3,6.67,14.4,9.23,17.6,14.5
2026-04-12 21:43:39,AD_3,14.2,6.52,14.5,8.92,17.9,14.7
2026-04-12 21:43:39,AD_3,14.4,6.57,14.5,8.64,17.4,14.7
2026-04-12 21:43:40,AD_3,14.4,6.62,14.5,9.05,17.8,14.6
2026-04-12 21:43:40,AD_3,14.3,6.5,14.5,8.75,17.8,14.7
2026-04-12 21:43:40,AD_3,14.4,6.59,14.5,8.63,17.7,14.6
2026-04-12 21:43:41,AD_3,14.3,6.65,14.4,9.04,17.7,14.6
2026-04-12 21:43:41,AD_3,14.3,6.7,14.4,9.22,17.7,14.5
2026-04-12 21:43:41,AD_3,14.2,6.35,14.5,8.99,17.6,14.7
2026-04-12 21:43:42,AD_3,14.4,6.65,14.4,9.07,17.7,14.6
2026-04-12 21:43:42,AD_3,14.3,6.65,14.4,9.09,17.6,14.5
2026-04-12 21:43:43,AD_3,14.2,6.6,14.5,8.85,17.7,14.6
2026-04-12 21:43:43,AD_3,14.4,6.62,14.5,8.7,17.5,14.6
2026-04-12 21:43:43,AD_3,14.3,6.55,14.5,8.47,17.0,14.6
2026-04-12 21:43:44,AD_3,14.4,6.58,14.4,8.53,17.7,14.7
2026-04-12 21:43:44,AD_3,14.4,6.62,14.4,8.91,17.6,14.6
2026-04-12 21:43:44,AD_3,14.3,6.67,14.4,8.96,17.7,14.6
2026-04-12 21:43:45,AD_3,14.4,6.65,14.4,9.15,17.6,14.5
2026-04-12 21:43:45,AD_3,14.3,6.48,14.4,8.83,17.6,14.6
2026-04-12 21:43:45,AD_3,14.4,6.62,14.4,8.95,17.6,14.5
2026-04-12 21:43:46,AD_3,14.3,6.66,14.4,9.21,17.4,14.5
2026-04-12 21:43:46,AD_3,14.3,6.73,14.4,9.27,17.7,14.5
2026-04-12 21:43:47,AD_3,14.3,6.67,14.4,8.83,17.6,14.6
2026-04-12 21:43:47,AD_3,14.4,6.67,14.4,8.97,17.4,14.5
2026-04-12 21:43:47,AD_3,14.2,6.72,14.4,9.24,17.7,14.5
2026-04-12 21:43:48,AD_3,14.2,6.73,14.4,9.32,17.4,14.4
2026-04-12 21:43:48,AD_3,14.2,6.62,14.4,8.74,17.5,14.6
2026-04-12 21:43:48,AD_3,14.4,6.66,14.4,8.79,17.7,14.6
2026-04-12 21:43:49,AD_3,14.4,6.68,14.4,8.93,17.5,14.5
2026-04-12 21:43:49,AD_3,14.3,6.58,14.4,8.87,17.6,14.6
2026-04-12 21:43:49,AD_3,14.3,6.51,14.4,8.71,17.4,14.6
2026-04-12 21:43:50,AD_3,14.4,6.68,14.4,8.99,17.6,14.6
2026-04-12 21:43:50,AD_3,14.3,6.7,14.4,9.07,17.7,14.5
2026-04-12 21:43:50,AD_3,14.3,6.54,14.4,8.73,17.8,14.6
2026-04-12 21:43:51,AD_3,14.4,6.7,14.4,9.13,17.7,14.6
2026-04-12 21:43:51,AD_3,14.3,6.74,14.4,9.27,17.6,14.5
2026-04-12 21:43:52,AD_3,14.3,6.73,14.4,9.18,17.6,14.5
2026-04-12 21:43:52,AD_3,14.2,6.78,14.4,9.36,17.4,14.5
2026-04-12 21:43:52,AD_3,14.2,6.75,14.4,9.29,17.6,14.5
2026-04-12 21:43:53,AD_3,14.2,6.76,14.4,9.47,17.7,14.5
2026-04-12 21:43:53,AD_3,14.2,6.78,14.4,9.26,17.5,14.5
2026-04-12 21:43:53,AD_3,14.2,6.72,14.4,9.39,17.6,14.5
2026-04-12 21:43:54,AD_3,14.2,6.75,14.4,9.42,17.5,14.5
2026-04-12 21:43:54,AD_3,14.2,6.74,14.4,9.28,17.3,14.5
2026-04-12 21:43:54,AD_3,14.2,6.66,14.5,9.06,17.6,14.5
2026-04-12 21:43:55,AD_3,14.3,6.66,14.4,8.8,17.5,14.6
2026-04-12 21:43:55,AD_3,14.3,6.57,14.5,8.71,17.6,14.7
2026-04-12 21:43:55,AD_3,14.4,6.64,14.4,8.6,17.4,14.6
2026-04-12 21:43:56,AD_3,14.3,6.68,14.4,9.08,17.5,14.6
2026-04-12 21:43:56,AD_3,14.2,6.74,14.4,9.29,17.6,14.5
2026-04-12 21:43:56,AD_3,14.2,6.55,14.4,8.92,17.7,14.6
2026-04-12 21:43:57,AD_3,14.3,6.67,14.5,8.67,17.5,14.7
2026-04-12 21:43:57,AD_3,14.4,6.66,14.4,8.98,17.5,14.6
2026-04-12 21:43:58,AD_3,14.3,6.57,14.5,8.82,17.7,14.7
2026-04-12 21:43:58,AD_3,14.4,6.64,14.4,8.97,17.4,14.6
2026-04-12 21:43:58,AD_3,14.3,6.71,14.4,9.12,17.6,14.5
2026-04-12 21:43:59,AD_3,14.2,6.57,14.4,8.9,17.7,14.6
2026-04-12 21:43:59,AD_3,14.4,6.63,14.5,8.73,17.7,14.7
2026-04-12 21:43:59,AD_3,14.4,6.57,14.5,8.56,17.7,14.7
2026-04-12 21:44:00,AD_3,14.4,6.61,14.5,8.47,17.5,14.7
2026-04-12 21:44:00,AD_3,14.4,6.61,14.5,8.34,17.4,14.6
2026-04-12 21:44:00,AD_3,14.4,6.56,14.5,8.54,17.6,14.7
2026-04-12 21:44:01,AD_3,14.4,6.62,14.5,8.84,17.5,14.6
2026-04-12 21:44:01,AD_3,14.3,6.52,14.5,8.64,17.5,14.7
2026-04-12 21:44:02,AD_3,14.4,6.65,14.4,8.77,17.7,14.6
2026-04-12 21:44:02,AD_3,14.3,6.66,14.4,9.0,17.6,14.5
2026-04-12 21:44:02,AD_3,14.3,6.55,14.4,8.7,17.6,14.6
2026-04-12 21:44:03,AD_3,14.4,6.61,14.4,9.03,17.5,14.5
2026-04-12 21:44:03,AD_3,14.3,6.69,14.4,8.96,17.5,14.5
2026-04-12 21:44:03,AD_3,14.3,6.55,14.4,8.81,17.5,14.6
2026-04-12 21:44:04,AD_3,14.4,6.66,14.4,8.9,17.6,14.5
2026-04-12 21:44:04,AD_3,14.3,6.54,14.4,8.68,17.5,14.6
2026-04-12 21:44:04,AD_3,14.4,6.58,14.4,8.61,17.6,14.6
2026-04-12 21:44:05,AD_3,14.4,6.64,14.4,8.88,17.6,14.5
2026-04-12 21:44:05,AD_3,14.3,6.69,14.4,8.63,17.8,14.6
2026-04-12 21:44:05,AD_3,14.4,6.61,14.4,8.3,17.6,14.6
2026-04-12 21:44:06,AD_3,14.4,6.63,14.4,8.81,17.6,14.5
2026-04-12 21:44:06,AD_3,14.3,6.64,14.4,8.53,17.6,14.6
2026-04-12 21:44:07,AD_3,14.4,6.58,14.5,8.53,17.5,14.6
2026-04-12 21:44:07,AD_3,14.4,6.59,14.4,8.86,17.2,14.5
2026-04-12 21:44:07,AD_3,14.3,6.58,14.4,8.74,17.4,14.6
2026-04-12 21:44:08,AD_3,14.3,6.68,14.4,8.69,17.6,14.7
2026-04-12 21:44:08,AD_3,14.4,6.67,14.4,8.75,17.6,14.6
2026-04-12 21:44:08,AD_3,14.3,6.53,14.4,8.71,17.6,14.7
2026-04-12 21:44:09,AD_3,14.4,6.64,14.4,8.94,17.5,14.6
2026-04-12 21:44:09,AD_3,14.3,6.7,14.4,9.19,17.6,14.5
2026-04-12 21:44:09,AD_3,14.3,6.48,14.5,8.81,17.6,14.7
2026-04-12 21:44:10,AD_3,14.4,6.67,14.4,8.91,17.5,14.5
2026-04-12 21:44:10,AD_3,14.3,6.67,14.4,9.22,17.6,14.5
2026-04-12 21:44:11,AD_3,14.3,6.76,14.4,9.2,17.7,14.5
2026-04-12 21:44:11,AD_3,14.2,6.78,14.4,9.39,17.6,14.5
2026-04-12 21:44:11,AD_3,14.2,6.62,14.4,8.95,17.5,14.6
2026-04-12 21:44:12,AD_3,14.3,6.68,14.5,8.75,17.5,14.7
2026-04-12 21:44:12,AD_3,14.4,6.68,14.4,8.89,17.4,14.6
2026-04-12 21:44:12,AD_3,14.3,6.7,14.4,9.07,17.3,14.5
2026-04-12 21:44:13,AD_3,14.3,6.72,14.4,8.69,17.4,14.6
2026-04-12 21:44:13,AD_3,14.4,6.57,14.5,8.32,17.7,14.7
2026-04-12 21:44:13,AD_3,14.4,6.62,14.5,8.89,17.6,14.6
2026-04-12 21:44:14,AD_3,14.3,6.67,14.4,9.11,17.6,14.5
2026-04-12 21:44:14,AD_3,14.2,6.73,14.4,8.91,17.7,14.5
2026-04-12 21:44:14,AD_3,14.2,6.7,14.4,9.21,17.3,14.5
2026-04-12 21:44:15,AD_3,14.2,6.53,14.4,8.84,17.6,14.6
2026-04-12 21:44:15,AD_3,14.3,6.55,14.5,8.59,17.7,14.7
2026-04-12 21:44:15,AD_3,14.4,6.63,14.4,8.85,17.6,14.6
2026-04-12 21:44:16,AD_3,14.3,6.54,14.5,8.78,17.7,14.7
2026-04-12 21:44:16,AD_3,14.4,6.62,14.5,8.48,17.5,14.7
2026-04-12 21:44:17,AD_3,14.4,6.62,14.4,8.7,17.4,14.6
2026-04-12 21:44:17,AD_3,14.3,6.65,14.4,9.07,17.5,14.5
2026-04-12 21:44:17,AD_3,14.3,6.7,14.4,9.25,17.6,14.5
2026-04-12 21:44:18,AD_3,14.2,6.7,14.4,9.26,17.6,14.5
2026-04-12 21:44:18,AD_3,14.2,6.53,14.4,8.88,17.4,14.5
2026-04-12 21:44:18,AD_3,14.3,6.61,14.4,8.7,17.5,14.6
2026-04-12 21:44:19,AD_3,14.3,6.65,14.4,9.03,17.5,14.5
2026-04-12 21:44:19,AD_3,14.2,6.52,14.4,8.7,17.6,14.6
2026-04-12 21:44:19,AD_3,14.4,6.67,14.4,8.56,17.5,14.6
2026-04-12 21:44:20,AD_3,14.4,6.61,14.4,8.84,17.6,14.5
2026-04-12 21:44:20,AD_3,14.3,6.7,14.4,9.09,17.5,14.5
2026-04-12 21:44:20,AD_3,14.2,6.45,14.4,8.88,17.2,14.5
2026-04-12 21:44:21,AD_3,14.3,6.72,14.4,9.09,17.6,14.5
2026-04-12 21:44:21,AD_3,14.3,6.52,14.4,8.85,17.5,14.6
2026-04-12 21:44:22,AD_3,14.4,6.26,14.4,8.72,17.5,14.6
2026-04-12 21:44:22,AD_3,14.4,6.63,14.4,8.9,17.6,14.5
2026-04-12 21:44:22,AD_3,14.3,6.67,14.4,9.14,17.6,14.5
2026-04-12 21:44:23,AD_3,14.3,6.74,14.4,9.27,17.8,14.5
2026-04-12 21:44:23,AD_3,14.3,6.56,14.4,8.76,17.7,14.6
2026-04-12 21:44:23,AD_3,14.4,6.65,14.4,8.55,17.6,14.6
2026-04-12 21:44:24,AD_3,14.4,6.61,14.4,8.46,17.3,14.7
2026-04-12 21:44:24,AD_3,14.5,6.58,14.5,8.86,17.5,14.6
2026-04-12 21:44:24,AD_3,14.3,6.69,14.4,8.91,17.7,14.5
2026-04-12 21:44:25,AD_3,14.3,6.71,14.5,9.26,17.6,14.5
2026-04-12 21:44:25,AD_3,14.3,6.76,14.4,9.23,17.6,14.5
2026-04-12 21:44:25,AD_3,14.3,6.68,14.4,8.89,17.6,14.7
2026-04-12 21:44:26,AD_3,14.4,6.68,14.4,9.07,17.7,14.5
2026-04-12 21:44:26,AD_3,14.2,6.56,14.4,8.86,17.5,14.6
2026-04-12 21:44:27,AD_3,14.4,6.67,14.5,8.55,17.3,14.6
2026-04-12 21:44:27,AD_3,14.4,6.63,14.5,8.48,17.6,14.7
2026-04-12 21:44:27,AD_3,14.4,6.57,14.4,8.43,17.5,14.7
2026-04-12 21:44:28,AD_3,14.4,6.59,14.5,8.38,17.5,14.7
2026-04-12 21:44:28,AD_3,14.4,6.6,14.4,8.79,17.3,14.5
2026-04-12 21:44:28,AD_3,14.3,6.67,14.4,8.93,17.6,14.5
2026-04-12 21:44:29,AD_3,14.3,6.69,14.4,8.63,17.5,14.6
2026-04-12 21:44:29,AD_3,14.4,6.54,14.4,8.38,17.3,14.6
2026-04-12 21:44:29,AD_3,14.3,6.62,14.4,8.3,17.5,14.6
2026-04-12 21:44:30,AD_3,14.4,6.51,14.4,8.48,17.4,14.6
2026-04-12 21:44:30,AD_3,14.4,6.56,14.4,8.64,17.4,14.5
2026-04-12 21:44:31,AD_3,14.3,6.56,14.4,8.6,17.5,14.7
2026-04-12 21:44:31,AD_3,14.4,6.59,14.5,8.43,17.6,14.7
2026-04-12 21:44:31,AD_3,14.4,6.6,14.5,8.37,17.6,14.7
2026-04-12 21:44:32,AD_3,14.4,6.59,14.5,8.3,17.6,14.7
2026-04-12 21:44:32,AD_3,14.5,6.57,14.4,8.74,17.6,14.6
2026-04-12 21:44:32,AD_3,14.3,6.63,14.4,8.76,17.6,14.6
2026-04-12 21:44:33,AD_3,14.4,6.63,14.5,8.44,17.6,14.7
2026-04-12 21:44:33,AD_3,14.4,6.64,14.4,8.86,17.6,14.6
2026-04-12 21:44:33,AD_3,14.3,6.68,14.4,8.94,17.7,14.5
2026-04-12 21:44:34,AD_3,14.3,6.71,14.4,9.02,17.6,14.5
2026-04-12 21:44:34,AD_3,14.3,6.68,14.4,9.27,17.6,14.5
2026-04-12 21:44:34,AD_3,14.2,6.72,14.4,9.31,17.7,14.5
2026-04-12 21:44:35,AD_3,14.2,6.76,14.4,9.28,17.5,14.5
2026-04-12 21:44:35,AD_3,14.2,6.54,14.4,8.92,17.7,14.6
2026-04-12 21:44:36,AD_3,14.3,6.69,14.4,9.08,17.2,14.5
2026-04-12 21:44:36,AD_3,14.3,6.67,14.4,8.66,17.5,14.6
2026-04-12 21:44:36,AD_3,14.4,6.56,14.5,8.59,17.5,14.7
2026-04-12 21:44:37,AD_3,14.4,6.65,14.4,8.96,17.5,14.5
2026-04-12 21:44:37,AD_3,14.3,6.69,14.4,9.11,17.7,14.5
2026-04-12 21:44:37,AD_3,14.2,6.7,14.4,9.25,17.5,14.5
2026-04-12 21:44:38,AD_3,14.2,6.75,14.4,9.24,17.7,14.5
2026-04-12 21:44:38,AD_3,14.2,6.56,14.4,8.94,17.5,14.6
2026-04-12 21:44:38,AD_3,14.3,6.71,14.4,9.12,17.7,14.5
2026-04-12 21:44:39,AD_3,14.2,6.75,14.4,9.28,17.6,14.5
2026-04-12 21:44:39,AD_3,14.2,6.54,14.4,8.93,17.4,14.6
2026-04-12 21:44:39,AD_3,14.3,6.66,14.4,9.11,17.4,14.5
2026-04-12 21:44:40,AD_3,14.2,6.71,14.4,9.26,17.5,14.5
2026-04-12 21:44:40,AD_3,14.2,6.55,14.4,8.67,17.5,14.6
2026-04-12 21:44:41,AD_3,14.3,6.55,14.4,8.81,17.5,14.6
2026-04-12 21:44:41,AD_3,14.4,6.65,14.4,8.91,17.7,14.5
2026-04-12 21:44:41,AD_3,14.3,6.63,14.5,8.7,17.5,14.6
2026-04-12 21:44:42,AD_3,14.4,6.6,14.5,8.4,17.4,14.6
2026-04-12 21:44:42,AD_3,14.3,6.56,14.4,8.48,17.4,14.6
2026-04-12 21:44:42,AD_3,14.3,6.58,14.4,8.55,17.5,14.7
2026-04-12 21:44:43,AD_3,14.4,6.61,14.4,8.39,17.6,14.7
2026-04-12 21:44:43,AD_3,14.4,6.63,14.4,8.85,17.6,14.6
2026-04-12 21:44:43,AD_3,14.3,6.52,14.4,8.6,17.7,14.6
2026-04-12 21:44:44,AD_3,14.4,6.6,14.5,8.44,17.4,14.7
2026-04-12 21:44:44,AD_3,14.4,6.63,14.5,8.39,17.4,14.7
2026-04-12 21:44:45,AD_3,14.4,6.48,14.5,8.35,17.6,14.7
2026-04-12 21:44:45,AD_3,14.4,6.6,14.4,8.76,17.6,14.6
2026-04-12 21:44:45,AD_3,14.3,6.68,14.4,8.95,17.5,14.5
2026-04-12 21:44:46,AD_3,14.3,6.71,14.4,9.13,17.5,14.5
2026-04-12 21:44:46,AD_3,14.3,6.74,14.4,9.37,17.5,14.5
2026-04-12 21:44:46,AD_3,14.3,6.77,14.4,9.27,17.6,14.5
2026-04-12 21:44:47,AD_3,14.2,6.54,14.4,8.65,17.6,14.6
2026-04-12 21:44:47,AD_3,14.4,6.66,14.4,8.61,17.5,14.7
2026-04-12 21:44:53,AD_4,14.6,6.47,14.5,8.95,18.1,14.7
2026-04-12 21:44:53,AD_4,14.3,6.44,14.6,8.91,17.9,14.8
2026-04-12 21:44:53,AD_4,14.5,6.59,14.5,9.08,18.0,14.7
2026-04-12 21:44:54,AD_4,14.4,6.5,14.5,8.92,17.8,14.8
2026-04-12 21:44:54,AD_4,14.4,6.6,14.5,9.01,17.8,14.6
2026-04-12 21:44:55,AD_4,14.4,6.51,14.5,8.72,17.8,14.8
2026-04-12 21:44:55,AD_4,14.5,6.6,14.5,9.04,17.9,14.6
2026-04-12 21:44:55,AD_4,14.3,6.68,14.4,9.03,17.7,14.6
2026-04-12 21:44:56,AD_4,14.4,6.69,14.5,9.25,17.6,14.6
2026-04-12 21:44:56,AD_4,14.3,6.71,14.4,9.24,17.8,14.5
2026-04-12 21:44:56,AD_4,14.3,6.73,14.5,9.05,17.7,14.7
2026-04-12 21:44:57,AD_4,14.4,6.66,14.5,8.84,17.6,14.6
2026-04-12 21:44:57,AD_4,14.3,6.55,14.5,8.93,17.7,14.7
2026-04-12 21:44:57,AD_4,14.4,6.63,14.5,8.7,17.8,14.7
2026-04-12 21:44:58,AD_4,14.4,6.62,14.5,8.79,17.6,14.6
2026-04-12 21:44:58,AD_4,14.3,6.55,14.5,8.73,17.7,14.7
2026-04-12 21:44:59,AD_4,14.4,6.55,14.5,8.46,17.5,14.7
2026-04-12 21:44:59,AD_4,14.5,6.58,14.5,8.4,17.6,14.7
2026-04-12 21:44:59,AD_4,14.5,6.58,14.5,8.46,17.5,14.8
2026-04-12 21:45:00,AD_4,14.5,6.57,14.5,8.42,17.5,14.8
2026-04-12 21:45:00,AD_4,14.5,6.58,14.5,8.42,17.5,14.8
2026-04-12 21:45:00,AD_4,14.5,6.61,14.5,8.32,17.7,14.8
2026-04-12 21:45:01,AD_4,14.5,6.65,14.5,8.78,17.6,14.7
2026-04-12 21:45:01,AD_4,14.4,6.68,14.5,8.82,17.7,14.6
2026-04-12 21:45:01,AD_4,14.3,6.51,14.5,8.81,17.8,14.7
2026-04-12 21:45:02,AD_4,14.4,6.68,14.5,8.46,17.7,14.7
2026-04-12 21:45:02,AD_4,14.4,6.62,14.5,8.56,17.6,14.8
2026-04-12 21:45:02,AD_4,14.5,6.66,14.5,8.89,17.6,14.6
2026-04-12 21:45:03,AD_4,14.3,6.7,14.5,8.72,17.5,14.7
2026-04-12 21:45:03,AD_4,14.4,6.63,14.5,8.85,17.6,14.6
2026-04-12 21:45:04,AD_4,14.3,6.68,14.5,9.08,17.6,14.6
2026-04-12 21:45:04,AD_4,14.3,6.72,14.5,8.74,17.6,14.7
2026-04-12 21:45:04,AD_4,14.4,6.58,14.5,8.42,17.3,14.6
2026-04-12 21:45:05,AD_4,14.4,6.62,14.5,8.59,17.3,14.7
2026-04-12 21:45:05,AD_4,14.4,6.6,14.5,8.56,17.6,14.7
2026-04-12 21:45:05,AD_4,14.4,6.6,14.5,8.42,17.6,14.8
2026-04-12 21:45:06,AD_4,14.5,6.61,14.5,8.82,17.4,14.6
2026-04-12 21:45:06,AD_4,14.3,6.68,14.5,9.0,17.5,14.6
2026-04-12 21:45:06,AD_4,14.3,6.64,14.5,9.04,17.5,14.5
2026-04-12 21:45:07,AD_4,14.2,6.67,14.4,9.14,17.5,14.5
2026-04-12 21:45:07,AD_4,14.2,6.58,14.5,8.81,17.6,14.6
2026-04-12 21:45:08,AD_4,14.4,6.65,14.5,9.14,17.6,14.6
2026-04-12 21:45:08,AD_4,14.2,6.46,14.4,8.86,17.5,14.6
2026-04-12 21:45:08,AD_4,14.3,6.64,14.5,8.49,17.4,14.7
2026-04-12 21:45:09,AD_4,14.4,6.63,14.5,8.97,17.5,14.6
2026-04-12 21:45:09,AD_4,14.3,6.68,14.4,9.01,17.5,14.6
2026-04-12 21:45:09,AD_4,14.3,6.5,14.5,8.65,17.7,14.6
2026-04-12 21:45:10,AD_4,14.4,6.64,14.5,8.5,17.6,14.6
2026-04-12 21:45:10,AD_4,14.4,6.61,14.5,8.52,17.6,14.6
2026-04-12 21:45:10,AD_4,14.4,6.57,14.5,8.52,17.6,14.7
2026-04-12 21:45:11,AD_4,14.5,6.65,14.5,8.82,17.6,14.6
2026-04-12 21:45:11,AD_4,14.3,6.68,14.4,9.05,17.6,14.5
2026-04-12 21:45:11,AD_4,14.3,6.52,14.4,8.81,17.6,14.7
2026-04-12 21:45:12,AD_4,14.4,6.65,14.4,9.08,17.6,14.6
2026-04-12 21:45:12,AD_4,14.3,6.72,14.4,9.24,17.5,14.5
2026-04-12 21:45:13,AD_4,14.3,6.75,14.4,9.34,17.6,14.5
2026-04-12 21:45:13,AD_4,14.3,6.77,14.4,9.4,17.6,14.5
2026-04-12 21:45:13,AD_4,14.3,6.79,14.4,9.34,17.7,14.5
2026-04-12 21:45:14,AD_4,14.3,6.64,14.4,9.05,17.5,14.6
2026-04-12 21:45:14,AD_4,14.4,6.68,14.5,8.69,17.6,14.7
2026-04-12 21:45:14,AD_4,14.4,6.68,14.5,8.68,17.5,14.7
2026-04-12 21:45:15,AD_4,14.4,6.67,14.5,8.53,17.6,14.7
2026-04-12 21:45:15,AD_4,14.4,6.57,14.5,8.52,17.6,14.7
2026-04-12 21:45:15,AD_4,14.5,6.66,14.5,8.43,17.6,14.7
2026-04-12 21:45:16,AD_4,14.4,6.61,14.5,8.42,17.2,14.6
2026-04-12 21:45:16,AD_4,14.4,6.58,14.5,8.49,17.6,14.7
2026-04-12 21:45:17,AD_4,14.5,6.48,14.5,8.45,17.6,14.7
2026-04-12 21:45:17,AD_4,14.5,6.6,14.5,8.43,17.6,14.8
2026-04-12 21:45:17,AD_4,14.5,6.62,14.5,8.38,17.7,14.8
2026-04-12 21:45:18,AD_4,14.5,6.65,14.5,8.6,17.5,14.6
2026-04-12 21:45:18,AD_4,14.4,6.71,14.5,9.01,17.6,14.6
2026-04-12 21:45:18,AD_4,14.3,6.53,14.5,8.73,17.5,14.7
2026-04-12 21:45:19,AD_4,14.4,6.69,14.5,8.9,17.8,14.6
2026-04-12 21:45:19,AD_4,14.3,6.72,14.4,8.97,17.6,14.5
2026-04-12 21:45:19,AD_4,14.3,6.73,14.4,9.15,17.5,14.5
2026-04-12 21:45:20,AD_4,14.3,6.76,14.4,9.28,17.6,14.5
2026-04-12 21:45:20,AD_4,14.3,6.73,14.4,9.42,17.7,14.5
2026-04-12 21:45:20,AD_4,14.3,6.76,14.4,9.33,17.6,14.5
2026-04-12 21:45:21,AD_4,14.2,6.78,14.4,9.43,17.6,14.5
2026-04-12 21:45:21,AD_4,14.2,6.8,14.4,9.41,17.5,14.5
2026-04-12 21:45:21,AD_4,14.3,6.57,14.5,9.09,17.5,14.6
2026-04-12 21:45:22,AD_4,14.3,6.75,14.4,9.23,17.7,14.5
2026-04-12 21:45:22,AD_4,14.2,6.78,14.4,9.48,17.7,14.5
2026-04-12 21:45:23,AD_4,14.2,6.78,14.5,9.4,17.6,14.5
2026-04-12 21:45:23,AD_4,14.2,6.81,14.4,9.3,17.7,14.5
2026-04-12 21:45:23,AD_4,14.2,6.55,14.4,8.99,17.6,14.6
2026-04-12 21:45:24,AD_4,14.3,6.72,14.4,9.14,17.6,14.5
2026-04-12 21:45:24,AD_4,14.2,6.52,14.4,8.92,17.6,14.6
2026-04-12 21:45:24,AD_4,14.3,6.69,14.4,8.85,17.4,14.5
2026-04-12 21:45:25,AD_4,14.2,6.71,14.4,9.18,17.6,14.5
2026-04-12 21:45:25,AD_4,14.2,6.77,14.4,9.39,17.6,14.5
2026-04-12 21:45:25,AD_4,14.2,6.77,14.4,9.36,17.5,14.5
2026-04-12 21:45:26,AD_4,14.2,6.61,14.4,9.07,17.5,14.6
2026-04-12 21:45:26,AD_4,14.3,6.69,14.5,8.75,17.6,14.6
2026-04-12 21:45:26,AD_4,14.4,6.63,14.4,8.91,17.5,14.5
2026-04-12 21:45:27,AD_4,14.3,6.67,14.4,8.64,17.6,14.6
2026-04-12 21:45:27,AD_4,14.4,6.69,14.4,8.82,17.6,14.5
2026-04-12 21:45:28,AD_4,14.3,6.64,14.5,8.75,17.7,14.6
2026-04-12 21:45:28,AD_4,14.4,6.68,14.4,9.01,17.6,14.6
2026-04-12 21:45:28,AD_4,14.3,6.66,14.4,8.7,17.4,14.7
2026-04-12 21:45:29,AD_4,14.4,6.69,14.5,8.87,17.6,14.6
2026-04-12 21:45:29,AD_4,14.3,6.6,14.5,8.81,17.6,14.6
2026-04-12 21:45:29,AD_4,14.4,6.66,14.4,8.96,17.5,14.6
2026-04-12 21:45:30,AD_4,14.3,6.71,14.4,9.24,17.6,14.5
2026-04-12 21:45:30,AD_4,14.3,6.78,14.4,9.28,17.7,14.5
2026-04-12 21:45:30,AD_4,14.3,6.81,14.5,9.01,17.6,14.6
2026-04-12 21:45:31,AD_4,14.3,6.7,14.4,9.16,17.5,14.5
2026-04-12 21:45:31,AD_4,14.3,6.78,14.4,9.44,17.4,14.5
2026-04-12 21:45:31,AD_4,14.2,6.79,14.4,9.2,17.7,14.5
2026-04-12 21:45:32,AD_4,14.3,6.63,14.4,8.95,17.2,14.5
2026-04-12 21:45:32,AD_4,14.3,6.76,14.4,9.28,17.6,14.5
2026-04-12 21:45:33,AD_4,14.3,6.81,14.4,9.34,17.5,14.5
2026-04-12 21:45:33,AD_4,14.2,6.75,14.4,8.45,17.5,14.5
2026-04-12 21:45:33,AD_4,14.3,6.7,14.4,8.71,17.5,14.6
2026-04-12 21:45:34,AD_4,14.4,6.71,14.5,8.91,17.6,14.6
2026-04-12 21:45:34,AD_4,14.3,6.78,14.4,9.25,17.6,14.5
2026-04-12 21:45:34,AD_4,14.2,6.73,14.4,9.26,17.6,14.5
2026-04-12 21:45:35,AD_4,14.2,6.75,14.4,9.37,17.6,14.5
2026-04-12 21:45:35,AD_4,14.2,6.73,14.4,9.28,17.7,14.5
2026-04-12 21:45:35,AD_4,14.2,6.8,14.4,9.54,17.3,14.5
2026-04-12 21:45:36,AD_4,14.2,6.79,14.4,9.42,17.6,14.5
2026-04-12 21:45:36,AD_4,14.2,6.57,14.4,8.94,17.5,14.6
2026-04-12 21:45:36,AD_4,14.3,6.72,14.4,9.04,17.7,14.6
2026-04-12 21:45:37,AD_4,14.3,6.65,14.4,8.86,17.5,14.6
2026-04-12 21:45:37,AD_4,14.4,6.61,14.4,9.04,17.7,14.6
2026-04-12 21:45:37,AD_4,14.3,6.38,14.4,8.81,17.6,14.6
2026-04-12 21:45:38,AD_4,14.4,6.65,14.5,8.59,17.6,14.7
2026-04-12 21:45:38,AD_4,14.4,6.66,14.4,8.92,17.6,14.6
2026-04-12 21:45:39,AD_4,14.3,6.57,14.5,8.59,17.3,14.6
2026-04-12 21:45:39,AD_4,14.3,6.66,14.5,8.45,17.6,14.6
2026-04-12 21:45:39,AD_4,14.4,6.55,14.5,8.59,17.4,14.6
2026-04-12 21:45:40,AD_4,14.3,6.64,14.4,8.9,17.5,14.5
2026-04-12 21:45:40,AD_4,14.3,6.71,14.4,9.14,17.5,14.5
2026-04-12 21:45:40,AD_4,14.2,6.73,14.4,9.09,17.7,14.5
2026-04-12 21:45:41,AD_4,14.2,6.61,14.4,8.84,17.4,14.6
2026-04-12 21:45:41,AD_4,14.3,6.61,14.5,8.72,17.6,14.7
2026-04-12 21:45:41,AD_4,14.4,6.6,14.5,8.59,17.7,14.7
2026-04-12 21:45:42,AD_4,14.4,6.61,14.5,8.87,17.5,14.6
2026-04-12 21:45:42,AD_4,14.3,6.5,14.5,8.78,17.6,14.7
2026-04-12 21:45:43,AD_4,14.4,6.61,14.4,8.95,17.6,14.5
2026-04-12 21:45:43,AD_4,14.3,6.69,14.4,9.04,17.6,14.5
2026-04-12 21:45:43,AD_4,14.2,6.74,14.4,9.23,17.7,14.5
2026-04-12 21:45:44,AD_4,14.2,6.76,14.4,9.26,17.6,14.5
2026-04-12 21:45:44,AD_4,14.2,6.64,14.4,8.81,17.6,14.6
2026-04-12 21:45:44,AD_4,14.3,6.69,14.4,8.96,17.5,14.5
2026-04-12 21:45:45,AD_4,14.3,6.64,14.4,8.85,17.5,14.6
2026-04-12 21:45:45,AD_4,14.4,6.65,14.5,8.53,17.5,14.7
2026-04-12 21:45:45,AD_4,14.4,6.65,14.4,8.91,17.4,14.6
2026-04-12 21:45:46,AD_4,14.3,6.69,14.4,9.14,17.6,14.5
2026-04-12 21:45:46,AD_4,14.2,6.55,14.4,8.93,17.6,14.6
2026-04-12 21:45:46,AD_4,14.4,6.66,14.4,8.67,17.5,14.7
2026-04-12 21:45:47,AD_4,14.4,6.67,14.4,9.09,17.6,14.5
2026-04-12 21:45:47,AD_4,14.3,6.61,14.4,8.76,17.6,14.7
2026-04-12 21:45:48,AD_4,14.4,6.53,14.5,8.59,17.6,14.7
2026-04-12 21:45:48,AD_4,14.4,6.63,14.5,8.51,17.6,14.7
2026-04-12 21:45:48,AD_4,14.4,6.59,14.5,8.44,17.5,14.7
2026-04-12 21:45:49,AD_4,14.4,6.63,14.5,8.77,17.5,14.6
2026-04-12 21:45:49,AD_4,14.3,6.54,14.5,8.58,17.5,14.7
2026-04-12 21:45:49,AD_4,14.4,6.64,14.5,8.42,17.6,14.7
2026-04-12 21:45:50,AD_4,14.4,6.58,14.5,8.34,17.3,14.6
2026-04-12 21:45:50,AD_4,14.4,6.53,14.5,8.39,17.6,14.7
2026-04-12 21:45:50,AD_4,14.4,6.63,14.5,8.77,17.7,14.6
2026-04-12 21:45:51,AD_4,14.3,6.7,14.4,8.91,17.6,14.5
2026-04-12 21:45:51,AD_4,14.3,6.58,14.5,8.68,17.6,14.7
2026-04-12 21:45:52,AD_4,14.4,6.52,14.5,8.59,17.7,14.7
2026-04-12 21:45:52,AD_4,14.4,6.62,14.5,8.54,17.4,14.7
2026-04-12 21:45:52,AD_4,14.4,6.61,14.5,8.49,17.4,14.7
2026-04-12 21:45:53,AD_4,14.4,6.62,14.5,8.65,17.6,14.6
2026-04-12 21:45:53,AD_4,14.3,6.59,14.5,8.6,17.4,14.7
2026-04-12 21:45:53,AD_4,14.4,6.61,14.4,8.77,17.5,14.6
2026-04-12 21:45:54,AD_4,14.3,6.49,14.4,8.61,17.5,14.7
2026-04-12 21:45:54,AD_4,14.4,6.67,14.4,8.86,17.6,14.6
2026-04-12 21:45:54,AD_4,14.3,6.51,14.5,8.72,17.2,14.7
2026-04-12 21:45:55,AD_4,14.4,6.64,14.4,8.94,17.6,14.6
2026-04-12 21:45:55,AD_4,14.3,6.67,14.4,8.89,17.5,14.5
2026-04-12 21:45:55,AD_4,14.3,6.58,14.4,8.75,17.5,14.7
2026-04-12 21:45:56,AD_4,14.4,6.69,14.5,8.5,17.5,14.7
2026-04-12 21:45:56,AD_4,14.4,6.62,14.5,8.64,17.5,14.7
2026-04-12 21:45:57,AD_4,14.4,6.54,14.5,8.36,17.6,14.7
2026-04-12 21:45:57,AD_4,14.5,6.61,14.5,8.77,17.3,14.6
2026-04-12 21:45:57,AD_4,14.3,6.69,14.4,9.04,17.6,14.6
2026-04-12 21:45:58,AD_4,14.3,6.74,14.4,9.09,17.4,14.5
2026-04-12 21:45:58,AD_4,14.3,6.77,14.4,9.18,17.4,14.5
2026-04-12 21:45:58,AD_4,14.3,6.74,14.4,9.43,17.7,14.5
2026-04-12 21:45:59,AD_4,14.3,6.63,14.4,8.95,17.6,14.6
2026-04-12 21:45:59,AD_4,14.4,6.71,14.4,8.92,17.5,14.5
2026-04-12 21:45:59,AD_4,14.3,6.77,14.4,9.29,17.5,14.5
2026-04-12 21:46:00,AD_4,14.3,6.43,14.4,8.91,17.5,14.6
2026-04-12 21:46:00,AD_4,14.4,6.65,14.5,8.61,17.6,14.7
2026-04-12 21:46:00,AD_4,14.4,6.72,14.4,8.75,17.5,14.5
2026-04-12 21:46:01,AD_4,14.3,6.58,14.5,8.69,17.5,14.7
2026-04-12 21:46:01,AD_4,14.4,6.7,14.4,9.04,17.7,14.5
2026-04-12 21:46:02,AD_4,14.3,6.73,14.4,9.22,17.6,14.5
2026-04-12 21:46:02,AD_4,14.3,6.79,14.5,9.38,17.6,14.5
2026-04-12 21:46:02,AD_4,14.2,6.81,14.4,9.18,17.7,14.5
2026-04-12 21:46:03,AD_4,14.3,6.75,14.4,9.46,17.5,14.5
2026-04-12 21:46:03,AD_4,14.2,6.78,14.4,9.45,17.5,14.5
2026-04-12 21:46:03,AD_4,14.2,6.65,14.4,8.99,17.5,14.6
2026-04-12 21:46:04,AD_4,14.3,6.7,14.4,8.63,17.6,14.6
2026-04-12 21:46:04,AD_4,14.4,6.63,14.5,8.38,17.5,14.7
2026-04-12 21:46:09,BC_1,14.6,6.46,14.6,8.86,18.1,14.8
2026-04-12 21:46:10,BC_1,14.5,6.57,14.6,9.13,17.9,14.7
2026-04-12 21:46:10,BC_1,14.3,6.6,14.6,8.83,17.8,14.8
2026-04-12 21:46:11,BC_1,14.4,6.57,14.5,8.91,17.9,14.7
2026-04-12 21:46:11,BC_1,14.3,6.64,14.5,9.25,17.8,14.6
2026-04-12 21:46:11,BC_1,14.2,6.66,14.5,8.91,17.8,14.7
2026-04-12 21:46:12,BC_1,14.4,6.62,14.5,8.51,17.7,14.7
2026-04-12 21:46:12,BC_1,14.4,6.6,14.5,8.88,17.8,14.6
2026-04-12 21:46:12,BC_1,14.3,6.67,14.5,9.18,17.5,14.6
2026-04-12 21:46:13,BC_1,14.2,6.7,14.4,9.37,17.8,14.5
2026-04-12 21:46:13,BC_1,14.2,6.49,14.5,9.03,17.4,14.6
2026-04-12 21:46:13,BC_1,14.2,6.56,14.5,8.64,17.6,14.7
2026-04-12 21:46:14,BC_1,14.3,6.62,14.5,8.76,17.5,14.7
2026-04-12 21:46:14,BC_1,14.4,6.62,14.5,8.77,17.5,14.6
2026-04-12 21:46:14,BC_1,14.2,6.52,14.5,8.86,17.5,14.6
2026-04-12 21:46:15,BC_1,14.3,6.66,14.5,9.02,17.6,14.6
2026-04-12 21:46:15,BC_1,14.2,6.68,14.5,9.14,17.7,14.6
2026-04-12 21:46:16,BC_1,14.2,6.3,14.5,8.99,17.6,14.7
2026-04-12 21:46:16,BC_1,14.3,6.68,14.5,9.17,17.6,14.5
2026-04-12 21:46:16,BC_1,14.2,6.69,14.4,9.28,17.8,14.5
2026-04-12 21:46:17,BC_1,14.2,6.47,14.5,8.98,17.5,14.7
2026-04-12 21:46:17,BC_1,14.3,6.71,14.4,9.1,17.5,14.6
2026-04-12 21:46:17,BC_1,14.2,6.52,14.5,8.98,17.6,14.7
2026-04-12 21:46:18,BC_1,14.3,6.65,14.5,9.05,17.5,14.6
2026-04-12 21:46:18,BC_1,14.2,6.52,14.5,8.94,17.3,14.7
2026-04-12 21:46:18,BC_1,14.3,6.63,14.5,8.69,17.4,14.7
2026-04-12 21:46:19,BC_1,14.3,6.57,14.4,8.88,17.5,14.6
2026-04-12 21:46:19,BC_1,14.2,6.73,14.5,9.22,17.4,14.5
2026-04-12 21:46:19,BC_1,14.2,6.7,14.4,9.26,17.6,14.5
2026-04-12 21:46:20,BC_1,14.2,6.79,14.4,9.34,17.5,14.5
2026-04-12 21:46:20,BC_1,14.2,6.65,14.5,8.86,17.5,14.7
2026-04-12 21:46:20,BC_1,14.3,6.57,14.5,8.73,17.4,14.7
2026-04-12 21:46:21,BC_1,14.3,6.7,14.5,8.95,17.5,14.6
2026-04-12 21:46:21,BC_1,14.2,6.69,14.5,8.82,17.6,14.7
2026-04-12 21:46:22,BC_1,14.3,6.62,14.5,8.79,17.3,14.6
2026-04-12 21:46:22,BC_1,14.2,6.72,14.5,9.15,17.6,14.5
2026-04-12 21:46:22,BC_1,14.2,6.75,14.4,9.17,17.4,14.5
2026-04-12 21:46:23,BC_1,14.2,6.78,14.4,9.27,17.3,14.5
2026-04-12 21:46:23,BC_1,14.1,6.79,14.4,9.37,17.6,14.6
2026-04-12 21:46:23,BC_1,14.2,6.72,14.4,9.38,17.3,14.5
2026-04-12 21:46:24,BC_1,14.2,6.8,14.4,9.31,17.5,14.5
2026-04-12 21:46:24,BC_1,14.2,6.54,14.5,8.97,17.6,14.6
2026-04-12 21:46:24,BC_1,14.3,6.68,14.5,8.97,17.6,14.5
2026-04-12 21:46:25,BC_1,14.2,6.66,14.4,9.36,17.4,14.5
2026-04-12 21:46:25,BC_1,14.2,6.74,14.5,9.21,17.5,14.5
2026-04-12 21:46:25,BC_1,14.2,6.66,14.5,8.87,17.6,14.7
2026-04-12 21:46:26,BC_1,14.3,6.66,14.5,9.06,17.5,14.6
2026-04-12 21:46:26,BC_1,14.2,6.49,14.5,8.86,17.6,14.6
2026-04-12 21:46:27,BC_1,14.3,6.61,14.5,8.7,17.5,14.7
2026-04-12 21:46:27,BC_1,14.4,6.57,14.5,8.93,17.7,14.7
2026-04-12 21:46:27,BC_1,14.3,6.43,14.6,8.9,17.6,14.8
2026-04-12 21:46:28,BC_1,14.4,6.58,14.6,8.97,17.7,14.7
2026-04-12 21:46:28,BC_1,14.3,6.67,14.6,9.24,17.5,14.7
2026-04-12 21:46:28,BC_1,14.2,6.52,14.6,8.92,17.6,14.8
2026-04-12 21:46:29,BC_1,14.4,6.63,14.6,9.18,17.5,14.6
2026-04-12 21:46:29,BC_1,14.3,6.43,14.5,8.74,17.5,14.7
2026-04-12 21:46:29,BC_1,14.3,6.68,14.5,8.71,17.4,14.7
2026-04-12 21:46:30,BC_1,14.3,6.62,14.5,8.61,17.5,14.7
2026-04-12 21:46:30,BC_1,14.4,6.62,14.5,8.49,17.4,14.7
2026-04-12 21:46:31,BC_1,14.4,6.52,14.5,8.44,17.5,14.7
2026-04-12 21:46:31,BC_1,14.4,6.6,14.5,8.4,17.4,14.8
2026-04-12 21:46:31,BC_1,14.4,6.6,14.5,8.5,17.4,14.7
2026-04-12 21:46:32,BC_1,14.4,6.58,14.5,8.39,17.6,14.7
2026-04-12 21:46:32,BC_1,14.4,6.65,14.5,8.85,17.5,14.6
2026-04-12 21:46:32,BC_1,14.3,6.67,14.5,8.91,17.5,14.6
2026-04-12 21:46:33,BC_1,14.2,6.5,14.5,8.78,17.5,14.7
2026-04-12 21:46:33,BC_1,14.4,6.6,14.5,8.6,17.5,14.7
2026-04-12 21:46:33,BC_1,14.3,6.61,14.5,8.49,17.5,14.7
2026-04-12 21:46:34,BC_1,14.4,6.64,14.5,8.44,17.4,14.7
2026-04-12 21:46:34,BC_1,14.4,6.63,14.5,8.82,17.4,14.6
2026-04-12 21:46:35,BC_1,14.3,6.48,14.5,8.59,17.3,14.7
2026-04-12 21:46:35,BC_1,14.4,6.62,14.5,8.74,17.4,14.6
2026-04-12 21:46:35,BC_1,14.2,6.53,14.5,8.7,17.5,14.6
2026-04-12 21:46:36,BC_1,14.3,6.67,14.4,8.93,17.2,14.5
2026-04-12 21:46:36,BC_1,14.2,6.65,14.5,8.57,17.5,14.7
2026-04-12 21:46:36,BC_1,14.3,6.55,14.5,8.56,17.4,14.7
2026-04-12 21:46:37,BC_1,14.4,6.63,14.5,8.81,17.5,14.6
2026-04-12 21:46:37,BC_1,14.2,6.5,14.5,8.73,17.4,14.7
2026-04-12 21:46:37,BC_1,14.3,6.6,14.5,8.45,17.5,14.7
2026-04-12 21:46:38,BC_1,14.4,6.64,14.5,8.76,17.5,14.6
2026-04-12 21:46:38,BC_1,14.2,6.7,14.4,8.99,17.5,14.6
2026-04-12 21:46:38,BC_1,14.2,6.72,14.4,9.16,17.5,14.5
2026-04-12 21:46:39,BC_1,14.2,6.76,14.4,9.24,17.5,14.5
2026-04-12 21:46:39,BC_1,14.2,6.73,14.4,9.08,17.2,14.5
2026-04-12 21:46:39,BC_1,14.2,6.76,14.4,9.3,17.5,14.5
2026-04-12 21:46:40,BC_1,14.2,6.76,14.4,9.5,17.4,14.5
2026-04-12 21:46:40,BC_1,14.2,6.81,14.4,9.41,17.5,14.5
2026-04-12 21:46:41,BC_1,14.2,6.71,14.4,9.41,17.3,14.5
2026-04-12 21:46:41,BC_1,14.2,6.76,14.4,9.44,17.5,14.5
2026-04-12 21:46:41,BC_1,14.2,6.75,14.4,9.31,17.3,14.5
2026-04-12 21:46:42,BC_1,14.2,6.68,14.4,8.7,17.5,14.5
2026-04-12 21:46:42,BC_1,14.2,6.7,14.4,8.86,17.4,14.5
2026-04-12 21:46:42,BC_1,14.2,6.63,14.4,8.71,17.4,14.6
2026-04-12 21:46:43,BC_1,14.3,6.78,14.4,8.99,17.3,14.5
2026-04-12 21:46:43,BC_1,14.2,6.77,14.4,9.1,17.4,14.5
2026-04-12 21:46:43,BC_1,14.2,6.7,14.4,8.97,17.5,14.6
2026-04-12 21:46:44,BC_1,14.2,6.59,14.4,8.77,17.4,14.6
2026-04-12 21:46:44,BC_1,14.3,6.7,14.4,8.69,17.4,14.6
2026-04-12 21:46:45,BC_1,14.3,6.64,14.4,8.65,17.5,14.7
2026-04-12 21:46:45,BC_1,14.4,6.57,14.4,8.5,17.6,14.7
2026-04-12 21:46:45,BC_1,14.3,6.67,14.4,8.7,17.4,14.6
2026-04-12 21:46:46,BC_1,14.3,6.68,14.4,9.06,17.4,14.5
2026-04-12 21:46:46,BC_1,14.2,6.73,14.4,9.22,17.4,14.5
2026-04-12 21:46:46,BC_1,14.2,6.57,14.4,8.82,17.5,14.6
2026-04-12 21:46:47,BC_1,14.3,6.66,14.4,9.0,17.4,14.5
2026-04-12 21:46:47,BC_1,14.2,6.53,14.5,8.74,17.5,14.6
2026-04-12 21:46:47,BC_1,14.3,6.4,14.4,8.54,17.6,14.6
2026-04-12 21:46:48,BC_1,14.3,6.62,14.5,8.51,17.3,14.7
2026-04-12 21:46:48,BC_1,14.3,6.59,14.5,8.49,17.5,14.7
2026-04-12 21:46:48,BC_1,14.4,6.58,14.5,8.48,17.3,14.7
2026-04-12 21:46:49,BC_1,14.4,6.6,14.5,8.37,17.4,14.7
2026-04-12 21:46:49,BC_1,14.4,6.62,14.5,8.49,17.5,14.6
2026-04-12 21:46:50,BC_1,14.3,6.48,14.5,8.5,17.4,14.7
2026-04-12 21:46:50,BC_1,14.4,6.61,14.4,8.75,17.4,14.6
2026-04-12 21:46:50,BC_1,14.3,6.48,14.5,8.61,17.4,14.7
2026-04-12 21:46:51,BC_1,14.3,6.64,14.4,8.84,17.5,14.6
2026-04-12 21:46:51,BC_1,14.2,6.62,14.4,9.11,17.6,14.6
2026-04-12 21:46:51,BC_1,14.2,6.48,14.4,8.8,17.6,14.6
2026-04-12 21:46:52,BC_1,14.3,6.62,14.4,8.96,17.5,14.5
2026-04-12 21:46:52,BC_1,14.2,6.51,14.5,8.82,17.6,14.7
2026-04-12 21:46:52,BC_1,14.4,6.61,14.5,8.53,17.4,14.7
2026-04-12 21:46:53,BC_1,14.4,6.49,14.5,8.55,17.5,14.8
2026-04-12 21:46:53,BC_1,14.4,6.52,14.5,8.43,17.6,14.8
2026-04-12 21:46:54,BC_1,14.4,6.56,14.5,8.36,17.4,14.8
2026-04-12 21:46:54,BC_1,14.4,6.47,14.5,8.41,17.4,14.7
2026-04-12 21:46:54,BC_1,14.4,6.61,14.5,8.41,17.3,14.7
2026-04-12 21:46:55,BC_1,14.4,6.47,14.5,8.29,17.5,14.8
2026-04-12 21:46:55,BC_1,14.4,6.57,14.5,8.32,17.7,14.7
2026-04-12 21:46:55,BC_1,14.4,6.55,14.5,8.67,17.5,14.6
2026-04-12 21:46:56,BC_1,14.3,6.44,14.5,8.55,17.5,14.7
2026-04-12 21:46:56,BC_1,14.4,6.58,14.5,8.76,17.6,14.6
2026-04-12 21:46:56,BC_1,14.3,6.62,14.5,8.9,17.6,14.6
2026-04-12 21:46:57,BC_1,14.2,6.67,14.4,9.1,17.5,14.5
2026-04-12 21:46:57,BC_1,14.2,6.6,14.5,8.67,17.5,14.7
2026-04-12 21:46:57,BC_1,14.3,6.64,14.5,8.61,17.4,14.7
2026-04-12 21:46:58,BC_1,14.3,6.64,14.5,8.81,17.5,14.6
2026-04-12 21:46:58,BC_1,14.2,6.69,14.5,8.5,17.0,14.6
2026-04-12 21:46:59,BC_1,14.3,6.63,14.5,8.51,17.4,14.7
2026-04-12 21:46:59,BC_1,14.3,6.65,14.5,8.92,17.4,14.6
2026-04-12 21:46:59,BC_1,14.2,6.71,14.4,9.02,17.5,14.5
2026-04-12 21:47:00,BC_1,14.2,6.73,14.4,9.25,17.5,14.5
2026-04-12 21:47:00,BC_1,14.2,6.76,14.4,9.19,17.7,14.5
2026-04-12 21:47:00,BC_1,14.2,6.76,14.4,9.4,17.4,14.5
2026-04-12 21:47:01,BC_1,14.2,6.58,14.4,8.94,17.4,14.6
2026-04-12 21:47:01,BC_1,14.3,6.72,14.4,9.22,17.3,14.5
2026-04-12 21:47:01,BC_1,14.2,6.55,14.4,8.65,17.6,14.6
2026-04-12 21:47:02,BC_1,14.3,6.66,14.4,8.51,17.3,14.6
2026-04-12 21:47:02,BC_1,14.2,6.52,14.4,8.72,17.5,14.6
2026-04-12 21:47:02,BC_1,14.3,6.51,14.4,8.47,17.5,14.7
2026-04-12 21:47:03,BC_1,14.3,6.55,14.5,8.51,17.4,14.7
2026-04-12 21:47:03,BC_1,14.3,6.63,14.5,8.3,17.4,14.7
2026-04-12 21:47:04,BC_1,14.4,6.65,14.4,8.57,17.4,14.6
2026-04-12 21:47:04,BC_1,14.3,6.69,14.4,8.47,17.3,14.6
2026-04-12 21:47:04,BC_1,14.3,6.54,14.5,8.33,17.4,14.7
2026-04-12 21:47:05,BC_1,14.4,6.65,14.4,8.88,17.3,14.6
2026-04-12 21:47:05,BC_1,14.2,6.69,14.4,9.06,17.6,14.5
2026-04-12 21:47:05,BC_1,14.2,6.71,14.4,9.14,17.4,14.5
2026-04-12 21:47:06,BC_1,14.2,6.54,14.4,8.8,17.5,14.6
2026-04-12 21:47:06,BC_1,14.3,6.7,14.4,9.11,17.3,14.5
2026-04-12 21:47:06,BC_1,14.2,6.49,14.5,8.73,17.4,14.6
2026-04-12 21:47:07,BC_1,14.3,6.67,14.4,8.6,17.5,14.7
2026-04-12 21:47:07,BC_1,14.4,6.62,14.5,8.85,17.5,14.6
2026-04-12 21:47:08,BC_1,14.3,6.47,14.5,8.8,17.5,14.7
2026-04-12 21:47:08,BC_1,14.4,6.6,14.5,8.54,17.4,14.7
2026-04-12 21:47:08,BC_1,14.4,6.65,14.5,8.87,17.4,14.6
2026-04-12 21:47:09,BC_1,14.3,6.47,14.4,8.63,17.3,14.7
2026-04-12 21:47:09,BC_1,14.3,6.65,14.5,8.94,17.5,14.6
2026-04-12 21:47:09,BC_1,14.2,6.54,14.4,8.57,17.2,14.6
2026-04-12 21:47:10,BC_1,14.3,6.63,14.5,8.56,17.5,14.6
2026-04-12 21:47:10,BC_1,14.3,6.59,14.5,8.43,17.3,14.6
2026-04-12 21:47:10,BC_1,14.3,6.55,14.5,8.44,17.4,14.6
2026-04-12 21:47:11,BC_1,14.3,6.59,14.5,8.41,17.1,14.6
2026-04-12 21:47:11,BC_1,14.3,6.55,14.5,8.41,17.2,14.7
2026-04-12 21:47:12,BC_1,14.4,6.63,14.5,8.66,17.6,14.6
2026-04-12 21:47:12,BC_1,14.3,6.71,14.4,9.08,17.5,14.5
2026-04-12 21:47:12,BC_1,14.2,6.7,14.4,9.01,17.4,14.5
2026-04-12 21:47:13,BC_1,14.2,6.64,14.5,8.89,17.4,14.7
2026-04-12 21:47:13,BC_1,14.3,6.69,14.5,8.57,17.5,14.7
2026-04-12 21:47:13,BC_1,14.4,6.63,14.5,8.66,17.3,14.6
2026-04-12 21:47:14,BC_1,14.3,6.65,14.5,9.1,17.5,14.5
2026-04-12 21:47:14,BC_1,14.2,6.58,14.5,8.78,17.6,14.6
2026-04-12 21:47:14,BC_1,14.3,6.65,14.4,8.94,17.5,14.6
2026-04-12 21:47:15,BC_1,14.3,6.62,14.4,9.08,17.5,14.6
2026-04-12 21:47:15,BC_1,14.2,6.47,14.5,8.75,17.6,14.7
2026-04-12 21:47:15,BC_1,14.3,6.63,14.5,8.65,17.4,14.7
2026-04-12 21:47:16,BC_1,14.3,6.64,14.4,8.65,17.2,14.6
2026-04-12 21:47:16,BC_1,14.2,6.49,14.5,8.52,17.4,14.6
2026-04-12 21:47:17,BC_1,14.3,6.57,14.5,8.54,17.4,14.7
2026-04-12 21:47:17,BC_1,14.4,6.62,14.5,8.48,17.2,14.7
2026-04-12 21:47:17,BC_1,14.4,6.61,14.5,8.78,17.4,14.6
2026-04-12 21:47:18,BC_1,14.2,6.51,14.5,8.61,17.4,14.7
2026-04-12 21:47:18,BC_1,14.3,6.66,14.4,8.72,17.5,14.5
2026-04-12 21:47:18,BC_1,14.2,6.54,14.4,8.41,17.5,14.7
2026-04-12 21:47:19,BC_1,14.4,6.71,14.4,8.88,17.6,14.6
2026-04-12 21:47:19,BC_1,14.2,6.52,14.5,8.75,17.3,14.7
2026-04-12 21:47:19,BC_1,14.3,6.58,14.5,8.43,17.4,14.7
2026-04-12 21:47:20,BC_1,14.3,6.64,14.5,8.41,17.4,14.7
2026-04-12 21:47:20,BC_1,14.4,6.63,14.4,8.72,17.6,14.6
2026-04-12 21:47:20,BC_1,14.3,6.67,14.4,8.93,17.4,14.6
2026-04-12 21:47:21,BC_1,14.2,6.72,14.4,8.95,17.2,14.5
2026-04-12 21:47:58,BC_2,14.8,6.44,14.6,8.99,18.5,14.9
2026-04-12 21:47:58,BC_2,14.5,6.52,14.7,9.04,18.5,14.9
2026-04-12 21:47:59,BC_2,14.5,6.53,14.6,9.1,18.2,14.8
2026-04-12 21:47:59,BC_2,14.4,6.53,14.6,9.34,17.9,14.7
2026-04-12 21:47:59,BC_2,14.3,6.48,14.6,9.05,18.1,14.8
2026-04-12 21:48:00,BC_2,14.4,6.58,14.5,9.21,18.1,14.7
2026-04-12 21:48:00,BC_2,14.2,6.62,14.5,9.35,18.1,14.6
2026-04-12 21:48:00,BC_2,14.2,6.62,14.5,9.43,17.9,14.6
2026-04-12 21:48:01,BC_2,14.2,6.62,14.4,9.26,18.0,14.6
2026-04-12 21:48:01,BC_2,14.2,6.48,14.5,9.18,18.1,14.7
2026-04-12 21:48:01,BC_2,14.4,6.61,14.5,8.86,17.9,14.8
2026-04-12 21:48:02,BC_2,14.4,6.59,14.5,9.19,17.9,14.6
2026-04-12 21:48:02,BC_2,14.3,6.62,14.4,9.33,17.9,14.6
2026-04-12 21:48:02,BC_2,14.2,6.49,14.5,9.23,17.8,14.6
2026-04-12 21:48:03,BC_2,14.2,6.67,14.4,9.28,17.8,14.6
2026-04-12 21:48:03,BC_2,14.2,6.54,14.5,9.1,18.0,14.7
2026-04-12 21:48:04,BC_2,14.3,6.62,14.5,8.89,18.0,14.7
2026-04-12 21:48:04,BC_2,14.4,6.59,14.5,9.21,17.7,14.6
2026-04-12 21:48:04,BC_2,14.2,6.44,14.5,8.92,17.6,14.7
2026-04-12 21:48:05,BC_2,14.3,6.48,14.5,8.76,17.8,14.8
2026-04-12 21:48:05,BC_2,14.4,6.55,14.5,8.63,17.7,14.7
2026-04-12 21:48:05,BC_2,14.4,6.58,14.5,8.83,17.5,14.7
2026-04-12 21:48:06,BC_2,14.4,6.6,14.5,9.11,17.8,14.6
2026-04-12 21:48:06,BC_2,14.3,6.66,14.4,9.24,17.8,14.6
2026-04-12 21:48:06,BC_2,14.2,6.64,14.4,9.41,17.7,14.5
2026-04-12 21:48:07,BC_2,14.2,6.69,14.4,9.31,17.7,14.6
2026-04-12 21:48:07,BC_2,14.2,6.71,14.4,9.47,17.7,14.5
2026-04-12 21:48:07,BC_2,14.2,6.34,14.4,9.16,17.8,14.6
2026-04-12 21:48:08,BC_2,14.3,6.66,14.5,9.25,17.8,14.5
2026-04-12 21:48:08,BC_2,14.2,6.58,14.4,8.91,17.5,14.6
2026-04-12 21:48:09,BC_2,14.3,6.54,14.5,8.84,17.5,14.6
2026-04-12 21:48:09,BC_2,14.3,6.57,14.5,8.75,17.7,14.7
2026-04-12 21:48:09,BC_2,14.3,6.57,14.5,8.73,17.7,14.7
2026-04-12 21:48:10,BC_2,14.4,6.53,14.5,8.7,17.7,14.7
2026-04-12 21:48:10,BC_2,14.4,6.58,14.5,8.63,17.6,14.8
2026-04-12 21:48:10,BC_2,14.4,6.59,14.5,8.64,17.3,14.8
2026-04-12 21:48:11,BC_2,14.4,6.63,14.5,8.87,17.7,14.6
2026-04-12 21:48:11,BC_2,14.3,6.53,14.5,8.69,17.8,14.8
2026-04-12 21:48:11,BC_2,14.4,6.58,14.5,8.57,17.5,14.7
2026-04-12 21:48:12,BC_2,14.4,6.63,14.5,8.89,17.6,14.6
2026-04-12 21:48:12,BC_2,14.2,6.67,14.4,9.06,17.5,14.6
2026-04-12 21:48:13,BC_2,14.1,6.71,14.4,9.34,17.6,14.5
2026-04-12 21:48:13,BC_2,14.1,6.74,14.4,9.2,17.7,14.5
2026-04-12 21:48:13,BC_2,14.1,6.57,14.4,9.0,17.4,14.6
2026-04-12 21:48:14,BC_2,14.2,6.66,14.5,8.8,17.6,14.7
2026-04-12 21:48:14,BC_2,14.2,6.61,14.5,8.92,17.5,14.6
2026-04-12 21:48:14,BC_2,14.1,6.67,14.5,8.72,17.5,14.7
2026-04-12 21:48:15,BC_2,14.2,6.62,14.5,8.71,17.7,14.7
2026-04-12 21:48:15,BC_2,14.3,6.62,14.5,8.64,17.4,14.8
2026-04-12 21:48:15,BC_2,14.3,6.67,14.5,8.8,17.6,14.6
2026-04-12 21:48:16,BC_2,14.1,6.69,14.5,9.2,17.3,14.6
2026-04-12 21:48:16,BC_2,14.1,6.72,14.5,8.84,17.5,14.7
2026-04-12 21:48:16,BC_2,14.2,6.65,14.5,9.07,17.3,14.6
2026-04-12 21:48:17,BC_2,14.1,6.55,14.5,8.83,17.5,14.7
2026-04-12 21:48:17,BC_2,14.2,6.71,14.5,9.04,17.4,14.6
2026-04-12 21:48:18,BC_2,14.1,6.59,14.5,8.71,17.4,14.8
2026-04-12 21:48:18,BC_2,14.1,6.7,14.6,9.16,17.4,14.7
2026-04-12 21:48:18,BC_2,14.0,6.64,14.5,8.93,17.4,14.7
2026-04-12 21:48:19,BC_2,14.2,6.68,14.6,8.88,17.6,14.7
2026-04-12 21:48:19,BC_2,14.1,6.73,14.5,9.18,17.5,14.6
2026-04-12 21:48:19,BC_2,14.1,6.6,14.5,8.69,17.4,14.7
2026-04-12 21:48:20,BC_2,14.3,6.62,14.5,8.65,17.2,14.7
2026-04-12 21:48:20,BC_2,14.3,6.64,14.5,8.73,17.5,14.7
2026-04-12 21:48:20,BC_2,14.3,6.61,14.5,8.61,17.1,14.6
2026-04-12 21:48:21,BC_2,14.2,6.61,14.5,8.64,17.3,14.7
2026-04-12 21:48:21,BC_2,14.3,6.64,14.5,8.41,17.4,14.7
2026-04-12 21:48:22,BC_2,14.3,6.5,14.5,8.48,17.6,14.7
2026-04-12 21:48:22,BC_2,14.3,6.61,14.5,8.85,17.6,14.6
2026-04-12 21:48:22,BC_2,14.2,6.66,14.5,9.04,17.7,14.6
2026-04-12 21:48:23,BC_2,14.2,6.69,14.5,9.14,17.5,14.6
2026-04-12 21:48:23,BC_2,14.2,6.5,14.5,8.81,17.6,14.7
2026-04-12 21:48:23,BC_2,14.3,6.64,14.5,9.08,17.5,14.6
2026-04-12 21:48:24,BC_2,14.2,6.51,14.5,8.84,17.6,14.7
2026-04-12 21:48:24,BC_2,14.3,6.67,14.4,9.07,17.6,14.6
2026-04-12 21:48:24,BC_2,14.2,6.71,14.4,9.2,17.6,14.5
2026-04-12 21:48:25,BC_2,14.2,6.69,14.4,9.32,17.4,14.5
2026-04-12 21:48:25,BC_2,14.1,6.73,14.4,9.31,17.6,14.5
2026-04-12 21:48:25,BC_2,14.1,6.73,14.4,9.23,17.5,14.5
2026-04-12 21:48:26,BC_2,14.1,6.74,14.4,9.2,17.4,14.5
2026-04-12 21:48:26,BC_2,14.2,6.67,14.4,8.77,17.4,14.6
2026-04-12 21:48:27,BC_2,14.3,6.59,14.4,8.73,17.6,14.7
2026-04-12 21:48:27,BC_2,14.3,6.64,14.4,9.04,17.5,14.5
2026-04-12 21:48:27,BC_2,14.2,6.72,14.4,9.2,17.6,14.5
2026-04-12 21:48:28,BC_2,14.2,6.74,14.4,9.22,17.6,14.5
2026-04-12 21:48:28,BC_2,14.2,6.76,14.4,9.48,17.6,14.5
2026-04-12 21:48:28,BC_2,14.1,6.58,14.4,9.03,17.4,14.6
2026-04-12 21:48:29,BC_2,14.2,6.74,14.4,9.1,17.7,14.5
2026-04-12 21:48:29,BC_2,14.2,6.53,14.4,8.85,17.2,14.6
2026-04-12 21:48:29,BC_2,14.3,6.66,14.4,8.69,17.6,14.7
2026-04-12 21:48:30,BC_2,14.3,6.59,14.5,8.67,17.6,14.7
2026-04-12 21:48:30,BC_2,14.3,6.6,14.5,8.55,17.6,14.7
2026-04-12 21:48:30,BC_2,14.3,6.61,14.5,8.41,17.4,14.7
2026-04-12 21:48:31,BC_2,14.3,6.63,14.5,8.85,17.5,14.6
2026-04-12 21:48:31,BC_2,14.2,6.68,14.4,9.03,17.5,14.5
2026-04-12 21:48:32,BC_2,14.2,6.7,14.4,8.99,17.5,14.5
2026-04-12 21:48:32,BC_2,14.2,6.68,14.4,8.67,17.4,14.6
2026-04-12 21:48:32,BC_2,14.3,6.59,14.5,8.57,17.4,14.7
2026-04-12 21:48:33,BC_2,14.3,6.66,14.5,8.85,17.5,14.6
2026-04-12 21:48:33,BC_2,14.2,6.72,14.4,9.04,17.4,14.5
2026-04-12 21:48:33,BC_2,14.1,6.75,14.4,9.28,17.4,14.5
2026-04-12 21:48:34,BC_2,14.1,6.74,14.4,9.4,17.5,14.5
2026-04-12 21:48:34,BC_2,14.1,6.8,14.4,9.34,17.6,14.5
2026-04-12 21:48:34,BC_2,14.1,6.76,14.4,9.43,17.6,14.5
2026-04-12 21:48:35,BC_2,14.1,6.79,14.4,9.09,17.5,14.6
2026-04-12 21:48:35,BC_2,14.2,6.7,14.5,8.63,17.5,14.6
2026-04-12 21:48:35,BC_2,14.2,6.59,14.5,8.61,17.4,14.7
2026-04-12 21:48:36,BC_2,14.3,6.65,14.5,8.58,17.4,14.7
2026-04-12 21:48:36,BC_2,14.3,6.64,14.5,8.51,17.4,14.7
2026-04-12 21:48:37,BC_2,14.3,6.65,14.5,8.81,17.4,14.6
2026-04-12 21:48:37,BC_2,14.1,6.72,14.5,9.17,17.4,14.6
2026-04-12 21:48:37,BC_2,14.1,6.63,14.5,8.77,17.4,14.6
2026-04-12 21:48:38,BC_2,14.2,6.68,14.5,8.9,17.3,14.6
2026-04-12 21:48:38,BC_2,14.2,6.62,14.5,8.67,17.5,14.7
2026-04-12 21:48:38,BC_2,14.3,6.68,14.5,8.98,17.5,14.6
2026-04-12 21:48:39,BC_2,14.1,6.73,14.4,9.07,17.3,14.5
2026-04-12 21:48:39,BC_2,14.1,6.57,14.4,8.8,17.2,14.6
2026-04-12 21:48:39,BC_2,14.2,6.72,14.4,8.99,17.5,14.6
2026-04-12 21:48:40,BC_2,14.1,6.74,14.5,9.22,17.4,14.6
2026-04-12 21:48:40,BC_2,14.1,6.67,14.5,8.74,17.5,14.7
2026-04-12 21:48:40,BC_2,14.2,6.72,14.5,9.11,17.4,14.6
2026-04-12 21:48:41,BC_2,14.1,6.75,14.5,9.3,17.4,14.6
2026-04-12 21:48:41,BC_2,14.0,6.59,14.5,8.9,17.5,14.7
2026-04-12 21:48:42,BC_2,14.1,6.78,14.5,9.14,17.3,14.6
2026-04-12 21:48:42,BC_2,14.0,6.78,14.5,9.29,17.3,14.5
2026-04-12 21:48:42,BC_2,14.0,6.71,14.5,8.83,17.4,14.6
2026-04-12 21:48:43,BC_2,14.2,6.58,14.5,8.81,17.3,14.7
2026-04-12 21:48:43,BC_2,14.2,6.67,14.4,8.92,17.3,14.5
2026-04-12 21:48:43,BC_2,14.1,6.62,14.4,8.73,17.5,14.7
2026-04-12 21:48:44,BC_2,14.2,6.71,14.5,8.68,17.3,14.7
2026-04-12 21:48:44,BC_2,14.2,6.6,14.5,8.58,17.5,14.7
2026-04-12 21:48:44,BC_2,14.2,6.58,14.6,8.54,17.3,14.8
2026-04-12 21:48:45,BC_2,14.2,6.7,14.6,8.51,17.3,14.8
2026-04-12 21:48:45,BC_2,14.2,6.63,14.5,8.5,17.5,14.7
2026-04-12 21:48:46,BC_2,14.2,6.41,14.5,8.48,17.3,14.7
2026-04-12 21:48:46,BC_2,14.2,6.66,14.4,8.77,17.3,14.6
2026-04-12 21:48:46,BC_2,14.1,6.73,14.4,8.97,17.3,14.5
2026-04-12 21:48:47,BC_2,14.1,6.74,14.4,9.04,17.4,14.5
2026-04-12 21:48:47,BC_2,14.1,6.55,14.4,8.83,17.5,14.6
2026-04-12 21:48:47,BC_2,14.2,6.69,14.4,8.88,17.3,14.5
2026-04-12 21:48:48,BC_2,14.1,6.74,14.4,8.93,17.0,14.5
2026-04-12 21:48:48,BC_2,14.1,6.78,14.4,9.25,17.5,14.5
2026-04-12 21:48:48,BC_2,14.1,6.72,14.4,8.73,17.3,14.5
2026-04-12 21:48:49,BC_2,14.1,6.69,14.4,8.71,17.2,14.6
2026-04-12 21:48:49,BC_2,14.2,6.69,14.4,9.03,17.4,14.5
2026-04-12 21:48:49,BC_2,14.1,6.59,14.4,8.83,17.3,14.7
2026-04-12 21:48:50,BC_2,14.2,6.73,14.5,9.04,17.3,14.6
2026-04-12 21:48:50,BC_2,14.1,6.67,14.5,8.86,17.4,14.7
2026-04-12 21:48:50,BC_2,14.2,6.7,14.5,9.01,17.4,14.6
2026-04-12 21:48:51,BC_2,14.1,6.75,14.5,9.21,17.5,14.5
2026-04-12 21:48:51,BC_2,14.1,6.68,14.5,8.86,17.5,14.6
2026-04-12 21:48:52,BC_2,14.2,6.66,14.5,8.72,17.4,14.7
2026-04-12 21:48:52,BC_2,14.3,6.67,14.5,8.58,17.4,14.7
2026-04-12 21:48:52,BC_2,14.3,6.63,14.5,8.52,17.4,14.7
2026-04-12 21:48:53,BC_2,14.3,6.66,14.5,8.28,17.5,14.7
2026-04-12 21:48:53,BC_2,14.3,6.61,14.5,8.47,17.5,14.7
2026-04-12 21:48:53,BC_2,14.3,6.62,14.5,8.43,17.4,14.7
2026-04-12 21:48:54,BC_2,14.3,6.6,14.5,8.56,17.4,14.6
2026-04-12 21:48:54,BC_2,14.2,6.63,14.5,8.47,17.0,14.6
2026-04-12 21:48:54,BC_2,14.2,6.56,14.5,8.66,17.5,14.7
2026-04-12 21:48:55,BC_2,14.3,6.54,14.5,8.5,17.3,14.7
2026-04-12 21:48:55,BC_2,14.3,6.6,14.5,8.33,17.4,14.7
2026-04-12 21:48:56,BC_2,14.4,6.58,14.5,8.51,17.5,14.7
2026-04-12 21:48:56,BC_2,14.3,6.58,14.5,8.38,17.3,14.7
2026-04-12 21:48:56,BC_2,14.3,6.54,14.5,8.31,17.3,14.7
2026-04-12 21:48:57,BC_2,14.4,6.55,14.5,8.31,17.3,14.7
2026-04-12 21:48:57,BC_2,14.4,6.5,14.5,8.22,17.5,14.7
2026-04-12 21:48:57,BC_2,14.4,6.52,14.5,8.33,17.5,14.8
2026-04-12 21:48:58,BC_2,14.4,6.56,14.5,8.29,17.6,14.8
2026-04-12 21:48:58,BC_2,14.4,6.5,14.5,8.38,17.3,14.8
2026-04-12 21:48:59,BC_2,14.4,6.63,14.5,8.73,17.3,14.6
2026-04-12 21:48:59,BC_2,14.2,6.66,14.5,8.89,17.5,14.6
2026-04-12 21:48:59,BC_2,14.2,6.7,14.4,9.01,17.6,14.5
2026-04-12 21:49:00,BC_2,14.2,6.73,14.4,9.11,17.5,14.5
2026-04-12 21:49:00,BC_2,14.1,6.71,14.4,9.26,17.5,14.5
2026-04-12 21:49:00,BC_2,14.2,6.73,14.4,9.26,17.6,14.5
2026-04-12 21:49:01,BC_2,14.1,6.74,14.4,9.15,17.4,14.5
2026-04-12 21:49:01,BC_2,14.1,6.64,14.4,8.87,17.5,14.6
2026-04-12 21:49:01,BC_2,14.2,6.67,14.4,8.67,17.5,14.6
2026-04-12 21:49:02,BC_2,14.3,6.63,14.4,8.75,17.2,14.6
2026-04-12 21:49:02,BC_2,14.2,6.7,14.4,9.01,17.3,14.5
2026-04-12 21:49:02,BC_2,14.2,6.73,14.4,9.1,17.3,14.5
2026-04-12 21:49:03,BC_2,14.2,6.67,14.4,8.96,17.5,14.6
2026-04-12 21:49:03,BC_2,14.2,6.7,14.5,8.63,17.4,14.6
2026-04-12 21:49:03,BC_2,14.3,6.49,14.4,8.58,17.5,14.7
2026-04-12 21:49:04,BC_2,14.3,6.65,14.5,8.49,17.6,14.7
2026-04-12 21:49:04,BC_2,14.4,6.64,14.4,8.88,17.4,14.6
2026-04-12 21:49:05,BC_2,14.2,6.52,14.4,8.68,17.5,14.7
2026-04-12 21:49:05,BC_2,14.3,6.66,14.4,8.84,17.4,14.6
2026-04-12 21:49:05,BC_2,14.2,6.49,14.4,8.82,17.6,14.6
2026-04-12 21:49:06,BC_2,14.3,6.66,14.4,8.85,17.5,14.5
2026-04-12 21:49:06,BC_2,14.2,6.7,14.4,8.69,17.5,14.6
2026-04-12 21:49:06,BC_2,14.3,6.65,14.4,8.88,17.3,14.6
2026-04-12 21:49:07,BC_2,14.2,6.73,14.4,8.9,17.3,14.5
2026-04-12 21:49:07,BC_2,14.2,6.76,14.4,9.19,17.4,14.5
2026-04-12 21:49:07,BC_2,14.2,6.63,14.4,8.87,17.6,14.6
2026-04-12 21:49:08,BC_2,14.3,6.65,14.4,8.41,17.5,14.6
2026-04-12 21:49:08,BC_2,14.3,6.58,14.5,8.55,17.3,14.7
2026-04-12 21:49:09,BC_2,14.3,6.58,14.4,8.92,17.5,14.6
2026-04-12 21:49:09,BC_2,14.2,6.7,14.4,9.08,17.6,14.5
2026-04-12 21:49:09,BC_2,14.2,6.53,14.4,8.55,17.4,14.6
2026-04-12 21:49:13,BC_3,14.4,6.37,14.5,9.01,18.1,14.8
2026-04-12 21:49:13,BC_3,14.5,6.51,14.5,8.65,17.7,14.6
2026-04-12 21:49:14,BC_3,14.3,6.49,14.5,8.74,17.7,14.7
2026-04-12 21:49:14,BC_3,14.4,6.55,14.5,8.55,17.7,14.7
2026-04-12 21:49:14,BC_3,14.5,6.56,14.5,8.84,17.6,14.6
2026-04-12 21:49:15,BC_3,14.3,6.56,14.5,8.74,17.8,14.7
2026-04-12 21:49:15,BC_3,14.5,6.52,14.5,8.53,17.6,14.8
2026-04-12 21:49:15,BC_3,14.5,6.57,14.5,8.43,17.6,14.7
2026-04-12 21:49:16,BC_3,14.4,6.56,14.4,8.56,17.5,14.6
2026-04-12 21:49:16,BC_3,14.3,6.63,14.4,8.97,17.8,14.5
2026-04-12 21:49:16,BC_3,14.3,6.6,14.4,8.67,17.7,14.7
2026-04-12 21:49:17,BC_3,14.4,6.54,14.5,8.6,17.6,14.6
2026-04-12 21:49:17,BC_3,14.3,6.47,14.4,8.67,17.6,14.7
2026-04-12 21:49:18,BC_3,14.4,6.58,14.5,8.52,17.7,14.7
2026-04-12 21:49:18,BC_3,14.4,6.47,14.5,8.48,17.7,14.7
2026-04-12 21:49:18,BC_3,14.5,6.55,14.5,8.39,17.6,14.7
2026-04-12 21:49:19,BC_3,14.5,6.55,14.4,8.71,17.7,14.6
2026-04-12 21:49:19,BC_3,14.3,6.61,14.4,8.89,17.6,14.5
2026-04-12 21:49:19,BC_3,14.3,6.65,14.4,9.0,17.5,14.5
2026-04-12 21:49:20,BC_3,14.3,6.41,14.4,8.82,17.6,14.5
2026-04-12 21:49:20,BC_3,14.3,6.62,14.4,8.79,17.5,14.6
2026-04-12 21:49:20,BC_3,14.4,6.6,14.4,8.77,17.5,14.5
2026-04-12 21:49:21,BC_3,14.3,6.61,14.4,8.54,17.3,14.5
2026-04-12 21:49:21,BC_3,14.3,6.55,14.4,8.55,17.7,14.7
2026-04-12 21:49:22,BC_3,14.4,6.59,14.4,8.82,17.5,14.6
2026-04-12 21:49:22,BC_3,14.3,6.41,14.4,8.7,17.7,14.7
2026-04-12 21:49:22,BC_3,14.4,6.64,14.4,8.99,17.6,14.5
2026-04-12 21:49:23,BC_3,14.3,6.69,14.4,9.05,17.7,14.5
2026-04-12 21:49:23,BC_3,14.3,6.67,14.4,9.13,17.6,14.5
2026-04-12 21:49:23,BC_3,14.2,6.52,14.4,8.49,17.7,14.6
2026-04-12 21:49:24,BC_3,14.4,6.64,14.4,9.07,17.5,14.5
2026-04-12 21:49:24,BC_3,14.3,6.49,14.4,8.72,17.7,14.6
2026-04-12 21:49:24,BC_3,14.4,6.64,14.5,8.54,17.5,14.7
2026-04-12 21:49:25,BC_3,14.4,6.6,14.5,8.54,17.3,14.7
2026-04-12 21:49:25,BC_3,14.4,6.53,14.5,8.46,17.6,14.7
2026-04-12 21:49:25,BC_3,14.4,6.55,14.5,8.39,17.6,14.7
2026-04-12 21:49:26,BC_3,14.4,6.58,14.4,8.7,17.5,14.6
2026-04-12 21:49:26,BC_3,14.3,6.55,14.4,8.38,17.4,14.6
2026-04-12 21:49:27,BC_3,14.4,6.58,14.5,8.52,17.6,14.7
2026-04-12 21:49:27,BC_3,14.4,6.58,14.5,8.5,17.7,14.7
2026-04-12 21:49:27,BC_3,14.5,6.59,14.4,8.8,17.6,14.6
2026-04-12 21:49:28,BC_3,14.3,6.65,14.4,8.99,17.5,14.5
2026-04-12 21:49:28,BC_3,14.3,6.51,14.4,8.8,17.5,14.6
2026-04-12 21:49:28,BC_3,14.4,6.62,14.4,8.57,17.7,14.6
2026-04-12 21:49:29,BC_3,14.4,6.63,14.4,8.91,17.8,14.5
2026-04-12 21:49:29,BC_3,14.3,6.51,14.4,8.72,17.6,14.6
2026-04-12 21:49:29,BC_3,14.4,6.6,14.4,8.61,17.6,14.6
2026-04-12 21:49:30,BC_3,14.3,6.63,14.4,8.97,17.6,14.5
2026-04-12 21:49:30,BC_3,14.3,6.7,14.4,9.07,17.6,14.5
2026-04-12 21:49:30,BC_3,14.2,6.69,14.4,9.11,17.5,14.5
2026-04-12 21:49:31,BC_3,14.2,6.47,14.4,8.83,17.5,14.6
2026-04-12 21:49:31,BC_3,14.4,6.64,14.4,9.12,17.6,14.5
2026-04-12 21:49:32,BC_3,14.2,6.61,14.4,8.75,17.6,14.5
2026-04-12 21:49:32,BC_3,14.3,6.63,14.4,8.62,17.4,14.6
2026-04-12 21:49:32,BC_3,14.4,6.56,14.4,8.52,17.4,14.7
2026-04-12 21:49:33,BC_3,14.4,6.6,14.4,8.89,17.4,14.5
2026-04-12 21:49:33,BC_3,14.2,6.69,14.4,9.03,17.5,14.5
2026-04-12 21:49:33,BC_3,14.2,6.73,14.4,9.17,17.6,14.5
2026-04-12 21:49:34,BC_3,14.2,6.74,14.4,9.29,17.5,14.5
2026-04-12 21:49:34,BC_3,14.2,6.5,14.4,8.93,17.5,14.6
2026-04-12 21:49:34,BC_3,14.3,6.63,14.4,8.95,17.5,14.5
2026-04-12 21:49:35,BC_3,14.2,6.71,14.4,9.26,17.5,14.5
2026-04-12 21:49:35,BC_3,14.2,6.73,14.4,9.35,17.6,14.5
2026-04-12 21:49:35,BC_3,14.2,6.65,14.4,8.84,17.7,14.6
2026-04-12 21:49:36,BC_3,14.3,6.48,14.4,8.51,17.6,14.6
2026-04-12 21:49:36,BC_3,14.4,6.63,14.4,8.52,17.6,14.7
2026-04-12 21:49:37,BC_3,14.4,6.46,14.4,8.52,17.5,14.7
2026-04-12 21:49:37,BC_3,14.4,6.6,14.4,8.75,17.7,14.6
2026-04-12 21:49:37,BC_3,14.3,6.63,14.4,8.91,17.4,14.5
2026-04-12 21:49:38,BC_3,14.3,6.59,14.4,8.79,17.5,14.6
2026-04-12 21:49:38,BC_3,14.4,6.55,14.4,8.61,17.4,14.7
2026-04-12 21:49:38,BC_3,14.4,6.54,14.5,8.42,17.5,14.7
2026-04-12 21:49:39,BC_3,14.4,6.56,14.5,8.54,17.6,14.7
2026-04-12 21:49:39,BC_3,14.4,6.59,14.4,8.8,17.6,14.6
2026-04-12 21:49:39,BC_3,14.3,6.42,14.4,8.67,17.5,14.7
2026-04-12 21:49:40,BC_3,14.4,6.48,14.4,8.47,17.5,14.7
2026-04-12 21:49:40,BC_3,14.4,6.6,14.5,8.39,17.6,14.7
2026-04-12 21:49:41,BC_3,14.4,6.61,14.4,8.81,17.6,14.6
2026-04-12 21:49:41,BC_3,14.3,6.67,14.4,8.67,17.6,14.5
2026-04-12 21:49:41,BC_3,14.3,6.53,14.4,8.76,17.6,14.6
2026-04-12 21:49:42,BC_3,14.4,6.67,14.4,8.78,17.5,14.5
2026-04-12 21:49:42,BC_3,14.3,6.66,14.4,9.11,17.4,14.5
2026-04-12 21:49:42,BC_3,14.2,6.73,14.4,9.2,17.6,14.5
2026-04-12 21:49:43,BC_3,14.2,6.67,14.4,8.71,17.6,14.6
2026-04-12 21:49:43,BC_3,14.4,6.55,14.4,8.49,17.6,14.6
2026-04-12 21:49:43,BC_3,14.4,6.6,14.4,8.41,17.5,14.6
2026-04-12 21:49:44,BC_3,14.3,6.48,14.4,8.62,17.5,14.7
2026-04-12 21:49:44,BC_3,14.4,6.61,14.5,8.51,17.6,14.7
2026-04-12 21:49:45,BC_3,14.4,6.61,14.4,8.38,17.6,14.7
2026-04-12 21:49:45,BC_3,14.4,6.6,14.4,8.75,17.6,14.6
2026-04-12 21:49:45,BC_3,14.3,6.47,14.4,8.56,17.5,14.7
2026-04-12 21:49:46,BC_3,14.4,6.59,14.4,8.85,17.7,14.6
2026-04-12 21:49:46,BC_3,14.3,6.69,14.4,8.98,17.5,14.5
2026-04-12 21:49:46,BC_3,14.3,6.71,14.4,9.02,17.6,14.5
2026-04-12 21:49:47,BC_3,14.2,6.69,14.4,9.37,17.4,14.5
2026-04-12 21:49:47,BC_3,14.2,6.69,14.4,9.27,17.6,14.5
2026-04-12 21:49:47,BC_3,14.2,6.73,14.4,9.4,17.6,14.5
2026-04-12 21:49:48,BC_3,14.2,6.74,14.4,9.37,17.6,14.5
2026-04-12 21:49:48,BC_3,14.2,6.41,14.4,8.82,17.4,14.6
2026-04-12 21:49:48,BC_3,14.3,6.61,14.4,8.45,17.6,14.6
2026-04-12 21:49:49,BC_3,14.4,6.62,14.4,8.92,17.4,14.5
2026-04-12 21:49:49,BC_3,14.2,6.54,14.4,8.68,17.7,14.6
2026-04-12 21:49:49,BC_3,14.4,6.64,14.4,8.99,17.6,14.5
2026-04-12 21:49:50,BC_3,14.3,6.73,14.4,9.08,17.5,14.5
2026-04-12 21:49:50,BC_3,14.2,6.73,14.4,9.24,17.6,14.5
2026-04-12 21:49:51,BC_3,14.2,6.67,14.4,8.87,17.6,14.6
2026-04-12 21:49:51,BC_3,14.3,6.62,14.4,8.71,17.4,14.6
2026-04-12 21:49:51,BC_3,14.4,6.47,14.4,8.61,17.5,14.7
2026-04-12 21:49:52,BC_3,14.4,6.57,14.4,8.93,17.5,14.5
2026-04-12 21:49:52,BC_3,14.3,6.55,14.4,8.72,17.6,14.6
2026-04-12 21:49:52,BC_3,14.4,6.63,14.4,8.94,17.4,14.5
2026-04-12 21:49:53,BC_3,14.3,6.56,14.4,8.64,17.6,14.6
2026-04-12 21:49:53,BC_3,14.4,6.66,14.4,9.01,17.5,14.5
2026-04-12 21:49:53,BC_3,14.3,6.63,14.4,8.61,17.1,14.5
2026-04-12 21:49:54,BC_3,14.3,6.6,14.4,8.53,17.5,14.6
2026-04-12 21:49:54,BC_3,14.4,6.6,14.4,8.86,17.7,14.5
2026-04-12 21:49:54,BC_3,14.3,6.68,14.4,8.81,17.5,14.5
2026-04-12 21:49:55,BC_3,14.3,6.73,14.4,9.26,17.5,14.5
2026-04-12 21:49:55,BC_3,14.2,6.71,14.4,9.23,17.7,14.5
2026-04-12 21:49:56,BC_3,14.2,6.76,14.4,9.25,17.5,14.5
2026-04-12 21:49:56,BC_3,14.2,6.77,14.4,9.48,17.2,14.5
2026-04-12 21:49:56,BC_3,14.2,6.72,14.4,9.36,17.6,14.5
2026-04-12 21:49:57,BC_3,14.2,6.77,14.4,9.32,17.6,14.4
2026-04-12 21:49:57,BC_3,14.2,6.73,14.4,9.43,17.5,14.5
2026-04-12 21:49:57,BC_3,14.2,6.79,14.4,9.48,17.7,14.4
2026-04-12 21:49:58,BC_3,14.2,6.21,14.4,9.16,17.6,14.5
2026-04-12 21:49:58,BC_3,14.3,6.69,14.4,8.9,17.5,14.5
2026-04-12 21:49:58,BC_3,14.2,6.72,14.4,9.47,17.4,14.5
2026-04-12 21:49:59,BC_3,14.2,6.75,14.4,9.42,17.6,14.4
2026-04-12 21:49:59,BC_3,14.2,6.7,14.4,9.27,17.5,14.4
2026-04-12 21:49:59,BC_3,14.2,6.7,14.4,9.02,17.5,14.5
2026-04-12 21:50:00,BC_3,14.3,6.71,14.4,9.29,17.6,14.5
2026-04-12 21:50:00,BC_3,14.2,6.72,14.4,9.39,17.5,14.4
2026-04-12 21:50:00,BC_3,14.2,6.64,14.4,9.01,17.6,14.5
2026-04-12 21:50:01,BC_3,14.3,6.72,14.4,9.1,17.6,14.5
2026-04-12 21:50:01,BC_3,14.2,6.7,14.4,9.2,17.5,14.4
2026-04-12 21:50:02,BC_3,14.2,6.75,14.4,9.41,17.7,14.4
2026-04-12 21:50:02,BC_3,14.2,6.73,14.4,9.42,17.5,14.4
2026-04-12 21:50:02,BC_3,14.2,6.76,14.4,9.33,17.4,14.4
2026-04-12 21:50:03,BC_3,14.2,6.68,14.4,9.31,17.6,14.4
2026-04-12 21:50:03,BC_3,14.2,6.64,14.4,8.97,17.6,14.5
2026-04-12 21:50:03,BC_3,14.3,6.72,14.4,9.07,17.6,14.5
2026-04-12 21:50:04,BC_3,14.2,6.76,14.4,9.39,17.5,14.4
2026-04-12 21:50:04,BC_3,14.2,6.59,14.4,8.77,17.6,14.6
2026-04-12 21:50:04,BC_3,14.3,6.57,14.4,8.76,17.6,14.6
2026-04-12 21:50:05,BC_3,14.4,6.63,14.4,8.88,17.4,14.5
2026-04-12 21:50:05,BC_3,14.3,6.64,14.4,8.66,17.5,14.5
2026-04-12 21:50:05,BC_3,14.3,6.64,14.4,8.74,17.6,14.6
2026-04-12 21:50:06,BC_3,14.4,6.64,14.4,8.93,17.7,14.5
2026-04-12 21:50:06,BC_3,14.2,6.66,14.4,8.73,17.6,14.6
2026-04-12 21:50:07,BC_3,14.4,6.5,14.4,8.61,17.7,14.7
2026-04-12 21:50:07,BC_3,14.4,6.55,14.4,8.56,17.5,14.7
2026-04-12 21:50:07,BC_3,14.4,6.47,14.4,8.39,17.6,14.7
2026-04-12 21:50:08,BC_3,14.4,6.62,14.5,8.5,17.6,14.7
2026-04-12 21:50:08,BC_3,14.4,6.53,14.4,8.23,17.4,14.7
2026-04-12 21:50:08,BC_3,14.4,6.5,14.5,8.08,17.6,14.7
2026-04-12 21:50:09,BC_3,14.5,6.59,14.4,8.79,17.6,14.6
2026-04-12 21:50:09,BC_3,14.3,6.65,14.4,8.93,17.6,14.5
2026-04-12 21:50:09,BC_3,14.3,6.65,14.4,9.11,17.4,14.5
2026-04-12 21:50:10,BC_3,14.3,6.73,14.4,9.13,17.6,14.5
2026-04-12 21:50:10,BC_3,14.2,6.49,14.4,8.81,17.5,14.6
2026-04-12 21:50:10,BC_3,14.3,6.7,14.4,8.74,17.4,14.5
2026-04-12 21:50:11,BC_3,14.3,6.59,14.4,8.62,17.5,14.6
2026-04-12 21:50:11,BC_3,14.4,6.52,14.4,8.45,17.5,14.7
2026-04-12 21:50:12,BC_3,14.4,6.61,14.5,8.54,17.6,14.6
2026-04-12 21:50:12,BC_3,14.3,6.63,14.4,8.79,17.5,14.5
2026-04-12 21:50:12,BC_3,14.3,6.7,14.4,9.14,17.5,14.5
2026-04-12 21:50:13,BC_3,14.2,6.63,14.4,8.7,17.5,14.6
2026-04-12 21:50:13,BC_3,14.4,6.65,14.4,8.97,17.6,14.5
2026-04-12 21:50:13,BC_3,14.3,6.68,14.4,9.15,17.5,14.5
2026-04-12 21:50:14,BC_3,14.2,6.49,14.4,8.92,17.6,14.6
2026-04-12 21:50:14,BC_3,14.4,6.65,14.4,8.6,17.3,14.6
2026-04-12 21:50:14,BC_3,14.4,6.63,14.4,8.49,17.7,14.7
2026-04-12 21:50:15,BC_3,14.4,6.63,14.4,8.94,17.3,14.5
2026-04-12 21:50:15,BC_3,14.3,6.44,14.4,8.56,17.5,14.6
2026-04-12 21:50:16,BC_3,14.4,6.64,14.4,8.89,17.5,14.5
2026-04-12 21:50:16,BC_3,14.3,6.7,14.4,9.07,17.6,14.5
2026-04-12 21:50:16,BC_3,14.2,6.7,14.4,8.62,17.4,14.5
2026-04-12 21:50:17,BC_3,14.3,6.61,14.4,8.38,17.6,14.6
2026-04-12 21:50:17,BC_3,14.4,6.54,14.4,8.59,17.6,14.6
2026-04-12 21:50:17,BC_3,14.4,6.6,14.4,8.43,17.4,14.7
2026-04-12 21:50:18,BC_3,14.4,6.63,14.4,8.8,17.6,14.5
2026-04-12 21:50:18,BC_3,14.3,6.49,14.4,8.54,17.2,14.7
2026-04-12 21:50:18,BC_3,14.4,6.61,14.4,8.74,17.5,14.5
2026-04-12 21:50:19,BC_3,14.3,6.66,14.4,9.18,17.4,14.5
2026-04-12 21:50:19,BC_3,14.2,6.75,14.4,9.11,17.7,14.5
2026-04-12 21:50:19,BC_3,14.2,6.61,14.4,8.69,17.4,14.6
2026-04-12 21:50:20,BC_3,14.4,6.41,14.4,8.52,17.7,14.6
2026-04-12 21:50:20,BC_3,14.4,6.55,14.4,8.58,17.6,14.7
2026-04-12 21:50:21,BC_3,14.4,6.38,14.4,8.41,17.3,14.7
2026-04-12 21:50:21,BC_3,14.4,6.62,14.4,8.73,17.4,14.6
2026-04-12 21:50:21,BC_3,14.3,6.7,14.4,8.96,17.7,14.5
2026-04-12 21:50:22,BC_3,14.3,6.71,14.4,9.1,17.6,14.5
2026-04-12 21:50:22,BC_3,14.2,6.66,14.4,8.61,17.5,14.6
2026-04-12 21:50:22,BC_3,14.4,6.54,14.4,8.48,17.4,14.6
2026-04-12 21:50:23,BC_3,14.4,6.55,14.5,8.47,17.4,14.6
2026-04-12 21:50:23,BC_3,14.4,6.58,14.4,8.51,17.4,14.6
2026-04-12 21:50:23,BC_3,14.4,6.55,14.4,8.47,17.5,14.6
2026-04-12 21:50:24,BC_3,14.3,6.62,14.4,8.81,17.6,14.6
2026-04-12 21:50:24,BC_3,14.3,6.73,14.4,8.91,17.5,14.5
2026-04-12 21:50:27,BC_4,14.4,6.48,14.4,8.84,18.1,14.7
2026-04-12 21:50:28,BC_4,14.4,6.57,14.5,9.05,18.1,14.6
2026-04-12 21:50:28,BC_4,14.3,6.45,14.4,8.93,17.7,14.6
2026-04-12 21:50:29,BC_4,14.4,6.53,14.5,8.65,17.8,14.7
2026-04-12 21:50:29,BC_4,14.4,6.6,14.5,8.99,17.6,14.6
2026-04-12 21:50:29,BC_4,14.3,6.48,14.4,8.77,17.7,14.7
2026-04-12 21:50:30,BC_4,14.4,6.62,14.4,8.83,17.4,14.5
2026-04-12 21:50:30,BC_4,14.3,6.67,14.4,8.98,17.8,14.5
2026-04-12 21:50:30,BC_4,14.2,6.7,14.4,8.84,17.7,14.6
2026-04-12 21:50:31,BC_4,14.4,6.57,14.4,8.67,17.7,14.6
2026-04-12 21:50:31,BC_4,14.4,6.65,14.4,8.97,17.5,14.5
2026-04-12 21:50:31,BC_4,14.3,6.7,14.4,8.79,17.6,14.6
2026-04-12 21:50:32,BC_4,14.3,6.65,14.4,9.0,17.6,14.5
2026-04-12 21:50:32,BC_4,14.3,6.67,14.4,9.08,17.7,14.5
2026-04-12 21:50:32,BC_4,14.3,6.68,14.4,9.38,17.5,14.5
2026-04-12 21:50:33,BC_4,14.2,6.74,14.4,9.25,17.7,14.5
2026-04-12 21:50:33,BC_4,14.2,6.54,14.4,9.0,17.5,14.6
2026-04-12 21:50:33,BC_4,14.3,6.45,14.4,8.45,17.5,14.6
2026-04-12 21:50:34,BC_4,14.4,6.62,14.4,8.85,17.5,14.5
2026-04-12 21:50:34,BC_4,14.3,6.6,14.4,8.66,17.5,14.6
2026-04-12 21:50:35,BC_4,14.4,6.62,14.4,8.56,17.6,14.6
2026-04-12 21:50:35,BC_4,14.4,6.56,14.4,8.53,17.6,14.7
2026-04-12 21:50:35,BC_4,14.4,6.6,14.4,8.44,17.6,14.7
2026-04-12 21:50:36,BC_4,14.4,6.61,14.4,8.63,17.3,14.5
2026-04-12 21:50:36,BC_4,14.3,6.48,14.4,8.58,17.6,14.6
2026-04-12 21:50:36,BC_4,14.4,6.57,14.4,8.59,17.6,14.7
2026-04-12 21:50:37,BC_4,14.4,6.57,14.4,8.44,17.6,14.7
2026-04-12 21:50:37,BC_4,14.4,6.64,14.4,8.55,17.4,14.6
2026-04-12 21:50:37,BC_4,14.3,6.65,14.4,8.95,17.6,14.5
2026-04-12 21:50:38,BC_4,14.2,6.66,14.4,9.12,17.6,14.5
2026-04-12 21:50:38,BC_4,14.2,6.71,14.4,9.21,17.6,14.5
2026-04-12 21:50:39,BC_4,14.2,6.48,14.4,8.96,17.6,14.6
2026-04-12 21:50:39,BC_4,14.3,6.6,14.4,8.66,17.5,14.6
2026-04-12 21:50:39,BC_4,14.3,6.57,14.4,8.33,17.4,14.7
2026-04-12 21:50:40,BC_4,14.4,6.51,14.5,8.29,17.7,14.7
2026-04-12 21:50:40,BC_4,14.4,6.43,14.5,8.46,17.5,14.7
2026-04-12 21:50:40,BC_4,14.4,6.59,14.4,8.46,17.7,14.6
2026-04-12 21:50:41,BC_4,14.3,6.63,14.4,8.83,17.5,14.6
2026-04-12 21:50:41,BC_4,14.2,6.61,14.4,8.69,17.3,14.6
2026-04-12 21:50:41,BC_4,14.3,6.66,14.4,8.9,17.5,14.5
2026-04-12 21:50:42,BC_4,14.2,6.71,14.4,8.97,17.6,14.5
2026-04-12 21:50:42,BC_4,14.2,6.59,14.4,8.65,17.4,14.6
2026-04-12 21:50:42,BC_4,14.3,6.69,14.4,8.87,17.6,14.5
2026-04-12 21:50:43,BC_4,14.2,6.73,14.4,9.19,17.6,14.5
2026-04-12 21:50:43,BC_4,14.2,6.62,14.4,8.75,17.7,14.6
2026-04-12 21:50:44,BC_4,14.3,6.63,14.4,8.62,17.6,14.6
2026-04-12 21:50:44,BC_4,14.3,6.62,14.4,8.86,17.5,14.5
2026-04-12 21:50:44,BC_4,14.3,6.72,14.4,9.12,17.5,14.5
2026-04-12 21:50:45,BC_4,14.2,6.6,14.4,8.54,17.5,14.6
2026-04-12 21:50:45,BC_4,14.4,6.61,14.5,8.63,17.6,14.6
2026-04-12 21:50:45,BC_4,14.4,6.67,14.4,8.81,17.6,14.5
2026-04-12 21:50:46,BC_4,14.2,6.49,14.4,8.82,17.7,14.5
2026-04-12 21:50:46,BC_4,14.3,6.55,14.4,8.69,17.4,14.6
2026-04-12 21:50:46,BC_4,14.4,6.62,14.4,8.55,17.6,14.7
2026-04-12 21:50:47,BC_4,14.4,6.62,14.4,8.9,17.3,14.5
2026-04-12 21:50:47,BC_4,14.3,6.65,14.4,8.84,17.2,14.5
2026-04-12 21:50:48,BC_4,14.2,6.74,14.4,9.26,17.5,14.5
2026-04-12 21:50:48,BC_4,14.2,6.58,14.4,8.83,17.6,14.6
2026-04-12 21:50:48,BC_4,14.3,6.67,14.4,8.84,17.4,14.5
2026-04-12 21:50:49,BC_4,14.2,6.62,14.4,8.66,17.6,14.6
2026-04-12 21:50:49,BC_4,14.3,6.66,14.4,9.01,17.4,14.5
2026-04-12 21:50:49,BC_4,14.2,6.57,14.4,8.66,17.4,14.6
2026-04-12 21:50:50,BC_4,14.3,6.65,14.4,9.05,17.5,14.5
2026-04-12 21:50:50,BC_4,14.2,6.57,14.4,8.68,17.5,14.6
2026-04-12 21:50:50,BC_4,14.3,6.6,14.4,8.44,17.5,14.6
2026-04-12 21:50:51,BC_4,14.4,6.55,14.4,8.43,17.3,14.6
2026-04-12 21:50:51,BC_4,14.4,6.59,14.4,8.79,17.3,14.5
2026-04-12 21:50:51,BC_4,14.3,6.6,14.4,8.6,17.6,14.6
2026-04-12 21:50:52,BC_4,14.3,6.62,14.4,8.84,17.5,14.5
2026-04-12 21:50:52,BC_4,14.3,6.49,14.4,8.45,17.6,14.6
2026-04-12 21:50:53,BC_4,14.3,6.64,14.4,8.88,17.5,14.5
2026-04-12 21:50:53,BC_4,14.2,6.7,14.4,9.15,17.5,14.5
2026-04-12 21:50:53,BC_4,14.2,6.76,14.4,9.06,17.5,14.5
2026-04-12 21:50:54,BC_4,14.2,6.74,14.4,9.28,17.3,14.5
2026-04-12 21:50:54,BC_4,14.2,6.57,14.4,8.81,17.6,14.6
2026-04-12 21:50:54,BC_4,14.2,6.57,14.4,8.74,17.5,14.6
2026-04-12 21:50:55,BC_4,14.3,6.68,14.4,9.16,17.5,14.5
2026-04-12 21:50:55,BC_4,14.2,6.58,14.4,8.81,17.4,14.6
2026-04-12 21:50:55,BC_4,14.3,6.66,14.4,8.55,17.6,14.6
2026-04-12 21:50:56,BC_4,14.3,6.66,14.4,8.79,17.6,14.5
2026-04-12 21:50:56,BC_4,14.2,6.73,14.4,9.2,17.5,14.5
2026-04-12 21:50:56,BC_4,14.2,6.58,14.4,8.76,17.4,14.6
2026-04-12 21:50:57,BC_4,14.3,6.61,14.5,8.52,17.3,14.6
2026-04-12 21:50:57,BC_4,14.4,6.56,14.4,8.35,17.6,14.7
2026-04-12 21:50:58,BC_4,14.4,6.66,14.4,8.94,17.6,14.6
2026-04-12 21:50:58,BC_4,14.3,6.56,14.4,8.67,17.5,14.6
2026-04-12 21:50:58,BC_4,14.4,6.62,14.4,8.68,17.6,14.6
2026-04-12 21:50:59,BC_4,14.3,6.65,14.4,9.0,17.6,14.5
2026-04-12 21:50:59,BC_4,14.2,6.55,14.4,8.75,17.4,14.6
2026-04-12 21:50:59,BC_4,14.4,6.67,14.4,8.52,17.3,14.7
2026-04-12 21:51:00,BC_4,14.4,6.49,14.5,8.29,17.6,14.7
2026-04-12 21:51:00,BC_4,14.4,6.62,14.4,8.83,17.5,14.6
2026-04-12 21:51:00,BC_4,14.3,6.69,14.4,8.89,17.5,14.5
2026-04-12 21:51:01,BC_4,14.2,6.74,14.4,9.01,17.5,14.5
2026-04-12 21:51:01,BC_4,14.2,6.42,14.4,8.91,17.6,14.6
2026-04-12 21:51:01,BC_4,14.3,6.66,14.4,9.02,17.4,14.5
2026-04-12 21:51:02,BC_4,14.2,6.63,14.4,8.59,17.6,14.6
2026-04-12 21:51:02,BC_4,14.3,6.42,14.4,8.38,17.4,14.6
2026-04-12 21:51:03,BC_4,14.4,6.57,14.4,8.39,17.4,14.6
2026-04-12 21:51:03,BC_4,14.3,6.62,14.4,8.63,17.4,14.5
2026-04-12 21:51:03,BC_4,14.3,6.62,14.4,8.67,17.5,14.5
2026-04-12 21:51:04,BC_4,14.3,6.62,14.4,8.64,17.4,14.7
2026-04-12 21:51:04,BC_4,14.3,6.66,14.4,8.46,17.5,14.6
2026-04-12 21:51:04,BC_4,14.4,6.62,14.4,8.47,17.5,14.7
2026-04-12 21:51:05,BC_4,14.4,6.6,14.4,8.64,17.6,14.5
2026-04-12 21:51:05,BC_4,14.3,6.45,14.4,8.64,17.4,14.7
2026-04-12 21:51:06,BC_4,14.4,6.61,14.4,8.78,17.5,14.5
2026-04-12 21:51:06,BC_4,14.2,6.7,14.4,8.95,17.6,14.5
2026-04-12 21:51:06,BC_4,14.2,6.68,14.4,9.02,17.3,14.5
2026-04-12 21:51:07,BC_4,14.2,6.64,14.4,8.77,17.5,14.6
2026-04-12 21:51:07,BC_4,14.3,6.63,14.4,9.04,17.4,14.5
2026-04-12 21:51:07,BC_4,14.2,6.72,14.4,9.25,17.5,14.5
2026-04-12 21:51:08,BC_4,14.2,6.65,14.4,8.68,17.5,14.6
2026-04-12 21:51:08,BC_4,14.3,6.67,14.4,9.08,17.5,14.5
2026-04-12 21:51:08,BC_4,14.2,6.71,14.4,9.02,17.7,14.5
2026-04-12 21:51:09,BC_4,14.3,6.71,14.4,8.89,17.5,14.5
2026-04-12 21:51:09,BC_4,14.2,6.57,14.4,8.68,17.5,14.6
2026-04-12 21:51:09,BC_4,14.3,6.58,14.4,8.45,17.4,14.6
2026-04-12 21:51:10,BC_4,14.4,6.51,14.4,8.51,17.3,14.6
2026-04-12 21:51:10,BC_4,14.3,6.6,14.4,8.75,17.4,14.5
2026-04-12 21:51:11,BC_4,14.3,6.64,14.4,8.61,17.5,14.6
2026-04-12 21:51:11,BC_4,14.4,6.58,14.4,8.37,17.5,14.6
2026-04-12 21:51:11,BC_4,14.4,6.51,14.4,8.44,17.4,14.7
2026-04-12 21:51:12,BC_4,14.4,6.6,14.4,8.73,17.5,14.5
2026-04-12 21:51:12,BC_4,14.2,6.7,14.4,8.98,17.7,14.5
2026-04-12 21:51:12,BC_4,14.2,6.71,14.4,9.19,17.4,14.5
2026-04-12 21:51:13,BC_4,14.2,6.75,14.4,9.16,17.6,14.5
2026-04-12 21:51:13,BC_4,14.2,6.71,14.4,9.4,17.5,14.5
2026-04-12 21:51:13,BC_4,14.2,6.74,14.4,9.22,17.7,14.5
2026-04-12 21:51:14,BC_4,14.3,6.72,14.4,9.15,17.6,14.5
2026-04-12 21:51:14,BC_4,14.2,6.73,14.4,9.35,17.6,14.5
2026-04-12 21:51:14,BC_4,14.2,6.69,14.4,8.91,17.5,14.6
2026-04-12 21:51:15,BC_4,14.3,6.68,14.4,8.66,17.6,14.6
2026-04-12 21:51:15,BC_4,14.3,6.65,14.4,8.68,17.5,14.6
2026-04-12 21:51:16,BC_4,14.4,6.64,14.4,8.78,17.6,14.5
2026-04-12 21:51:16,BC_4,14.2,6.71,14.4,9.06,17.3,14.5
2026-04-12 21:51:16,BC_4,14.2,6.76,14.4,9.1,17.6,14.5
2026-04-12 21:51:17,BC_4,14.2,6.67,14.4,8.93,17.5,14.6
2026-04-12 21:51:17,BC_4,14.3,6.65,14.4,9.06,17.5,14.5
2026-04-12 21:51:17,BC_4,14.2,6.72,14.4,9.25,17.5,14.5
2026-04-12 21:51:18,BC_4,14.2,6.77,14.4,9.17,17.5,14.5
2026-04-12 21:51:18,BC_4,14.2,6.61,14.4,9.06,17.6,14.6
2026-04-12 21:51:18,BC_4,14.3,6.72,14.4,8.92,17.5,14.6
2026-04-12 21:51:19,BC_4,14.3,6.69,14.4,9.1,17.6,14.5
2026-04-12 21:51:19,BC_4,14.2,6.51,14.4,8.88,17.5,14.6
2026-04-12 21:51:19,BC_4,14.3,6.64,14.5,8.58,17.6,14.6
2026-04-12 21:51:20,BC_4,14.4,6.64,14.4,8.52,17.4,14.7
2026-04-12 21:51:20,BC_4,14.4,6.51,14.5,8.38,17.4,14.7
2026-04-12 21:51:21,BC_4,14.4,6.63,14.4,8.79,17.5,14.6
2026-04-12 21:51:21,BC_4,14.3,6.67,14.4,8.86,17.7,14.6
2026-04-12 21:51:21,BC_4,14.3,6.57,14.4,8.71,17.2,14.6
2026-04-12 21:51:22,BC_4,14.3,6.55,14.4,8.41,17.4,14.6
2026-04-12 21:51:22,BC_4,14.4,6.58,14.4,8.33,17.5,14.6
2026-04-12 21:51:22,BC_4,14.4,6.61,14.4,8.51,17.4,14.5
2026-04-12 21:51:23,BC_4,14.3,6.55,14.4,8.59,17.4,14.6
2026-04-12 21:51:23,BC_4,14.4,6.56,14.5,8.43,17.4,14.7
2026-04-12 21:51:23,BC_4,14.4,6.5,14.5,8.41,17.3,14.6
2026-04-12 21:51:24,BC_4,14.4,6.61,14.4,8.67,17.6,14.6
2026-04-12 21:51:24,BC_4,14.3,6.58,14.4,8.51,17.3,14.6
2026-04-12 21:51:25,BC_4,14.3,6.62,14.5,8.35,17.5,14.7
2026-04-12 21:51:25,BC_4,14.4,6.65,14.4,8.76,17.5,14.6
2026-04-12 21:51:25,BC_4,14.3,6.67,14.4,8.88,17.6,14.5
2026-04-12 21:51:26,BC_4,14.3,6.58,14.4,8.68,17.6,14.6
2026-04-12 21:51:26,BC_4,14.3,6.64,14.4,8.57,17.4,14.6
2026-04-12 21:51:26,BC_4,14.4,6.49,14.5,8.25,17.4,14.7
2026-04-12 21:51:27,BC_4,14.4,6.61,14.4,8.82,17.2,14.5
2026-04-12 21:51:27,BC_4,14.3,6.69,14.4,8.91,17.6,14.5
2026-04-12 21:51:27,BC_4,14.2,6.73,14.4,9.11,17.5,14.5
2026-04-12 21:51:28,BC_4,14.2,6.58,14.4,8.83,17.5,14.6
2026-04-12 21:51:28,BC_4,14.3,6.66,14.4,8.99,17.4,14.5
2026-04-12 21:51:28,BC_4,14.3,6.59,14.4,8.67,17.5,14.6
2026-04-12 21:51:29,BC_4,14.4,6.68,14.4,8.97,17.4,14.5
2026-04-12 21:51:29,BC_4,14.3,6.73,14.4,8.95,17.6,14.5
2026-04-12 21:51:30,BC_4,14.2,6.54,14.4,8.79,17.5,14.6
2026-04-12 21:51:30,BC_4,14.4,6.62,14.4,8.52,17.4,14.6
2026-04-12 21:51:30,BC_4,14.4,6.59,14.4,8.77,17.5,14.5
2026-04-12 21:51:31,BC_4,14.3,6.6,14.4,8.65,17.5,14.6
2026-04-12 21:51:31,BC_4,14.4,6.66,14.4,8.87,17.5,14.5
2026-04-12 21:51:31,BC_4,14.3,6.52,14.4,8.59,17.2,14.6
2026-04-12 21:51:32,BC_4,14.3,6.68,14.4,8.95,17.6,14.5
2026-04-12 21:51:32,BC_4,14.3,6.7,14.4,9.08,17.5,14.5
2026-04-12 21:51:32,BC_4,14.2,6.57,14.4,8.84,17.4,14.6
2026-04-12 21:51:33,BC_4,14.3,6.67,14.4,9.14,17.5,14.5
2026-04-12 21:51:33,BC_4,14.2,6.71,14.4,9.12,17.6,14.5
2026-04-12 21:51:33,BC_4,14.2,6.22,14.4,9.03,17.2,14.5
2026-04-12 21:51:34,BC_4,14.2,6.54,14.4,8.74,17.6,14.6
2026-04-12 21:51:34,BC_4,14.3,6.66,14.4,9.0,17.6,14.5
2026-04-12 21:51:35,BC_4,14.2,6.7,14.4,9.01,17.6,14.5
2026-04-12 21:51:35,BC_4,14.2,6.73,14.4,9.22,17.3,14.5
2026-04-12 21:51:35,BC_4,14.2,6.76,14.4,9.46,17.5,14.5
2026-04-12 21:51:36,BC_4,14.2,6.67,14.4,8.81,17.2,14.5
2026-04-12 21:51:36,BC_4,14.2,6.59,14.4,8.72,17.5,14.6
2026-04-12 21:51:36,BC_4,14.3,6.7,14.4,9.07,17.2,14.5
2026-04-12 21:51:37,BC_4,14.2,6.73,14.4,9.04,17.4,14.5
2026-04-12 21:51:37,BC_4,14.2,6.59,14.4,8.94,17.5,14.6
2026-04-12 21:51:37,BC_4,14.3,6.67,14.4,9.15,17.5,14.5
2026-04-12 21:51:38,BC_4,14.2,6.75,14.4,9.21,17.6,14.5
2026-04-12 21:51:38,BC_4,14.2,6.55,14.4,8.7,17.5,14.6
2026-04-12 21:51:38,BC_4,14.3,6.65,14.4,8.66,17.5,14.6
2026-04-12 21:51:39,BC_4,14.4,6.69,14.4,8.92,17.6,14.5
2026-04-12 21:51:43,CD_1,14.4,6.56,14.5,8.96,18.0,14.7
2026-04-12 21:51:43,CD_1,14.5,6.6,14.4,9.23,17.8,14.6
2026-04-12 21:51:44,CD_1,14.2,6.69,14.4,9.35,17.9,14.5
2026-04-12 21:51:44,CD_1,14.3,6.71,14.4,9.01,17.7,14.6
2026-04-12 21:51:44,CD_1,14.3,6.67,14.4,8.94,17.5,14.6
2026-04-12 21:51:45,CD_1,14.4,6.67,14.4,9.17,17.4,14.5
2026-04-12 21:51:45,CD_1,14.3,6.56,14.4,8.93,17.7,14.6
2026-04-12 21:51:45,CD_1,14.4,6.68,14.4,9.18,17.6,14.5
2026-04-12 21:51:46,CD_1,14.3,6.72,14.4,9.13,17.8,14.5
2026-04-12 21:51:46,CD_1,14.2,6.59,14.4,8.97,17.7,14.6
2026-04-12 21:51:47,CD_1,14.4,6.78,14.4,9.09,17.8,14.5
2026-04-12 21:51:47,CD_1,14.3,6.82,14.4,9.41,17.4,14.5
2026-04-12 21:51:47,CD_1,14.3,6.8,14.4,9.28,17.8,14.5
2026-04-12 21:51:48,CD_1,14.3,6.79,14.4,8.93,17.6,14.6
2026-04-12 21:51:48,CD_1,14.4,6.75,14.4,8.81,17.5,14.6
2026-04-12 21:51:48,CD_1,14.4,6.69,14.5,8.85,17.8,14.7
2026-04-12 21:51:49,CD_1,14.5,6.72,14.4,9.1,17.8,14.6
2026-04-12 21:51:49,CD_1,14.3,6.58,14.4,8.85,17.8,14.6
2026-04-12 21:51:49,CD_1,14.3,6.61,14.4,8.86,17.4,14.6
2026-04-12 21:51:50,CD_1,14.4,6.76,14.5,8.73,17.6,14.7
2026-04-12 21:51:50,CD_1,14.4,6.75,14.5,9.02,17.6,14.6
2026-04-12 21:51:50,CD_1,14.3,6.78,14.4,8.82,17.7,14.6
2026-04-12 21:51:51,CD_1,14.4,6.74,14.4,9.08,17.7,14.5
2026-04-12 21:51:51,CD_1,14.3,6.68,14.4,8.77,17.7,14.6
2026-04-12 21:51:52,CD_1,14.4,6.69,14.4,9.04,17.6,14.5
2026-04-12 21:51:52,CD_1,14.3,6.76,14.4,9.11,17.7,14.5
2026-04-12 21:51:52,CD_1,14.3,6.58,14.4,8.98,17.7,14.6
2026-04-12 21:51:53,CD_1,14.4,6.69,14.4,8.68,17.4,14.6
2026-04-12 21:51:53,CD_1,14.4,6.75,14.4,8.78,17.4,14.5
2026-04-12 21:51:53,CD_1,14.3,6.76,14.4,9.08,17.3,14.5
2026-04-12 21:51:54,CD_1,14.3,6.72,14.4,8.84,17.6,14.6
2026-04-12 21:51:54,CD_1,14.4,6.69,14.4,9.0,17.3,14.5
2026-04-12 21:51:54,CD_1,14.3,6.63,14.4,8.83,17.6,14.6
2026-04-12 21:51:55,CD_1,14.4,6.72,14.4,9.15,17.6,14.5
2026-04-12 21:51:55,CD_1,14.3,6.7,14.4,8.66,17.6,14.6
2026-04-12 21:51:55,CD_1,14.4,6.73,14.4,9.05,17.6,14.5
2026-04-12 21:51:56,CD_1,14.3,6.74,14.4,9.16,17.6,14.5
2026-04-12 21:51:56,CD_1,14.2,6.65,14.4,8.95,17.5,14.6
2026-04-12 21:51:57,CD_1,14.4,6.58,14.4,8.81,17.6,14.6
2026-04-12 21:51:57,CD_1,14.4,6.68,14.4,9.06,17.4,14.5
2026-04-12 21:51:57,CD_1,14.3,6.73,14.4,9.14,17.6,14.5
2026-04-12 21:51:58,CD_1,14.2,6.77,14.4,9.28,17.6,14.5
2026-04-12 21:51:58,CD_1,14.2,6.56,14.4,9.05,17.6,14.6
2026-04-12 21:51:58,CD_1,14.3,6.7,14.4,9.13,17.4,14.5
2026-04-12 21:51:59,CD_1,14.2,6.73,14.4,9.18,17.8,14.5
2026-04-12 21:51:59,CD_1,14.2,6.79,14.4,9.29,17.6,14.4
2026-04-12 21:51:59,CD_1,14.2,6.78,14.4,9.24,17.4,14.4
2026-04-12 21:52:00,CD_1,14.3,6.7,14.4,8.96,17.6,14.6
2026-04-12 21:52:00,CD_1,14.3,6.73,14.4,8.99,17.7,14.5
2026-04-12 21:52:00,CD_1,14.2,6.76,14.4,9.29,17.4,14.4
2026-04-12 21:52:01,CD_1,14.2,6.49,14.4,8.87,17.6,14.6
2026-04-12 21:52:01,CD_1,14.3,6.7,14.4,9.2,17.6,14.5
2026-04-12 21:52:02,CD_1,14.2,6.51,14.4,8.88,17.4,14.6
2026-04-12 21:52:02,CD_1,14.3,6.68,14.4,9.08,17.6,14.5
2026-04-12 21:52:02,CD_1,14.2,6.75,14.4,9.14,17.6,14.4
2026-04-12 21:52:03,CD_1,14.2,6.59,14.4,8.75,17.6,14.6
2026-04-12 21:52:03,CD_1,14.3,6.65,14.4,9.18,17.6,14.5
2026-04-12 21:52:03,CD_1,14.2,6.62,14.4,8.87,17.6,14.6
2026-04-12 21:52:04,CD_1,14.3,6.67,14.4,8.76,17.6,14.6
2026-04-12 21:52:04,CD_1,14.4,6.67,14.4,8.96,17.5,14.5
2026-04-12 21:52:04,CD_1,14.3,6.75,14.4,9.03,17.7,14.5
2026-04-12 21:52:05,CD_1,14.2,6.57,14.4,8.65,17.4,14.5
2026-04-12 21:52:05,CD_1,14.4,6.64,14.4,8.63,17.4,14.5
2026-04-12 21:52:05,CD_1,14.3,6.59,14.4,8.67,17.5,14.6
2026-04-12 21:52:06,CD_1,14.4,6.69,14.4,8.84,17.4,14.5
2026-04-12 21:52:06,CD_1,14.3,6.63,14.4,8.62,17.5,14.6
2026-04-12 21:52:07,CD_1,14.4,6.71,14.4,9.05,17.7,14.5
2026-04-12 21:52:07,CD_1,14.3,6.73,14.4,9.11,17.6,14.5
2026-04-12 21:52:07,CD_1,14.2,6.73,14.4,9.25,17.5,14.4
2026-04-12 21:52:08,CD_1,14.2,6.77,14.4,9.36,17.6,14.4
2026-04-12 21:52:08,CD_1,14.2,6.46,14.4,8.99,17.4,14.5
2026-04-12 21:52:08,CD_1,14.3,6.57,14.4,8.69,17.5,14.6
2026-04-12 21:52:09,CD_1,14.4,6.73,14.4,9.02,17.7,14.5
2026-04-12 21:52:09,CD_1,14.3,6.75,14.4,9.2,17.5,14.5
2026-04-12 21:52:09,CD_1,14.2,6.81,14.4,9.35,17.5,14.4
2026-04-12 21:52:10,CD_1,14.2,6.6,14.4,8.84,17.6,14.6
2026-04-12 21:52:10,CD_1,14.3,6.73,14.4,9.19,17.7,14.5
2026-04-12 21:52:10,CD_1,14.3,6.8,14.4,9.08,17.5,14.5
2026-04-12 21:52:11,CD_1,14.3,6.67,14.4,8.65,17.7,14.6
2026-04-12 21:52:11,CD_1,14.4,6.65,14.4,8.67,17.6,14.6
2026-04-12 21:52:12,CD_1,14.4,6.71,14.4,8.92,17.6,14.6
2026-04-12 21:52:12,CD_1,14.3,6.67,14.4,8.76,17.5,14.7
2026-04-12 21:52:12,CD_1,14.4,6.64,14.5,8.72,17.6,14.7
2026-04-12 21:52:13,CD_1,14.5,6.74,14.5,9.02,17.5,14.6
2026-04-12 21:52:13,CD_1,14.4,6.85,14.4,9.07,17.7,14.5
2026-04-12 21:52:13,CD_1,14.3,6.82,14.5,9.31,17.7,14.5
2026-04-12 21:52:14,CD_1,14.3,6.82,14.4,9.23,17.7,14.5
2026-04-12 21:52:14,CD_1,14.3,6.86,14.4,9.52,17.6,14.5
2026-04-12 21:52:14,CD_1,14.2,6.73,14.4,9.01,17.6,14.6
2026-04-12 21:52:15,CD_1,14.4,6.82,14.5,8.88,17.6,14.6
2026-04-12 21:52:15,CD_1,14.4,6.74,14.4,8.71,17.7,14.6
2026-04-12 21:52:15,CD_1,14.4,6.74,14.4,8.9,17.6,14.6
2026-04-12 21:52:16,CD_1,14.4,6.71,14.4,9.07,17.6,14.5
2026-04-12 21:52:16,CD_1,14.3,6.79,14.4,9.05,17.5,14.5
2026-04-12 21:52:17,CD_1,14.3,6.73,14.4,8.8,17.2,14.5
2026-04-12 21:52:17,CD_1,14.3,6.64,14.4,8.71,17.5,14.6
2026-04-12 21:52:17,CD_1,14.4,6.63,14.4,8.63,17.5,14.6
2026-04-12 21:52:18,CD_1,14.4,6.66,14.4,8.64,17.5,14.6
2026-04-12 21:52:18,CD_1,14.3,6.68,14.4,9.0,17.6,14.5
2026-04-12 21:52:18,CD_1,14.3,6.54,14.4,8.81,17.4,14.6
2026-04-12 21:52:19,CD_1,14.4,6.62,14.4,8.48,17.6,14.6
2026-04-12 21:52:19,CD_1,14.4,6.7,14.4,8.91,17.6,14.5
2026-04-12 21:52:19,CD_1,14.3,6.63,14.4,8.71,17.6,14.6
2026-04-12 21:52:20,CD_1,14.4,6.7,14.4,8.95,17.6,14.5
2026-04-12 21:52:20,CD_1,14.3,6.75,14.4,8.99,17.6,14.6
2026-04-12 21:52:21,CD_1,14.4,6.64,14.4,8.8,17.6,14.7
2026-04-12 21:52:21,CD_1,14.4,6.76,14.4,9.14,17.5,14.5
2026-04-12 21:52:21,CD_1,14.3,6.68,14.5,8.87,17.7,14.6
2026-04-12 21:52:22,CD_1,14.4,6.79,14.4,9.1,17.5,14.5
2026-04-12 21:52:22,CD_1,14.3,6.68,14.4,8.69,17.4,14.5
2026-04-12 21:52:22,CD_1,14.4,6.62,14.4,8.63,17.6,14.6
2026-04-12 21:52:23,CD_1,14.4,6.63,14.4,8.82,17.5,14.5
2026-04-12 21:52:23,CD_1,14.3,6.56,14.4,8.74,17.6,14.6
2026-04-12 21:52:23,CD_1,14.4,6.61,14.4,8.48,17.6,14.6
2026-04-12 21:52:24,CD_1,14.4,6.61,14.4,8.48,17.5,14.7
2026-04-12 21:52:24,CD_1,14.4,6.66,14.4,8.67,17.4,14.5
2026-04-12 21:52:24,CD_1,14.3,6.52,14.4,8.61,17.5,14.6
2026-04-12 21:52:25,CD_1,14.4,6.69,14.4,8.96,17.4,14.5
2026-04-12 21:52:25,CD_1,14.3,6.76,14.4,9.06,17.6,14.5
2026-04-12 21:52:26,CD_1,14.2,6.61,14.4,8.93,17.5,14.6
2026-04-12 21:52:26,CD_1,14.4,6.76,14.4,8.73,17.5,14.6
2026-04-12 21:52:26,CD_1,14.4,6.79,14.5,9.03,17.4,14.6
2026-04-12 21:52:27,CD_1,14.4,6.83,14.4,9.12,17.6,14.5
2026-04-12 21:52:27,CD_1,14.3,6.68,14.5,9.05,17.6,14.6
2026-04-12 21:52:27,CD_1,14.4,6.79,14.4,8.89,17.5,14.6
2026-04-12 21:52:28,CD_1,14.3,6.75,14.4,8.78,17.4,14.5
2026-04-12 21:52:28,CD_1,14.3,6.64,14.4,8.78,17.6,14.6
2026-04-12 21:52:28,CD_1,14.4,6.73,14.4,8.91,17.6,14.5
2026-04-12 21:52:29,CD_1,14.3,6.61,14.4,8.82,17.3,14.6
2026-04-12 21:52:29,CD_1,14.4,6.7,14.4,8.85,17.5,14.5
2026-04-12 21:52:29,CD_1,14.3,6.74,14.4,9.26,17.6,14.5
2026-04-12 21:52:30,CD_1,14.2,6.79,14.4,9.23,17.7,14.4
2026-04-12 21:52:30,CD_1,14.2,6.81,14.4,9.21,17.5,14.5
2026-04-12 21:52:31,CD_1,14.2,6.78,14.4,9.53,17.5,14.4
2026-04-12 21:52:31,CD_1,14.2,6.81,14.4,9.58,17.6,14.4
2026-04-12 21:52:31,CD_1,14.2,6.82,14.4,9.51,17.5,14.4
2026-04-12 21:52:32,CD_1,14.2,6.81,14.4,9.57,17.6,14.4
2026-04-12 21:52:32,CD_1,14.2,6.79,14.4,9.61,17.5,14.4
2026-04-12 21:52:32,CD_1,14.2,6.79,14.4,9.56,17.6,14.4
2026-04-12 21:52:33,CD_1,14.2,6.83,14.4,9.13,17.5,14.4
2026-04-12 21:52:33,CD_1,14.2,6.69,14.4,9.01,17.5,14.5
2026-04-12 21:52:33,CD_1,14.3,6.76,14.4,9.16,17.3,14.5
2026-04-12 21:52:34,CD_1,14.2,6.74,14.4,9.42,17.6,14.4
2026-04-12 21:52:34,CD_1,14.2,6.78,14.4,9.46,17.6,14.4
2026-04-12 21:52:34,CD_1,14.2,6.84,14.4,9.44,17.5,14.4
2026-04-12 21:52:35,CD_1,14.2,6.73,14.4,9.1,17.5,14.5
2026-04-12 21:52:35,CD_1,14.3,6.75,14.4,9.17,17.6,14.4
2026-04-12 21:52:35,CD_1,14.2,6.78,14.4,9.34,17.5,14.4
2026-04-12 21:52:36,CD_1,14.2,6.76,14.4,8.97,17.5,14.5
2026-04-12 21:52:36,CD_1,14.3,6.73,14.4,9.24,17.5,14.5
2026-04-12 21:52:37,CD_1,14.2,6.76,14.4,9.35,17.7,14.4
2026-04-12 21:52:37,CD_1,14.2,6.65,14.4,8.98,17.5,14.6
2026-04-12 21:52:37,CD_1,14.3,6.72,14.4,9.27,17.7,14.5
2026-04-12 21:52:38,CD_1,14.2,6.78,14.4,9.43,17.5,14.5
2026-04-12 21:52:38,CD_1,14.3,6.84,14.4,9.35,17.6,14.5
2026-04-12 21:52:38,CD_1,14.3,6.75,14.4,9.03,17.5,14.6
2026-04-12 21:52:39,CD_1,14.4,6.61,14.4,8.9,17.6,14.6
2026-04-12 21:52:39,CD_1,14.4,6.75,14.4,9.14,17.6,14.5
2026-04-12 21:52:39,CD_1,14.3,6.8,14.4,9.26,17.6,14.5
2026-04-12 21:52:40,CD_1,14.2,6.82,14.4,9.5,17.6,14.5
2026-04-12 21:52:40,CD_1,14.2,6.65,14.4,8.98,17.2,14.5
2026-04-12 21:52:40,CD_1,14.3,6.69,14.4,8.82,17.5,14.6
2026-04-12 21:52:41,CD_1,14.4,6.74,14.4,9.1,17.5,14.5
2026-04-12 21:52:41,CD_1,14.3,6.56,14.4,8.89,17.5,14.6
2026-04-12 21:52:42,CD_1,14.4,6.73,14.4,9.0,17.7,14.5
2026-04-12 21:52:42,CD_1,14.2,6.76,14.4,9.39,17.5,14.5
2026-04-12 21:52:42,CD_1,14.3,6.75,14.4,9.44,17.6,14.5
2026-04-12 21:52:43,CD_1,14.2,6.77,14.4,9.55,17.5,14.4
2026-04-12 21:52:43,CD_1,14.2,6.81,14.4,9.49,17.6,14.4
2026-04-12 21:52:43,CD_1,14.2,6.63,14.4,8.92,17.3,14.5
2026-04-12 21:52:44,CD_1,14.2,6.66,14.4,8.89,17.5,14.6
2026-04-12 21:52:44,CD_1,14.3,6.7,14.4,9.09,17.6,14.5
2026-04-12 21:52:44,CD_1,14.2,6.51,14.4,8.88,17.6,14.6
2026-04-12 21:52:45,CD_1,14.3,6.67,14.4,8.59,17.5,14.6
2026-04-12 21:52:45,CD_1,14.4,6.67,14.4,9.03,17.6,14.5
2026-04-12 21:52:45,CD_1,14.2,6.74,14.4,9.16,17.7,14.5
2026-04-12 21:52:46,CD_1,14.2,6.78,14.4,9.32,17.5,14.4
2026-04-12 21:52:46,CD_1,14.2,6.61,14.4,8.95,17.5,14.6
2026-04-12 21:52:47,CD_1,14.3,6.66,14.4,8.76,17.5,14.6
2026-04-12 21:52:47,CD_1,14.4,6.58,14.4,8.53,17.5,14.6
2026-04-12 21:52:47,CD_1,14.4,6.66,14.4,8.44,17.6,14.6
2026-04-12 21:52:48,CD_1,14.4,6.63,14.4,8.89,17.6,14.5
2026-04-12 21:52:48,CD_1,14.3,6.75,14.4,9.06,17.6,14.5
2026-04-12 21:52:48,CD_1,14.2,6.72,14.4,9.25,17.5,14.5
2026-04-12 21:52:49,CD_1,14.2,6.74,14.4,9.08,17.5,14.4
2026-04-12 21:52:49,CD_1,14.3,6.66,14.4,8.8,17.5,14.5
2026-04-12 21:52:49,CD_1,14.3,6.62,14.4,8.69,17.5,14.5
2026-04-12 21:52:50,CD_1,14.3,6.7,14.4,8.91,17.6,14.5
2026-04-12 21:52:50,CD_1,14.2,6.62,14.4,8.8,17.4,14.6
2026-04-12 21:52:50,CD_1,14.3,6.48,14.4,8.68,17.6,14.6
2026-04-12 21:52:51,CD_1,14.3,6.63,14.4,8.59,17.5,14.6
2026-04-12 21:52:51,CD_1,14.4,6.65,14.4,8.84,17.5,14.5
2026-04-12 21:52:52,CD_1,14.3,6.68,14.4,9.19,17.5,14.5
2026-04-12 21:52:52,CD_1,14.2,6.58,14.4,8.83,17.6,14.6
2026-04-12 21:52:52,CD_1,14.4,6.65,14.4,8.54,17.5,14.6
2026-04-12 21:52:53,CD_1,14.4,6.64,14.4,8.58,17.6,14.6
2026-04-12 21:52:53,CD_1,14.4,6.55,14.4,8.54,17.5,14.6
2026-04-12 21:52:53,CD_1,14.4,6.63,14.4,8.51,17.5,14.7
2026-04-12 21:52:54,CD_1,14.4,6.63,14.4,8.65,17.6,14.5
2026-04-12 21:52:54,CD_1,14.3,6.71,14.4,9.03,17.6,14.5
2026-04-12 21:52:58,CD_2,14.5,6.49,14.5,8.89,17.7,14.7
2026-04-12 21:52:58,CD_2,14.4,6.55,14.4,8.77,17.7,14.7
2026-04-12 21:52:58,CD_2,14.5,6.45,14.5,8.74,17.8,14.7
2026-04-12 21:52:59,CD_2,14.5,6.51,14.4,8.54,17.6,14.6
2026-04-12 21:52:59,CD_2,14.4,6.47,14.5,8.57,17.8,14.7
2026-04-12 21:53:00,CD_2,14.4,6.56,14.4,8.87,17.7,14.5
2026-04-12 21:53:00,CD_2,14.3,6.33,14.4,8.75,17.6,14.7
2026-04-12 21:53:00,CD_2,14.4,6.57,14.4,8.59,17.7,14.6
2026-04-12 21:53:01,CD_2,14.4,6.52,14.4,8.49,17.4,14.7
2026-04-12 21:53:01,CD_2,14.5,6.59,14.4,8.74,17.6,14.6
2026-04-12 21:53:01,CD_2,14.3,6.64,14.4,8.9,17.5,14.5
2026-04-12 21:53:02,CD_2,14.3,6.68,14.4,9.26,17.6,14.5
2026-04-12 21:53:02,CD_2,14.3,6.65,14.4,9.28,17.7,14.5
2026-04-12 21:53:02,CD_2,14.2,6.68,14.4,9.41,17.6,14.5
2026-04-12 21:53:03,CD_2,14.3,6.7,14.4,9.43,17.6,14.5
2026-04-12 21:53:03,CD_2,14.2,6.53,14.4,9.05,17.6,14.6
2026-04-12 21:53:03,CD_2,14.4,6.58,14.4,8.72,17.5,14.6
2026-04-12 21:53:04,CD_2,14.4,6.53,14.4,9.02,17.6,14.5
2026-04-12 21:53:04,CD_2,14.3,6.49,14.4,8.67,17.3,14.5
2026-04-12 21:53:05,CD_2,14.4,6.5,14.4,8.57,17.6,14.6
2026-04-12 21:53:05,CD_2,14.4,6.52,14.4,8.77,17.5,14.5
2026-04-12 21:53:05,CD_2,14.3,6.6,14.4,8.64,17.3,14.5
2026-04-12 21:53:06,CD_2,14.3,6.58,14.4,8.67,17.5,14.6
2026-04-12 21:53:06,CD_2,14.4,6.58,14.4,8.46,17.6,14.6
2026-04-12 21:53:06,CD_2,14.4,6.52,14.4,8.33,17.4,14.7
2026-04-12 21:53:07,CD_2,14.4,6.54,14.4,8.8,17.5,14.5
2026-04-12 21:53:07,CD_2,14.3,6.5,14.4,8.65,17.6,14.6
2026-04-12 21:53:07,CD_2,14.4,6.58,14.4,8.6,17.6,14.7
2026-04-12 21:53:08,CD_2,14.4,6.59,14.4,8.7,17.5,14.5
2026-04-12 21:53:08,CD_2,14.3,6.53,14.4,8.67,17.5,14.6
2026-04-12 21:53:09,CD_2,14.4,6.49,14.4,8.58,17.5,14.7
2026-04-12 21:53:09,CD_2,14.4,6.62,14.4,8.78,17.6,14.5
2026-04-12 21:53:09,CD_2,14.3,6.7,14.4,9.09,17.6,14.5
2026-04-12 21:53:10,CD_2,14.3,6.73,14.4,9.15,17.4,14.5
2026-04-12 21:53:10,CD_2,14.2,6.56,14.4,8.83,17.4,14.6
2026-04-12 21:53:10,CD_2,14.3,6.56,14.4,8.72,17.3,14.6
2026-04-12 21:53:11,CD_2,14.4,6.66,14.4,8.91,17.6,14.5
2026-04-12 21:53:11,CD_2,14.3,6.68,14.4,9.11,17.6,14.5
2026-04-12 21:53:11,CD_2,14.2,6.68,14.4,8.82,17.5,14.5
2026-04-12 21:53:12,CD_2,14.4,6.61,14.4,8.72,17.6,14.6
2026-04-12 21:53:12,CD_2,14.4,6.61,14.4,8.96,17.5,14.5
2026-04-12 21:53:12,CD_2,14.3,6.67,14.4,8.72,17.5,14.6
2026-04-12 21:53:13,CD_2,14.4,6.62,14.4,9.0,17.6,14.5
2026-04-12 21:53:13,CD_2,14.3,6.68,14.4,9.21,17.5,14.5
2026-04-12 21:53:14,CD_2,14.2,6.48,14.4,8.77,17.7,14.6
2026-04-12 21:53:14,CD_2,14.4,6.47,14.4,8.72,17.6,14.6
2026-04-12 21:53:14,CD_2,14.3,6.64,14.4,9.07,17.4,14.5
2026-04-12 21:53:15,CD_2,14.3,6.67,14.4,9.36,17.7,14.5
2026-04-12 21:53:15,CD_2,14.3,6.45,14.4,8.93,17.8,14.6
2026-04-12 21:53:15,CD_2,14.4,6.55,14.4,8.64,17.3,14.6
2026-04-12 21:53:16,CD_2,14.4,6.56,14.4,8.86,17.6,14.5
2026-04-12 21:53:16,CD_2,14.3,6.52,14.4,8.82,17.5,14.6
2026-04-12 21:53:16,CD_2,14.4,6.62,14.4,8.93,17.7,14.5
2026-04-12 21:53:17,CD_2,14.3,6.69,14.4,9.04,17.5,14.5
2026-04-12 21:53:17,CD_2,14.3,6.63,14.4,8.81,17.3,14.5
2026-04-12 21:53:17,CD_2,14.3,6.55,14.4,8.75,17.5,14.6
2026-04-12 21:53:18,CD_2,14.4,6.62,14.4,8.74,17.5,14.5
2026-04-12 21:53:18,CD_2,14.3,6.46,14.4,8.88,17.6,14.6
2026-04-12 21:53:19,CD_2,14.4,6.6,14.4,8.95,17.6,14.5
2026-04-12 21:53:19,CD_2,14.3,6.68,14.4,9.14,17.6,14.5
2026-04-12 21:53:19,CD_2,14.3,6.54,14.4,8.94,17.4,14.6
2026-04-12 21:53:20,CD_2,14.3,6.66,14.4,9.1,17.6,14.5
2026-04-12 21:53:20,CD_2,14.3,6.48,14.4,8.95,17.4,14.6
2026-04-12 21:53:20,CD_2,14.3,6.65,14.4,8.96,17.6,14.5
2026-04-12 21:53:21,CD_2,14.3,6.61,14.4,8.79,17.5,14.6
2026-04-12 21:53:21,CD_2,14.4,6.48,14.4,8.58,17.4,14.6
2026-04-12 21:53:21,CD_2,14.4,6.6,14.4,8.54,17.4,14.6
2026-04-12 21:53:22,CD_2,14.3,6.51,14.4,8.63,17.4,14.6
2026-04-12 21:53:22,CD_2,14.4,6.61,14.4,8.92,17.6,14.5
2026-04-12 21:53:23,CD_2,14.3,6.64,14.4,8.71,17.4,14.6
2026-04-12 21:53:23,CD_2,14.4,6.57,14.4,8.41,17.4,14.5
2026-04-12 21:53:23,CD_2,14.3,6.54,14.4,8.41,17.4,14.5
2026-04-12 21:53:24,CD_2,14.3,6.57,14.4,8.52,17.5,14.6
2026-04-12 21:53:24,CD_2,14.4,6.49,14.4,8.35,17.3,14.5
2026-04-12 21:53:24,CD_2,14.3,6.53,14.4,8.31,17.3,14.6
2026-04-12 21:53:25,CD_2,14.4,6.61,14.4,8.69,17.5,14.5
2026-04-12 21:53:25,CD_2,14.3,6.7,14.4,8.94,17.4,14.5
2026-04-12 21:53:25,CD_2,14.3,6.7,14.4,9.13,17.5,14.5
2026-04-12 21:53:26,CD_2,14.2,6.72,14.4,9.34,17.5,14.5
2026-04-12 21:53:26,CD_2,14.3,6.76,14.4,9.35,17.5,14.4
2026-04-12 21:53:26,CD_2,14.2,6.77,14.4,9.29,17.6,14.4
2026-04-12 21:53:27,CD_2,14.2,6.78,14.3,9.3,17.4,14.4
2026-04-12 21:53:27,CD_2,14.2,6.59,14.4,9.07,17.4,14.5
2026-04-12 21:53:28,CD_2,14.3,6.72,14.4,9.14,17.4,14.5
2026-04-12 21:53:28,CD_2,14.2,6.76,14.4,9.1,17.3,14.4
2026-04-12 21:53:28,CD_2,14.2,6.77,14.4,9.35,17.5,14.4
2026-04-12 21:53:29,CD_2,14.2,6.57,14.4,8.89,17.6,14.6
2026-04-12 21:53:29,CD_2,14.3,6.69,14.4,8.76,17.5,14.6
2026-04-12 21:53:29,CD_2,14.4,6.5,14.4,8.5,17.4,14.6
2026-04-12 21:53:30,CD_2,14.4,6.55,14.4,8.37,17.5,14.6
2026-04-12 21:53:30,CD_2,14.4,6.6,14.4,8.5,17.6,14.7
2026-04-12 21:53:30,CD_2,14.4,6.57,14.4,8.33,17.5,14.7
2026-04-12 21:53:31,CD_2,14.4,6.64,14.4,8.82,17.3,14.5
2026-04-12 21:53:31,CD_2,14.3,6.53,14.4,8.6,17.5,14.6
2026-04-12 21:53:32,CD_2,14.4,6.59,14.4,8.72,17.4,14.5
2026-04-12 21:53:32,CD_2,14.3,6.67,14.4,9.02,17.6,14.5
2026-04-12 21:53:32,CD_2,14.3,6.69,14.4,9.14,17.6,14.5
2026-04-12 21:53:33,CD_2,14.3,6.51,14.4,8.89,17.5,14.6
2026-04-12 21:53:33,CD_2,14.3,6.64,14.4,8.73,17.2,14.5
2026-04-12 21:53:33,CD_2,14.3,6.52,14.4,8.76,17.5,14.6
2026-04-12 21:53:34,CD_2,14.4,6.5,14.4,8.62,17.7,14.6
2026-04-12 21:53:34,CD_2,14.4,6.56,14.4,8.9,17.6,14.5
2026-04-12 21:53:34,CD_2,14.3,6.47,14.4,8.69,17.6,14.6
2026-04-12 21:53:35,CD_2,14.4,6.41,14.4,8.61,17.5,14.6
2026-04-12 21:53:35,CD_2,14.4,6.49,14.4,8.44,17.6,14.7
2026-04-12 21:53:35,CD_2,14.4,6.56,14.4,8.79,17.6,14.6
2026-04-12 21:53:36,CD_2,14.3,6.46,14.4,8.68,17.6,14.6
2026-04-12 21:53:36,CD_2,14.4,6.58,14.4,8.45,17.6,14.7
2026-04-12 21:53:37,CD_2,14.4,6.39,14.4,8.45,17.5,14.7
2026-04-12 21:53:37,CD_2,14.5,6.57,14.4,8.44,17.4,14.7
2026-04-12 21:53:37,CD_2,14.4,6.56,14.4,8.7,17.6,14.5
2026-04-12 21:53:38,CD_2,14.3,6.57,14.4,8.47,17.4,14.7
2026-04-12 21:53:38,CD_2,14.4,6.57,14.4,8.72,17.7,14.5
2026-04-12 21:53:38,CD_2,14.3,6.48,14.4,8.55,17.5,14.6
2026-04-12 21:53:39,CD_2,14.4,6.59,14.4,8.92,17.5,14.6
2026-04-12 21:53:39,CD_2,14.3,6.45,14.4,8.64,17.5,14.7
2026-04-12 21:53:39,CD_2,14.4,6.47,14.4,8.55,17.6,14.6
2026-04-12 21:53:40,CD_2,14.3,6.58,14.4,9.02,17.5,14.5
2026-04-12 21:53:40,CD_2,14.3,6.45,14.4,8.5,17.5,14.6
2026-04-12 21:53:40,CD_2,14.4,6.49,14.4,8.61,17.7,14.7
2026-04-12 21:53:41,CD_2,14.4,6.57,14.4,8.83,17.7,14.6
2026-04-12 21:53:41,CD_2,14.3,6.5,14.4,8.75,17.8,14.7
2026-04-12 21:53:42,CD_2,14.4,6.52,14.4,8.86,17.7,14.6
2026-04-12 21:53:42,CD_2,14.3,6.62,14.4,9.07,17.6,14.5
2026-04-12 21:53:42,CD_2,14.3,6.34,14.4,8.86,17.6,14.6
2026-04-12 21:53:43,CD_2,14.4,6.55,14.5,8.61,17.4,14.7
2026-04-12 21:53:43,CD_2,14.4,6.59,14.4,8.76,17.6,14.5
2026-04-12 21:53:43,CD_2,14.3,6.53,14.4,8.62,17.7,14.6
2026-04-12 21:53:44,CD_2,14.4,6.48,14.4,8.49,17.7,14.7
2026-04-12 21:53:44,CD_2,14.4,6.55,14.4,8.74,17.6,14.5
2026-04-12 21:53:44,CD_2,14.3,6.41,14.4,8.56,17.5,14.7
2026-04-12 21:53:45,CD_2,14.4,6.41,14.4,8.57,17.6,14.7
2026-04-12 21:53:45,CD_2,14.4,6.53,14.5,8.43,17.5,14.7
2026-04-12 21:53:46,CD_2,14.5,6.57,14.4,8.57,17.6,14.6
2026-04-12 21:53:46,CD_2,14.4,6.51,14.5,8.33,17.6,14.7
2026-04-12 21:53:46,CD_2,14.4,6.45,14.5,8.37,17.7,14.7
2026-04-12 21:53:47,CD_2,14.4,6.43,14.5,8.37,17.6,14.7
2026-04-12 21:53:47,CD_2,14.5,6.56,14.4,8.65,17.6,14.6
2026-04-12 21:53:47,CD_2,14.3,6.44,14.4,8.45,17.5,14.7
2026-04-12 21:53:48,CD_2,14.5,6.55,14.4,8.84,17.5,14.6
2026-04-12 21:53:48,CD_2,14.3,6.65,14.4,8.97,17.5,14.5
2026-04-12 21:53:48,CD_2,14.3,6.64,14.4,9.1,17.6,14.5
2026-04-12 21:53:49,CD_2,14.3,6.65,14.4,9.26,17.7,14.5
2026-04-12 21:53:49,CD_2,14.3,6.68,14.4,9.28,17.7,14.5
2026-04-12 21:53:49,CD_2,14.3,6.52,14.4,8.96,17.6,14.6
2026-04-12 21:53:50,CD_2,14.4,6.53,14.4,8.55,17.3,14.6
2026-04-12 21:53:50,CD_2,14.4,6.63,14.5,8.53,17.6,14.7
2026-04-12 21:53:51,CD_2,14.4,6.54,14.5,8.63,17.6,14.6
2026-04-12 21:53:51,CD_2,14.3,6.62,14.4,9.04,17.6,14.5
2026-04-12 21:53:51,CD_2,14.3,6.68,14.4,8.96,17.5,14.5
2026-04-12 21:53:52,CD_2,14.3,6.45,14.4,8.77,17.6,14.6
2026-04-12 21:53:52,CD_2,14.4,6.63,14.4,9.06,17.6,14.5
2026-04-12 21:53:52,CD_2,14.3,6.69,14.4,9.17,17.5,14.5
2026-04-12 21:53:53,CD_2,14.3,6.68,14.4,8.84,17.6,14.6
2026-04-12 21:53:53,CD_2,14.4,6.55,14.4,8.49,17.5,14.6
2026-04-12 21:53:53,CD_2,14.4,6.59,14.4,8.35,17.6,14.6
2026-04-12 21:53:54,CD_2,14.4,6.61,14.4,8.78,17.6,14.5
2026-04-12 21:53:54,CD_2,14.3,6.66,14.4,8.62,17.6,14.6
2026-04-12 21:53:55,CD_2,14.4,6.59,14.4,8.81,17.6,14.5
2026-04-12 21:53:55,CD_2,14.3,6.53,14.4,8.73,17.7,14.6
2026-04-12 21:53:55,CD_2,14.4,6.6,14.4,8.95,17.5,14.5
2026-04-12 21:53:56,CD_2,14.3,6.51,14.4,8.54,17.6,14.6
2026-04-12 21:53:56,CD_2,14.4,6.59,14.4,8.53,17.7,14.6
2026-04-12 21:53:56,CD_2,14.4,6.64,14.4,8.91,17.5,14.5
2026-04-12 21:53:57,CD_2,14.3,6.62,14.4,8.54,17.5,14.5
2026-04-12 21:53:57,CD_2,14.3,6.56,14.4,8.57,17.3,14.6
2026-04-12 21:53:57,CD_2,14.4,6.64,14.4,8.75,17.4,14.5
2026-04-12 21:53:58,CD_2,14.3,6.72,14.4,9.05,17.4,14.5
2026-04-12 21:53:58,CD_2,14.2,6.72,14.4,9.06,17.6,14.5
2026-04-12 21:53:58,CD_2,14.2,6.6,14.4,8.75,17.5,14.6
2026-04-12 21:53:59,CD_2,14.4,6.68,14.4,8.86,17.6,14.5
2026-04-12 21:53:59,CD_2,14.3,6.71,14.4,9.18,17.3,14.4
2026-04-12 21:53:59,CD_2,14.2,6.74,14.4,9.4,17.6,14.4
2026-04-12 21:54:00,CD_2,14.2,6.54,14.4,8.86,17.4,14.6
2026-04-12 21:54:00,CD_2,14.3,6.64,14.4,8.97,17.6,14.5
2026-04-12 21:54:01,CD_2,14.2,6.7,14.4,9.18,17.7,14.5
2026-04-12 21:54:01,CD_2,14.2,6.74,14.4,9.39,17.4,14.4
2026-04-12 21:54:01,CD_2,14.2,6.54,14.4,8.89,17.4,14.6
2026-04-12 21:54:02,CD_2,14.3,6.65,14.4,9.2,17.5,14.5
2026-04-12 21:54:02,CD_2,14.3,6.53,14.4,8.66,17.3,14.5
2026-04-12 21:54:02,CD_2,14.3,6.57,14.4,8.71,17.5,14.6
2026-04-12 21:54:03,CD_2,14.4,6.57,14.4,8.68,17.6,14.6
2026-04-12 21:54:03,CD_2,14.4,6.64,14.4,8.84,17.6,14.5
2026-04-12 21:54:03,CD_2,14.3,6.49,14.4,8.77,17.5,14.6
2026-04-12 21:54:04,CD_2,14.4,6.61,14.4,8.48,17.5,14.7
2026-04-12 21:54:04,CD_2,14.5,6.48,14.4,8.51,17.7,14.7
2026-04-12 21:54:05,CD_2,14.4,6.55,14.4,8.8,17.5,14.6
2026-04-12 21:54:05,CD_2,14.3,6.43,14.4,8.67,17.6,14.7
2026-04-12 21:54:05,CD_2,14.4,6.57,14.4,8.51,17.6,14.7
2026-04-12 21:54:06,CD_2,14.5,6.56,14.5,8.6,17.6,14.6
2026-04-12 21:54:06,CD_2,14.3,6.59,14.4,9.05,17.6,14.5
2026-04-12 21:54:06,CD_2,14.3,6.65,14.4,9.23,17.5,14.5
2026-04-12 21:54:07,CD_2,14.3,6.68,14.4,9.26,17.6,14.5
2026-04-12 21:54:07,CD_2,14.3,6.72,14.4,9.13,17.7,14.5
2026-04-12 21:54:07,CD_2,14.3,6.49,14.4,8.74,17.6,14.6
2026-04-12 21:54:08,CD_2,14.4,6.55,14.4,8.61,17.4,14.6
2026-04-12 21:54:08,CD_2,14.4,6.52,14.5,8.59,17.6,14.7
2026-04-12 21:54:08,CD_2,14.4,6.55,14.5,8.44,17.4,14.7
2026-04-12 21:54:09,CD_2,14.5,6.55,14.4,8.81,17.6,14.6
2026-04-12 21:54:09,CD_2,14.3,6.61,14.4,8.91,17.6,14.5
2026-04-12 21:54:13,CD_3,14.5,6.48,14.5,8.88,17.9,14.7
2026-04-12 21:54:14,CD_3,14.5,6.56,14.5,9.03,17.8,14.7
2026-04-12 21:54:14,CD_3,14.5,6.59,14.5,9.1,17.8,14.6
2026-04-12 21:54:14,CD_3,14.4,6.65,14.4,9.21,17.7,14.5
2026-04-12 21:54:15,CD_3,14.3,6.67,14.4,9.32,17.9,14.5
2026-04-12 21:54:15,CD_3,14.3,6.51,14.4,8.99,17.4,14.6
2026-04-12 21:54:15,CD_3,14.4,6.53,14.4,8.78,17.7,14.7
2026-04-12 21:54:16,CD_3,14.5,6.6,14.5,9.01,17.6,14.6
2026-04-12 21:54:16,CD_3,14.3,6.67,14.4,9.2,17.7,14.5
2026-04-12 21:54:16,CD_3,14.3,6.67,14.4,9.2,17.6,14.6
2026-04-12 21:54:17,CD_3,14.3,6.72,14.4,9.33,17.7,14.5
2026-04-12 21:54:17,CD_3,14.2,6.53,14.4,8.75,17.6,14.6
2026-04-12 21:54:18,CD_3,14.4,6.66,14.4,9.13,17.8,14.5
2026-04-12 21:54:18,CD_3,14.3,6.62,14.4,8.87,17.5,14.7
2026-04-12 21:54:18,CD_3,14.4,6.66,14.5,8.49,17.5,14.6
2026-04-12 21:54:19,CD_3,14.5,6.57,14.5,8.53,17.4,14.6
2026-04-12 21:54:19,CD_3,14.4,6.57,14.4,8.53,17.6,14.7
2026-04-12 21:54:19,CD_3,14.4,6.55,14.4,8.54,17.6,14.7
2026-04-12 21:54:20,CD_3,14.4,6.57,14.5,8.39,17.6,14.7
2026-04-12 21:54:20,CD_3,14.5,6.6,14.4,8.65,17.2,14.6
2026-04-12 21:54:20,CD_3,14.3,6.46,14.4,8.65,17.6,14.7
2026-04-12 21:54:21,CD_3,14.4,6.5,14.5,8.55,17.6,14.7
2026-04-12 21:54:21,CD_3,14.4,6.59,14.5,8.43,17.6,14.7
2026-04-12 21:54:22,CD_3,14.4,6.49,14.5,8.43,17.5,14.7
2026-04-12 21:54:22,CD_3,14.5,6.49,14.5,8.21,17.7,14.7
2026-04-12 21:54:22,CD_3,14.5,6.51,14.5,8.33,17.7,14.8
2026-04-12 21:54:23,CD_3,14.5,6.49,14.5,8.19,17.3,14.7
2026-04-12 21:54:23,CD_3,14.5,6.58,14.4,8.61,17.6,14.6
2026-04-12 21:54:23,CD_3,14.3,6.63,14.4,8.86,17.6,14.6
2026-04-12 21:54:24,CD_3,14.3,6.65,14.4,9.04,17.6,14.5
2026-04-12 21:54:24,CD_3,14.3,6.49,14.4,8.62,17.6,14.5
2026-04-12 21:54:24,CD_3,14.4,6.57,14.4,8.63,17.6,14.7
2026-04-12 21:54:25,CD_3,14.4,6.58,14.4,8.55,17.6,14.7
2026-04-12 21:54:25,CD_3,14.4,6.58,14.4,8.5,17.7,14.7
2026-04-12 21:54:26,CD_3,14.4,6.63,14.4,8.86,17.5,14.6
2026-04-12 21:54:26,CD_3,14.3,6.65,14.4,8.96,17.6,14.5
2026-04-12 21:54:26,CD_3,14.3,6.71,14.4,9.08,17.6,14.5
2026-04-12 21:54:27,CD_3,14.3,6.55,14.4,8.81,17.4,14.6
2026-04-12 21:54:27,CD_3,14.4,6.64,14.4,9.05,17.5,14.5
2026-04-12 21:54:27,CD_3,14.3,6.6,14.4,8.64,17.6,14.6
2026-04-12 21:54:28,CD_3,14.4,6.62,14.4,9.01,17.6,14.5
2026-04-12 21:54:28,CD_3,14.3,6.67,14.4,9.05,17.5,14.5
2026-04-12 21:54:28,CD_3,14.3,6.72,14.4,9.27,17.7,14.5
2026-04-12 21:54:29,CD_3,14.2,6.68,14.4,9.3,17.6,14.5
2026-04-12 21:54:29,CD_3,14.3,6.72,14.4,9.4,17.6,14.5
2026-04-12 21:54:29,CD_3,14.2,6.78,14.4,9.2,17.6,14.5
2026-04-12 21:54:30,CD_3,14.2,6.59,14.4,9.09,17.6,14.5
2026-04-12 21:54:30,CD_3,14.3,6.73,14.4,9.31,17.6,14.5
2026-04-12 21:54:30,CD_3,14.2,6.74,14.4,9.44,17.5,14.5
2026-04-12 21:54:31,CD_3,14.2,6.55,14.4,8.98,17.7,14.6
2026-04-12 21:54:31,CD_3,14.3,6.67,14.4,8.75,17.6,14.6
2026-04-12 21:54:32,CD_3,14.4,6.62,14.4,8.94,17.7,14.5
2026-04-12 21:54:32,CD_3,14.3,6.69,14.4,9.19,17.5,14.5
2026-04-12 21:54:32,CD_3,14.3,6.77,14.4,9.09,17.6,14.5
2026-04-12 21:54:33,CD_3,14.2,6.58,14.4,8.92,17.6,14.6
2026-04-12 21:54:33,CD_3,14.4,6.68,14.4,9.03,17.5,14.5
2026-04-12 21:54:33,CD_3,14.3,6.73,14.4,8.79,17.5,14.6
2026-04-12 21:54:34,CD_3,14.4,6.5,14.4,8.63,17.4,14.6
2026-04-12 21:54:34,CD_3,14.4,6.66,14.4,8.52,17.6,14.7
2026-04-12 21:54:34,CD_3,14.4,6.66,14.4,8.6,17.4,14.6
2026-04-12 21:54:35,CD_3,14.3,6.66,14.4,8.58,17.5,14.6
2026-04-12 21:54:35,CD_3,14.4,6.59,14.4,8.55,17.4,14.6
2026-04-12 21:54:36,CD_3,14.4,6.65,14.4,8.53,17.3,14.6
2026-04-12 21:54:36,CD_3,14.4,6.59,14.5,8.34,17.5,14.7
2026-04-12 21:54:36,CD_3,14.5,6.65,14.4,8.74,17.5,14.6
2026-04-12 21:54:37,CD_3,14.3,6.54,14.4,8.5,17.6,14.7
2026-04-12 21:54:37,CD_3,14.4,6.61,14.5,8.54,17.5,14.7
2026-04-12 21:54:37,CD_3,14.4,6.65,14.5,8.43,17.5,14.7
2026-04-12 21:54:38,CD_3,14.4,6.6,14.4,8.44,17.5,14.6
2026-04-12 21:54:38,CD_3,14.3,6.68,14.4,8.93,17.5,14.5
2026-04-12 21:54:38,CD_3,14.3,6.72,14.4,9.07,17.4,14.5
2026-04-12 21:54:39,CD_3,14.3,6.7,14.4,9.2,17.5,14.5
2026-04-12 21:54:39,CD_3,14.3,6.73,14.4,9.29,17.5,14.5
2026-04-12 21:54:39,CD_3,14.2,6.56,14.4,8.84,17.5,14.6
2026-04-12 21:54:40,CD_3,14.3,6.68,14.4,9.1,17.6,14.5
2026-04-12 21:54:40,CD_3,14.3,6.57,14.4,8.79,17.6,14.6
2026-04-12 21:54:41,CD_3,14.4,6.67,14.4,9.0,17.5,14.5
2026-04-12 21:54:41,CD_3,14.3,6.69,14.4,9.02,17.5,14.5
2026-04-12 21:54:41,CD_3,14.3,6.65,14.4,9.25,17.4,14.5
2026-04-12 21:54:42,CD_3,14.2,6.63,14.4,8.62,17.5,14.6
2026-04-12 21:54:42,CD_3,14.3,6.58,14.4,8.6,17.6,14.6
2026-04-12 21:54:42,CD_3,14.4,6.64,14.4,8.9,17.4,14.5
2026-04-12 21:54:43,CD_3,14.3,6.54,14.4,8.81,17.3,14.6
2026-04-12 21:54:43,CD_3,14.4,6.65,14.4,8.89,17.4,14.5
2026-04-12 21:54:43,CD_3,14.3,6.69,14.4,9.11,17.7,14.5
2026-04-12 21:54:44,CD_3,14.3,6.72,14.4,9.16,17.6,14.4
2026-04-12 21:54:44,CD_3,14.2,6.55,14.4,8.94,17.5,14.6
2026-04-12 21:54:44,CD_3,14.4,6.65,14.5,8.68,17.6,14.6
2026-04-12 21:54:45,CD_3,14.4,6.66,14.4,8.86,17.5,14.5
2026-04-12 21:54:45,CD_3,14.3,6.69,14.4,9.09,17.5,14.5
2026-04-12 21:54:46,CD_3,14.2,6.65,14.4,8.65,17.6,14.6
2026-04-12 21:54:46,CD_3,14.1,6.68,14.4,8.99,17.6,14.5
2026-04-12 21:54:46,CD_3,14.3,6.68,14.4,9.02,17.5,14.5
2026-04-12 21:54:47,CD_3,14.3,6.78,14.4,9.18,17.4,14.5
2026-04-12 21:54:47,CD_3,14.2,6.68,14.4,9.15,17.5,14.5
2026-04-12 21:54:47,CD_3,14.3,6.6,14.4,8.93,17.5,14.6
2026-04-12 21:54:48,CD_3,14.3,6.69,14.4,8.98,17.6,14.5
2026-04-12 21:54:48,CD_3,14.2,6.6,14.4,8.76,17.5,14.6
2026-04-12 21:54:48,CD_3,14.4,6.69,14.4,8.83,17.6,14.5
2026-04-12 21:54:49,CD_3,14.3,6.71,14.4,9.22,17.4,14.5
2026-04-12 21:54:49,CD_3,14.3,6.75,14.4,9.27,17.6,14.5
2026-04-12 21:54:49,CD_3,14.2,6.77,14.4,8.94,17.4,14.6
2026-04-12 21:54:50,CD_3,14.4,6.68,14.4,8.71,17.6,14.6
2026-04-12 21:54:50,CD_3,14.4,6.69,14.4,9.02,17.5,14.5
2026-04-12 21:54:50,CD_3,14.3,6.72,14.4,9.17,17.7,14.5
2026-04-12 21:54:51,CD_3,14.2,6.74,14.4,9.37,17.4,14.5
2026-04-12 21:54:51,CD_3,14.2,6.56,14.4,8.79,17.6,14.6
2026-04-12 21:54:52,CD_3,14.3,6.45,14.4,8.68,17.6,14.6
2026-04-12 21:54:52,CD_3,14.4,6.56,14.4,8.64,17.5,14.6
2026-04-12 21:54:52,CD_3,14.4,6.63,14.4,8.25,17.6,14.6
2026-04-12 21:54:53,CD_3,14.4,6.57,14.4,8.37,17.2,14.6
2026-04-12 21:54:53,CD_3,14.4,6.52,14.4,8.22,17.3,14.7
2026-04-12 21:54:53,CD_3,14.4,6.57,14.4,8.58,17.4,14.5
2026-04-12 21:54:54,CD_3,14.3,6.54,14.4,8.49,17.3,14.6
2026-04-12 21:54:54,CD_3,14.4,6.59,14.5,8.34,17.1,14.6
2026-04-12 21:54:54,CD_3,14.3,6.44,14.4,8.52,17.6,14.7
2026-04-12 21:54:55,CD_3,14.4,6.62,14.4,8.71,17.6,14.6
2026-04-12 21:54:55,CD_3,14.3,6.64,14.4,8.62,17.4,14.6
2026-04-12 21:54:56,CD_3,14.3,6.62,14.4,8.79,17.4,14.6
2026-04-12 21:54:56,CD_3,14.3,6.48,14.4,8.73,17.7,14.6
2026-04-12 21:54:56,CD_3,14.4,6.64,14.4,8.72,17.5,14.5
2026-04-12 21:54:57,CD_3,14.3,6.68,14.4,9.04,17.4,14.5
2026-04-12 21:54:57,CD_3,14.3,6.57,14.4,8.74,17.6,14.6
2026-04-12 21:54:57,CD_3,14.4,6.63,14.4,8.95,17.5,14.5
2026-04-12 21:54:58,CD_3,14.3,6.7,14.4,8.88,17.7,14.5
2026-04-12 21:54:58,CD_3,14.2,6.7,14.4,9.25,17.5,14.5
2026-04-12 21:54:58,CD_3,14.2,6.76,14.4,9.19,17.6,14.5
2026-04-12 21:54:59,CD_3,14.2,6.72,14.4,9.31,17.4,14.4
2026-04-12 21:54:59,CD_3,14.3,6.67,14.4,8.77,17.5,14.6
2026-04-12 21:54:59,CD_3,14.3,6.66,14.4,8.68,17.6,14.6
2026-04-12 21:55:00,CD_3,14.4,6.54,14.4,8.41,17.6,14.7
2026-04-12 21:55:00,CD_3,14.4,6.59,14.4,8.42,17.5,14.6
2026-04-12 21:55:01,CD_3,14.4,6.6,14.4,8.76,17.5,14.5
2026-04-12 21:55:01,CD_3,14.3,6.69,14.4,9.05,17.6,14.5
2026-04-12 21:55:01,CD_3,14.3,6.7,14.4,9.1,17.5,14.5
2026-04-12 21:55:02,CD_3,14.2,6.46,14.4,8.83,17.6,14.6
2026-04-12 21:55:02,CD_3,14.4,6.67,14.4,8.57,17.3,14.6
2026-04-12 21:55:02,CD_3,14.4,6.65,14.4,8.6,17.3,14.5
2026-04-12 21:55:03,CD_3,14.3,6.52,14.4,8.74,17.7,14.6
2026-04-12 21:55:03,CD_3,14.4,6.66,14.4,8.77,17.5,14.5
2026-04-12 21:55:03,CD_3,14.3,6.69,14.4,8.95,17.3,14.5
2026-04-12 21:55:04,CD_3,14.2,6.74,14.4,9.11,17.7,14.5
2026-04-12 21:55:04,CD_3,14.3,6.66,14.4,8.82,17.4,14.5
2026-04-12 21:55:04,CD_3,14.3,6.6,14.4,8.77,17.5,14.6
2026-04-12 21:55:05,CD_3,14.4,6.62,14.4,8.79,17.4,14.5
2026-04-12 21:55:05,CD_3,14.3,6.73,14.4,9.11,17.7,14.5
2026-04-12 21:55:06,CD_3,14.2,6.73,14.4,9.35,17.4,14.5
2026-04-12 21:55:06,CD_3,14.2,6.56,14.4,8.8,17.5,14.6
2026-04-12 21:55:06,CD_3,14.3,6.66,14.4,9.09,17.5,14.5
2026-04-12 21:55:07,CD_3,14.3,6.73,14.4,9.34,17.5,14.5
2026-04-12 21:55:07,CD_3,14.2,6.43,14.4,8.98,17.6,14.6
2026-04-12 21:55:07,CD_3,14.3,6.68,14.4,9.1,17.5,14.5
2026-04-12 21:55:08,CD_3,14.3,6.68,14.4,9.18,17.6,14.5
2026-04-12 21:55:08,CD_3,14.2,6.72,14.4,8.78,17.4,14.6
2026-04-12 21:55:08,CD_3,14.3,6.67,14.4,9.11,17.7,14.5
2026-04-12 21:55:09,CD_3,14.3,6.74,14.4,9.3,17.5,14.5
2026-04-12 21:55:09,CD_3,14.2,6.71,14.4,9.37,17.6,14.5
2026-04-12 21:55:09,CD_3,14.2,6.73,14.4,9.13,17.4,14.5
2026-04-12 21:55:10,CD_3,14.3,6.59,14.4,8.74,17.6,14.6
2026-04-12 21:55:10,CD_3,14.4,6.65,14.4,8.98,17.3,14.5
2026-04-12 21:55:11,CD_3,14.3,6.74,14.4,9.25,17.7,14.5
2026-04-12 21:55:11,CD_3,14.2,6.73,14.4,9.16,17.6,14.5
2026-04-12 21:55:11,CD_3,14.2,6.53,14.4,9.0,17.5,14.6
2026-04-12 21:55:12,CD_3,14.3,6.69,14.4,9.27,17.4,14.5
2026-04-12 21:55:12,CD_3,14.2,6.71,14.4,9.3,17.6,14.5
2026-04-12 21:55:12,CD_3,14.2,6.75,14.4,9.42,17.5,14.5
2026-04-12 21:55:13,CD_3,14.2,6.72,14.4,9.39,17.7,14.4
2026-04-12 21:55:13,CD_3,14.2,6.75,14.4,9.43,17.6,14.4
2026-04-12 21:55:13,CD_3,14.2,6.75,14.4,9.49,17.5,14.4
2026-04-12 21:55:14,CD_3,14.2,6.7,14.4,9.34,17.5,14.4
2026-04-12 21:55:14,CD_3,14.2,6.6,14.4,8.95,17.6,14.5
2026-04-12 21:55:14,CD_3,14.3,6.64,14.4,9.25,17.6,14.6
2026-04-12 21:55:15,CD_3,14.3,6.68,14.4,9.01,17.4,14.5
2026-04-12 21:55:15,CD_3,14.2,6.59,14.4,8.92,17.6,14.6
2026-04-12 21:55:15,CD_3,14.3,6.53,14.4,8.65,17.5,14.6
2026-04-12 21:55:16,CD_3,14.4,6.64,14.4,8.97,17.1,14.5
2026-04-12 21:55:16,CD_3,14.3,6.7,14.4,9.13,17.5,14.5
2026-04-12 21:55:17,CD_3,14.2,6.75,14.4,9.24,17.6,14.5
2026-04-12 21:55:17,CD_3,14.2,6.54,14.4,8.69,17.5,14.6
2026-04-12 21:55:17,CD_3,14.3,6.65,14.4,8.68,17.4,14.6
2026-04-12 21:55:18,CD_3,14.4,6.64,14.4,8.93,17.5,14.5
2026-04-12 21:55:18,CD_3,14.3,6.72,14.4,9.12,17.4,14.5
2026-04-12 21:55:18,CD_3,14.2,6.7,14.4,9.1,17.5,14.5
2026-04-12 21:55:19,CD_3,14.2,6.76,14.4,9.28,17.7,14.4
2026-04-12 21:55:19,CD_3,14.2,6.65,14.4,8.86,17.5,14.6
2026-04-12 21:55:19,CD_3,14.3,6.66,14.4,9.02,17.5,14.5
2026-04-12 21:55:20,CD_3,14.2,6.6,14.4,8.72,17.5,14.6
2026-04-12 21:55:20,CD_3,14.3,6.65,14.4,8.96,17.4,14.5
2026-04-12 21:55:20,CD_3,14.3,6.65,14.4,8.81,17.6,14.5
2026-04-12 21:55:21,CD_3,14.3,6.6,14.4,9.11,17.4,14.5
2026-04-12 21:55:21,CD_3,14.3,6.67,14.4,8.57,17.5,14.6
2026-04-12 21:55:22,CD_3,14.3,6.59,14.4,8.51,17.4,14.6
2026-04-12 21:55:22,CD_3,14.4,6.6,14.4,8.51,17.4,14.5
2026-04-12 21:55:22,CD_3,14.3,6.55,14.4,8.64,17.7,14.6
2026-04-12 21:55:23,CD_3,14.4,6.62,14.4,8.85,17.5,14.5
2026-04-12 21:55:23,CD_3,14.3,6.5,14.4,8.63,17.6,14.6
2026-04-12 21:55:23,CD_3,14.4,6.67,14.4,8.69,17.2,14.6
2026-04-12 21:55:24,CD_3,14.4,6.66,14.4,9.02,17.5,14.5
2026-04-12 21:55:24,CD_3,14.3,6.49,14.4,8.73,17.5,14.6
2026-04-12 21:55:24,CD_3,14.4,6.49,14.4,8.56,17.4,14.6
2026-04-12 21:55:29,CD_4,14.6,6.39,14.5,8.68,18.1,14.7
2026-04-12 21:55:29,CD_4,14.5,6.51,14.4,9.07,17.8,14.6
2026-04-12 21:55:30,CD_4,14.3,6.57,14.4,9.03,18.0,14.6
2026-04-12 21:55:30,CD_4,14.3,6.62,14.4,9.2,17.7,14.5
2026-04-12 21:55:30,CD_4,14.2,6.65,14.4,9.37,17.8,14.5
2026-04-12 21:55:31,CD_4,14.3,6.68,14.4,9.27,17.7,14.5
2026-04-12 21:55:31,CD_4,14.2,6.5,14.4,9.03,17.7,14.6
2026-04-12 21:55:31,CD_4,14.4,6.61,14.4,8.84,17.4,14.6
2026-04-12 21:55:32,CD_4,14.3,6.28,14.4,8.78,17.5,14.6
2026-04-12 21:55:32,CD_4,14.4,6.6,14.4,9.02,17.7,14.5
2026-04-12 21:55:32,CD_4,14.3,6.62,14.4,9.08,17.8,14.5
2026-04-12 21:55:33,CD_4,14.2,6.64,14.3,9.27,17.6,14.4
2026-04-12 21:55:33,CD_4,14.3,6.67,14.4,9.42,17.7,14.5
2026-04-12 21:55:34,CD_4,14.2,6.7,14.4,9.14,17.6,14.4
2026-04-12 21:55:34,CD_4,14.2,6.71,14.4,9.27,17.5,14.4
2026-04-12 21:55:34,CD_4,14.2,6.68,14.4,9.39,17.7,14.4
2026-04-12 21:55:35,CD_4,14.2,6.68,14.4,9.48,17.5,14.4
2026-04-12 21:55:35,CD_4,14.2,6.73,14.4,9.35,17.6,14.4
2026-04-12 21:55:35,CD_4,14.2,6.72,14.3,9.47,17.4,14.4
2026-04-12 21:55:36,CD_4,14.2,6.73,14.4,9.49,17.6,14.4
2026-04-12 21:55:36,CD_4,14.2,6.74,14.4,9.51,17.7,14.4
2026-04-12 21:55:36,CD_4,14.2,6.51,14.4,9.01,17.6,14.5
2026-04-12 21:55:37,CD_4,14.3,6.62,14.4,8.75,17.4,14.6
2026-04-12 21:55:37,CD_4,14.4,6.65,14.4,9.03,17.8,14.5
2026-04-12 21:55:37,CD_4,14.3,6.69,14.4,9.2,17.3,14.4
2026-04-12 21:55:38,CD_4,14.2,6.7,14.4,9.33,17.6,14.4
2026-04-12 21:55:38,CD_4,14.2,6.52,14.4,8.94,17.4,14.5
2026-04-12 21:55:39,CD_4,14.3,6.58,14.4,8.67,17.5,14.6
2026-04-12 21:55:39,CD_4,14.3,6.64,14.4,9.1,17.6,14.5
2026-04-12 21:55:39,CD_4,14.3,6.66,14.4,8.65,17.6,14.5
2026-04-12 21:55:40,CD_4,14.4,6.51,14.4,8.67,17.5,14.6
2026-04-12 21:55:40,CD_4,14.4,6.57,14.4,8.84,17.5,14.5
2026-04-12 21:55:40,CD_4,14.3,6.43,14.4,8.75,17.4,14.5
2026-04-12 21:55:41,CD_4,14.3,6.43,14.4,8.68,17.4,14.6
2026-04-12 21:55:41,CD_4,14.4,6.44,14.4,8.48,17.6,14.7
2026-04-12 21:55:41,CD_4,14.4,6.55,14.4,8.81,17.5,14.5
2026-04-12 21:55:42,CD_4,14.3,6.68,14.4,8.88,17.6,14.5
2026-04-12 21:55:42,CD_4,14.3,6.47,14.4,8.7,17.6,14.6
2026-04-12 21:55:42,CD_4,14.4,6.59,14.4,8.83,17.7,14.5
2026-04-12 21:55:43,CD_4,14.3,6.67,14.4,9.27,17.5,14.5
2026-04-12 21:55:43,CD_4,14.2,6.63,14.4,9.18,17.6,14.5
2026-04-12 21:55:44,CD_4,14.2,6.37,14.4,8.66,17.5,14.6
2026-04-12 21:55:44,CD_4,14.3,6.62,14.4,8.96,17.4,14.5
2026-04-12 21:55:44,CD_4,14.3,6.56,14.4,8.83,17.4,14.6
2026-04-12 21:55:45,CD_4,14.3,6.46,14.4,8.53,17.5,14.5
2026-04-12 21:55:45,CD_4,14.3,6.52,14.4,8.74,17.3,14.6
2026-04-12 21:55:45,CD_4,14.4,6.58,14.4,8.91,17.5,14.5
2026-04-12 21:55:46,CD_4,14.3,6.39,14.4,8.68,17.5,14.6
2026-04-12 21:55:46,CD_4,14.4,6.63,14.4,8.45,17.3,14.6
2026-04-12 21:55:46,CD_4,14.4,6.46,14.4,8.38,17.5,14.6
2026-04-12 21:55:47,CD_4,14.4,6.6,14.4,8.8,17.4,14.5
2026-04-12 21:55:47,CD_4,14.3,6.65,14.4,8.88,17.6,14.5
2026-04-12 21:55:47,CD_4,14.3,6.52,14.4,8.78,17.2,14.5
2026-04-12 21:55:48,CD_4,14.3,6.45,14.4,8.64,17.4,14.6
2026-04-12 21:55:48,CD_4,14.4,6.58,14.4,8.92,17.6,14.5
2026-04-12 21:55:49,CD_4,14.3,6.54,14.4,8.69,17.4,14.6
2026-04-12 21:55:49,CD_4,14.4,6.57,14.4,8.54,17.6,14.6
2026-04-12 21:55:49,CD_4,14.4,6.6,14.4,8.82,17.5,14.5
2026-04-12 21:55:50,CD_4,14.3,6.45,14.4,8.7,17.6,14.6
2026-04-12 21:55:50,CD_4,14.4,6.6,14.4,8.64,17.4,14.5
2026-04-12 21:55:50,CD_4,14.3,6.56,14.4,8.48,17.6,14.6
2026-04-12 21:55:51,CD_4,14.4,6.59,14.4,8.44,17.5,14.7
2026-04-12 21:55:51,CD_4,14.4,6.55,14.4,8.32,17.3,14.7
2026-04-12 21:55:51,CD_4,14.4,6.54,14.4,8.28,17.5,14.7
2026-04-12 21:55:52,CD_4,14.4,6.58,14.4,8.77,17.5,14.5
2026-04-12 21:55:52,CD_4,14.3,6.61,14.4,8.4,17.6,14.6
2026-04-12 21:55:53,CD_4,14.4,6.59,14.4,8.82,17.7,14.5
2026-04-12 21:55:53,CD_4,14.3,6.45,14.4,8.58,17.6,14.6
2026-04-12 21:55:53,CD_4,14.4,6.59,14.4,8.73,17.6,14.5
2026-04-12 21:55:54,CD_4,14.3,6.47,14.4,8.49,17.5,14.6
2026-04-12 21:55:54,CD_4,14.4,6.57,14.4,8.39,17.5,14.7
2026-04-12 21:55:54,CD_4,14.4,6.59,14.4,8.79,17.6,14.5
2026-04-12 21:55:55,CD_4,14.3,6.64,14.4,9.04,17.5,14.5
2026-04-12 21:55:55,CD_4,14.3,6.48,14.4,8.73,17.7,14.6
2026-04-12 21:55:55,CD_4,14.4,6.61,14.4,8.79,17.5,14.5
2026-04-12 21:55:56,CD_4,14.3,6.64,14.4,8.77,17.6,14.6
2026-04-12 21:55:56,CD_4,14.4,6.59,14.4,8.42,17.6,14.6
2026-04-12 21:55:56,CD_4,14.4,6.52,14.4,8.42,17.6,14.7
2026-04-12 21:55:57,CD_4,14.4,6.56,14.4,8.43,17.5,14.7
2026-04-12 21:55:57,CD_4,14.4,6.56,14.4,8.39,17.5,14.7
2026-04-12 21:55:58,CD_4,14.5,6.59,14.4,8.51,17.7,14.5
2026-04-12 21:55:58,CD_4,14.3,6.47,14.4,8.56,17.6,14.6
2026-04-12 21:55:58,CD_4,14.4,6.58,14.4,8.73,17.5,14.5
2026-04-12 21:55:59,CD_4,14.3,6.62,14.4,9.01,17.6,14.5
2026-04-12 21:55:59,CD_4,14.3,6.48,14.4,8.75,17.5,14.6
2026-04-12 21:55:59,CD_4,14.4,6.59,14.4,8.87,17.5,14.5
2026-04-12 21:56:00,CD_4,14.3,6.49,14.4,8.79,17.4,14.6
2026-04-12 21:56:00,CD_4,14.4,6.61,14.4,8.51,17.3,14.6
2026-04-12 21:56:00,CD_4,14.4,6.6,14.4,8.32,17.6,14.6
2026-04-12 21:56:01,CD_4,14.4,6.47,14.4,8.35,17.5,14.7
2026-04-12 21:56:01,CD_4,14.4,6.58,14.4,8.69,17.6,14.5
2026-04-12 21:56:02,CD_4,14.3,6.62,14.4,8.96,17.6,14.5
2026-04-12 21:56:02,CD_4,14.3,6.67,14.4,9.05,17.6,14.5
2026-04-12 21:56:02,CD_4,14.3,6.48,14.4,8.8,17.6,14.6
2026-04-12 21:56:03,CD_4,14.4,6.61,14.4,9.01,17.5,14.5
2026-04-12 21:56:03,CD_4,14.3,6.69,14.4,9.09,17.5,14.5
2026-04-12 21:56:03,CD_4,14.3,6.73,14.4,9.11,17.7,14.4
2026-04-12 21:56:04,CD_4,14.3,6.71,14.4,9.36,17.5,14.5
2026-04-12 21:56:04,CD_4,14.2,6.73,14.4,9.17,17.6,14.4
2026-04-12 21:56:04,CD_4,14.2,6.73,14.4,9.25,17.6,14.4
2026-04-12 21:56:05,CD_4,14.2,6.51,14.4,8.98,17.6,14.5
2026-04-12 21:56:05,CD_4,14.3,6.7,14.4,9.22,17.4,14.4
2026-04-12 21:56:05,CD_4,14.2,6.6,14.4,8.92,17.5,14.5
2026-04-12 21:56:06,CD_4,14.3,6.65,14.4,8.96,17.4,14.4
2026-04-12 21:56:06,CD_4,14.3,6.61,14.4,8.53,17.5,14.5
2026-04-12 21:56:06,CD_4,14.4,6.54,14.4,8.59,17.5,14.6
2026-04-12 21:56:07,CD_4,14.4,6.52,14.4,8.54,17.5,14.6
2026-04-12 21:56:07,CD_4,14.4,6.6,14.4,8.78,17.4,14.5
2026-04-12 21:56:08,CD_4,14.3,6.57,14.4,8.67,17.3,14.6
2026-04-12 21:56:08,CD_4,14.4,6.6,14.4,8.94,17.4,14.5
2026-04-12 21:56:08,CD_4,14.3,6.65,14.4,8.98,17.7,14.5
2026-04-12 21:56:09,CD_4,14.3,6.71,14.4,8.87,17.3,14.4
2026-04-12 21:56:09,CD_4,14.2,6.73,14.4,9.27,17.6,14.5
2026-04-12 21:56:09,CD_4,14.3,6.69,14.4,8.8,17.4,14.6
2026-04-12 21:56:10,CD_4,14.4,6.66,14.4,8.86,17.6,14.5
2026-04-12 21:56:10,CD_4,14.3,6.7,14.4,9.18,17.7,14.5
2026-04-12 21:56:10,CD_4,14.2,6.74,14.4,9.29,17.7,14.4
2026-04-12 21:56:11,CD_4,14.2,6.73,14.4,9.3,17.6,14.4
2026-04-12 21:56:11,CD_4,14.2,6.74,14.4,9.45,17.3,14.4
2026-04-12 21:56:11,CD_4,14.2,6.6,14.4,8.98,17.5,14.5
2026-04-12 21:56:12,CD_4,14.3,6.65,14.4,8.96,17.5,14.5
2026-04-12 21:56:12,CD_4,14.3,6.61,14.4,8.79,17.5,14.5
2026-04-12 21:56:13,CD_4,14.4,6.62,14.4,8.75,17.7,14.5
2026-04-12 21:56:13,CD_4,14.3,6.6,14.4,8.76,17.6,14.6
2026-04-12 21:56:13,CD_4,14.4,6.58,14.4,8.56,17.6,14.6
2026-04-12 21:56:14,CD_4,14.4,6.61,14.4,8.94,17.5,14.5
2026-04-12 21:56:14,CD_4,14.3,6.7,14.4,9.09,17.5,14.5
2026-04-12 21:56:14,CD_4,14.2,6.67,14.4,8.82,17.5,14.6
2026-04-12 21:56:15,CD_4,14.4,6.61,14.4,8.6,17.4,14.6
2026-04-12 21:56:15,CD_4,14.4,6.61,14.4,8.77,17.6,14.5
2026-04-12 21:56:15,CD_4,14.3,6.48,14.4,8.71,17.5,14.6
2026-04-12 21:56:16,CD_4,14.4,6.55,14.4,8.54,17.7,14.6
2026-04-12 21:56:16,CD_4,14.4,6.48,14.4,8.39,17.6,14.6
2026-04-12 21:56:16,CD_4,14.4,6.63,14.4,8.67,17.4,14.5
2026-04-12 21:56:17,CD_4,14.3,6.66,14.4,9.09,17.4,14.5
2026-04-12 21:56:17,CD_4,14.3,6.46,14.4,8.72,17.5,14.6
2026-04-12 21:56:18,CD_4,14.4,6.63,14.4,8.84,17.5,14.5
2026-04-12 21:56:18,CD_4,14.3,6.57,14.4,8.55,17.5,14.5
2026-04-12 21:56:18,CD_4,14.4,6.47,14.4,8.52,17.6,14.5
2026-04-12 21:56:19,CD_4,14.3,6.63,14.4,9.07,17.5,14.5
2026-04-12 21:56:19,CD_4,14.3,6.53,14.4,8.79,17.6,14.6
2026-04-12 21:56:19,CD_4,14.4,6.62,14.4,8.55,17.7,14.6
2026-04-12 21:56:20,CD_4,14.4,6.6,14.4,8.61,17.5,14.5
2026-04-12 21:56:20,CD_4,14.3,6.49,14.4,8.59,17.7,14.6
2026-04-12 21:56:20,CD_4,14.4,6.6,14.4,8.45,17.5,14.6
2026-04-12 21:56:21,CD_4,14.4,6.58,14.4,8.44,17.6,14.6
2026-04-12 21:56:21,CD_4,14.5,6.58,14.4,8.74,17.4,14.5
2026-04-12 21:56:22,CD_4,14.3,6.63,14.4,9.05,17.5,14.5
2026-04-12 21:56:22,CD_4,14.3,6.69,14.4,8.62,17.5,14.6
2026-04-12 21:56:22,CD_4,14.4,6.57,14.4,8.45,17.6,14.6
2026-04-12 21:56:23,CD_4,14.4,6.6,14.4,8.5,17.5,14.6
2026-04-12 21:56:23,CD_4,14.4,6.48,14.4,8.46,17.4,14.7
2026-04-12 21:56:23,CD_4,14.5,6.59,14.4,8.54,17.5,14.5
2026-04-12 21:56:24,CD_4,14.3,6.57,14.4,8.29,17.5,14.5
2026-04-12 21:56:24,CD_4,14.4,6.49,14.4,8.48,17.7,14.6
2026-04-12 21:56:24,CD_4,14.4,6.51,14.4,8.37,17.4,14.6
2026-04-12 21:56:25,CD_4,14.5,6.61,14.4,8.59,17.6,14.5
2026-04-12 21:56:25,CD_4,14.3,6.48,14.4,8.5,17.2,14.6
2026-04-12 21:56:25,CD_4,14.3,6.63,14.4,8.99,17.5,14.5
2026-04-12 21:56:26,CD_4,14.3,6.47,14.4,8.76,17.5,14.6
2026-04-12 21:56:26,CD_4,14.4,6.59,14.4,8.9,17.6,14.6
2026-04-12 21:56:27,CD_4,14.4,6.62,14.4,8.98,17.6,14.5
2026-04-12 21:56:27,CD_4,14.3,6.66,14.4,9.04,17.6,14.5
2026-04-12 21:56:27,CD_4,14.3,6.51,14.4,8.86,17.6,14.6
2026-04-12 21:56:28,CD_4,14.4,6.66,14.4,8.96,17.4,14.5
2026-04-12 21:56:28,CD_4,14.3,6.49,14.4,8.63,17.7,14.6
2026-04-12 21:56:28,CD_4,14.4,6.65,14.4,8.48,17.3,14.6
2026-04-12 21:56:29,CD_4,14.4,6.58,14.4,8.35,17.4,14.6
2026-04-12 21:56:29,CD_4,14.4,6.55,14.4,8.68,17.4,14.5
2026-04-12 21:56:29,CD_4,14.3,6.6,14.4,8.4,17.4,14.6
2026-04-12 21:56:30,CD_4,14.4,6.54,14.4,8.64,17.4,14.5
2026-04-12 21:56:30,CD_4,14.3,6.58,14.4,8.85,17.4,14.5
2026-04-12 21:56:31,CD_4,14.3,6.61,14.4,8.64,17.7,14.6
2026-04-12 21:56:31,CD_4,14.4,6.59,14.4,8.51,17.6,14.7
2026-04-12 21:56:31,CD_4,14.4,6.59,14.4,8.77,17.5,14.5
2026-04-12 21:56:32,CD_4,14.3,6.67,14.4,9.06,17.6,14.5
2026-04-12 21:56:32,CD_4,14.3,6.65,14.4,9.15,17.6,14.5
2026-04-12 21:56:32,CD_4,14.3,6.52,14.4,8.94,17.6,14.5
2026-04-12 21:56:33,CD_4,14.3,6.68,14.4,9.29,17.7,14.5
2026-04-12 21:56:33,CD_4,14.3,6.71,14.4,9.27,17.6,14.4
2026-04-12 21:56:33,CD_4,14.2,6.7,14.4,8.86,17.6,14.6
2026-04-12 21:56:34,CD_4,14.4,6.62,14.4,9.12,17.5,14.5
2026-04-12 21:56:34,CD_4,14.3,6.51,14.4,8.84,17.5,14.6
2026-04-12 21:56:34,CD_4,14.4,6.66,14.4,8.58,17.5,14.6
2026-04-12 21:56:35,CD_4,14.4,6.61,14.4,8.47,17.4,14.6
2026-04-12 21:56:35,CD_4,14.4,6.62,14.4,8.84,17.4,14.5
2026-04-12 21:56:36,CD_4,14.3,6.47,14.4,8.46,17.5,14.6
2026-04-12 21:56:36,CD_4,14.4,6.54,14.4,8.4,17.5,14.6
2026-04-12 21:56:36,CD_4,14.4,6.5,14.4,8.39,17.5,14.6
2026-04-12 21:56:37,CD_4,14.4,6.59,14.4,8.38,17.4,14.6
2026-04-12 21:56:37,CD_4,14.4,6.56,14.4,8.32,17.4,14.7
2026-04-12 21:56:37,CD_4,14.5,6.57,14.4,8.37,17.6,14.6
2026-04-12 21:56:38,CD_4,14.4,6.56,14.4,8.8,17.6,14.5
2026-04-12 21:56:38,CD_4,14.3,6.6,14.4,8.85,17.5,14.5
2026-04-12 21:56:38,CD_4,14.3,6.45,14.4,8.62,17.5,14.6
2026-04-12 21:56:39,CD_4,14.4,6.58,14.4,8.92,17.6,14.5
2026-04-12 21:56:39,CD_4,14.3,6.47,14.4,8.64,17.5,14.6
2026-04-12 21:56:40,CD_4,14.4,6.5,14.4,8.46,17.5,14.6
2026-04-12 21:56:40,CD_4,14.4,6.59,14.4,8.74,17.5,14.5
2026-04-12 21:56:40,CD_4,14.3,6.68,14.4,8.96,17.3,14.5
