Timestamp,Label,V_AD,V_AB,V_BC,V_CD,V_AC,V_BD
2026-04-12 20:10:20,AB_1,12.21,7.32,13.4,8.26,12.69,13.1
2026-04-12 20:10:21,AB_1,11.37,7.34,13.1,8.3,13.0,13.1
2026-04-12 20:10:21,AB_1,11.4,7.33,13.1,8.32,13.1,13.1
2026-04-12 20:10:22,AB_1,11.39,7.29,13.1,8.32,13.3,13.1
2026-04-12 20:10:22,AB_1,11.42,7.31,13.1,8.51,13.7,13.1
2026-04-12 20:10:22,AB_1,11.44,7.3,13.1,8.46,13.8,13.2
2026-04-12 20:10:23,AB_1,11.47,7.34,13.1,8.5,14.0,13.2
2026-04-12 20:10:23,AB_1,11.51,7.34,13.1,8.79,14.2,13.1
2026-04-12 20:10:23,AB_1,11.44,7.36,13.1,9.03,14.3,13.1
2026-04-12 20:10:24,AB_1,11.44,7.35,13.1,8.77,14.1,13.1
2026-04-12 20:10:24,AB_1,11.46,7.35,13.0,8.91,14.3,13.1
2026-04-12 20:10:24,AB_1,11.48,7.39,13.1,9.28,14.5,13.1
2026-04-12 20:10:25,AB_1,11.42,7.37,13.1,9.42,14.5,13.1
2026-04-12 20:10:25,AB_1,11.46,7.33,13.1,8.83,14.5,13.1
2026-04-12 20:10:25,AB_1,11.5,7.33,13.1,8.87,14.2,13.2
2026-04-12 20:10:26,AB_1,11.58,7.36,13.1,9.14,14.4,13.1
2026-04-12 20:10:26,AB_1,11.45,7.37,13.1,9.33,14.6,13.1
2026-04-12 20:10:27,AB_1,11.46,7.38,13.1,9.4,14.6,13.1
2026-04-12 20:10:27,AB_1,11.47,7.38,13.1,9.54,14.4,13.1
2026-04-12 20:10:27,AB_1,11.44,7.36,13.1,9.18,14.4,13.2
2026-04-12 20:10:28,AB_1,11.52,7.37,13.1,9.34,14.6,13.1
2026-04-12 20:10:28,AB_1,11.47,7.34,13.1,9.05,14.5,13.2
2026-04-12 20:10:28,AB_1,11.54,7.32,13.2,8.9,14.6,13.2
2026-04-12 20:10:29,AB_1,11.59,7.32,13.2,8.89,14.6,13.2
2026-04-12 20:10:29,AB_1,11.58,7.31,13.2,8.81,14.5,13.2
2026-04-12 20:10:29,AB_1,11.6,7.35,13.2,9.13,14.6,13.2
2026-04-12 20:10:30,AB_1,11.47,7.37,13.1,9.29,14.6,13.1
2026-04-12 20:10:30,AB_1,11.48,7.37,13.1,9.46,14.8,13.1
2026-04-12 20:10:30,AB_1,11.48,7.32,13.1,9.11,14.6,13.1
2026-04-12 20:10:31,AB_1,11.48,7.36,13.2,8.85,14.6,13.2
2026-04-12 20:10:31,AB_1,11.57,7.34,13.2,8.81,14.5,13.2
2026-04-12 20:10:32,AB_1,11.58,7.35,13.2,8.81,14.7,13.2
2026-04-12 20:10:32,AB_1,11.62,7.35,13.2,9.08,14.6,13.1
2026-04-12 20:10:32,AB_1,11.49,7.37,13.1,9.34,14.7,13.1
2026-04-12 20:10:33,AB_1,11.49,7.33,13.2,8.96,14.7,13.2
2026-04-12 20:10:33,AB_1,11.56,7.36,13.1,9.29,14.7,13.2
2026-04-12 20:10:33,AB_1,11.49,7.33,13.2,8.99,14.5,13.2
2026-04-12 20:10:34,AB_1,11.58,7.35,13.2,9.2,14.8,13.2
2026-04-12 20:10:34,AB_1,11.47,7.36,13.1,9.37,14.5,13.2
2026-04-12 20:10:34,AB_1,11.51,7.36,13.1,9.17,14.7,13.1
2026-04-12 20:10:35,AB_1,11.46,7.37,13.2,9.52,14.8,13.2
2026-04-12 20:10:35,AB_1,11.49,7.32,13.2,9.19,14.7,13.1
2026-04-12 20:10:35,AB_1,11.51,7.32,13.2,9.1,14.7,13.3
2026-04-12 20:10:36,AB_1,11.6,7.34,13.2,8.86,14.6,13.2
2026-04-12 20:10:36,AB_1,11.56,7.35,13.2,8.72,14.6,13.2
2026-04-12 20:10:37,AB_1,11.64,7.33,13.2,8.86,14.7,13.2
2026-04-12 20:10:37,AB_1,11.58,7.32,13.2,8.79,14.7,13.2
2026-04-12 20:10:37,AB_1,11.65,7.32,13.2,8.76,14.6,13.2
2026-04-12 20:10:38,AB_1,11.63,7.31,13.3,8.65,14.7,13.3
2026-04-12 20:10:38,AB_1,11.7,7.31,13.3,8.69,14.6,13.3
2026-04-12 20:10:38,AB_1,11.65,7.33,13.2,8.7,14.6,13.3
2026-04-12 20:10:39,AB_1,11.65,7.34,13.2,8.98,14.7,13.2
2026-04-12 20:10:39,AB_1,11.54,7.34,13.2,9.06,14.5,13.2
2026-04-12 20:10:39,AB_1,11.51,7.35,13.1,9.28,14.7,13.2
2026-04-12 20:10:40,AB_1,11.51,7.37,13.2,9.42,14.7,13.1
2026-04-12 20:10:40,AB_1,11.48,7.36,13.1,9.41,14.7,13.1
2026-04-12 20:10:41,AB_1,11.46,7.36,13.3,9.58,15.3,13.3
2026-04-12 20:10:41,AB_1,11.88,7.25,13.0,9.52,15.1,13.0
2026-04-12 20:10:41,AB_1,11.7,7.2,13.0,9.53,14.9,13.1
2026-04-12 20:10:42,AB_1,11.59,7.27,13.1,9.63,15.1,13.0
2026-04-12 20:10:42,AB_1,11.43,7.33,13.0,9.14,14.7,13.0
2026-04-12 20:10:42,AB_1,11.34,7.42,12.9,9.32,14.6,12.8
2026-04-12 20:10:43,AB_1,11.31,7.37,13.0,9.47,15.0,12.9
2026-04-12 20:10:43,AB_1,11.72,7.31,13.1,8.9,14.8,13.1
2026-04-12 20:10:43,AB_1,11.69,7.21,13.1,8.88,14.7,13.1
2026-04-12 20:10:44,AB_1,11.7,7.32,13.0,8.73,14.5,13.0
2026-04-12 20:10:44,AB_1,11.4,7.38,13.0,9.06,14.7,12.9
2026-04-12 20:10:44,AB_1,11.58,7.23,13.0,8.78,15.0,13.1
2026-04-12 20:10:45,AB_1,11.82,7.22,13.0,8.74,15.1,13.0
2026-04-12 20:10:45,AB_1,11.93,7.18,12.8,8.56,15.1,12.74
2026-04-12 20:10:46,AB_1,11.56,7.33,12.7,8.93,14.6,12.61
2026-04-12 20:10:46,AB_1,11.09,7.46,12.8,8.93,14.5,13.0
2026-04-12 20:10:46,AB_1,11.49,7.37,13.1,8.78,14.8,13.3
2026-04-12 20:10:47,AB_1,11.91,7.13,13.2,8.95,15.3,13.1
2026-04-12 20:10:47,AB_1,12.07,7.22,12.8,9.06,15.3,12.8
2026-04-12 20:10:47,AB_1,11.73,7.17,12.8,9.33,14.6,12.9
2026-04-12 20:10:48,AB_1,11.21,7.47,12.9,9.12,14.8,12.8
2026-04-12 20:10:48,AB_1,11.54,7.26,12.9,8.86,15.1,12.9
2026-04-12 20:10:48,AB_1,11.66,7.23,13.0,9.15,14.6,12.9
2026-04-12 20:10:49,AB_1,11.49,7.22,12.8,8.81,15.0,12.66
2026-04-12 20:10:49,AB_1,11.62,7.3,12.9,8.82,14.9,13.0
2026-04-12 20:10:50,AB_1,11.53,7.19,12.9,8.72,14.7,12.77
2026-04-12 20:10:50,AB_1,11.58,7.37,12.72,8.97,14.6,12.73
2026-04-12 20:10:50,AB_1,11.35,7.34,12.8,9.16,14.8,12.8
2026-04-12 20:10:51,AB_1,11.57,7.26,12.8,8.98,14.9,12.8
2026-04-12 20:10:51,AB_1,11.63,7.25,12.9,8.82,14.9,13.1
2026-04-12 20:10:51,AB_1,11.89,7.17,12.75,8.79,14.6,12.65
2026-04-12 20:10:52,AB_1,11.41,7.43,12.9,8.7,14.3,13.2
2026-04-12 20:10:52,AB_1,11.38,7.39,13.2,9.2,14.4,12.8
2026-04-12 20:10:52,AB_1,11.01,7.52,12.6,9.23,14.4,12.9
2026-04-12 20:10:53,AB_1,11.07,7.53,13.1,9.17,14.2,13.1
2026-04-12 20:10:53,AB_1,11.25,7.4,13.0,9.2,14.9,12.8
2026-04-12 20:10:53,AB_1,11.45,7.4,12.66,9.4,14.6,13.2
2026-04-12 20:10:54,AB_1,11.52,7.2,13.3,9.1,14.3,12.75
2026-04-12 20:10:54,AB_1,11.07,7.67,12.9,8.92,14.9,13.3
2026-04-12 20:10:55,AB_1,11.71,7.19,13.3,9.0,14.7,13.2
2026-04-12 20:10:55,AB_1,11.76,7.27,13.0,8.65,14.7,13.2
2026-04-12 20:10:55,AB_1,12.06,7.07,13.5,8.68,15.0,13.5
2026-04-12 20:10:56,AB_1,11.99,7.19,13.2,9.05,15.2,13.1
2026-04-12 20:10:56,AB_1,11.51,7.44,13.1,9.23,14.9,13.1
2026-04-12 20:10:56,AB_1,11.45,7.32,13.0,9.06,14.8,13.2
2026-04-12 20:10:57,AB_1,11.86,7.25,13.1,9.23,14.6,13.0
2026-04-12 20:10:57,AB_1,11.29,7.47,13.1,9.49,14.5,13.0
2026-04-12 20:10:57,AB_1,11.27,7.44,12.9,9.33,14.8,12.9
2026-04-12 20:10:58,AB_1,11.39,7.4,13.0,9.56,14.6,13.1
2026-04-12 20:10:58,AB_1,11.33,7.4,13.0,9.57,14.6,12.9
2026-04-12 20:10:58,AB_1,11.3,7.44,13.0,9.71,14.7,13.0
2026-04-12 20:10:59,AB_1,11.24,7.4,13.0,9.24,14.7,13.0
2026-04-12 20:10:59,AB_1,11.43,7.44,13.0,9.43,14.6,13.0
2026-04-12 20:11:00,AB_1,11.31,7.4,13.0,9.57,14.6,13.0
2026-04-12 20:11:00,AB_1,11.33,7.37,13.0,9.27,14.6,13.0
2026-04-12 20:11:00,AB_1,11.4,7.41,13.0,9.39,14.6,13.0
2026-04-12 20:11:01,AB_1,11.37,7.41,13.0,8.98,14.5,13.0
2026-04-12 20:11:01,AB_1,11.32,7.44,13.0,8.93,14.5,13.1
2026-04-12 20:11:01,AB_1,11.61,7.21,13.2,8.68,14.6,13.0
2026-04-12 20:11:02,AB_1,11.52,7.5,13.2,8.78,14.6,13.1
2026-04-12 20:11:02,AB_1,11.45,7.34,13.0,9.09,14.7,13.0
2026-04-12 20:11:02,AB_1,11.49,7.35,12.9,9.33,14.7,13.0
2026-04-12 20:11:03,AB_1,11.38,7.38,13.0,9.27,14.8,12.9
2026-04-12 20:11:03,AB_1,11.35,7.43,12.9,9.5,14.8,13.0
2026-04-12 20:11:03,AB_1,11.36,7.37,12.9,9.55,14.8,13.0
2026-04-12 20:11:04,AB_1,11.34,7.39,12.9,9.6,14.8,12.9
2026-04-12 20:11:04,AB_1,11.37,7.39,13.0,9.68,14.6,13.0
2026-04-12 20:11:05,AB_1,11.35,7.39,13.0,9.62,14.7,13.0
2026-04-12 20:11:05,AB_1,11.35,7.41,13.0,9.23,14.6,13.0
2026-04-12 20:11:05,AB_1,11.48,7.35,13.1,8.84,14.8,13.0
2026-04-12 20:11:06,AB_1,11.45,7.37,13.0,9.29,14.7,13.0
2026-04-12 20:11:06,AB_1,11.42,7.39,13.0,9.42,14.8,13.0
2026-04-12 20:11:06,AB_1,11.37,7.38,12.9,9.54,14.7,13.0
2026-04-12 20:11:07,AB_1,11.36,7.36,13.0,9.13,14.7,13.0
2026-04-12 20:11:07,AB_1,11.48,7.36,13.0,8.95,14.5,13.0
2026-04-12 20:11:07,AB_1,11.54,7.36,13.0,8.79,14.5,13.0
2026-04-12 20:11:08,AB_1,11.45,7.36,13.0,8.67,14.7,13.0
2026-04-12 20:11:08,AB_1,11.45,7.36,13.0,9.21,14.6,13.0
2026-04-12 20:11:08,AB_1,11.39,7.38,13.0,9.37,14.8,13.0
2026-04-12 20:11:09,AB_1,11.38,7.39,13.0,9.45,14.6,12.9
2026-04-12 20:11:09,AB_1,11.36,7.34,13.0,9.15,14.9,13.0
2026-04-12 20:11:10,AB_1,11.48,7.38,13.0,9.22,14.7,13.0
2026-04-12 20:11:10,AB_1,11.38,7.37,13.0,9.07,14.6,13.0
2026-04-12 20:11:10,AB_1,11.52,7.38,13.0,9.25,14.8,13.0
2026-04-12 20:11:11,AB_1,11.38,7.38,13.0,9.3,14.8,13.0
2026-04-12 20:11:11,AB_1,11.37,7.35,13.0,9.15,14.7,13.0
2026-04-12 20:11:11,AB_1,11.48,7.37,13.0,8.95,14.8,13.1
2026-04-12 20:11:12,AB_1,11.53,7.37,13.0,9.09,14.8,13.0
2026-04-12 20:11:12,AB_1,11.4,7.38,13.0,9.48,14.7,13.0
2026-04-12 20:11:12,AB_1,11.38,7.39,13.0,9.43,14.9,13.0
2026-04-12 20:11:13,AB_1,11.37,7.34,13.0,9.12,14.8,13.0
2026-04-12 20:11:13,AB_1,11.47,7.36,13.0,8.86,14.6,13.0
2026-04-12 20:11:13,AB_1,11.48,7.35,13.1,8.73,14.7,13.0
2026-04-12 20:11:14,AB_1,11.45,7.34,13.1,8.82,14.5,13.1
2026-04-12 20:11:14,AB_1,11.53,7.36,13.1,8.79,14.7,13.1
2026-04-12 20:11:15,AB_1,11.54,7.36,13.0,9.14,14.7,13.0
2026-04-12 20:11:15,AB_1,11.42,7.36,13.0,9.26,14.8,13.0
2026-04-12 20:11:15,AB_1,11.39,7.38,13.0,9.28,14.8,13.0
2026-04-12 20:11:16,AB_1,11.38,7.39,13.0,9.49,14.8,13.0
2026-04-12 20:11:16,AB_1,11.36,7.34,13.0,9.2,14.8,13.0
2026-04-12 20:11:16,AB_1,11.47,7.38,13.0,9.27,14.7,13.0
2026-04-12 20:11:17,AB_1,11.39,7.34,13.0,8.95,14.7,13.0
2026-04-12 20:11:17,AB_1,11.47,7.36,13.0,8.89,14.8,13.1
2026-04-12 20:11:17,AB_1,11.51,7.36,13.0,9.15,14.7,13.0
2026-04-12 20:11:18,AB_1,11.39,7.38,13.0,9.28,14.5,13.0
2026-04-12 20:11:18,AB_1,11.39,7.38,13.0,9.32,14.8,13.0
2026-04-12 20:11:18,AB_1,11.38,7.38,13.0,9.47,14.7,13.0
2026-04-12 20:11:19,AB_1,11.37,7.38,13.0,9.41,14.7,12.9
2026-04-12 20:11:19,AB_1,11.38,7.35,13.0,9.09,14.7,13.0
2026-04-12 20:11:20,AB_1,11.48,7.35,13.0,8.84,14.6,13.0
2026-04-12 20:11:20,AB_1,11.53,7.34,13.1,8.8,14.7,13.0
2026-04-12 20:11:20,AB_1,11.48,7.35,13.0,9.12,14.5,13.0
2026-04-12 20:11:21,AB_1,11.44,7.37,13.0,8.99,14.6,13.1
2026-04-12 20:11:21,AB_1,11.5,7.36,13.0,9.27,14.6,13.0
2026-04-12 20:11:21,AB_1,11.39,7.37,13.0,9.25,14.8,13.0
2026-04-12 20:11:22,AB_1,11.39,7.37,13.0,9.49,14.9,13.0
2026-04-12 20:11:22,AB_1,11.37,7.36,13.0,9.11,14.7,13.0
2026-04-12 20:11:22,AB_1,11.47,7.35,13.0,8.92,14.7,13.0
2026-04-12 20:11:23,AB_1,11.43,7.37,13.0,9.21,14.8,13.0
2026-04-12 20:11:23,AB_1,11.39,7.38,13.0,9.45,14.8,13.0
2026-04-12 20:11:23,AB_1,11.37,7.38,13.0,9.07,14.6,13.1
2026-04-12 20:11:24,AB_1,11.5,7.36,13.0,8.87,14.6,13.1
2026-04-12 20:11:24,AB_1,11.49,7.35,13.1,8.84,14.9,13.1
2026-04-12 20:11:25,AB_1,11.54,7.35,13.0,9.15,14.7,13.0
2026-04-12 20:11:25,AB_1,11.39,7.34,13.1,8.99,14.8,13.1
2026-04-12 20:11:25,AB_1,11.51,7.36,13.1,8.74,14.5,13.1
2026-04-12 20:11:26,AB_1,11.53,7.35,13.0,9.07,14.6,13.0
2026-04-12 20:11:26,AB_1,11.46,7.35,13.0,8.87,14.5,13.1
2026-04-12 20:11:26,AB_1,11.54,7.34,13.1,8.79,14.7,13.1
2026-04-12 20:11:27,AB_1,11.57,7.33,13.1,8.73,14.8,13.1
2026-04-12 20:11:27,AB_1,11.57,7.35,13.1,9.06,14.8,13.0
2026-04-12 20:11:27,AB_1,11.45,7.35,13.0,9.18,14.8,13.0
2026-04-12 20:11:28,AB_1,11.43,7.38,13.0,9.28,14.8,13.0
2026-04-12 20:11:28,AB_1,11.38,7.37,12.9,9.47,14.7,13.0
2026-04-12 20:11:29,AB_1,11.39,7.33,13.0,9.17,14.8,13.1
2026-04-12 20:11:29,AB_1,11.47,7.36,13.0,9.29,14.7,13.0
2026-04-12 20:11:29,AB_1,11.39,7.38,13.0,9.36,14.8,13.0
2026-04-12 20:11:30,AB_1,11.38,7.39,13.0,9.37,14.9,13.0
2026-04-12 20:11:30,AB_1,11.35,7.31,13.0,9.13,14.7,13.0
2026-04-12 20:11:30,AB_1,11.52,7.37,13.1,8.92,14.8,13.1
2026-04-12 20:11:31,AB_1,11.51,7.36,13.0,9.24,14.8,13.0
2026-04-12 20:11:31,AB_1,11.43,7.33,13.0,9.01,14.7,13.0
2026-04-12 20:11:31,AB_1,11.49,7.37,13.0,9.0,14.7,13.1
2026-04-12 20:11:32,AB_1,11.52,7.35,13.0,9.22,14.8,13.0
2026-04-12 20:11:39,AB_2,12.8,6.54,12.08,8.31,16.5,12.21
2026-04-12 20:11:39,AB_2,12.71,6.61,12.0,8.46,16.3,12.07
2026-04-12 20:11:40,AB_2,12.55,6.62,11.94,8.78,16.3,11.98
2026-04-12 20:11:40,AB_2,12.53,6.55,11.97,8.33,16.3,12.11
2026-04-12 20:11:40,AB_2,12.63,6.66,11.94,8.57,16.2,12.01
2026-04-12 20:11:41,AB_2,12.54,6.68,11.89,8.77,16.0,11.9
2026-04-12 20:11:41,AB_2,12.42,6.69,11.9,8.83,16.4,12.0
2026-04-12 20:11:42,AB_2,12.55,6.7,11.85,8.99,16.2,11.91
2026-04-12 20:11:42,AB_2,12.4,6.71,11.86,8.75,16.4,11.92
2026-04-12 20:11:42,AB_2,12.48,6.59,11.9,8.46,16.2,12.03
2026-04-12 20:11:43,AB_2,12.58,6.55,11.95,8.23,16.1,12.11
2026-04-12 20:11:43,AB_2,12.62,6.66,11.97,8.24,16.0,12.0
2026-04-12 20:11:43,AB_2,12.53,6.69,11.97,8.17,16.0,12.08
2026-04-12 20:11:44,AB_2,12.63,6.58,11.98,7.94,16.1,12.14
2026-04-12 20:11:44,AB_2,12.66,6.63,11.99,7.84,16.1,12.2
2026-04-12 20:11:44,AB_2,12.65,6.61,12.05,7.73,16.1,12.32
2026-04-12 20:11:45,AB_2,12.8,6.58,12.25,7.93,16.4,12.56
2026-04-12 20:11:45,AB_2,13.1,6.54,12.37,7.65,16.1,12.43
2026-04-12 20:11:46,AB_2,12.9,6.54,12.57,7.84,16.1,12.1
2026-04-12 20:11:46,AB_2,12.9,6.59,12.01,8.21,16.2,12.07
2026-04-12 20:11:46,AB_2,12.64,6.53,12.22,8.14,16.2,12.69
2026-04-12 20:11:47,AB_2,13.0,6.66,12.23,8.54,16.4,12.01
2026-04-12 20:11:47,AB_2,12.36,6.67,12.13,8.23,16.2,12.43
2026-04-12 20:11:47,AB_2,12.9,6.61,12.06,8.0,16.5,12.24
2026-04-12 20:11:48,AB_2,12.8,6.75,12.15,8.42,16.3,12.68
2026-04-12 20:11:48,AB_2,12.71,6.48,12.56,8.31,16.2,12.52
2026-04-12 20:11:48,AB_2,12.9,6.71,12.28,8.13,16.2,12.35
2026-04-12 20:11:49,AB_2,12.8,6.56,12.08,8.26,16.5,12.28
2026-04-12 20:11:49,AB_2,13.1,6.68,12.36,8.72,16.3,12.41
2026-04-12 20:11:49,AB_2,12.69,6.46,12.25,8.36,16.0,12.04
2026-04-12 20:11:50,AB_2,12.8,6.58,11.86,7.89,16.6,12.03
2026-04-12 20:11:50,AB_2,12.77,6.59,11.94,7.94,16.0,12.54
2026-04-12 20:11:51,AB_2,12.74,6.66,12.44,7.97,16.2,12.42
2026-04-12 20:11:51,AB_2,13.3,6.58,12.22,7.87,16.1,12.27
2026-04-12 20:11:51,AB_2,12.77,6.55,12.19,8.21,16.3,12.35
2026-04-12 20:11:52,AB_2,12.9,6.63,12.11,8.48,16.5,12.25
2026-04-12 20:11:52,AB_2,12.9,6.67,12.15,8.49,16.0,12.28
2026-04-12 20:11:52,AB_2,12.57,6.68,12.24,8.77,16.2,12.18
2026-04-12 20:11:53,AB_2,12.74,6.73,11.91,8.5,16.5,12.33
2026-04-12 20:11:53,AB_2,12.9,6.75,12.16,8.27,15.9,12.29
2026-04-12 20:11:53,AB_2,12.74,6.67,12.01,8.34,16.4,12.05
2026-04-12 20:11:54,AB_2,12.9,6.7,12.01,8.77,16.4,12.32
2026-04-12 20:11:54,AB_2,12.76,6.63,12.06,8.86,16.3,12.2
2026-04-12 20:11:55,AB_2,12.8,6.55,12.21,8.44,16.1,12.31
2026-04-12 20:11:55,AB_2,12.8,6.66,12.21,8.68,16.4,12.22
2026-04-12 20:11:55,AB_2,12.76,6.68,12.12,8.8,16.5,12.19
2026-04-12 20:11:56,AB_2,12.72,6.73,12.04,8.75,16.4,12.16
2026-04-12 20:11:56,AB_2,12.66,6.74,12.06,8.85,16.2,12.13
2026-04-12 20:11:56,AB_2,12.71,6.65,12.11,8.51,16.3,12.24
2026-04-12 20:11:57,AB_2,12.8,6.65,12.17,8.19,16.2,12.33
2026-04-12 20:11:57,AB_2,12.9,6.65,12.1,8.57,16.3,12.19
2026-04-12 20:11:57,AB_2,12.75,6.7,12.11,8.73,16.2,12.2
2026-04-12 20:11:58,AB_2,12.68,6.71,12.1,8.64,16.3,12.14
2026-04-12 20:11:58,AB_2,12.69,6.72,12.07,8.82,16.3,12.15
2026-04-12 20:11:58,AB_2,12.69,6.72,12.08,8.95,16.2,12.15
2026-04-12 20:11:59,AB_2,12.7,6.69,12.06,8.96,16.4,12.14
2026-04-12 20:11:59,AB_2,12.69,6.67,12.11,8.4,16.4,12.26
2026-04-12 20:11:59,AB_2,12.8,6.68,12.08,8.6,16.5,12.17
2026-04-12 20:12:00,AB_2,12.71,6.7,12.09,8.72,16.3,12.16
2026-04-12 20:12:00,AB_2,12.69,6.56,12.11,8.42,16.3,12.26
2026-04-12 20:12:01,AB_2,12.8,6.59,12.16,8.2,16.4,12.31
2026-04-12 20:12:01,AB_2,12.8,6.64,12.18,8.12,16.2,12.35
2026-04-12 20:12:01,AB_2,12.9,6.66,12.11,8.2,16.0,12.19
2026-04-12 20:12:02,AB_2,12.77,6.64,12.17,7.97,16.2,12.28
2026-04-12 20:12:02,AB_2,12.9,6.55,12.2,7.77,16.3,12.37
2026-04-12 20:12:02,AB_2,12.9,6.63,12.15,8.36,16.3,12.23
2026-04-12 20:12:03,AB_2,12.75,6.55,12.17,8.08,16.4,12.34
2026-04-12 20:12:03,AB_2,12.9,6.64,12.13,8.53,16.4,12.22
2026-04-12 20:12:03,AB_2,12.74,6.54,12.16,8.1,16.2,12.32
2026-04-12 20:12:04,AB_2,12.9,6.65,12.12,8.4,16.4,12.2
2026-04-12 20:12:04,AB_2,12.72,6.68,12.15,8.16,16.2,12.32
2026-04-12 20:12:05,AB_2,12.9,6.56,12.18,7.85,16.1,12.35
2026-04-12 20:12:05,AB_2,12.9,6.64,12.14,8.37,16.2,12.22
2026-04-12 20:12:05,AB_2,12.75,6.69,12.1,8.6,16.3,12.19
2026-04-12 20:12:06,AB_2,12.73,6.71,12.1,8.74,16.1,12.16
2026-04-12 20:12:06,AB_2,12.71,6.7,12.08,8.8,16.3,12.17
2026-04-12 20:12:06,AB_2,12.7,6.7,12.08,8.91,16.3,12.14
2026-04-12 20:12:07,AB_2,12.69,6.71,12.08,8.77,16.3,12.15
2026-04-12 20:12:07,AB_2,12.68,6.57,12.12,8.31,16.2,12.17
2026-04-12 20:12:07,AB_2,12.74,6.65,12.13,8.32,16.4,12.29
2026-04-12 20:12:08,AB_2,12.8,6.56,12.17,8.11,16.3,12.34
2026-04-12 20:12:08,AB_2,12.9,6.63,12.14,8.3,16.3,12.2
2026-04-12 20:12:08,AB_2,12.74,6.69,12.1,8.67,16.3,12.18
2026-04-12 20:12:09,AB_2,12.7,6.69,12.09,8.75,16.4,12.17
2026-04-12 20:12:09,AB_2,12.69,6.69,12.08,8.68,16.2,12.17
2026-04-12 20:12:09,AB_2,12.71,6.71,12.09,8.94,15.8,12.19
2026-04-12 20:12:10,AB_2,12.68,6.72,12.09,8.98,16.3,12.13
2026-04-12 20:12:10,AB_2,12.7,6.53,12.12,8.51,16.2,12.27
2026-04-12 20:12:11,AB_2,12.76,6.67,12.11,8.45,16.1,12.2
2026-04-12 20:12:11,AB_2,12.7,6.75,12.1,8.8,16.5,12.19
2026-04-12 20:12:11,AB_2,12.69,6.58,12.11,8.41,16.1,12.27
2026-04-12 20:12:12,AB_2,12.8,6.7,12.11,8.59,16.3,12.17
2026-04-12 20:12:12,AB_2,12.71,6.71,12.08,8.78,16.3,12.16
2026-04-12 20:12:12,AB_2,12.69,6.73,12.1,8.91,16.2,12.15
2026-04-12 20:12:13,AB_2,12.69,6.71,12.08,8.86,16.2,12.1
2026-04-12 20:12:13,AB_2,12.71,6.65,12.11,8.29,16.4,12.26
2026-04-12 20:12:13,AB_2,12.77,6.68,12.17,8.26,16.3,12.33
2026-04-12 20:12:14,AB_2,12.9,6.66,12.1,8.52,16.1,12.17
2026-04-12 20:12:14,AB_2,12.72,6.69,12.12,8.82,16.4,12.18
2026-04-12 20:12:14,AB_2,12.68,6.7,12.06,8.76,16.2,12.14
2026-04-12 20:12:15,AB_2,12.69,6.71,12.1,8.92,16.3,12.16
2026-04-12 20:12:15,AB_2,12.67,6.53,12.1,8.46,16.3,12.26
2026-04-12 20:12:16,AB_2,12.8,6.69,12.11,8.67,16.4,12.18
2026-04-12 20:12:16,AB_2,12.72,6.7,12.07,8.68,16.3,12.17
2026-04-12 20:12:16,AB_2,12.67,6.69,12.14,8.4,16.3,12.26
2026-04-12 20:12:17,AB_2,12.8,6.68,12.11,8.41,16.2,12.19
2026-04-12 20:12:17,AB_2,12.7,6.69,12.08,8.82,16.4,12.15
2026-04-12 20:12:17,AB_2,12.66,6.68,12.06,8.81,16.3,12.15
2026-04-12 20:12:18,AB_2,12.68,6.73,12.07,8.92,16.2,12.14
2026-04-12 20:12:18,AB_2,12.67,6.7,12.07,8.76,16.2,12.18
2026-04-12 20:12:18,AB_2,12.77,6.69,12.08,8.71,16.3,12.15
2026-04-12 20:12:19,AB_2,12.71,6.67,12.11,8.3,16.2,12.23
2026-04-12 20:12:19,AB_2,12.8,6.58,12.17,8.19,16.3,12.33
2026-04-12 20:12:19,AB_2,12.9,6.66,12.11,8.53,16.2,12.2
2026-04-12 20:12:20,AB_2,12.71,6.71,12.09,8.75,16.5,12.18
2026-04-12 20:12:20,AB_2,12.7,6.58,12.12,8.27,16.1,12.27
2026-04-12 20:12:20,AB_2,12.8,6.48,12.17,8.07,16.3,12.34
2026-04-12 20:12:21,AB_2,12.9,6.65,12.13,8.44,16.2,12.19
2026-04-12 20:12:21,AB_2,12.72,6.67,12.1,8.54,16.4,12.18
2026-04-12 20:12:22,AB_2,12.71,6.69,12.09,8.77,15.9,12.17
2026-04-12 20:12:22,AB_2,12.69,6.7,12.07,8.89,16.5,12.15
2026-04-12 20:12:22,AB_2,12.69,6.6,12.11,8.27,16.1,12.26
2026-04-12 20:12:23,AB_2,12.8,6.7,12.1,8.4,16.2,12.18
2026-04-12 20:12:23,AB_2,12.71,6.69,12.09,8.89,16.3,12.15
2026-04-12 20:12:23,AB_2,12.68,6.7,12.08,8.93,16.2,12.16
2026-04-12 20:12:24,AB_2,12.7,6.72,12.08,8.7,16.4,12.16
2026-04-12 20:12:24,AB_2,12.66,6.74,12.05,8.79,16.3,12.13
2026-04-12 20:12:24,AB_2,12.73,6.65,12.14,8.44,16.1,12.26
2026-04-12 20:12:25,AB_2,12.8,6.7,12.08,8.58,16.2,12.19
2026-04-12 20:12:25,AB_2,12.71,6.61,12.14,8.29,16.2,12.28
2026-04-12 20:12:25,AB_2,12.8,6.68,12.09,8.59,16.3,12.19
2026-04-12 20:12:26,AB_2,12.71,6.59,12.15,8.24,16.4,12.29
2026-04-12 20:12:26,AB_2,12.8,6.67,12.11,8.37,16.3,12.19
2026-04-12 20:12:27,AB_2,12.71,6.71,12.1,8.74,16.3,12.17
2026-04-12 20:12:27,AB_2,12.69,6.71,12.08,8.76,16.4,12.16
2026-04-12 20:12:27,AB_2,12.68,6.57,12.12,8.4,16.3,12.28
2026-04-12 20:12:28,AB_2,12.8,6.6,12.16,8.08,16.4,12.34
2026-04-12 20:12:28,AB_2,12.9,6.59,12.16,8.07,16.3,12.35
2026-04-12 20:12:28,AB_2,12.8,6.62,12.22,7.96,16.2,12.38
2026-04-12 20:12:29,AB_2,12.9,6.64,12.16,8.25,16.4,12.23
2026-04-12 20:12:29,AB_2,12.75,6.51,12.18,8.06,16.1,12.33
2026-04-12 20:12:29,AB_2,12.9,6.57,12.17,7.87,16.2,12.33
2026-04-12 20:12:30,AB_2,12.9,6.56,12.21,7.89,16.1,12.25
2026-04-12 20:12:30,AB_2,12.8,6.6,12.2,7.84,16.1,12.35
2026-04-12 20:12:30,AB_2,12.9,6.61,12.16,8.31,16.3,12.24
2026-04-12 20:12:31,AB_2,12.77,6.58,12.19,8.06,16.3,12.37
2026-04-12 20:12:31,AB_2,12.9,6.65,12.14,8.35,16.3,12.23
2026-04-12 20:12:32,AB_2,12.76,6.68,12.11,8.54,16.3,12.2
2026-04-12 20:12:32,AB_2,12.71,6.55,12.15,8.31,16.3,12.32
2026-04-12 20:12:32,AB_2,12.9,6.64,12.21,8.05,16.2,12.36
2026-04-12 20:12:33,AB_2,12.9,6.56,12.2,7.84,16.1,12.39
2026-04-12 20:12:33,AB_2,12.9,6.63,12.17,8.43,16.3,12.23
2026-04-12 20:12:33,AB_2,12.76,6.67,12.11,8.39,16.3,12.31
2026-04-12 20:12:34,AB_2,12.8,6.66,12.12,8.52,16.4,12.22
2026-04-12 20:12:34,AB_2,12.74,6.59,12.17,8.28,16.3,12.32
2026-04-12 20:12:34,AB_2,12.8,6.66,12.2,8.07,16.2,12.38
2026-04-12 20:12:35,AB_2,12.9,6.65,12.23,7.85,16.1,12.38
2026-04-12 20:12:35,AB_2,12.9,6.6,12.23,7.69,16.3,12.43
2026-04-12 20:12:36,AB_2,12.9,6.42,12.23,7.63,16.1,12.27
2026-04-12 20:12:36,AB_2,12.9,6.59,12.21,7.81,16.0,12.29
2026-04-12 20:12:36,AB_2,12.8,6.56,12.22,7.99,16.1,12.28
2026-04-12 20:12:37,AB_2,12.8,6.57,12.22,7.87,16.2,12.41
2026-04-12 20:12:37,AB_2,12.9,6.62,12.16,8.33,16.5,12.25
2026-04-12 20:12:37,AB_2,12.75,6.58,12.2,8.13,16.3,12.36
2026-04-12 20:12:38,AB_2,12.9,6.63,12.18,8.05,16.3,12.29
2026-04-12 20:12:38,AB_2,12.8,6.53,12.22,8.02,16.2,12.39
2026-04-12 20:12:38,AB_2,12.9,6.64,12.15,8.25,16.2,12.24
2026-04-12 20:12:39,AB_2,12.76,6.65,12.18,8.09,16.5,12.37
2026-04-12 20:12:39,AB_2,12.9,6.64,12.14,8.27,16.2,12.24
2026-04-12 20:12:40,AB_2,12.74,6.54,12.18,8.12,16.4,12.37
2026-04-12 20:12:40,AB_2,12.9,6.64,12.14,8.33,16.3,12.22
2026-04-12 20:12:40,AB_2,12.75,6.59,12.17,8.03,16.3,12.35
2026-04-12 20:12:41,AB_2,12.8,6.64,12.21,8.05,16.2,12.39
2026-04-12 20:12:41,AB_2,12.9,6.63,12.17,8.4,16.4,12.24
2026-04-12 20:12:41,AB_2,12.74,6.6,12.17,8.1,16.3,12.36
2026-04-12 20:12:42,AB_2,12.9,6.67,12.14,8.16,16.3,12.21
2026-04-12 20:12:42,AB_2,12.74,6.62,12.17,8.15,16.2,12.22
2026-04-12 20:12:42,AB_2,12.8,6.58,12.18,7.99,16.1,12.31
2026-04-12 20:12:43,AB_2,12.9,6.57,12.21,7.95,16.4,12.4
2026-04-12 20:12:43,AB_2,12.9,6.58,12.23,7.85,16.3,12.41
2026-04-12 20:12:44,AB_2,12.9,6.61,12.17,8.15,16.3,12.24
2026-04-12 20:12:44,AB_2,12.8,6.66,12.11,8.39,16.3,12.21
2026-04-12 20:12:44,AB_2,12.73,6.53,12.16,8.14,16.3,12.32
2026-04-12 20:12:45,AB_2,12.9,6.66,12.12,8.37,16.4,12.21
2026-04-12 20:12:45,AB_2,12.73,6.67,12.13,8.53,16.2,12.18
2026-04-12 20:12:45,AB_2,12.72,6.6,12.14,8.15,16.3,12.31
2026-04-12 20:12:46,AB_2,12.8,6.61,12.19,8.04,16.2,12.27
2026-04-12 20:12:46,AB_2,12.8,6.58,12.19,7.99,16.3,12.32
2026-04-12 20:12:46,AB_2,12.8,6.63,12.16,8.35,16.3,12.24
2026-04-12 20:12:47,AB_2,12.75,6.65,12.1,8.62,16.3,12.19
2026-04-12 20:12:47,AB_2,12.72,6.68,12.11,8.63,16.4,12.21
2026-04-12 20:12:47,AB_2,12.72,6.68,12.09,8.7,16.3,12.16
2026-04-12 20:12:48,AB_2,12.69,6.71,12.07,8.65,16.2,12.17
2026-04-12 20:12:48,AB_2,12.72,6.66,12.09,8.68,16.5,12.16
2026-04-12 20:12:49,AB_2,12.7,6.51,12.14,8.36,16.4,12.3
2026-04-12 20:12:49,AB_2,12.8,6.68,12.12,8.61,16.3,12.19
2026-04-12 20:12:49,AB_2,12.71,6.69,12.1,8.75,16.4,12.18
2026-04-12 20:12:50,AB_2,12.69,6.7,12.09,8.81,16.4,12.16
2026-04-12 20:12:50,AB_2,12.69,6.6,12.14,8.38,16.3,12.28
2026-04-12 20:12:50,AB_2,12.8,6.65,12.16,8.26,16.2,12.22
2026-04-12 20:13:02,AB_3,13.9,6.3,14.3,8.87,17.8,14.5
2026-04-12 20:13:02,AB_3,13.8,6.43,14.2,9.1,17.5,14.4
2026-04-12 20:13:03,AB_3,13.7,6.53,14.2,9.32,17.4,14.3
2026-04-12 20:13:03,AB_3,13.6,6.43,14.2,8.9,17.5,14.4
2026-04-12 20:13:03,AB_3,13.8,6.48,14.2,8.69,17.3,14.5
2026-04-12 20:13:04,AB_3,13.8,6.42,14.2,8.94,17.5,14.4
2026-04-12 20:13:04,AB_3,13.6,6.35,14.2,8.74,17.4,14.5
2026-04-12 20:13:04,AB_3,13.8,6.38,14.3,8.52,17.4,14.6
2026-04-12 20:13:05,AB_3,13.9,6.5,14.2,8.92,17.2,14.2
2026-04-12 20:13:05,AB_3,13.5,6.62,14.1,9.08,17.0,14.5
2026-04-12 20:13:05,AB_3,13.5,6.47,14.6,9.18,17.4,14.4
2026-04-12 20:13:06,AB_3,13.7,6.68,13.7,9.09,16.7,14.0
2026-04-12 20:13:06,AB_3,13.3,6.44,14.3,8.99,17.1,14.7
2026-04-12 20:13:06,AB_3,13.7,6.62,14.1,8.77,17.2,14.1
2026-04-12 20:13:07,AB_3,13.3,6.63,14.1,9.03,17.0,14.4
2026-04-12 20:13:07,AB_3,13.6,6.58,14.3,9.24,17.1,14.2
2026-04-12 20:13:07,AB_3,13.4,6.67,14.0,9.16,17.2,14.3
2026-04-12 20:13:08,AB_3,13.5,6.41,14.3,8.87,17.2,14.4
2026-04-12 20:13:08,AB_3,13.6,6.59,14.1,9.05,17.1,14.2
2026-04-12 20:13:09,AB_3,13.4,6.44,14.2,8.95,17.2,14.4
2026-04-12 20:13:09,AB_3,13.6,6.59,14.2,8.73,17.2,14.4
2026-04-12 20:13:09,AB_3,13.7,6.56,14.1,8.97,17.1,14.3
2026-04-12 20:13:10,AB_3,13.5,6.38,14.2,8.76,17.1,14.4
2026-04-12 20:13:10,AB_3,13.6,6.51,14.1,8.58,17.1,14.4
2026-04-12 20:13:10,AB_3,13.6,6.48,14.2,8.52,17.0,14.4
2026-04-12 20:13:11,AB_3,13.7,6.49,14.2,8.47,16.7,14.4
2026-04-12 20:13:11,AB_3,13.7,6.52,14.2,8.63,17.0,14.3
2026-04-12 20:13:11,AB_3,13.6,6.55,14.1,8.96,17.1,14.3
2026-04-12 20:13:12,AB_3,13.5,6.61,14.1,9.06,17.2,14.3
2026-04-12 20:13:12,AB_3,13.5,6.44,14.1,8.67,16.7,14.3
2026-04-12 20:13:13,AB_3,13.7,6.46,14.2,8.48,17.1,14.4
2026-04-12 20:13:13,AB_3,13.7,6.54,14.2,8.69,17.0,14.3
2026-04-12 20:13:13,AB_3,13.6,6.45,14.2,8.57,16.7,14.3
2026-04-12 20:13:14,AB_3,13.6,6.55,14.1,8.82,17.1,14.3
2026-04-12 20:13:14,AB_3,13.5,6.48,14.2,8.64,16.9,14.4
2026-04-12 20:13:14,AB_3,13.7,6.57,14.2,8.74,17.0,14.4
2026-04-12 20:13:15,AB_3,13.6,6.46,14.2,8.57,17.0,14.4
2026-04-12 20:13:15,AB_3,13.7,6.43,14.2,8.46,17.1,14.4
2026-04-12 20:13:15,AB_3,13.7,6.48,14.2,8.68,17.1,14.3
2026-04-12 20:13:16,AB_3,13.5,6.56,14.1,8.94,17.2,14.3
2026-04-12 20:13:16,AB_3,13.5,6.42,14.2,8.67,17.2,14.4
2026-04-12 20:13:16,AB_3,13.6,6.55,14.1,8.93,17.0,14.3
2026-04-12 20:13:17,AB_3,13.5,6.6,14.1,9.13,17.1,14.3
2026-04-12 20:13:17,AB_3,13.5,6.65,14.1,9.18,17.1,14.2
2026-04-12 20:13:18,AB_3,13.5,6.61,14.1,9.4,17.2,14.2
2026-04-12 20:13:18,AB_3,13.5,6.61,14.1,9.28,17.2,14.2
2026-04-12 20:13:18,AB_3,13.5,6.63,14.1,9.46,17.2,14.2
2026-04-12 20:13:19,AB_3,13.4,6.48,14.1,8.84,17.1,14.3
2026-04-12 20:13:19,AB_3,13.6,6.54,14.2,8.69,16.9,14.2
2026-04-12 20:13:19,AB_3,13.6,6.54,14.1,8.45,17.0,14.3
2026-04-12 20:13:20,AB_3,13.5,6.55,14.2,8.59,16.9,14.4
2026-04-12 20:13:20,AB_3,13.6,6.46,14.2,8.49,17.0,14.4
2026-04-12 20:13:20,AB_3,13.7,6.41,14.2,8.45,17.0,14.4
2026-04-12 20:13:21,AB_3,13.7,6.55,14.2,8.68,17.0,14.3
2026-04-12 20:13:21,AB_3,13.5,6.37,14.2,8.58,17.0,14.4
2026-04-12 20:13:22,AB_3,13.7,6.5,14.1,8.76,17.2,14.3
2026-04-12 20:13:22,AB_3,13.5,6.61,14.1,9.07,17.0,14.3
2026-04-12 20:13:22,AB_3,13.5,6.58,14.1,9.12,17.0,14.2
2026-04-12 20:13:23,AB_3,13.5,6.42,14.1,8.66,17.1,14.3
2026-04-12 20:13:23,AB_3,13.6,6.59,14.1,8.97,17.1,14.3
2026-04-12 20:13:23,AB_3,13.5,6.62,14.1,9.14,17.1,14.2
2026-04-12 20:13:24,AB_3,13.5,6.64,14.1,9.3,16.9,14.2
2026-04-12 20:13:24,AB_3,13.5,6.58,14.1,8.73,17.0,14.3
2026-04-12 20:13:24,AB_3,13.6,6.45,14.2,8.53,16.9,14.4
2026-04-12 20:13:25,AB_3,13.6,6.54,14.2,8.46,17.0,14.4
2026-04-12 20:13:25,AB_3,13.7,6.4,14.2,8.22,16.8,14.4
2026-04-12 20:13:25,AB_3,13.7,6.44,14.2,8.45,17.0,14.4
2026-04-12 20:13:26,AB_3,13.7,6.49,14.2,8.26,17.0,14.5
2026-04-12 20:13:26,AB_3,13.7,6.51,14.2,8.62,17.1,14.3
2026-04-12 20:13:27,AB_3,13.6,6.54,14.1,8.81,17.2,14.3
2026-04-12 20:13:27,AB_3,13.5,6.44,14.2,8.35,17.1,14.4
2026-04-12 20:13:27,AB_3,13.6,6.53,14.2,8.42,16.8,14.4
2026-04-12 20:13:28,AB_3,13.7,6.54,14.2,8.8,17.0,14.3
2026-04-12 20:13:28,AB_3,13.6,6.56,14.1,8.94,17.1,14.3
2026-04-12 20:13:28,AB_3,13.5,6.61,14.1,9.13,17.0,14.2
2026-04-12 20:13:29,AB_3,13.5,6.63,14.1,9.13,17.2,14.2
2026-04-12 20:13:29,AB_3,13.5,6.43,14.2,8.84,17.0,14.3
2026-04-12 20:13:29,AB_3,13.6,6.56,14.1,8.87,17.1,14.3
2026-04-12 20:13:30,AB_3,13.5,6.45,14.1,8.72,17.1,14.3
2026-04-12 20:13:30,AB_3,13.6,6.49,14.2,8.59,16.8,14.4
2026-04-12 20:13:30,AB_3,13.6,6.48,14.1,8.54,17.0,14.3
2026-04-12 20:13:31,AB_3,13.7,6.46,14.2,8.4,17.0,14.4
2026-04-12 20:13:31,AB_3,13.7,6.5,14.2,8.26,16.8,14.4
2026-04-12 20:13:32,AB_3,13.7,6.44,14.2,8.27,17.0,14.4
2026-04-12 20:13:32,AB_3,13.7,6.42,14.2,8.3,17.0,14.4
2026-04-12 20:13:32,AB_3,13.7,6.39,14.2,8.26,16.9,14.5
2026-04-12 20:13:33,AB_3,13.7,6.46,14.2,8.22,17.0,14.5
2026-04-12 20:13:33,AB_3,13.8,6.41,14.2,8.23,16.9,14.5
2026-04-12 20:13:33,AB_3,13.7,6.46,14.2,8.08,17.0,14.5
2026-04-12 20:13:34,AB_3,13.7,6.49,14.2,8.58,16.9,14.3
2026-04-12 20:13:34,AB_3,13.6,6.41,14.2,8.36,17.2,14.4
2026-04-12 20:13:34,AB_3,13.7,6.53,14.2,8.58,17.1,14.3
2026-04-12 20:13:35,AB_3,13.6,6.57,14.1,8.75,17.2,14.3
2026-04-12 20:13:35,AB_3,13.5,6.58,14.1,9.06,17.0,14.2
2026-04-12 20:13:36,AB_3,13.5,6.45,14.2,8.66,17.0,14.4
2026-04-12 20:13:36,AB_3,13.7,6.57,14.1,8.94,17.1,14.2
2026-04-12 20:13:36,AB_3,13.5,6.44,14.2,8.66,17.0,14.4
2026-04-12 20:13:37,AB_3,13.6,6.58,14.1,8.84,17.0,14.3
2026-04-12 20:13:37,AB_3,13.5,6.47,14.2,8.61,16.9,14.3
2026-04-12 20:13:37,AB_3,13.6,6.52,14.1,8.9,16.9,14.2
2026-04-12 20:13:38,AB_3,13.6,6.56,14.1,9.03,17.0,14.2
2026-04-12 20:13:38,AB_3,13.5,6.52,14.2,8.7,17.2,14.4
2026-04-12 20:13:38,AB_3,13.6,6.54,14.1,8.92,16.9,14.3
2026-04-12 20:13:39,AB_3,13.5,6.62,14.1,9.17,17.2,14.2
2026-04-12 20:13:39,AB_3,13.5,6.58,14.1,8.74,16.9,14.4
2026-04-12 20:13:39,AB_3,13.6,6.46,14.2,8.46,17.0,14.4
2026-04-12 20:13:40,AB_3,13.6,6.56,14.2,8.51,17.1,14.4
2026-04-12 20:13:40,AB_3,13.7,6.51,14.2,8.43,16.9,14.4
2026-04-12 20:13:41,AB_3,13.7,6.54,14.2,8.62,17.1,14.3
2026-04-12 20:13:41,AB_3,13.6,6.56,14.1,8.95,17.2,14.3
2026-04-12 20:13:41,AB_3,13.5,6.61,14.1,9.04,17.1,14.2
2026-04-12 20:13:42,AB_3,13.5,6.5,14.1,8.69,16.9,14.3
2026-04-12 20:13:42,AB_3,13.6,6.53,14.2,8.55,17.2,14.4
2026-04-12 20:13:42,AB_3,13.6,6.49,14.2,8.48,16.9,14.4
2026-04-12 20:13:43,AB_3,13.7,6.55,14.2,8.59,17.1,14.3
2026-04-12 20:13:43,AB_3,13.5,6.59,14.1,8.81,16.8,14.2
2026-04-12 20:13:43,AB_3,13.5,6.55,14.1,8.91,17.1,14.2
2026-04-12 20:13:44,AB_3,13.5,6.52,14.1,8.68,17.2,14.4
2026-04-12 20:13:44,AB_3,13.6,6.57,14.1,8.88,17.1,14.3
2026-04-12 20:13:45,AB_3,13.5,6.33,14.1,8.67,17.1,14.4
2026-04-12 20:13:45,AB_3,13.6,6.53,14.1,8.9,17.1,14.3
2026-04-12 20:13:45,AB_3,13.5,6.62,14.1,9.2,17.0,14.2
2026-04-12 20:13:46,AB_3,13.5,6.62,14.1,9.16,17.1,14.2
2026-04-12 20:13:46,AB_3,13.5,6.51,14.1,8.87,16.7,14.3
2026-04-12 20:13:46,AB_3,13.5,6.42,14.1,8.62,16.8,14.3
2026-04-12 20:13:47,AB_3,13.6,6.45,14.2,8.47,17.1,14.4
2026-04-12 20:13:47,AB_3,13.7,6.56,14.1,8.92,17.0,14.3
2026-04-12 20:13:47,AB_3,13.5,6.59,14.1,8.77,17.3,14.3
2026-04-12 20:13:48,AB_3,13.6,6.55,14.1,8.91,17.1,14.3
2026-04-12 20:13:48,AB_3,13.5,6.61,14.1,9.07,17.1,14.2
2026-04-12 20:13:48,AB_3,13.5,6.62,14.1,9.05,17.1,14.2
2026-04-12 20:13:49,AB_3,13.4,6.61,14.1,9.11,16.9,14.2
2026-04-12 20:13:49,AB_3,13.5,6.62,14.1,8.82,17.1,14.3
2026-04-12 20:13:49,AB_3,13.6,6.58,14.1,8.71,16.9,14.2
2026-04-12 20:13:50,AB_3,13.5,6.64,14.1,9.18,17.2,14.2
2026-04-12 20:13:50,AB_3,13.5,6.64,14.1,9.18,17.2,14.2
2026-04-12 20:13:51,AB_3,13.5,6.44,14.1,8.8,17.0,14.3
2026-04-12 20:13:51,AB_3,13.6,6.46,14.2,8.71,17.1,14.4
2026-04-12 20:13:51,AB_3,13.6,6.54,14.2,8.51,16.9,14.4
2026-04-12 20:13:52,AB_3,13.7,6.45,14.2,8.35,17.1,14.4
2026-04-12 20:13:52,AB_3,13.7,6.53,14.1,8.69,16.7,14.3
2026-04-12 20:13:52,AB_3,13.5,6.49,14.2,8.5,17.1,14.4
2026-04-12 20:13:53,AB_3,13.7,6.51,14.2,8.44,17.1,14.4
2026-04-12 20:13:53,AB_3,13.7,6.53,14.1,8.68,17.1,14.3
2026-04-12 20:13:53,AB_3,13.5,6.47,14.2,8.52,17.1,14.4
2026-04-12 20:13:54,AB_3,13.7,6.56,14.1,8.74,17.0,14.3
2026-04-12 20:13:54,AB_3,13.5,6.4,14.1,8.53,16.9,14.3
2026-04-12 20:13:55,AB_3,13.7,6.48,14.2,8.2,16.9,14.4
2026-04-12 20:13:55,AB_3,13.6,6.5,14.1,8.62,17.1,14.3
2026-04-12 20:13:55,AB_3,13.5,6.44,14.2,8.49,16.9,14.4
2026-04-12 20:13:56,AB_3,13.7,6.53,14.1,8.82,17.1,14.3
2026-04-12 20:13:56,AB_3,13.5,6.6,14.1,9.02,16.9,14.2
2026-04-12 20:13:56,AB_3,13.5,6.47,14.2,8.56,17.1,14.4
2026-04-12 20:13:57,AB_3,13.6,6.53,14.2,8.42,17.1,14.4
2026-04-12 20:13:57,AB_3,13.7,6.4,14.2,8.18,17.1,14.4
2026-04-12 20:13:57,AB_3,13.6,6.49,14.2,8.43,16.9,14.4
2026-04-12 20:13:58,AB_3,13.7,6.51,14.2,8.65,17.1,14.3
2026-04-12 20:13:58,AB_3,13.5,6.56,14.1,8.92,17.0,14.3
2026-04-12 20:13:58,AB_3,13.5,6.49,14.1,8.63,17.0,14.4
2026-04-12 20:13:59,AB_3,13.6,6.55,14.1,8.87,17.1,14.3
2026-04-12 20:13:59,AB_3,13.5,6.39,14.2,8.63,16.9,14.4
2026-04-12 20:14:00,AB_3,13.6,6.39,14.2,8.19,17.0,14.4
2026-04-12 20:14:00,AB_3,13.7,6.39,14.2,8.32,17.0,14.4
2026-04-12 20:14:00,AB_3,13.7,6.53,14.1,8.62,17.1,14.3
2026-04-12 20:14:01,AB_3,13.5,6.56,14.1,8.91,17.0,14.3
2026-04-12 20:14:01,AB_3,13.5,6.53,14.1,9.08,17.2,14.2
2026-04-12 20:14:01,AB_3,13.5,6.52,14.1,8.72,17.0,14.3
2026-04-12 20:14:02,AB_3,13.6,6.52,14.2,8.43,17.0,14.4
2026-04-12 20:14:02,AB_3,13.6,6.54,14.1,8.74,17.1,14.3
2026-04-12 20:14:02,AB_3,13.5,6.42,14.2,8.66,16.9,14.4
2026-04-12 20:14:03,AB_3,13.6,6.55,14.1,8.87,17.1,14.3
2026-04-12 20:14:03,AB_3,13.5,6.6,14.1,8.84,17.1,14.2
2026-04-12 20:14:03,AB_3,13.5,6.62,14.1,9.12,16.9,14.2
2026-04-12 20:14:04,AB_3,13.5,6.58,14.1,9.16,17.1,14.2
2026-04-12 20:14:04,AB_3,13.5,6.45,14.1,8.75,16.9,14.3
2026-04-12 20:14:05,AB_3,13.6,6.58,14.1,8.96,17.0,14.2
2026-04-12 20:14:05,AB_3,13.5,6.65,14.1,9.04,16.9,14.2
2026-04-12 20:14:05,AB_3,13.5,6.55,14.1,8.77,17.0,14.3
2026-04-12 20:14:06,AB_3,13.6,6.56,14.1,8.93,17.0,14.2
2026-04-12 20:14:06,AB_3,13.5,6.51,14.2,8.67,17.1,14.4
2026-04-12 20:14:06,AB_3,13.6,6.54,14.1,8.96,17.0,14.3
2026-04-12 20:14:07,AB_3,13.5,6.59,14.1,9.08,17.0,14.2
2026-04-12 20:14:07,AB_3,13.5,6.64,14.1,9.18,17.2,14.2
2026-04-12 20:14:07,AB_3,13.5,6.42,14.1,8.92,17.0,14.3
2026-04-12 20:14:08,AB_3,13.6,6.62,14.1,9.1,17.0,14.2
2026-04-12 20:14:08,AB_3,13.5,6.63,14.1,9.33,17.0,14.2
2026-04-12 20:14:08,AB_3,13.5,6.64,14.1,9.27,17.2,14.2
2026-04-12 20:14:09,AB_3,13.4,6.63,14.1,8.77,17.1,14.3
2026-04-12 20:14:09,AB_3,13.6,6.63,14.1,9.04,16.9,14.2
2026-04-12 20:14:09,AB_3,13.5,6.33,14.1,8.78,17.1,14.3
2026-04-12 20:14:10,AB_3,13.6,6.47,14.2,8.55,17.0,14.4
2026-04-12 20:14:10,AB_3,13.6,6.47,14.2,8.43,17.0,14.4
2026-04-12 20:14:11,AB_3,13.6,6.52,14.1,8.59,17.0,14.3
2026-04-12 20:14:11,AB_3,13.5,6.53,14.2,8.45,16.9,14.3
2026-04-12 20:14:11,AB_3,13.6,6.46,14.2,8.4,16.9,14.4
2026-04-12 20:14:12,AB_3,13.6,6.39,14.2,8.39,17.0,14.3
2026-04-12 20:14:12,AB_3,13.6,6.45,14.2,8.5,16.9,14.4
2026-04-12 20:14:12,AB_3,13.6,6.54,14.2,8.73,17.2,14.3
2026-04-12 20:14:13,AB_3,13.5,6.42,14.2,8.65,16.8,14.4
2026-04-12 20:14:13,AB_3,13.6,6.54,14.1,8.55,16.8,14.3
2026-04-12 20:14:24,AB_4,14.4,6.15,13.9,8.53,18.1,14.1
2026-04-12 20:14:25,AB_4,14.2,6.3,13.8,8.93,18.3,14.1
2026-04-12 20:14:25,AB_4,14.1,6.38,13.9,9.03,17.8,14.1
2026-04-12 20:14:25,AB_4,14.1,6.17,13.9,8.68,18.1,14.1
2026-04-12 20:14:26,AB_4,14.2,6.38,13.8,8.87,18.0,14.0
2026-04-12 20:14:26,AB_4,14.1,6.4,13.8,8.92,17.9,13.9
2026-04-12 20:14:26,AB_4,14.0,6.24,13.8,8.78,18.0,14.2
2026-04-12 20:14:27,AB_4,14.2,6.4,13.8,8.77,17.8,14.0
2026-04-12 20:14:27,AB_4,14.0,6.48,13.8,9.05,18.0,14.0
2026-04-12 20:14:27,AB_4,14.1,6.28,13.8,8.56,17.9,14.1
2026-04-12 20:14:28,AB_4,14.2,6.41,13.9,8.9,17.9,14.0
2026-04-12 20:14:28,AB_4,14.1,6.46,13.8,8.93,17.6,14.0
2026-04-12 20:14:28,AB_4,14.0,6.45,13.8,9.09,17.8,14.0
2026-04-12 20:14:29,AB_4,14.1,6.43,13.8,9.06,17.8,14.0
2026-04-12 20:14:29,AB_4,14.0,6.18,13.9,8.43,17.6,14.0
2026-04-12 20:14:30,AB_4,14.1,6.37,13.8,8.4,17.8,14.1
2026-04-12 20:14:30,AB_4,14.2,6.31,13.9,8.38,17.5,14.0
2026-04-12 20:14:30,AB_4,14.2,6.35,13.9,8.35,17.8,14.2
2026-04-12 20:14:31,AB_4,14.2,6.32,13.9,8.17,17.8,14.2
2026-04-12 20:14:31,AB_4,14.2,6.34,13.9,8.17,17.9,14.2
2026-04-12 20:14:31,AB_4,14.2,6.32,13.9,8.21,17.7,14.2
2026-04-12 20:14:32,AB_4,14.3,6.35,13.9,8.49,17.8,14.1
2026-04-12 20:14:32,AB_4,14.1,6.42,13.8,8.66,17.7,14.0
2026-04-12 20:14:32,AB_4,14.1,6.08,13.8,8.38,17.7,14.1
2026-04-12 20:14:33,AB_4,14.2,6.39,13.8,8.57,17.8,14.0
2026-04-12 20:14:33,AB_4,14.1,6.23,13.8,8.42,17.8,14.1
2026-04-12 20:14:33,AB_4,14.2,6.34,13.9,8.22,17.7,14.2
2026-04-12 20:14:34,AB_4,14.2,6.36,13.8,8.53,17.8,14.0
2026-04-12 20:14:34,AB_4,14.1,6.47,13.8,8.75,17.6,14.0
2026-04-12 20:14:35,AB_4,14.1,6.32,13.8,8.4,17.9,14.1
2026-04-12 20:14:35,AB_4,14.2,6.41,13.8,8.74,17.7,14.0
2026-04-12 20:14:35,AB_4,14.1,6.2,13.8,8.28,17.7,14.1
2026-04-12 20:14:36,AB_4,14.2,6.36,13.8,8.56,17.4,14.0
2026-04-12 20:14:36,AB_4,14.1,6.4,13.8,8.2,17.6,14.1
2026-04-12 20:14:36,AB_4,14.2,6.33,13.9,8.11,17.6,14.1
2026-04-12 20:14:37,AB_4,14.2,6.32,13.9,8.09,17.5,14.1
2026-04-12 20:14:37,AB_4,14.3,6.26,13.9,8.1,17.7,14.2
2026-04-12 20:14:37,AB_4,14.2,6.24,13.9,8.1,17.7,14.2
2026-04-12 20:14:38,AB_4,14.3,6.34,13.9,8.0,17.6,14.2
2026-04-12 20:14:38,AB_4,14.3,6.33,13.9,8.11,17.3,14.1
2026-04-12 20:14:39,AB_4,14.1,6.37,13.9,8.19,17.6,14.2
2026-04-12 20:14:39,AB_4,14.2,6.39,13.9,8.38,17.6,14.0
2026-04-12 20:14:39,AB_4,14.1,6.46,13.7,8.5,17.7,13.9
2026-04-12 20:14:40,AB_4,14.1,6.45,13.9,8.75,17.6,14.0
2026-04-12 20:14:40,AB_4,14.0,6.46,13.7,8.84,17.7,13.9
2026-04-12 20:14:40,AB_4,14.0,6.52,13.8,8.91,17.8,14.0
2026-04-12 20:14:41,AB_4,14.0,6.47,13.8,8.63,17.7,14.0
2026-04-12 20:14:41,AB_4,14.1,6.45,13.8,8.82,17.7,14.0
2026-04-12 20:14:41,AB_4,14.1,6.3,13.8,8.45,17.7,14.0
2026-04-12 20:14:42,AB_4,14.2,6.45,13.8,8.74,17.7,14.0
2026-04-12 20:14:42,AB_4,14.1,6.32,13.8,8.48,17.4,14.0
2026-04-12 20:14:42,AB_4,14.1,6.34,13.8,8.07,17.8,14.1
2026-04-12 20:14:43,AB_4,14.2,6.43,13.8,8.58,17.5,14.0
2026-04-12 20:14:43,AB_4,14.1,6.49,13.8,8.69,17.4,13.9
2026-04-12 20:14:44,AB_4,14.0,6.39,13.8,8.39,17.6,14.1
2026-04-12 20:14:44,AB_4,14.2,6.41,13.8,8.57,17.8,14.0
2026-04-12 20:14:44,AB_4,14.1,6.45,13.8,8.64,17.4,13.9
2026-04-12 20:14:45,AB_4,14.0,6.34,13.8,8.4,17.8,14.1
2026-04-12 20:14:45,AB_4,14.2,6.45,13.8,8.67,17.7,13.9
2026-04-12 20:14:45,AB_4,14.1,6.3,13.8,8.39,17.7,14.1
2026-04-12 20:14:46,AB_4,14.2,6.34,13.8,8.26,17.7,14.1
2026-04-12 20:14:46,AB_4,14.2,6.37,13.8,8.15,17.8,14.1
2026-04-12 20:14:46,AB_4,14.2,6.35,13.8,8.04,17.6,14.1
2026-04-12 20:14:47,AB_4,14.3,6.35,13.9,8.0,17.5,14.2
2026-04-12 20:14:47,AB_4,14.3,6.35,13.8,8.19,17.6,14.0
2026-04-12 20:14:47,AB_4,14.1,6.22,13.8,8.35,17.8,14.0
2026-04-12 20:14:48,AB_4,14.1,6.37,13.8,8.28,17.7,14.1
2026-04-12 20:14:48,AB_4,14.2,6.38,13.8,8.52,17.7,14.0
2026-04-12 20:14:49,AB_4,14.1,6.32,13.8,8.34,17.6,14.1
2026-04-12 20:14:49,AB_4,14.2,6.41,13.8,8.15,17.8,14.1
2026-04-12 20:14:49,AB_4,14.2,6.33,13.8,8.11,17.5,14.1
2026-04-12 20:14:50,AB_4,14.1,6.24,13.8,8.1,17.7,14.1
2026-04-12 20:14:50,AB_4,14.2,6.37,13.9,7.97,17.7,14.2
2026-04-12 20:14:50,AB_4,14.3,6.38,13.8,8.25,17.8,14.0
2026-04-12 20:14:51,AB_4,14.1,6.43,13.8,8.59,17.8,14.0
2026-04-12 20:14:51,AB_4,14.0,6.25,13.8,8.34,17.6,14.1
2026-04-12 20:14:51,AB_4,14.2,6.42,13.8,8.54,17.7,14.0
2026-04-12 20:14:52,AB_4,14.1,6.3,13.8,8.42,17.5,14.0
2026-04-12 20:14:52,AB_4,14.1,6.44,13.8,8.81,17.8,14.0
2026-04-12 20:14:53,AB_4,14.1,6.46,13.8,8.45,17.6,14.0
2026-04-12 20:14:53,AB_4,14.2,6.32,13.8,8.37,17.5,14.0
2026-04-12 20:14:53,AB_4,14.0,6.32,13.7,8.2,17.6,14.0
2026-04-12 20:14:54,AB_4,14.1,6.4,13.7,8.59,17.7,14.0
2026-04-12 20:14:54,AB_4,14.2,6.34,13.9,8.24,17.8,14.1
2026-04-12 20:14:54,AB_4,14.2,6.38,13.8,8.13,17.7,14.1
2026-04-12 20:14:55,AB_4,14.3,6.35,13.9,8.5,17.6,14.2
2026-04-12 20:14:55,AB_4,14.0,6.43,13.7,8.67,17.6,13.8
2026-04-12 20:14:55,AB_4,14.1,6.55,13.8,8.52,17.9,14.1
2026-04-12 20:14:56,AB_4,14.3,6.46,13.8,8.6,17.5,13.6
2026-04-12 20:14:56,AB_4,14.0,6.24,13.7,8.51,17.5,14.1
2026-04-12 20:14:56,AB_4,14.2,6.35,13.7,8.58,17.4,13.8
2026-04-12 20:14:57,AB_4,13.9,6.55,13.4,8.54,17.5,13.9
2026-04-12 20:14:57,AB_4,13.9,6.32,13.9,8.48,17.5,13.9
2026-04-12 20:14:58,AB_4,14.2,6.16,13.7,8.21,17.5,13.9
2026-04-12 20:14:58,AB_4,14.0,6.42,13.7,8.39,17.5,13.9
2026-04-12 20:14:58,AB_4,14.2,6.35,13.7,8.27,17.6,13.9
2026-04-12 20:14:59,AB_4,14.0,6.44,13.7,8.57,17.6,13.9
2026-04-12 20:14:59,AB_4,14.1,6.23,13.7,8.31,17.7,14.0
2026-04-12 20:14:59,AB_4,14.1,6.42,13.7,8.36,17.7,13.9
2026-04-12 20:15:00,AB_4,14.1,6.42,13.7,8.71,17.6,13.8
2026-04-12 20:15:00,AB_4,14.0,6.38,13.7,8.42,17.7,14.0
2026-04-12 20:15:00,AB_4,14.1,6.42,13.7,8.77,17.5,13.8
2026-04-12 20:15:01,AB_4,14.0,6.52,13.7,8.86,17.6,13.8
2026-04-12 20:15:01,AB_4,14.0,6.44,13.7,8.88,17.6,13.8
2026-04-12 20:15:01,AB_4,14.0,6.22,13.7,8.54,17.6,13.9
2026-04-12 20:15:02,AB_4,14.1,6.42,13.7,8.79,17.7,13.9
2026-04-12 20:15:02,AB_4,14.1,6.44,13.7,8.75,17.5,13.8
2026-04-12 20:15:03,AB_4,14.0,6.5,13.7,8.97,17.6,13.8
2026-04-12 20:15:03,AB_4,14.0,6.4,13.7,8.5,17.6,13.9
2026-04-12 20:15:03,AB_4,14.1,6.42,13.7,8.25,17.1,13.9
2026-04-12 20:15:04,AB_4,14.1,6.4,13.7,8.16,17.5,13.9
2026-04-12 20:15:04,AB_4,14.1,6.39,13.7,8.01,17.4,14.0
2026-04-12 20:15:04,AB_4,14.2,6.32,13.7,8.05,17.5,13.9
2026-04-12 20:15:05,AB_4,14.1,6.32,13.7,7.94,17.2,13.9
2026-04-12 20:15:05,AB_4,14.1,6.33,13.7,8.14,17.6,14.0
2026-04-12 20:15:05,AB_4,14.2,6.43,13.7,8.33,17.5,13.9
2026-04-12 20:15:06,AB_4,14.0,6.47,13.7,8.73,17.5,13.8
2026-04-12 20:15:06,AB_4,14.0,6.51,13.7,8.88,17.6,13.8
2026-04-12 20:15:07,AB_4,14.0,6.43,13.7,8.41,17.7,13.9
2026-04-12 20:15:07,AB_4,14.1,6.5,13.7,8.55,17.6,13.9
2026-04-12 20:15:07,AB_4,14.0,6.49,13.7,8.95,17.6,13.8
2026-04-12 20:15:08,AB_4,14.0,6.5,13.7,9.07,17.6,13.8
2026-04-12 20:15:08,AB_4,13.9,6.56,13.7,9.03,17.8,13.8
2026-04-12 20:15:08,AB_4,13.9,6.49,13.6,8.98,17.4,13.8
2026-04-12 20:15:09,AB_4,14.0,6.4,13.7,8.5,17.6,13.9
2026-04-12 20:15:09,AB_4,14.0,6.36,13.7,8.5,17.6,13.9
2026-04-12 20:15:09,AB_4,14.1,6.45,13.7,8.46,17.6,13.8
2026-04-12 20:15:10,AB_4,14.0,6.45,13.7,8.4,17.4,14.0
2026-04-12 20:15:10,AB_4,14.1,6.44,13.7,8.41,17.6,13.8
2026-04-12 20:15:10,AB_4,14.1,6.46,13.7,8.74,17.6,13.8
2026-04-12 20:15:11,AB_4,14.0,6.42,13.7,8.32,17.6,13.9
2026-04-12 20:15:11,AB_4,14.1,6.48,13.7,8.67,17.5,13.8
2026-04-12 20:15:12,AB_4,14.0,6.49,13.7,8.92,17.5,13.8
2026-04-12 20:15:12,AB_4,14.0,6.22,13.7,8.6,17.6,13.9
2026-04-12 20:15:12,AB_4,14.1,6.41,13.7,8.64,17.7,13.8
2026-04-12 20:15:13,AB_4,14.0,6.44,13.7,8.44,17.6,13.9
2026-04-12 20:15:13,AB_4,14.1,6.46,13.7,8.22,17.5,14.0
2026-04-12 20:15:13,AB_4,14.1,6.44,13.7,8.4,17.8,13.9
2026-04-12 20:15:14,AB_4,14.0,6.41,13.7,8.94,17.5,13.8
2026-04-12 20:15:14,AB_4,14.0,6.54,13.7,9.04,17.6,13.8
2026-04-12 20:15:14,AB_4,14.0,6.2,13.7,8.54,17.5,13.9
2026-04-12 20:15:15,AB_4,14.1,6.49,13.7,8.84,17.7,13.8
2026-04-12 20:15:15,AB_4,14.0,6.19,13.7,8.54,17.6,13.9
2026-04-12 20:15:15,AB_4,14.1,6.39,13.7,8.2,17.6,14.0
2026-04-12 20:15:16,AB_4,14.1,6.43,13.7,8.42,17.4,13.8
2026-04-12 20:15:16,AB_4,14.0,6.43,13.7,8.51,17.6,13.8
2026-04-12 20:15:17,AB_4,14.0,6.43,13.7,8.46,17.6,14.0
2026-04-12 20:15:17,AB_4,14.1,6.42,13.7,8.11,17.7,14.0
2026-04-12 20:15:17,AB_4,14.1,6.36,13.7,8.17,17.7,14.0
2026-04-12 20:15:18,AB_4,14.2,6.43,13.7,8.49,17.5,13.9
2026-04-12 20:15:18,AB_4,14.0,6.39,13.7,8.11,17.6,14.0
2026-04-12 20:15:18,AB_4,14.2,6.46,13.7,8.52,17.5,13.9
2026-04-12 20:15:19,AB_4,14.0,6.46,13.7,8.5,17.7,13.8
2026-04-12 20:15:19,AB_4,14.0,6.49,13.7,8.5,17.6,14.0
2026-04-12 20:15:19,AB_4,14.1,6.46,13.7,8.45,17.7,13.8
2026-04-12 20:15:20,AB_4,14.0,6.52,13.7,8.94,17.4,13.8
2026-04-12 20:15:20,AB_4,14.0,6.52,13.7,8.79,17.7,13.8
2026-04-12 20:15:20,AB_4,13.9,6.52,13.6,9.05,17.6,13.8
2026-04-12 20:15:21,AB_4,14.0,6.23,13.7,8.6,17.3,13.9
2026-04-12 20:15:21,AB_4,14.1,6.48,13.7,8.74,17.4,13.8
2026-04-12 20:15:22,AB_4,14.0,6.17,13.7,8.38,17.6,13.9
2026-04-12 20:15:22,AB_4,14.1,6.36,13.7,8.25,17.6,14.0
2026-04-12 20:15:22,AB_4,14.2,6.41,13.7,8.51,17.7,13.9
2026-04-12 20:15:23,AB_4,14.0,6.47,13.7,8.82,17.4,13.8
2026-04-12 20:15:23,AB_4,14.0,6.36,13.7,8.37,17.6,14.0
2026-04-12 20:15:23,AB_4,14.1,6.44,13.7,8.8,17.5,13.8
2026-04-12 20:15:24,AB_4,14.0,6.48,13.7,8.66,17.7,13.8
2026-04-12 20:15:24,AB_4,14.0,6.36,13.7,8.57,17.8,13.9
2026-04-12 20:15:24,AB_4,14.1,6.44,13.7,8.11,17.5,14.0
2026-04-12 20:15:25,AB_4,14.1,6.42,13.7,8.62,17.8,13.8
2026-04-12 20:15:25,AB_4,14.0,6.23,13.7,8.39,17.6,14.0
2026-04-12 20:15:25,AB_4,14.1,6.29,13.7,8.27,17.6,14.0
2026-04-12 20:15:26,AB_4,14.2,6.44,13.7,8.49,17.5,13.9
2026-04-12 20:15:26,AB_4,14.0,6.19,13.7,8.37,17.7,14.0
2026-04-12 20:15:27,AB_4,14.1,6.4,13.7,8.22,17.6,14.0
2026-04-12 20:15:27,AB_4,14.2,6.35,13.7,7.85,17.4,13.9
2026-04-12 20:15:27,AB_4,14.1,6.33,13.7,8.22,17.6,13.9
2026-04-12 20:15:28,AB_4,14.1,6.42,13.7,8.28,17.5,14.0
2026-04-12 20:15:28,AB_4,14.2,6.32,13.7,8.01,17.5,14.0
2026-04-12 20:15:28,AB_4,14.2,6.4,13.7,8.29,17.5,13.9
2026-04-12 20:15:29,AB_4,14.0,6.22,13.7,8.18,17.6,14.0
2026-04-12 20:15:29,AB_4,14.2,6.4,13.7,8.55,17.7,13.9
2026-04-12 20:15:29,AB_4,14.0,6.04,13.7,8.37,17.5,14.0
2026-04-12 20:15:30,AB_4,14.1,6.44,13.7,8.66,17.6,13.9
2026-04-12 20:15:30,AB_4,14.0,6.43,13.7,8.3,17.6,14.0
2026-04-12 20:15:31,AB_4,14.1,6.22,13.7,8.15,17.6,14.0
2026-04-12 20:15:31,AB_4,14.2,6.41,13.7,8.53,17.5,13.9
2026-04-12 20:15:31,AB_4,14.0,6.26,13.7,8.28,17.6,14.0
2026-04-12 20:15:32,AB_4,14.2,6.39,13.7,8.54,17.4,13.9
2026-04-12 20:15:32,AB_4,14.0,6.31,13.7,8.16,17.6,14.0
2026-04-12 20:15:32,AB_4,14.1,6.43,13.7,8.32,17.5,13.8
2026-04-12 20:15:33,AB_4,14.0,6.3,13.7,8.36,17.5,14.0
2026-04-12 20:15:33,AB_4,14.1,6.35,13.7,8.11,17.7,14.0
2026-04-12 20:15:33,AB_4,14.2,6.42,13.7,8.24,17.5,14.0
2026-04-12 20:15:34,AB_4,14.1,6.41,13.7,8.37,17.7,13.9
2026-04-12 20:15:34,AB_4,14.0,6.24,13.7,8.2,17.7,14.0
2026-04-12 20:15:35,AB_4,14.1,6.39,13.7,8.46,17.6,14.0
2026-04-12 20:15:35,AB_4,14.1,6.36,13.7,8.14,17.4,14.0
2026-04-12 20:15:35,AB_4,14.2,6.4,13.7,8.66,17.7,13.9
2026-04-12 20:15:36,AB_4,14.0,6.5,13.7,8.74,17.7,13.8
2026-04-12 20:15:44,AD_1,16.2,6.8,14.0,8.55,20.0,14.4
2026-04-12 20:15:44,AD_1,16.1,6.93,13.8,8.62,19.5,14.2
2026-04-12 20:15:45,AD_1,15.9,7.0,13.9,8.89,19.7,14.1
2026-04-12 20:15:45,AD_1,15.9,7.1,13.8,8.97,19.7,14.1
2026-04-12 20:15:45,AD_1,15.8,7.09,13.9,9.07,19.3,14.0
2026-04-12 20:15:46,AD_1,15.8,7.13,13.8,8.91,19.5,14.0
2026-04-12 20:15:46,AD_1,15.8,6.94,13.8,8.71,19.6,14.2
2026-04-12 20:15:47,AD_1,15.9,6.92,13.9,8.32,19.2,14.2
2026-04-12 20:15:47,AD_1,15.9,7.08,13.8,8.78,19.5,14.0
2026-04-12 20:15:47,AD_1,15.8,7.1,13.8,8.95,19.6,14.0
2026-04-12 20:15:48,AD_1,15.9,6.87,13.8,8.59,19.5,14.2
2026-04-12 20:15:48,AD_1,15.9,7.09,13.8,8.85,19.4,14.0
2026-04-12 20:15:48,AD_1,15.9,7.16,13.8,9.07,19.5,14.0
2026-04-12 20:15:49,AD_1,15.8,7.05,13.8,8.64,19.4,14.2
2026-04-12 20:15:49,AD_1,16.0,7.07,13.8,8.68,19.4,14.1
2026-04-12 20:15:49,AD_1,15.8,6.95,13.8,8.49,19.5,14.2
2026-04-12 20:15:50,AD_1,16.0,7.1,13.8,8.66,19.4,14.1
2026-04-12 20:15:50,AD_1,15.8,6.9,13.8,8.28,19.5,14.2
2026-04-12 20:15:50,AD_1,16.0,7.01,13.9,8.68,19.3,14.1
2026-04-12 20:15:51,AD_1,15.9,7.01,13.8,8.37,19.4,14.2
2026-04-12 20:15:51,AD_1,16.0,6.89,13.9,8.26,19.4,14.3
2026-04-12 20:15:52,AD_1,16.0,6.82,13.9,8.15,19.2,14.2
2026-04-12 20:15:52,AD_1,16.0,7.0,13.8,8.51,19.5,14.1
2026-04-12 20:15:52,AD_1,15.9,6.82,13.8,8.21,19.4,14.2
2026-04-12 20:15:53,AD_1,16.0,7.03,13.9,8.18,19.3,14.1
2026-04-12 20:15:53,AD_1,15.9,7.06,13.8,8.66,19.4,14.0
2026-04-12 20:15:53,AD_1,15.9,7.14,13.8,8.94,19.4,14.0
2026-04-12 20:15:54,AD_1,15.8,7.03,13.8,8.27,19.3,14.2
2026-04-12 20:15:54,AD_1,16.0,7.07,13.8,8.76,19.4,14.1
2026-04-12 20:15:54,AD_1,15.9,7.13,13.8,8.35,19.3,14.1
2026-04-12 20:15:55,AD_1,15.9,7.01,13.8,8.2,19.2,14.2
2026-04-12 20:15:55,AD_1,16.0,6.94,13.9,8.31,19.4,14.3
2026-04-12 20:15:55,AD_1,16.0,6.94,13.9,8.12,19.3,14.3
2026-04-12 20:15:56,AD_1,16.1,7.02,13.8,8.45,19.2,14.1
2026-04-12 20:15:56,AD_1,15.9,7.06,13.8,8.2,19.3,14.3
2026-04-12 20:15:57,AD_1,16.0,7.02,13.8,8.32,19.2,14.1
2026-04-12 20:15:57,AD_1,15.9,7.07,13.8,8.58,19.4,14.1
2026-04-12 20:15:57,AD_1,15.9,7.18,13.8,8.93,19.2,14.0
2026-04-12 20:15:58,AD_1,15.8,7.0,13.8,8.57,19.3,14.2
2026-04-12 20:15:58,AD_1,16.0,7.13,13.8,8.71,19.3,14.0
2026-04-12 20:15:58,AD_1,15.9,7.18,13.8,8.77,19.4,14.0
2026-04-12 20:15:59,AD_1,15.8,7.21,13.8,9.05,19.4,14.0
2026-04-12 20:15:59,AD_1,15.8,7.19,13.8,9.01,19.1,14.0
2026-04-12 20:15:59,AD_1,15.8,6.97,13.8,8.59,19.3,14.2
2026-04-12 20:16:00,AD_1,15.9,7.15,13.8,8.75,19.5,14.0
2026-04-12 20:16:00,AD_1,15.8,7.18,13.8,8.83,19.3,13.9
2026-04-12 20:16:00,AD_1,15.8,7.02,13.8,8.85,19.2,14.0
2026-04-12 20:16:01,AD_1,15.5,6.98,13.9,9.09,18.8,14.1
2026-04-12 20:16:01,AD_1,15.5,6.92,13.9,8.56,19.2,14.3
2026-04-12 20:16:01,AD_1,15.6,7.02,13.9,8.94,19.2,13.9
2026-04-12 20:16:02,AD_1,15.7,7.27,13.8,8.86,19.4,13.9
2026-04-12 20:16:02,AD_1,15.9,7.24,13.9,8.74,18.9,14.1
2026-04-12 20:16:03,AD_1,15.8,6.96,14.0,8.26,19.1,14.3
2026-04-12 20:16:03,AD_1,15.8,7.0,13.8,8.71,19.2,14.0
2026-04-12 20:16:03,AD_1,15.6,6.86,13.8,8.44,19.4,14.2
2026-04-12 20:16:04,AD_1,15.9,7.05,13.8,8.68,19.0,14.0
2026-04-12 20:16:04,AD_1,15.6,7.07,13.8,8.92,19.4,14.0
2026-04-12 20:16:04,AD_1,15.8,6.97,13.8,8.5,19.2,14.2
2026-04-12 20:16:05,AD_1,15.8,7.03,13.8,8.34,19.1,14.2
2026-04-12 20:16:05,AD_1,15.9,7.07,13.9,8.63,19.2,14.1
2026-04-12 20:16:05,AD_1,15.7,6.93,13.8,8.37,19.0,14.1
2026-04-12 20:16:06,AD_1,15.9,7.03,13.8,8.57,19.3,14.1
2026-04-12 20:16:06,AD_1,15.8,7.13,13.8,8.46,18.9,13.9
2026-04-12 20:16:07,AD_1,15.7,7.06,13.9,8.23,19.3,14.1
2026-04-12 20:16:07,AD_1,15.9,6.92,13.8,8.18,19.2,14.2
2026-04-12 20:16:07,AD_1,15.9,7.03,13.8,8.47,19.4,14.1
2026-04-12 20:16:08,AD_1,15.8,7.06,13.8,8.86,19.3,14.0
2026-04-12 20:16:08,AD_1,15.7,7.14,13.8,8.75,19.3,14.0
2026-04-12 20:16:08,AD_1,15.7,7.16,13.8,8.96,19.1,14.0
2026-04-12 20:16:09,AD_1,15.7,7.16,13.8,8.95,19.2,14.0
2026-04-12 20:16:09,AD_1,15.7,6.94,13.8,8.67,19.0,14.1
2026-04-12 20:16:09,AD_1,15.8,7.07,13.8,8.21,19.3,14.2
2026-04-12 20:16:10,AD_1,15.9,7.03,13.8,8.76,19.3,14.0
2026-04-12 20:16:10,AD_1,15.8,7.08,13.8,8.77,19.3,14.0
2026-04-12 20:16:10,AD_1,15.7,7.18,13.8,9.02,19.2,14.0
2026-04-12 20:16:11,AD_1,15.7,7.17,13.8,8.96,19.2,14.0
2026-04-12 20:16:11,AD_1,15.7,7.18,13.8,8.97,19.1,13.9
2026-04-12 20:16:11,AD_1,15.7,6.95,13.8,8.49,19.4,14.1
2026-04-12 20:16:12,AD_1,15.8,7.13,13.8,8.82,19.0,14.0
2026-04-12 20:16:12,AD_1,15.7,7.05,13.8,8.65,19.4,14.0
2026-04-12 20:16:13,AD_1,15.7,7.13,13.8,8.97,19.2,14.0
2026-04-12 20:16:13,AD_1,15.7,7.18,13.8,8.89,19.2,14.0
2026-04-12 20:16:13,AD_1,15.7,7.07,13.8,8.56,19.2,14.1
2026-04-12 20:16:14,AD_1,15.8,7.11,13.8,8.54,19.3,14.0
2026-04-12 20:16:14,AD_1,15.7,6.88,13.8,8.52,19.2,14.1
2026-04-12 20:16:14,AD_1,15.9,6.97,13.8,8.38,19.2,14.2
2026-04-12 20:16:15,AD_1,15.9,7.02,13.8,8.58,19.3,14.0
2026-04-12 20:16:15,AD_1,15.8,7.06,13.8,8.9,19.2,14.0
2026-04-12 20:16:15,AD_1,15.7,7.17,13.8,8.96,19.3,14.0
2026-04-12 20:16:16,AD_1,15.7,7.18,13.8,8.76,19.3,14.0
2026-04-12 20:16:16,AD_1,15.7,7.17,13.8,8.98,18.8,13.9
2026-04-12 20:16:16,AD_1,15.7,6.88,13.8,8.69,19.4,14.1
2026-04-12 20:16:17,AD_1,15.8,7.13,13.8,8.79,19.1,14.0
2026-04-12 20:16:17,AD_1,15.7,7.1,13.8,8.53,19.4,14.0
2026-04-12 20:16:18,AD_1,15.8,7.01,13.8,8.38,19.3,14.2
2026-04-12 20:16:18,AD_1,15.9,6.97,13.8,8.33,19.1,14.2
2026-04-12 20:16:18,AD_1,15.9,7.04,13.8,8.6,19.2,14.0
2026-04-12 20:16:19,AD_1,15.8,7.15,13.8,8.92,19.4,14.0
2026-04-12 20:16:19,AD_1,15.7,7.14,13.8,8.92,19.1,14.0
2026-04-12 20:16:19,AD_1,15.7,7.13,13.8,8.97,19.0,14.0
2026-04-12 20:16:20,AD_1,15.7,7.17,13.8,8.74,19.1,13.9
2026-04-12 20:16:20,AD_1,15.7,7.1,13.8,8.69,19.2,14.1
2026-04-12 20:16:20,AD_1,15.8,7.09,13.8,8.73,19.2,14.0
2026-04-12 20:16:21,AD_1,15.7,7.21,13.8,8.93,19.3,14.0
2026-04-12 20:16:21,AD_1,15.7,7.21,13.8,9.12,19.2,13.9
2026-04-12 20:16:21,AD_1,15.7,6.9,13.8,8.69,19.1,14.1
2026-04-12 20:16:22,AD_1,15.8,6.99,13.8,8.36,19.4,14.2
2026-04-12 20:16:22,AD_1,15.9,7.05,13.8,8.79,19.3,14.0
2026-04-12 20:16:23,AD_1,15.7,7.15,13.8,8.82,19.2,13.9
2026-04-12 20:16:23,AD_1,15.8,7.04,13.8,8.5,19.2,14.1
2026-04-12 20:16:23,AD_1,15.9,7.03,13.8,8.25,19.4,14.2
2026-04-12 20:16:24,AD_1,15.9,7.01,13.8,8.52,19.3,14.0
2026-04-12 20:16:24,AD_1,15.8,7.1,13.8,8.78,19.3,14.0
2026-04-12 20:16:24,AD_1,15.7,7.09,13.8,8.94,19.1,14.0
2026-04-12 20:16:25,AD_1,15.7,6.89,13.8,8.59,19.3,14.1
2026-04-12 20:16:25,AD_1,15.9,7.08,13.8,8.71,19.3,14.0
2026-04-12 20:16:25,AD_1,15.7,7.12,13.8,8.76,19.2,14.1
2026-04-12 20:16:26,AD_1,15.8,7.1,13.8,8.3,19.3,14.2
2026-04-12 20:16:26,AD_1,15.9,7.06,13.8,8.31,19.2,14.2
2026-04-12 20:16:26,AD_1,15.9,7.06,13.8,8.69,19.2,14.0
2026-04-12 20:16:27,AD_1,15.8,7.03,13.8,8.33,19.3,14.2
2026-04-12 20:16:27,AD_1,15.9,7.0,13.8,8.6,19.3,14.0
2026-04-12 20:16:28,AD_1,15.8,7.14,13.8,8.35,19.1,14.2
2026-04-12 20:16:28,AD_1,15.9,6.91,13.8,8.01,19.3,14.1
2026-04-12 20:16:28,AD_1,15.9,6.88,13.9,8.15,19.2,14.1
2026-04-12 20:16:29,AD_1,15.8,7.03,13.8,8.6,19.1,14.1
2026-04-12 20:16:29,AD_1,15.8,6.92,13.8,8.33,19.3,14.2
2026-04-12 20:16:29,AD_1,15.9,7.03,13.8,8.19,19.3,14.2
2026-04-12 20:16:30,AD_1,15.9,7.01,13.8,8.27,19.1,14.1
2026-04-12 20:16:30,AD_1,15.8,7.05,13.8,8.73,19.4,14.0
2026-04-12 20:16:30,AD_1,15.7,7.12,13.8,8.77,19.2,14.0
2026-04-12 20:16:31,AD_1,15.7,7.09,13.8,8.93,19.1,14.0
2026-04-12 20:16:31,AD_1,15.7,7.18,13.8,8.92,19.3,14.0
2026-04-12 20:16:31,AD_1,15.7,7.19,13.8,8.94,19.3,14.0
2026-04-12 20:16:32,AD_1,15.7,7.18,13.8,8.94,19.4,14.0
2026-04-12 20:16:32,AD_1,15.7,6.98,13.8,8.59,18.9,14.1
2026-04-12 20:16:33,AD_1,15.8,6.91,13.8,8.45,19.4,14.2
2026-04-12 20:16:33,AD_1,15.9,7.05,13.8,8.68,19.1,14.0
2026-04-12 20:16:33,AD_1,15.8,7.11,13.8,8.85,19.1,14.0
2026-04-12 20:16:34,AD_1,15.8,7.08,13.8,8.81,19.1,13.9
2026-04-12 20:16:34,AD_1,15.7,7.0,13.8,8.62,19.2,14.1
2026-04-12 20:16:34,AD_1,15.8,6.98,13.8,8.72,19.3,14.0
2026-04-12 20:16:35,AD_1,15.7,7.09,13.8,8.96,19.1,14.0
2026-04-12 20:16:35,AD_1,15.7,6.85,13.9,8.57,19.4,14.2
2026-04-12 20:16:35,AD_1,15.8,7.04,13.8,8.38,19.2,14.0
2026-04-12 20:16:36,AD_1,15.7,7.09,13.8,8.72,19.4,14.1
2026-04-12 20:16:36,AD_1,15.8,6.99,13.7,8.49,19.3,14.0
2026-04-12 20:16:36,AD_1,15.9,6.68,13.8,8.3,19.3,14.1
2026-04-12 20:16:37,AD_1,16.1,6.91,13.8,8.15,19.4,14.2
2026-04-12 20:16:37,AD_1,16.0,6.97,13.8,8.56,19.1,14.0
2026-04-12 20:16:38,AD_1,15.8,7.03,13.7,8.61,19.1,13.9
2026-04-12 20:16:38,AD_1,15.6,6.85,13.7,8.19,19.3,14.2
2026-04-12 20:16:38,AD_1,15.9,7.04,13.8,8.77,19.2,14.0
2026-04-12 20:16:39,AD_1,15.8,6.94,13.8,8.4,19.3,14.1
2026-04-12 20:16:39,AD_1,15.9,6.73,13.8,8.09,19.1,14.1
2026-04-12 20:16:39,AD_1,16.0,6.77,13.8,8.04,19.1,14.3
2026-04-12 20:16:40,AD_1,15.9,6.93,13.8,8.48,19.4,14.0
2026-04-12 20:16:40,AD_1,15.8,6.69,13.8,8.33,19.1,14.2
2026-04-12 20:16:40,AD_1,15.9,6.97,13.8,8.1,19.3,14.2
2026-04-12 20:16:41,AD_1,15.9,7.03,13.8,8.26,19.2,14.1
2026-04-12 20:16:41,AD_1,15.8,6.79,13.8,8.1,19.2,14.2
2026-04-12 20:16:42,AD_1,15.9,7.02,13.8,8.43,19.3,14.0
2026-04-12 20:16:42,AD_1,15.7,6.7,13.8,8.26,19.2,14.2
2026-04-12 20:16:42,AD_1,15.9,7.03,13.7,8.6,19.3,14.0
2026-04-12 20:16:43,AD_1,15.8,7.13,13.8,8.9,19.4,14.0
2026-04-12 20:16:43,AD_1,15.7,6.89,13.8,8.38,19.2,14.1
2026-04-12 20:16:43,AD_1,15.8,7.05,13.7,8.58,19.0,14.0
2026-04-12 20:16:44,AD_1,15.7,6.76,13.8,8.45,19.3,14.1
2026-04-12 20:16:44,AD_1,15.9,7.04,13.7,8.81,19.3,14.0
2026-04-12 20:16:44,AD_1,15.7,7.01,13.8,8.08,19.1,14.1
2026-04-12 20:16:45,AD_1,15.9,6.98,13.8,8.58,19.0,14.0
2026-04-12 20:16:45,AD_1,15.8,7.04,13.8,8.21,19.0,14.1
2026-04-12 20:16:46,AD_1,15.9,6.89,13.8,8.14,19.1,14.0
2026-04-12 20:16:46,AD_1,15.8,7.07,13.8,8.48,19.2,14.0
2026-04-12 20:16:46,AD_1,15.7,6.97,13.8,8.29,18.8,14.0
2026-04-12 20:16:47,AD_1,15.8,7.08,13.7,8.51,19.2,14.0
2026-04-12 20:16:47,AD_1,15.8,6.97,13.8,8.31,19.2,14.2
2026-04-12 20:16:47,AD_1,16.0,6.87,13.8,7.97,19.2,14.2
2026-04-12 20:16:48,AD_1,15.9,7.02,13.8,8.09,19.3,14.3
2026-04-12 20:16:48,AD_1,16.0,6.82,13.8,8.11,19.3,14.2
2026-04-12 20:16:48,AD_1,15.9,6.98,13.8,7.91,19.1,14.3
2026-04-12 20:16:49,AD_1,16.0,6.95,13.8,8.17,18.8,14.1
2026-04-12 20:16:49,AD_1,15.8,6.82,13.8,8.17,19.5,14.2
2026-04-12 20:16:50,AD_1,16.0,6.78,13.9,8.06,19.1,14.2
2026-04-12 20:16:50,AD_1,15.9,6.84,13.8,7.97,19.3,14.3
2026-04-12 20:16:50,AD_1,15.9,6.96,13.8,8.38,19.2,14.0
2026-04-12 20:16:51,AD_1,15.8,7.05,13.8,8.62,19.2,14.0
2026-04-12 20:16:51,AD_1,15.7,6.8,13.8,8.24,19.3,14.1
2026-04-12 20:16:51,AD_1,15.9,6.95,13.8,8.21,19.3,14.2
2026-04-12 20:16:52,AD_1,15.9,6.93,13.8,8.47,19.2,14.0
2026-04-12 20:16:52,AD_1,15.8,6.99,13.8,8.18,19.2,14.2
2026-04-12 20:16:52,AD_1,15.9,6.91,13.8,8.07,19.3,14.2
2026-04-12 20:16:53,AD_1,15.9,6.98,13.8,8.41,19.2,14.1
2026-04-12 20:16:53,AD_1,15.8,6.99,13.8,8.65,19.2,14.0
2026-04-12 20:16:53,AD_1,15.7,6.75,13.8,8.34,19.2,14.1
2026-04-12 20:16:54,AD_1,15.9,7.06,13.8,8.58,19.3,14.0
2026-04-12 20:16:54,AD_1,15.8,7.1,13.8,8.83,19.3,14.0
2026-04-12 20:16:55,AD_1,15.7,6.84,13.8,8.47,19.2,14.1
2026-04-12 20:16:55,AD_1,15.8,6.82,13.8,8.14,19.2,14.2
2026-04-12 20:16:55,AD_1,15.9,7.03,13.8,8.14,19.2,14.2
2026-04-12 20:17:17,AD_2,16.3,7.23,15.1,9.33,20.2,15.5
2026-04-12 20:17:18,AD_2,16.2,7.37,15.2,9.42,19.9,15.4
2026-04-12 20:17:18,AD_2,16.0,7.3,15.1,9.26,19.7,15.5
2026-04-12 20:17:18,AD_2,16.2,7.4,15.1,9.37,19.7,15.4
2026-04-12 20:17:19,AD_2,15.9,7.24,15.0,9.25,19.8,15.4
2026-04-12 20:17:19,AD_2,16.1,7.43,15.1,9.27,19.6,15.3
2026-04-12 20:17:20,AD_2,16.0,7.26,15.0,9.29,19.7,15.4
2026-04-12 20:17:20,AD_2,16.1,7.4,15.0,9.43,19.6,15.3
2026-04-12 20:17:20,AD_2,16.0,7.29,15.1,9.22,19.7,15.4
2026-04-12 20:17:21,AD_2,16.1,7.37,15.1,9.18,19.6,15.5
2026-04-12 20:17:21,AD_2,16.1,7.43,15.1,9.34,19.6,15.3
2026-04-12 20:17:21,AD_2,16.0,7.43,15.0,9.54,19.3,15.2
2026-04-12 20:17:22,AD_2,15.9,7.52,15.0,9.57,19.7,15.2
2026-04-12 20:17:22,AD_2,15.9,7.54,15.0,9.67,19.5,15.2
2026-04-12 20:17:22,AD_2,15.9,7.53,15.0,9.32,19.5,15.2
2026-04-12 20:17:23,AD_2,15.9,7.47,15.0,9.56,19.5,15.1
2026-04-12 20:17:23,AD_2,15.9,7.48,15.0,9.38,19.5,15.3
2026-04-12 20:17:23,AD_2,16.0,7.44,15.0,9.26,19.5,15.4
2026-04-12 20:17:24,AD_2,16.1,7.43,15.1,9.0,19.5,15.4
2026-04-12 20:17:24,AD_2,16.1,7.44,15.0,9.25,19.5,15.2
2026-04-12 20:17:25,AD_2,16.0,7.45,15.0,9.42,19.5,15.2
2026-04-12 20:17:25,AD_2,15.9,7.27,15.0,9.25,19.5,15.3
2026-04-12 20:17:25,AD_2,16.0,7.45,15.0,9.51,19.5,15.2
2026-04-12 20:17:26,AD_2,15.9,7.52,15.0,9.52,19.6,15.2
2026-04-12 20:17:26,AD_2,15.9,7.28,15.0,9.36,19.4,15.2
2026-04-12 20:17:26,AD_2,15.9,7.57,15.0,9.51,19.5,15.2
2026-04-12 20:17:27,AD_2,15.9,7.59,15.0,9.69,19.3,15.1
2026-04-12 20:17:27,AD_2,15.9,7.32,15.0,9.4,19.3,15.3
2026-04-12 20:17:27,AD_2,16.0,7.49,15.0,8.98,19.3,15.2
2026-04-12 20:17:28,AD_2,16.0,7.54,15.0,9.36,19.4,15.2
2026-04-12 20:17:28,AD_2,15.9,7.34,15.0,9.24,19.4,15.3
2026-04-12 20:17:28,AD_2,16.1,7.29,15.0,9.19,19.4,15.2
2026-04-12 20:17:29,AD_2,15.9,7.47,15.0,9.43,19.4,15.2
2026-04-12 20:17:29,AD_2,15.9,7.3,15.0,9.15,19.5,15.3
2026-04-12 20:17:30,AD_2,16.0,7.45,15.0,9.35,19.4,15.2
2026-04-12 20:17:30,AD_2,15.9,7.55,15.0,9.67,19.4,15.2
2026-04-12 20:17:30,AD_2,15.9,7.59,14.9,9.59,19.4,15.1
2026-04-12 20:17:31,AD_2,15.9,7.56,15.0,9.35,19.5,15.3
2026-04-12 20:17:31,AD_2,16.0,7.36,15.0,9.05,19.4,15.3
2026-04-12 20:17:31,AD_2,16.0,7.47,15.0,9.04,19.4,15.4
2026-04-12 20:17:32,AD_2,16.1,7.47,15.0,9.35,19.4,15.2
2026-04-12 20:17:32,AD_2,15.9,7.51,15.0,9.05,19.3,15.3
2026-04-12 20:17:32,AD_2,16.0,7.46,15.0,8.91,19.4,15.4
2026-04-12 20:17:33,AD_2,16.1,7.48,15.0,9.18,19.4,15.2
2026-04-12 20:17:33,AD_2,15.9,7.49,15.0,9.41,19.2,15.2
2026-04-12 20:17:33,AD_2,15.9,7.56,14.9,9.28,19.3,15.3
2026-04-12 20:17:34,AD_2,16.0,7.42,15.0,9.13,19.4,15.3
2026-04-12 20:17:34,AD_2,16.0,7.47,15.0,8.97,19.4,15.4
2026-04-12 20:17:35,AD_2,16.1,7.47,15.0,9.19,19.4,15.2
2026-04-12 20:17:35,AD_2,15.9,7.52,15.0,9.34,19.4,15.2
2026-04-12 20:17:35,AD_2,15.9,7.57,15.0,9.52,19.3,15.2
2026-04-12 20:17:36,AD_2,15.9,7.59,14.9,9.66,19.4,15.1
2026-04-12 20:17:36,AD_2,15.9,7.6,15.0,9.75,19.3,15.1
2026-04-12 20:17:36,AD_2,15.8,7.58,14.9,9.61,19.5,15.1
2026-04-12 20:17:37,AD_2,15.8,7.57,14.9,9.75,19.4,15.1
2026-04-12 20:17:37,AD_2,15.8,7.4,15.0,9.37,19.2,15.3
2026-04-12 20:17:37,AD_2,16.0,7.53,15.0,9.44,19.1,15.1
2026-04-12 20:17:38,AD_2,15.9,7.59,14.9,9.66,19.3,15.1
2026-04-12 20:17:38,AD_2,15.8,7.62,15.0,9.31,19.4,15.3
2026-04-12 20:17:38,AD_2,16.0,7.53,15.0,9.1,19.5,15.3
2026-04-12 20:17:39,AD_2,16.0,7.55,15.0,9.29,19.3,15.1
2026-04-12 20:17:39,AD_2,15.9,7.49,15.0,9.19,19.6,15.3
2026-04-12 20:17:40,AD_2,16.0,7.53,15.0,9.27,19.3,15.2
2026-04-12 20:17:40,AD_2,15.9,7.52,15.0,9.09,19.2,15.3
2026-04-12 20:17:40,AD_2,16.0,7.48,15.0,9.02,19.4,15.4
2026-04-12 20:17:41,AD_2,16.1,7.43,15.0,8.94,19.3,15.4
2026-04-12 20:17:41,AD_2,16.1,7.43,15.0,9.19,19.3,15.2
2026-04-12 20:17:41,AD_2,15.9,7.49,15.0,9.36,19.4,15.2
2026-04-12 20:17:42,AD_2,15.9,7.56,15.0,9.38,19.4,15.2
2026-04-12 20:17:42,AD_2,15.9,7.35,15.0,9.34,19.4,15.3
2026-04-12 20:17:42,AD_2,16.0,7.37,15.0,8.96,19.0,15.3
2026-04-12 20:17:43,AD_2,16.1,7.5,15.0,8.97,19.3,15.4
2026-04-12 20:17:43,AD_2,16.1,7.42,15.0,8.91,19.4,15.4
2026-04-12 20:17:44,AD_2,16.1,7.49,15.0,9.08,19.4,15.3
2026-04-12 20:17:44,AD_2,15.9,7.52,15.0,9.27,19.5,15.2
2026-04-12 20:17:44,AD_2,16.0,7.53,15.0,9.27,19.4,15.1
2026-04-12 20:17:45,AD_2,15.9,7.49,15.0,9.27,19.3,15.3
2026-04-12 20:17:45,AD_2,16.0,7.49,15.0,9.44,19.3,15.2
2026-04-12 20:17:45,AD_2,15.9,7.34,15.0,9.27,19.2,15.3
2026-04-12 20:17:46,AD_2,16.0,7.52,15.0,8.96,19.5,15.3
2026-04-12 20:17:46,AD_2,16.1,7.47,15.0,8.75,19.4,15.4
2026-04-12 20:17:46,AD_2,16.1,7.46,15.0,9.18,19.3,15.2
2026-04-12 20:17:47,AD_2,15.9,7.56,15.0,9.48,19.4,15.2
2026-04-12 20:17:47,AD_2,15.9,7.36,15.0,9.13,19.3,15.3
2026-04-12 20:17:47,AD_2,16.0,7.48,15.0,8.85,19.3,15.4
2026-04-12 20:17:48,AD_2,16.0,7.48,15.0,9.22,19.3,15.2
2026-04-12 20:17:48,AD_2,15.9,7.38,15.0,9.02,19.3,15.3
2026-04-12 20:17:49,AD_2,16.0,7.5,15.0,8.98,19.4,15.3
2026-04-12 20:17:49,AD_2,16.0,7.5,15.0,9.33,19.3,15.2
2026-04-12 20:17:49,AD_2,15.9,7.37,15.0,9.16,19.3,15.3
2026-04-12 20:17:50,AD_2,16.0,7.4,15.0,9.01,19.0,15.2
2026-04-12 20:17:50,AD_2,16.0,7.41,15.0,8.82,19.1,15.3
2026-04-12 20:17:50,AD_2,16.0,7.49,15.0,9.25,19.3,15.3
2026-04-12 20:17:51,AD_2,15.9,7.54,15.0,9.25,19.4,15.2
2026-04-12 20:17:51,AD_2,15.9,7.34,15.0,9.05,19.5,15.3
2026-04-12 20:17:51,AD_2,16.0,7.49,15.0,9.19,19.3,15.3
2026-04-12 20:17:52,AD_2,16.0,7.49,15.0,9.32,19.4,15.2
2026-04-12 20:17:52,AD_2,15.9,7.4,15.0,9.19,19.4,15.3
2026-04-12 20:17:53,AD_2,16.0,7.5,15.0,9.32,19.3,15.2
2026-04-12 20:17:53,AD_2,15.9,7.53,15.0,9.47,19.4,15.2
2026-04-12 20:17:53,AD_2,15.9,7.61,15.0,9.64,19.4,15.1
2026-04-12 20:17:54,AD_2,15.8,7.59,15.0,9.46,19.5,15.1
2026-04-12 20:17:54,AD_2,15.9,7.57,14.9,9.66,19.1,15.1
2026-04-12 20:17:54,AD_2,15.8,7.44,15.0,9.24,19.4,15.3
2026-04-12 20:17:55,AD_2,16.0,7.52,15.0,9.43,19.1,15.1
2026-04-12 20:17:55,AD_2,15.9,7.44,15.0,9.04,18.9,15.2
2026-04-12 20:17:55,AD_2,15.9,7.43,15.0,8.95,19.3,15.3
2026-04-12 20:17:56,AD_2,16.0,7.49,15.0,8.98,19.2,15.4
2026-04-12 20:17:56,AD_2,16.0,7.5,15.0,9.12,19.3,15.2
2026-04-12 20:17:56,AD_2,15.9,7.53,15.0,9.47,19.4,15.2
2026-04-12 20:17:57,AD_2,15.9,7.6,14.9,9.55,19.2,15.1
2026-04-12 20:17:57,AD_2,15.9,7.59,15.0,9.61,19.3,15.1
2026-04-12 20:17:57,AD_2,15.8,7.58,14.9,9.71,19.3,15.1
2026-04-12 20:17:58,AD_2,15.8,7.56,15.0,9.73,19.4,15.1
2026-04-12 20:17:58,AD_2,15.8,7.64,15.0,9.32,19.2,15.3
2026-04-12 20:17:59,AD_2,15.9,7.57,15.0,9.52,19.0,15.1
2026-04-12 20:17:59,AD_2,15.9,7.61,14.9,9.69,19.4,15.1
2026-04-12 20:17:59,AD_2,15.8,7.62,14.9,9.61,19.4,15.1
2026-04-12 20:18:00,AD_2,15.8,7.42,15.0,9.4,19.4,15.3
2026-04-12 20:18:00,AD_2,16.0,7.55,15.0,9.49,19.4,15.2
2026-04-12 20:18:00,AD_2,15.9,7.59,14.9,9.54,19.1,15.1
2026-04-12 20:18:01,AD_2,15.9,7.49,15.0,9.19,19.3,15.3
2026-04-12 20:18:01,AD_2,16.0,7.55,15.0,9.34,19.3,15.2
2026-04-12 20:18:01,AD_2,15.9,7.55,15.0,9.5,19.3,15.1
2026-04-12 20:18:02,AD_2,15.9,7.63,14.9,9.65,19.4,15.1
2026-04-12 20:18:02,AD_2,15.8,7.39,15.0,9.3,19.3,15.3
2026-04-12 20:18:02,AD_2,16.0,7.53,15.0,9.44,19.3,15.2
2026-04-12 20:18:03,AD_2,15.9,7.34,15.0,9.22,19.4,15.3
2026-04-12 20:18:03,AD_2,16.0,7.49,15.0,9.05,19.5,15.3
2026-04-12 20:18:04,AD_2,16.0,7.48,15.0,9.23,19.1,15.2
2026-04-12 20:18:04,AD_2,15.9,7.58,15.0,9.6,19.2,15.2
2026-04-12 20:18:04,AD_2,15.9,7.61,15.0,9.1,19.4,15.3
2026-04-12 20:18:05,AD_2,16.0,7.44,15.0,8.87,19.4,15.3
2026-04-12 20:18:05,AD_2,16.1,7.46,15.0,9.25,19.2,15.2
2026-04-12 20:18:05,AD_2,15.9,7.45,15.0,9.01,19.4,15.3
2026-04-12 20:18:06,AD_2,16.0,7.41,15.0,8.79,19.2,15.3
2026-04-12 20:18:06,AD_2,16.1,7.38,15.0,8.75,19.2,15.3
2026-04-12 20:18:06,AD_2,16.0,7.46,15.0,9.06,19.4,15.2
2026-04-12 20:18:07,AD_2,15.9,7.4,15.0,8.99,19.0,15.2
2026-04-12 20:18:07,AD_2,16.0,7.42,15.0,8.76,19.3,15.3
2026-04-12 20:18:08,AD_2,16.1,7.43,15.0,8.83,19.3,15.4
2026-04-12 20:18:08,AD_2,16.1,7.49,15.0,9.06,19.4,15.3
2026-04-12 20:18:08,AD_2,15.9,7.43,15.0,9.0,19.3,15.4
2026-04-12 20:18:09,AD_2,16.1,7.46,15.0,9.18,19.4,15.2
2026-04-12 20:18:09,AD_2,15.9,7.51,15.0,9.43,19.3,15.2
2026-04-12 20:18:09,AD_2,15.9,7.37,15.0,9.04,19.2,15.3
2026-04-12 20:18:10,AD_2,16.0,7.52,15.0,9.26,19.2,15.2
2026-04-12 20:18:10,AD_2,15.9,7.41,15.0,9.01,19.4,15.3
2026-04-12 20:18:10,AD_2,16.0,7.49,15.0,9.07,19.4,15.3
2026-04-12 20:18:11,AD_2,16.0,7.45,15.0,9.26,19.1,15.2
2026-04-12 20:18:11,AD_2,15.9,7.55,15.0,9.46,19.3,15.2
2026-04-12 20:18:11,AD_2,15.9,7.44,15.0,9.11,19.3,15.3
2026-04-12 20:18:12,AD_2,16.0,7.46,15.0,9.17,19.4,15.2
2026-04-12 20:18:12,AD_2,15.9,7.4,15.0,9.17,19.4,15.3
2026-04-12 20:18:13,AD_2,16.0,7.24,15.0,8.91,19.2,15.3
2026-04-12 20:18:13,AD_2,16.0,7.41,15.0,8.8,19.3,15.3
2026-04-12 20:18:13,AD_2,16.1,7.38,15.0,8.78,19.4,15.4
2026-04-12 20:18:14,AD_2,16.1,7.44,15.1,8.64,19.2,15.4
2026-04-12 20:18:14,AD_2,16.1,7.42,15.0,9.07,19.3,15.3
2026-04-12 20:18:14,AD_2,16.0,7.51,15.0,9.18,19.3,15.2
2026-04-12 20:18:15,AD_2,15.9,7.55,15.0,9.28,19.3,15.2
2026-04-12 20:18:15,AD_2,15.9,7.26,15.0,8.94,19.5,15.3
2026-04-12 20:18:15,AD_2,16.0,7.42,15.0,8.93,19.3,15.4
2026-04-12 20:18:16,AD_2,16.1,7.48,15.0,9.13,19.3,15.2
2026-04-12 20:18:16,AD_2,15.9,7.54,15.0,9.47,19.2,15.2
2026-04-12 20:18:16,AD_2,15.9,7.35,15.0,9.12,19.3,15.3
2026-04-12 20:18:17,AD_2,16.0,7.5,15.0,9.32,19.4,15.2
2026-04-12 20:18:17,AD_2,15.9,7.5,15.0,9.39,19.4,15.2
2026-04-12 20:18:18,AD_2,15.9,7.6,14.9,9.59,19.2,15.1
2026-04-12 20:18:18,AD_2,15.8,7.55,14.9,9.64,19.3,15.1
2026-04-12 20:18:18,AD_2,15.8,7.6,14.9,9.61,19.2,15.1
2026-04-12 20:18:19,AD_2,15.8,7.55,15.0,9.07,19.2,15.2
2026-04-12 20:18:19,AD_2,16.0,7.46,15.0,8.81,19.2,15.2
2026-04-12 20:18:19,AD_2,16.0,7.39,15.0,8.93,19.3,15.3
2026-04-12 20:18:20,AD_2,16.0,7.42,15.0,8.92,19.4,15.3
2026-04-12 20:18:20,AD_2,16.1,7.47,15.0,8.73,19.3,15.4
2026-04-12 20:18:20,AD_2,16.1,7.47,15.0,8.98,19.4,15.2
2026-04-12 20:18:21,AD_2,16.0,7.51,15.0,9.32,19.2,15.2
2026-04-12 20:18:21,AD_2,15.9,7.55,15.0,9.51,19.4,15.2
2026-04-12 20:18:21,AD_2,15.9,7.37,15.0,9.16,19.2,15.3
2026-04-12 20:18:22,AD_2,16.0,7.5,15.0,9.11,19.2,15.2
2026-04-12 20:18:22,AD_2,15.9,7.5,15.0,9.21,19.5,15.3
2026-04-12 20:18:23,AD_2,16.0,7.5,15.0,9.35,19.4,15.2
2026-04-12 20:18:23,AD_2,15.9,7.34,15.0,9.06,19.2,15.3
2026-04-12 20:18:23,AD_2,16.0,7.47,15.0,8.96,19.3,15.3
2026-04-12 20:18:24,AD_2,16.0,7.49,15.0,9.13,19.2,15.2
2026-04-12 20:18:24,AD_2,15.9,7.31,15.0,9.01,19.4,15.3
2026-04-12 20:18:24,AD_2,16.0,7.3,15.0,8.96,19.2,15.2
2026-04-12 20:18:25,AD_2,16.0,7.36,15.0,8.91,19.2,15.4
2026-04-12 20:18:25,AD_2,16.0,7.45,15.0,9.11,19.3,15.2
2026-04-12 20:18:25,AD_2,15.9,7.49,15.0,9.28,19.4,15.2
2026-04-12 20:18:26,AD_2,15.9,7.57,14.9,9.45,19.3,15.2
2026-04-12 20:18:26,AD_2,15.9,7.55,14.9,9.54,19.3,15.1
2026-04-12 20:18:26,AD_2,15.9,7.47,15.0,9.07,19.3,15.3
2026-04-12 20:18:27,AD_2,16.0,7.47,15.0,8.92,19.4,15.3
2026-04-12 20:18:27,AD_2,16.0,7.39,15.1,8.76,19.3,15.4
2026-04-12 20:18:28,AD_2,16.1,7.44,14.9,9.15,19.2,15.2
2026-04-12 20:18:28,AD_2,15.9,7.38,15.0,8.97,19.2,15.3
2026-04-12 20:18:28,AD_2,15.8,7.32,14.9,9.26,19.1,15.3
2026-04-12 20:18:29,AD_2,16.0,7.28,14.9,9.03,19.2,15.3
2026-04-12 20:18:35,AD_3,15.3,6.37,14.4,8.56,19.2,14.7
2026-04-12 20:18:35,AD_3,15.3,6.44,14.3,8.69,19.0,14.6
2026-04-12 20:18:35,AD_3,15.1,6.53,14.3,8.82,19.0,14.5
2026-04-12 20:18:36,AD_3,15.0,6.52,14.3,8.69,18.6,14.7
2026-04-12 20:18:36,AD_3,15.2,6.54,14.3,8.85,18.9,14.5
2026-04-12 20:18:36,AD_3,15.0,6.35,14.2,8.4,18.6,14.6
2026-04-12 20:18:37,AD_3,15.2,6.52,14.3,8.58,18.8,14.5
2026-04-12 20:18:37,AD_3,15.1,6.63,14.2,9.05,18.7,14.4
2026-04-12 20:18:37,AD_3,15.0,6.49,14.3,8.64,18.8,14.6
2026-04-12 20:18:38,AD_3,15.2,6.56,14.3,8.96,18.5,14.4
2026-04-12 20:18:38,AD_3,15.0,6.33,14.2,8.36,18.8,14.6
2026-04-12 20:18:38,AD_3,15.1,6.56,14.3,8.91,18.7,14.5
2026-04-12 20:18:39,AD_3,15.0,6.32,14.2,8.51,18.7,14.5
2026-04-12 20:18:39,AD_3,15.1,6.58,14.3,8.95,18.7,14.5
2026-04-12 20:18:40,AD_3,15.1,6.47,14.2,8.42,18.5,14.5
2026-04-12 20:18:40,AD_3,15.1,6.45,14.3,8.26,18.5,14.5
2026-04-12 20:18:40,AD_3,15.1,6.51,14.3,8.16,18.5,14.5
2026-04-12 20:18:41,AD_3,15.1,6.58,14.3,8.72,18.6,14.5
2026-04-12 20:18:41,AD_3,15.0,6.48,14.3,8.6,18.8,14.6
2026-04-12 20:18:41,AD_3,15.1,6.5,14.3,8.28,18.7,14.6
2026-04-12 20:18:42,AD_3,15.2,6.57,14.3,8.72,18.7,14.5
2026-04-12 20:18:42,AD_3,15.1,6.46,14.3,8.38,18.7,14.6
2026-04-12 20:18:42,AD_3,15.1,6.45,14.3,8.34,18.6,14.6
2026-04-12 20:18:43,AD_3,15.2,6.55,14.3,8.69,18.8,14.5
2026-04-12 20:18:43,AD_3,15.0,6.63,14.2,8.88,18.8,14.4
2026-04-12 20:18:44,AD_3,15.0,6.64,14.3,8.51,18.4,14.6
2026-04-12 20:18:44,AD_3,15.2,6.63,14.2,8.65,18.8,14.4
2026-04-12 20:18:44,AD_3,15.0,6.41,14.3,8.31,18.5,14.6
2026-04-12 20:18:45,AD_3,15.1,6.56,14.3,8.22,18.7,14.6
2026-04-12 20:18:45,AD_3,15.1,6.6,14.2,8.66,18.5,14.5
2026-04-12 20:18:45,AD_3,15.1,6.6,14.2,8.72,18.8,14.4
2026-04-12 20:18:46,AD_3,15.0,6.41,14.2,8.57,18.6,14.4
2026-04-12 20:18:46,AD_3,15.1,6.53,14.3,8.55,18.7,14.6
2026-04-12 20:18:46,AD_3,15.1,6.53,14.2,8.76,18.7,14.4
2026-04-12 20:18:47,AD_3,15.0,6.66,14.2,8.97,18.6,14.4
2026-04-12 20:18:47,AD_3,15.0,6.36,14.2,8.78,18.6,14.6
2026-04-12 20:18:47,AD_3,15.1,6.63,14.2,8.94,18.6,14.4
2026-04-12 20:18:48,AD_3,15.0,6.73,14.2,8.97,18.7,14.4
2026-04-12 20:18:48,AD_3,15.0,6.46,14.2,8.67,18.5,14.5
2026-04-12 20:18:49,AD_3,15.1,6.4,14.3,8.43,18.6,14.6
2026-04-12 20:18:49,AD_3,15.1,6.58,14.2,8.75,18.4,14.4
2026-04-12 20:18:49,AD_3,15.0,6.66,14.2,8.48,18.7,14.5
2026-04-12 20:18:50,AD_3,15.1,6.65,14.2,9.02,18.7,14.4
2026-04-12 20:18:50,AD_3,15.0,6.42,14.2,8.51,18.6,14.6
2026-04-12 20:18:50,AD_3,15.1,6.5,14.3,8.32,18.6,14.6
2026-04-12 20:18:51,AD_3,15.2,6.6,14.2,8.63,18.7,14.4
2026-04-12 20:18:51,AD_3,15.0,6.41,14.3,8.28,18.5,14.5
2026-04-12 20:18:51,AD_3,15.1,6.55,14.3,8.34,18.4,14.6
2026-04-12 20:18:52,AD_3,15.2,6.54,14.3,8.65,18.7,14.5
2026-04-12 20:18:52,AD_3,15.0,6.65,14.2,8.88,18.6,14.4
2026-04-12 20:18:53,AD_3,15.0,6.56,14.3,8.52,18.8,14.6
2026-04-12 20:18:53,AD_3,15.1,6.63,14.2,8.72,18.5,14.4
2026-04-12 20:18:53,AD_3,15.0,6.68,14.2,8.86,18.7,14.4
2026-04-12 20:18:54,AD_3,15.0,6.7,14.2,9.06,18.6,14.4
2026-04-12 20:18:54,AD_3,15.0,6.6,14.3,8.68,18.6,14.5
2026-04-12 20:18:54,AD_3,15.1,6.61,14.2,8.76,18.6,14.4
2026-04-12 20:18:55,AD_3,15.0,6.45,14.2,8.51,18.6,14.5
2026-04-12 20:18:55,AD_3,15.1,6.54,14.3,8.39,18.5,14.6
2026-04-12 20:18:55,AD_3,15.2,6.52,14.3,8.28,18.7,14.6
2026-04-12 20:18:56,AD_3,15.2,6.53,14.3,8.59,18.6,14.5
2026-04-12 20:18:56,AD_3,15.0,6.26,14.3,8.47,18.7,14.6
2026-04-12 20:18:56,AD_3,15.1,6.61,14.3,8.21,18.4,14.5
2026-04-12 20:18:57,AD_3,15.1,6.59,14.2,8.55,18.4,14.4
2026-04-12 20:18:57,AD_3,15.0,6.41,14.3,8.41,18.7,14.6
2026-04-12 20:18:58,AD_3,15.1,6.37,14.3,8.27,18.7,14.6
2026-04-12 20:18:58,AD_3,15.2,6.62,14.3,8.52,18.5,14.5
2026-04-12 20:18:58,AD_3,15.0,6.61,14.2,8.87,18.2,14.4
2026-04-12 20:18:59,AD_3,15.0,6.71,14.2,9.03,18.8,14.4
2026-04-12 20:18:59,AD_3,15.0,6.6,14.2,9.04,18.6,14.4
2026-04-12 20:18:59,AD_3,15.0,6.73,14.2,9.06,18.5,14.4
2026-04-12 20:19:00,AD_3,14.9,6.47,14.2,8.67,18.5,14.5
2026-04-12 20:19:00,AD_3,15.1,6.66,14.2,8.76,18.6,14.4
2026-04-12 20:19:00,AD_3,15.0,6.68,14.2,9.0,18.7,14.4
2026-04-12 20:19:01,AD_3,15.0,6.42,14.2,8.69,18.6,14.5
2026-04-12 20:19:01,AD_3,15.1,6.45,14.2,8.37,18.6,14.6
2026-04-12 20:19:01,AD_3,15.1,6.61,14.2,8.65,18.4,14.4
2026-04-12 20:19:02,AD_3,15.0,6.66,14.2,9.01,18.3,14.4
2026-04-12 20:19:02,AD_3,15.0,6.71,14.2,8.99,18.5,14.4
2026-04-12 20:19:03,AD_3,15.0,6.59,14.2,8.54,18.5,14.5
2026-04-12 20:19:03,AD_3,15.1,6.61,14.2,8.63,18.5,14.4
2026-04-12 20:19:03,AD_3,15.0,6.67,14.2,8.87,18.6,14.4
2026-04-12 20:19:04,AD_3,15.0,6.74,14.2,9.0,18.5,14.4
2026-04-12 20:19:04,AD_3,15.0,6.38,14.2,8.52,18.6,14.5
2026-04-12 20:19:04,AD_3,15.1,6.68,14.2,8.39,18.5,14.6
2026-04-12 20:19:05,AD_3,15.1,6.54,14.2,8.68,18.6,14.4
2026-04-12 20:19:05,AD_3,15.0,6.68,14.2,8.89,18.6,14.4
2026-04-12 20:19:05,AD_3,15.0,6.47,14.2,8.56,18.6,14.5
2026-04-12 20:19:06,AD_3,15.1,6.66,14.2,8.74,18.6,14.4
2026-04-12 20:19:06,AD_3,15.0,6.47,14.3,8.61,18.7,14.5
2026-04-12 20:19:06,AD_3,15.1,6.48,14.3,8.33,18.7,14.6
2026-04-12 20:19:07,AD_3,15.1,6.43,14.3,8.32,18.5,14.6
2026-04-12 20:19:07,AD_3,15.1,6.49,14.3,8.02,18.5,14.6
2026-04-12 20:19:08,AD_3,15.2,6.43,14.3,7.94,18.5,14.6
2026-04-12 20:19:08,AD_3,15.2,6.39,14.3,8.05,18.6,14.7
2026-04-12 20:19:08,AD_3,15.2,6.54,14.3,8.33,18.4,14.5
2026-04-12 20:19:09,AD_3,15.1,6.6,14.2,8.78,18.5,14.5
2026-04-12 20:19:09,AD_3,15.0,6.66,14.2,8.69,18.6,14.4
2026-04-12 20:19:09,AD_3,15.0,6.6,14.2,9.07,18.5,14.4
2026-04-12 20:19:10,AD_3,14.9,6.72,14.2,8.97,18.6,14.4
2026-04-12 20:19:10,AD_3,15.0,6.49,14.2,8.57,18.6,14.5
2026-04-12 20:19:10,AD_3,15.1,6.6,14.3,8.34,18.5,14.6
2026-04-12 20:19:11,AD_3,15.1,6.57,14.2,8.69,18.6,14.4
2026-04-12 20:19:11,AD_3,15.0,6.64,14.2,8.88,18.6,14.4
2026-04-12 20:19:11,AD_3,15.0,6.1,14.2,8.66,18.6,14.5
2026-04-12 20:19:12,AD_3,15.1,6.61,14.2,8.83,18.6,14.4
2026-04-12 20:19:12,AD_3,15.0,6.43,14.2,8.5,18.6,14.6
2026-04-12 20:19:13,AD_3,15.1,6.5,14.3,8.26,18.7,14.6
2026-04-12 20:19:13,AD_3,15.2,6.58,14.3,8.48,18.3,14.4
2026-04-12 20:19:13,AD_3,15.0,6.46,14.3,8.29,18.4,14.6
2026-04-12 20:19:14,AD_3,15.2,6.34,14.3,8.23,18.7,14.6
2026-04-12 20:19:14,AD_3,15.2,6.33,14.3,8.09,18.7,14.6
2026-04-12 20:19:14,AD_3,15.2,6.55,14.3,8.4,18.5,14.5
2026-04-12 20:19:15,AD_3,15.0,6.57,14.2,8.73,18.6,14.4
2026-04-12 20:19:15,AD_3,15.0,6.32,14.3,8.46,18.5,14.6
2026-04-12 20:19:15,AD_3,15.1,6.58,14.3,8.19,18.7,14.6
2026-04-12 20:19:16,AD_3,15.1,6.39,14.3,8.09,18.7,14.6
2026-04-12 20:19:16,AD_3,15.2,6.53,14.3,8.51,18.4,14.5
2026-04-12 20:19:17,AD_3,15.0,6.6,14.2,8.74,18.6,14.4
2026-04-12 20:19:17,AD_3,15.0,6.69,14.2,9.04,18.4,14.4
2026-04-12 20:19:17,AD_3,15.0,6.5,14.2,8.45,18.5,14.6
2026-04-12 20:19:18,AD_3,15.1,6.56,14.2,8.72,18.3,14.4
2026-04-12 20:19:18,AD_3,15.0,6.43,14.3,8.36,18.6,14.6
2026-04-12 20:19:18,AD_3,15.1,6.46,14.3,8.19,18.4,14.5
2026-04-12 20:19:19,AD_3,15.1,6.51,14.3,8.35,18.6,14.6
2026-04-12 20:19:19,AD_3,15.1,6.5,14.3,8.22,18.5,14.7
2026-04-12 20:19:19,AD_3,15.2,6.42,14.3,8.05,18.6,14.6
2026-04-12 20:19:20,AD_3,15.1,6.56,14.3,8.65,18.6,14.5
2026-04-12 20:19:20,AD_3,15.0,6.45,14.3,8.36,18.5,14.6
2026-04-12 20:19:21,AD_3,15.1,6.34,14.3,8.32,18.4,14.6
2026-04-12 20:19:21,AD_3,15.1,6.58,14.2,8.48,18.6,14.5
2026-04-12 20:19:21,AD_3,15.0,6.61,14.3,8.25,18.7,14.6
2026-04-12 20:19:22,AD_3,15.2,6.42,14.3,8.16,18.6,14.6
2026-04-12 20:19:22,AD_3,15.2,6.54,14.3,8.35,18.3,14.5
2026-04-12 20:19:22,AD_3,15.0,6.58,14.2,8.63,18.6,14.5
2026-04-12 20:19:23,AD_3,15.0,6.62,14.2,8.93,18.4,14.4
2026-04-12 20:19:23,AD_3,15.0,6.47,14.2,8.6,18.5,14.5
2026-04-12 20:19:23,AD_3,15.0,6.48,14.2,8.31,18.7,14.6
2026-04-12 20:19:24,AD_3,15.1,6.26,14.3,8.18,18.4,14.6
2026-04-12 20:19:24,AD_3,15.2,6.46,14.3,8.18,18.4,14.6
2026-04-12 20:19:24,AD_3,15.1,6.5,14.3,8.17,18.6,14.6
2026-04-12 20:19:25,AD_3,15.1,6.57,14.3,8.5,18.7,14.4
2026-04-12 20:19:25,AD_3,15.1,6.57,14.0,8.71,18.4,14.3
2026-04-12 20:19:26,AD_3,14.9,6.68,14.2,8.87,18.6,14.6
2026-04-12 20:19:26,AD_3,14.9,6.39,14.3,8.49,18.6,14.5
2026-04-12 20:19:26,AD_3,14.9,6.73,14.2,8.68,18.7,14.3
2026-04-12 20:19:27,AD_3,15.1,6.65,14.3,8.51,18.5,14.6
2026-04-12 20:19:27,AD_3,15.2,6.59,14.1,8.62,18.4,14.4
2026-04-12 20:19:27,AD_3,15.1,6.62,14.3,8.78,18.5,14.4
2026-04-12 20:19:28,AD_3,14.8,6.39,14.2,8.54,18.5,14.5
2026-04-12 20:19:28,AD_3,15.0,6.56,14.3,8.19,18.5,14.6
2026-04-12 20:19:28,AD_3,15.1,6.56,14.3,8.52,18.6,14.5
2026-04-12 20:19:29,AD_3,15.0,6.56,14.2,8.89,18.5,14.4
2026-04-12 20:19:29,AD_3,14.9,6.65,14.2,8.79,18.5,14.4
2026-04-12 20:19:29,AD_3,14.9,6.55,14.3,8.59,18.6,14.6
2026-04-12 20:19:30,AD_3,15.1,6.59,14.2,8.72,18.7,14.5
2026-04-12 20:19:30,AD_3,14.9,6.41,14.3,8.46,18.6,14.6
2026-04-12 20:19:31,AD_3,15.1,6.57,14.2,8.63,18.5,14.4
2026-04-12 20:19:31,AD_3,15.0,6.56,14.3,9.03,18.5,14.4
2026-04-12 20:19:31,AD_3,14.9,6.64,14.2,8.97,18.6,14.4
2026-04-12 20:19:32,AD_3,14.9,6.46,14.2,8.71,18.6,14.6
2026-04-12 20:19:32,AD_3,15.1,6.6,14.3,8.28,18.1,14.6
2026-04-12 20:19:32,AD_3,15.1,6.57,14.2,8.59,18.6,14.5
2026-04-12 20:19:33,AD_3,15.0,6.61,14.3,8.88,18.6,14.4
2026-04-12 20:19:33,AD_3,14.9,6.6,14.2,8.85,18.2,14.4
2026-04-12 20:19:33,AD_3,14.9,6.35,14.3,8.51,18.6,14.5
2026-04-12 20:19:34,AD_3,15.1,6.62,14.2,8.82,18.5,14.4
2026-04-12 20:19:34,AD_3,14.9,6.64,14.2,8.82,18.5,14.4
2026-04-12 20:19:34,AD_3,14.9,6.62,14.2,8.94,18.4,14.4
2026-04-12 20:19:35,AD_3,14.9,6.68,14.2,9.01,18.6,14.4
2026-04-12 20:19:35,AD_3,14.9,6.49,14.2,8.67,18.6,14.5
2026-04-12 20:19:35,AD_3,15.0,6.48,14.3,8.42,18.6,14.5
2026-04-12 20:19:36,AD_3,15.1,6.58,14.3,8.76,18.4,14.4
2026-04-12 20:19:36,AD_3,15.0,6.41,14.3,8.57,18.3,14.6
2026-04-12 20:19:37,AD_3,15.1,6.54,14.3,8.35,18.7,14.5
2026-04-12 20:19:37,AD_3,15.0,6.58,14.2,8.75,18.6,14.4
2026-04-12 20:19:37,AD_3,14.9,6.51,14.3,8.34,18.5,14.6
2026-04-12 20:19:38,AD_3,15.0,6.55,14.3,8.3,18.5,14.6
2026-04-12 20:19:38,AD_3,15.1,6.43,14.3,7.97,18.6,14.6
2026-04-12 20:19:38,AD_3,15.1,6.53,14.3,8.14,18.6,14.6
2026-04-12 20:19:39,AD_3,15.2,6.5,14.3,8.43,18.5,14.5
2026-04-12 20:19:39,AD_3,15.0,6.42,14.3,8.32,18.4,14.5
2026-04-12 20:19:39,AD_3,15.0,6.58,14.3,8.77,18.4,14.4
2026-04-12 20:19:40,AD_3,15.0,6.51,14.3,8.33,18.6,14.6
2026-04-12 20:19:40,AD_3,15.1,6.46,14.3,8.25,18.4,14.6
2026-04-12 20:19:41,AD_3,15.1,6.46,14.3,8.08,18.4,14.7
2026-04-12 20:19:41,AD_3,15.1,6.44,14.3,8.0,18.5,14.6
2026-04-12 20:19:41,AD_3,15.1,6.43,14.3,8.5,18.3,14.5
2026-04-12 20:19:42,AD_3,15.0,6.59,14.3,8.63,18.5,14.5
2026-04-12 20:19:42,AD_3,15.0,6.6,14.2,8.75,18.0,14.4
2026-04-12 20:19:42,AD_3,14.9,6.53,14.3,8.42,18.6,14.6
2026-04-12 20:19:43,AD_3,15.1,6.44,14.3,8.21,18.6,14.6
2026-04-12 20:19:43,AD_3,15.1,6.57,14.2,8.5,18.5,14.5
2026-04-12 20:19:43,AD_3,15.0,6.28,14.3,8.29,18.6,14.6
2026-04-12 20:19:44,AD_3,15.1,6.57,14.3,8.55,18.7,14.5
2026-04-12 20:19:44,AD_3,15.0,6.61,14.2,8.87,18.5,14.4
2026-04-12 20:19:44,AD_3,15.0,6.66,14.2,8.89,18.6,14.4
2026-04-12 20:19:45,AD_3,14.9,6.61,14.2,8.95,18.5,14.4
2026-04-12 20:19:45,AD_3,14.9,6.65,14.3,8.44,18.5,14.5
2026-04-12 20:19:46,AD_3,15.0,6.41,14.3,8.17,18.5,14.6
2026-04-12 20:19:46,AD_3,15.1,6.57,14.3,8.63,18.6,14.5
2026-04-12 20:20:16,AD_4,15.6,6.52,14.9,8.94,19.5,15.2
2026-04-12 20:20:16,AD_4,15.4,6.57,15.0,9.37,19.3,15.2
2026-04-12 20:20:16,AD_4,15.3,6.61,14.9,9.44,19.1,15.1
2026-04-12 20:20:17,AD_4,15.2,6.44,15.0,9.05,19.4,15.3
2026-04-12 20:20:17,AD_4,15.4,6.6,14.9,9.31,18.9,15.1
2026-04-12 20:20:17,AD_4,15.2,6.69,14.9,9.27,19.4,15.1
2026-04-12 20:20:18,AD_4,15.2,6.41,14.9,9.18,19.3,15.3
2026-04-12 20:20:18,AD_4,15.4,6.6,14.9,8.85,19.2,15.3
2026-04-12 20:20:18,AD_4,15.4,6.57,14.9,8.91,19.3,15.3
2026-04-12 20:20:19,AD_4,15.4,6.63,14.9,9.18,19.0,15.2
2026-04-12 20:20:19,AD_4,15.3,6.45,14.9,8.96,18.9,15.3
2026-04-12 20:20:20,AD_4,15.4,6.67,14.9,8.79,19.2,15.3
2026-04-12 20:20:20,AD_4,15.4,6.62,14.9,8.68,19.0,15.3
2026-04-12 20:20:20,AD_4,15.5,6.57,14.9,8.95,19.1,15.2
2026-04-12 20:20:21,AD_4,15.3,6.44,14.9,8.83,19.0,15.3
2026-04-12 20:20:21,AD_4,15.4,6.57,14.9,8.48,19.0,15.2
2026-04-12 20:20:21,AD_4,15.4,6.55,14.9,8.55,19.0,15.3
2026-04-12 20:20:22,AD_4,15.5,6.59,14.9,8.91,18.9,15.2
2026-04-12 20:20:22,AD_4,15.3,6.68,14.9,9.03,19.2,15.1
2026-04-12 20:20:22,AD_4,15.3,6.73,14.8,9.21,19.2,15.1
2026-04-12 20:20:23,AD_4,15.2,6.7,14.9,9.27,18.9,15.1
2026-04-12 20:20:23,AD_4,15.2,6.5,14.9,8.84,19.0,15.2
2026-04-12 20:20:23,AD_4,15.3,6.72,14.9,9.21,19.0,15.1
2026-04-12 20:20:24,AD_4,15.2,6.79,14.8,9.34,19.0,15.1
2026-04-12 20:20:24,AD_4,15.2,6.75,14.8,9.45,19.1,15.0
2026-04-12 20:20:25,AD_4,15.2,6.73,14.8,9.53,18.9,15.0
2026-04-12 20:20:25,AD_4,15.2,6.63,14.9,9.05,19.1,15.2
2026-04-12 20:20:25,AD_4,15.3,6.75,14.9,8.88,19.0,15.2
2026-04-12 20:20:26,AD_4,15.3,6.7,14.8,9.14,19.0,15.1
2026-04-12 20:20:26,AD_4,15.2,6.77,14.9,9.37,19.1,15.1
2026-04-12 20:20:26,AD_4,15.1,6.77,14.9,8.86,18.7,15.1
2026-04-12 20:20:27,AD_4,15.4,6.63,14.9,8.67,18.8,15.2
2026-04-12 20:20:27,AD_4,15.4,6.69,14.8,8.88,18.9,15.1
2026-04-12 20:20:27,AD_4,15.3,6.77,14.8,9.1,19.0,15.1
2026-04-12 20:20:28,AD_4,15.2,6.68,14.9,8.94,19.0,15.2
2026-04-12 20:20:28,AD_4,15.3,6.72,14.9,8.65,18.7,15.3
2026-04-12 20:20:29,AD_4,15.4,6.44,14.9,8.77,18.8,15.2
2026-04-12 20:20:29,AD_4,15.4,6.63,14.9,8.63,18.7,15.3
2026-04-12 20:20:29,AD_4,15.4,6.67,14.9,8.89,18.9,15.1
2026-04-12 20:20:30,AD_4,15.3,6.7,14.8,9.01,18.8,15.0
2026-04-12 20:20:30,AD_4,15.3,6.46,14.9,8.86,18.7,15.2
2026-04-12 20:20:30,AD_4,15.3,6.75,14.9,8.56,18.9,15.3
2026-04-12 20:20:31,AD_4,15.4,6.73,14.9,8.74,18.6,15.1
2026-04-12 20:20:31,AD_4,15.2,6.75,14.8,8.97,18.8,15.0
2026-04-12 20:20:31,AD_4,15.2,6.77,14.8,9.15,18.9,15.1
2026-04-12 20:20:32,AD_4,15.2,6.77,14.8,9.14,18.7,15.0
2026-04-12 20:20:32,AD_4,15.2,6.77,14.8,9.22,18.8,15.0
2026-04-12 20:20:32,AD_4,15.2,6.79,14.8,8.82,18.7,15.1
2026-04-12 20:20:33,AD_4,15.3,6.7,14.8,8.86,18.5,15.0
2026-04-12 20:20:33,AD_4,15.2,6.74,14.9,8.77,19.0,15.2
2026-04-12 20:20:33,AD_4,15.3,6.75,14.8,9.03,18.8,15.1
2026-04-12 20:20:34,AD_4,15.2,6.7,14.9,8.63,18.8,15.2
2026-04-12 20:20:34,AD_4,15.3,6.75,14.8,9.09,19.0,15.1
2026-04-12 20:20:35,AD_4,15.2,6.81,14.8,9.17,18.8,15.0
2026-04-12 20:20:35,AD_4,15.2,6.81,14.8,9.4,18.6,15.0
2026-04-12 20:20:35,AD_4,15.2,6.55,14.8,8.83,18.7,15.2
2026-04-12 20:20:36,AD_4,15.3,6.77,14.8,9.2,18.9,15.0
2026-04-12 20:20:36,AD_4,15.2,6.66,14.9,8.81,18.7,15.2
2026-04-12 20:20:36,AD_4,15.3,6.76,14.8,9.03,18.7,15.1
2026-04-12 20:20:37,AD_4,15.2,6.82,14.8,9.22,18.8,15.0
2026-04-12 20:20:37,AD_4,15.2,6.84,14.8,9.3,18.6,15.0
2026-04-12 20:20:37,AD_4,15.1,6.73,14.8,8.91,18.7,15.2
2026-04-12 20:20:38,AD_4,15.3,6.76,14.8,9.08,18.9,15.1
2026-04-12 20:20:38,AD_4,15.2,6.86,14.8,9.15,18.8,15.0
2026-04-12 20:20:38,AD_4,15.2,6.74,14.8,8.93,18.9,15.1
2026-04-12 20:20:39,AD_4,15.3,6.73,14.9,8.83,18.9,15.2
2026-04-12 20:20:39,AD_4,15.3,6.76,14.8,9.03,18.8,15.1
2026-04-12 20:20:40,AD_4,15.2,6.77,14.8,9.17,18.8,15.0
2026-04-12 20:20:40,AD_4,15.2,6.61,14.8,8.93,18.7,15.2
2026-04-12 20:20:40,AD_4,15.3,6.74,14.8,8.98,18.9,15.0
2026-04-12 20:20:41,AD_4,15.2,6.79,14.8,9.27,18.9,15.0
2026-04-12 20:20:41,AD_4,15.1,6.67,14.8,8.92,18.8,15.2
2026-04-12 20:20:41,AD_4,15.3,6.77,14.8,9.07,18.7,15.0
2026-04-12 20:20:42,AD_4,15.2,6.61,14.9,8.72,18.6,15.1
2026-04-12 20:20:42,AD_4,15.3,6.65,14.9,8.63,18.9,15.2
2026-04-12 20:20:42,AD_4,15.3,6.73,14.9,8.67,18.7,15.1
2026-04-12 20:20:43,AD_4,15.2,6.51,14.9,8.43,18.8,15.2
2026-04-12 20:20:43,AD_4,15.3,6.66,14.9,8.6,18.8,15.2
2026-04-12 20:20:44,AD_4,15.4,6.67,14.9,8.3,18.5,15.1
2026-04-12 20:20:44,AD_4,15.3,6.55,14.9,8.36,18.7,15.2
2026-04-12 20:20:44,AD_4,15.4,6.68,14.9,8.78,18.8,15.1
2026-04-12 20:20:45,AD_4,15.2,6.76,14.8,8.88,18.8,15.1
2026-04-12 20:20:45,AD_4,15.2,6.72,14.8,9.06,18.5,15.0
2026-04-12 20:20:45,AD_4,15.2,6.85,14.8,9.06,18.8,15.0
2026-04-12 20:20:46,AD_4,15.2,6.65,14.8,8.94,18.6,15.2
2026-04-12 20:20:46,AD_4,15.3,6.79,14.9,8.5,18.8,15.2
2026-04-12 20:20:46,AD_4,15.3,6.71,14.9,8.62,18.9,15.2
2026-04-12 20:20:47,AD_4,15.4,6.74,14.9,8.82,18.9,15.1
2026-04-12 20:20:47,AD_4,15.2,6.51,14.9,8.71,18.8,15.2
2026-04-12 20:20:47,AD_4,15.3,6.63,14.9,8.42,18.8,15.2
2026-04-12 20:20:48,AD_4,15.4,6.71,14.8,8.71,18.8,15.1
2026-04-12 20:20:48,AD_4,15.2,6.74,14.8,9.06,18.9,15.1
2026-04-12 20:20:49,AD_4,15.2,6.77,14.8,9.15,18.7,15.0
2026-04-12 20:20:49,AD_4,15.2,6.61,14.9,8.79,18.6,15.0
2026-04-12 20:20:49,AD_4,15.2,6.69,14.9,8.76,18.8,15.2
2026-04-12 20:20:50,AD_4,15.3,6.71,14.9,8.5,18.8,15.2
2026-04-12 20:20:50,AD_4,15.4,6.58,14.9,8.61,18.8,15.3
2026-04-12 20:20:50,AD_4,15.4,6.67,14.8,8.88,18.7,15.1
2026-04-12 20:20:51,AD_4,15.2,6.73,14.8,9.06,18.8,15.1
2026-04-12 20:20:51,AD_4,15.2,6.64,14.9,8.82,18.9,15.2
2026-04-12 20:20:51,AD_4,15.3,6.73,14.8,8.91,18.7,15.1
2026-04-12 20:20:52,AD_4,15.2,6.54,14.9,8.86,18.8,15.2
2026-04-12 20:20:52,AD_4,15.3,6.72,14.9,8.53,18.9,15.2
2026-04-12 20:20:52,AD_4,15.4,6.51,14.9,8.55,18.8,15.3
2026-04-12 20:20:53,AD_4,15.4,6.7,14.9,8.8,18.6,15.1
2026-04-12 20:20:53,AD_4,15.2,6.63,14.9,8.47,18.7,15.2
2026-04-12 20:20:54,AD_4,15.3,6.74,14.8,8.92,18.8,15.1
2026-04-12 20:20:54,AD_4,15.2,6.81,14.8,9.04,18.7,15.0
2026-04-12 20:20:54,AD_4,15.2,6.78,14.8,8.64,18.5,15.1
2026-04-12 20:20:55,AD_4,15.2,6.65,14.9,8.72,18.8,15.2
2026-04-12 20:20:55,AD_4,15.3,6.52,14.9,8.58,18.8,15.2
2026-04-12 20:20:55,AD_4,15.4,6.68,14.9,8.52,18.9,15.3
2026-04-12 20:20:56,AD_4,15.4,6.71,14.9,8.74,18.4,15.1
2026-04-12 20:20:56,AD_4,15.2,6.74,14.8,8.97,18.5,15.1
2026-04-12 20:20:56,AD_4,15.2,6.57,14.9,8.59,18.7,15.2
2026-04-12 20:20:57,AD_4,15.3,6.75,14.8,8.66,18.5,15.1
2026-04-12 20:20:57,AD_4,15.2,6.64,14.9,8.57,18.9,15.2
2026-04-12 20:20:58,AD_4,15.3,6.76,14.8,8.88,18.9,15.1
2026-04-12 20:20:58,AD_4,15.2,6.76,14.8,8.99,18.8,15.1
2026-04-12 20:20:58,AD_4,15.3,6.73,14.9,8.72,18.7,15.2
2026-04-12 20:20:59,AD_4,15.3,6.74,14.8,9.03,18.7,15.1
2026-04-12 20:20:59,AD_4,15.2,6.78,14.9,8.69,18.9,15.2
2026-04-12 20:20:59,AD_4,15.3,6.71,14.8,8.71,18.4,15.1
2026-04-12 20:21:00,AD_4,15.2,6.59,14.8,8.63,18.7,15.1
2026-04-12 20:21:00,AD_4,15.3,6.68,14.9,8.43,18.7,15.2
2026-04-12 20:21:00,AD_4,15.4,6.6,14.9,8.54,18.7,15.3
2026-04-12 20:21:01,AD_4,15.4,6.66,14.9,8.68,18.7,15.1
2026-04-12 20:21:01,AD_4,15.2,6.7,14.8,9.05,18.7,15.1
2026-04-12 20:21:01,AD_4,15.2,6.79,14.9,8.7,18.8,15.2
2026-04-12 20:21:02,AD_4,15.3,6.69,14.8,8.65,18.8,15.2
2026-04-12 20:21:02,AD_4,15.3,6.74,14.9,8.9,18.8,15.1
2026-04-12 20:21:03,AD_4,15.2,6.78,14.9,8.68,18.7,15.2
2026-04-12 20:21:03,AD_4,15.3,6.58,14.9,8.52,18.8,15.2
2026-04-12 20:21:03,AD_4,15.3,6.63,14.9,8.37,18.9,15.2
2026-04-12 20:21:04,AD_4,15.4,6.71,14.9,8.74,18.8,15.1
2026-04-12 20:21:04,AD_4,15.2,6.51,14.9,8.62,18.9,15.2
2026-04-12 20:21:04,AD_4,15.3,6.73,14.8,8.85,18.7,15.1
2026-04-12 20:21:05,AD_4,15.2,6.73,14.9,9.03,18.7,15.0
2026-04-12 20:21:05,AD_4,15.2,6.81,14.8,9.01,18.8,15.0
2026-04-12 20:21:05,AD_4,15.1,6.84,14.8,9.04,18.8,15.1
2026-04-12 20:21:06,AD_4,15.3,6.64,14.9,8.73,18.6,15.2
2026-04-12 20:21:06,AD_4,15.3,6.73,14.8,8.91,18.7,15.1
2026-04-12 20:21:06,AD_4,15.2,6.64,14.9,8.73,18.9,15.2
2026-04-12 20:21:07,AD_4,15.3,6.73,14.8,8.8,18.5,15.1
2026-04-12 20:21:07,AD_4,15.2,6.81,14.8,9.16,18.8,15.0
2026-04-12 20:21:08,AD_4,15.2,6.62,14.8,8.74,18.8,15.1
2026-04-12 20:21:08,AD_4,15.3,6.64,14.9,8.72,18.8,15.1
2026-04-12 20:21:08,AD_4,15.2,6.41,14.9,8.65,18.6,15.2
2026-04-12 20:21:09,AD_4,15.3,6.64,14.9,8.53,18.8,15.2
2026-04-12 20:21:09,AD_4,15.4,6.65,14.9,8.46,18.8,15.3
2026-04-12 20:21:09,AD_4,15.4,6.57,14.9,8.42,18.7,15.3
2026-04-12 20:21:10,AD_4,15.4,6.64,14.9,8.39,18.7,15.2
2026-04-12 20:21:10,AD_4,15.4,6.57,14.9,8.2,18.7,15.3
2026-04-12 20:21:10,AD_4,15.4,6.68,14.9,8.62,18.7,15.1
2026-04-12 20:21:11,AD_4,15.3,6.7,14.9,8.68,18.5,15.1
2026-04-12 20:21:11,AD_4,15.3,6.74,14.8,8.95,18.6,15.0
2026-04-12 20:21:12,AD_4,15.2,6.61,14.8,8.63,18.7,15.2
2026-04-12 20:21:12,AD_4,15.3,6.71,14.9,8.95,18.8,15.1
2026-04-12 20:21:12,AD_4,15.2,6.77,14.8,8.96,18.8,15.0
2026-04-12 20:21:13,AD_4,15.2,6.78,14.9,9.29,18.7,15.0
2026-04-12 20:21:13,AD_4,15.1,6.89,14.8,9.1,18.8,15.0
2026-04-12 20:21:13,AD_4,15.1,6.59,14.8,8.76,18.6,15.1
2026-04-12 20:21:14,AD_4,15.2,6.81,14.8,9.03,18.7,15.0
2026-04-12 20:21:14,AD_4,15.2,6.83,14.8,8.91,18.6,15.2
2026-04-12 20:21:14,AD_4,15.3,6.68,14.8,8.74,18.8,15.2
2026-04-12 20:21:15,AD_4,15.3,6.68,14.9,8.61,17.4,15.1
2026-04-12 20:21:15,AD_4,15.2,6.77,14.9,8.96,18.8,15.0
2026-04-12 20:21:15,AD_4,15.1,6.77,14.8,9.11,18.7,15.0
2026-04-12 20:21:16,AD_4,15.1,6.86,14.8,9.21,18.8,15.0
2026-04-12 20:21:16,AD_4,15.1,6.63,14.8,8.91,18.7,15.2
2026-04-12 20:21:17,AD_4,15.3,6.8,14.9,8.45,18.4,15.1
2026-04-12 20:21:17,AD_4,15.2,6.62,14.9,8.3,18.7,15.2
2026-04-12 20:21:17,AD_4,15.3,6.73,14.8,8.98,18.7,15.1
2026-04-12 20:21:18,AD_4,15.2,6.8,14.8,8.95,18.6,15.0
2026-04-12 20:21:18,AD_4,15.1,6.69,14.9,8.83,18.8,15.2
2026-04-12 20:21:18,AD_4,15.3,6.79,14.8,8.87,18.7,15.1
2026-04-12 20:21:19,AD_4,15.2,6.81,14.8,9.16,18.6,15.0
2026-04-12 20:21:19,AD_4,15.1,6.47,14.9,8.73,18.6,15.2
2026-04-12 20:21:19,AD_4,15.3,6.77,14.8,9.06,18.7,15.0
2026-04-12 20:21:20,AD_4,15.2,6.79,14.8,9.12,18.6,15.0
2026-04-12 20:21:20,AD_4,15.1,6.85,14.8,9.32,18.5,15.0
2026-04-12 20:21:20,AD_4,15.1,6.65,14.8,8.9,18.8,15.1
2026-04-12 20:21:21,AD_4,15.3,6.5,14.9,8.68,18.7,15.2
2026-04-12 20:21:21,AD_4,15.3,6.74,14.8,8.92,18.7,15.1
2026-04-12 20:21:22,AD_4,15.2,6.82,14.8,9.12,18.7,15.0
2026-04-12 20:21:22,AD_4,15.2,6.83,14.8,9.01,18.4,15.0
2026-04-12 20:21:22,AD_4,15.2,6.72,14.8,8.98,18.6,15.0
2026-04-12 20:21:23,AD_4,15.2,6.89,14.8,9.32,18.8,15.0
2026-04-12 20:21:23,AD_4,15.1,6.92,14.8,9.43,18.7,15.0
2026-04-12 20:21:23,AD_4,15.1,6.85,14.8,9.46,18.5,15.0
2026-04-12 20:21:24,AD_4,15.1,6.59,14.8,8.98,18.7,15.1
2026-04-12 20:21:24,AD_4,15.3,6.82,14.8,9.06,18.7,15.0
2026-04-12 20:21:24,AD_4,15.1,6.5,14.9,8.82,18.6,15.2
2026-04-12 20:21:25,AD_4,15.3,6.8,14.8,9.03,18.8,15.0
2026-04-12 20:21:25,AD_4,15.1,6.57,14.8,8.9,18.7,15.1
2026-04-12 20:21:25,AD_4,15.3,6.78,14.9,8.64,18.6,15.2
2026-04-12 20:21:26,AD_4,15.3,6.71,14.8,8.82,18.6,15.1
2026-04-12 20:21:26,AD_4,15.2,6.46,14.9,8.72,18.8,15.2
2026-04-12 20:21:27,AD_4,15.3,6.47,14.9,8.57,18.9,15.2
2026-04-12 20:21:27,AD_4,15.3,6.68,14.9,8.47,18.7,15.3
2026-04-12 20:22:07,BC_1,15.3,6.02,15.8,8.89,18.8,16.2
2026-04-12 20:22:07,BC_1,15.1,6.18,15.8,9.08,18.8,16.1
2026-04-12 20:22:08,BC_1,14.9,5.97,15.8,9.0,18.9,16.2
2026-04-12 20:22:08,BC_1,15.0,6.15,15.8,9.17,18.7,16.1
2026-04-12 20:22:08,BC_1,14.9,6.0,15.8,8.98,18.6,16.2
2026-04-12 20:22:09,BC_1,15.0,6.17,15.8,9.17,18.5,16.1
2026-04-12 20:22:09,BC_1,14.8,5.94,15.8,8.93,18.5,16.1
2026-04-12 20:22:10,BC_1,15.0,6.19,15.8,9.21,18.5,16.0
2026-04-12 20:22:10,BC_1,14.8,6.21,15.7,9.21,18.5,16.0
2026-04-12 20:22:10,BC_1,14.8,6.1,15.8,9.05,18.5,16.1
2026-04-12 20:22:11,BC_1,14.9,6.25,15.8,9.36,18.6,16.0
2026-04-12 20:22:11,BC_1,14.8,6.27,15.7,9.52,18.3,15.9
2026-04-12 20:22:11,BC_1,14.8,6.33,15.7,9.53,18.6,15.9
2026-04-12 20:22:12,BC_1,14.7,6.06,15.7,9.3,18.5,16.0
2026-04-12 20:22:12,BC_1,14.9,6.31,15.7,8.88,18.0,16.0
2026-04-12 20:22:12,BC_1,14.8,6.08,15.8,8.85,18.6,16.0
2026-04-12 20:22:13,BC_1,14.9,6.23,15.8,8.96,18.3,16.1
2026-04-12 20:22:13,BC_1,14.9,6.08,15.8,8.82,18.5,16.1
2026-04-12 20:22:13,BC_1,14.9,6.23,15.7,9.09,18.1,16.0
2026-04-12 20:22:14,BC_1,14.8,6.02,15.7,8.97,18.3,16.1
2026-04-12 20:22:14,BC_1,14.9,6.27,15.7,9.22,18.2,15.9
2026-04-12 20:22:15,BC_1,14.8,6.39,15.7,9.13,18.4,16.0
2026-04-12 20:22:15,BC_1,14.7,6.09,15.8,9.28,18.2,16.0
2026-04-12 20:22:15,BC_1,14.8,6.36,15.8,9.46,18.5,16.0
2026-04-12 20:22:16,BC_1,14.8,6.37,15.9,9.64,18.1,16.0
2026-04-12 20:22:16,BC_1,14.7,6.11,15.9,9.32,18.5,16.1
2026-04-12 20:22:16,BC_1,14.8,6.36,15.9,9.47,18.3,16.1
2026-04-12 20:22:17,BC_1,14.7,6.1,15.8,9.2,18.2,16.2
2026-04-12 20:22:17,BC_1,14.9,6.27,15.9,9.06,17.9,16.1
2026-04-12 20:22:17,BC_1,14.8,6.32,15.8,9.14,18.2,16.0
2026-04-12 20:22:18,BC_1,14.8,6.17,15.9,9.05,18.2,16.0
2026-04-12 20:22:18,BC_1,14.8,6.24,15.7,8.96,18.2,16.1
2026-04-12 20:22:18,BC_1,14.9,6.3,15.8,9.19,18.0,16.0
2026-04-12 20:22:19,BC_1,14.7,6.03,15.7,8.94,18.3,16.1
2026-04-12 20:22:19,BC_1,14.9,6.28,15.9,8.93,18.3,16.2
2026-04-12 20:22:20,BC_1,14.9,6.3,15.9,9.17,18.2,16.0
2026-04-12 20:22:20,BC_1,14.8,6.35,15.8,9.38,18.1,16.0
2026-04-12 20:22:20,BC_1,14.8,6.19,15.8,9.03,18.3,16.0
2026-04-12 20:22:21,BC_1,14.8,6.36,15.8,9.34,18.3,16.0
2026-04-12 20:22:21,BC_1,14.7,6.44,15.8,9.35,18.3,16.0
2026-04-12 20:22:21,BC_1,14.8,6.38,15.8,9.51,18.1,15.9
2026-04-12 20:22:22,BC_1,14.7,6.44,15.8,9.26,18.3,16.1
2026-04-12 20:22:22,BC_1,14.8,6.26,15.8,9.04,18.0,16.1
2026-04-12 20:22:22,BC_1,14.8,6.27,15.8,8.83,18.3,16.1
2026-04-12 20:22:23,BC_1,14.9,6.29,15.8,9.15,18.2,16.0
2026-04-12 20:22:23,BC_1,14.8,6.07,15.8,9.07,18.2,15.9
2026-04-12 20:22:24,BC_1,14.7,6.19,15.7,8.97,18.2,16.1
2026-04-12 20:22:24,BC_1,14.9,6.31,15.8,9.27,18.2,15.9
2026-04-12 20:22:24,BC_1,14.7,6.39,15.7,9.05,18.3,16.0
2026-04-12 20:22:25,BC_1,14.8,6.33,15.8,9.07,17.8,15.9
2026-04-12 20:22:25,BC_1,14.7,6.42,15.7,9.39,18.2,15.9
2026-04-12 20:22:25,BC_1,14.7,6.46,15.8,9.57,18.2,15.9
2026-04-12 20:22:26,BC_1,14.7,6.46,15.7,9.61,18.2,15.9
2026-04-12 20:22:26,BC_1,14.7,6.48,15.8,9.74,18.3,15.9
2026-04-12 20:22:26,BC_1,14.7,6.23,15.8,9.31,18.1,16.0
2026-04-12 20:22:27,BC_1,14.8,6.37,15.8,9.39,18.2,15.9
2026-04-12 20:22:27,BC_1,14.7,6.12,15.8,9.14,18.2,16.0
2026-04-12 20:22:27,BC_1,14.8,6.34,15.8,9.01,18.3,16.0
2026-04-12 20:22:28,BC_1,14.7,6.16,15.8,9.03,18.3,16.0
2026-04-12 20:22:28,BC_1,14.8,6.29,15.8,9.25,18.2,15.9
2026-04-12 20:22:29,BC_1,14.7,5.95,15.8,9.12,18.1,15.9
2026-04-12 20:22:29,BC_1,14.7,6.36,15.8,8.91,18.0,16.0
2026-04-12 20:22:29,BC_1,14.9,6.18,15.8,9.0,18.1,16.0
2026-04-12 20:22:30,BC_1,14.8,6.34,15.8,9.03,17.9,15.9
2026-04-12 20:22:30,BC_1,14.7,6.42,15.8,9.42,18.0,15.9
2026-04-12 20:22:30,BC_1,14.7,6.22,15.8,8.99,18.2,16.0
2026-04-12 20:22:31,BC_1,14.8,6.4,15.8,9.35,18.2,15.9
2026-04-12 20:22:31,BC_1,14.7,6.22,15.8,9.05,18.2,16.0
2026-04-12 20:22:31,BC_1,14.8,6.35,15.8,9.41,18.2,15.9
2026-04-12 20:22:32,BC_1,14.7,6.33,15.8,9.49,18.1,15.9
2026-04-12 20:22:32,BC_1,14.7,6.51,15.8,9.67,18.1,15.9
2026-04-12 20:22:32,BC_1,14.7,6.45,15.8,9.61,18.2,15.9
2026-04-12 20:22:33,BC_1,14.7,6.33,15.8,9.32,18.2,16.0
2026-04-12 20:22:33,BC_1,14.8,6.34,15.8,9.35,18.1,15.9
2026-04-12 20:22:33,BC_1,14.7,6.43,15.8,9.54,18.0,15.9
2026-04-12 20:22:34,BC_1,14.7,6.51,15.8,9.68,18.0,15.9
2026-04-12 20:22:34,BC_1,14.7,6.24,15.8,9.09,18.0,15.9
2026-04-12 20:22:35,BC_1,14.8,6.26,15.8,9.04,17.9,16.0
2026-04-12 20:22:35,BC_1,14.8,6.34,15.8,9.34,18.3,15.9
2026-04-12 20:22:35,BC_1,14.7,6.08,15.8,9.12,18.2,16.0
2026-04-12 20:22:36,BC_1,14.8,6.41,15.8,9.39,18.2,15.9
2026-04-12 20:22:36,BC_1,14.7,6.14,15.8,9.28,18.2,16.0
2026-04-12 20:22:36,BC_1,14.8,6.38,15.8,9.28,18.1,15.9
2026-04-12 20:22:37,BC_1,14.7,6.39,15.8,9.51,18.2,15.9
2026-04-12 20:22:37,BC_1,14.7,6.48,15.8,9.73,18.1,15.8
2026-04-12 20:22:37,BC_1,14.7,6.44,15.7,9.7,18.2,15.9
2026-04-12 20:22:38,BC_1,14.7,6.43,15.8,9.83,18.1,15.9
2026-04-12 20:22:38,BC_1,14.7,6.49,15.7,9.67,18.1,15.8
2026-04-12 20:22:38,BC_1,14.7,6.25,15.8,9.39,18.1,16.0
2026-04-12 20:22:39,BC_1,14.8,6.34,15.7,9.27,18.1,15.9
2026-04-12 20:22:39,BC_1,14.7,6.26,15.8,9.25,18.2,16.0
2026-04-12 20:22:40,BC_1,14.8,6.04,15.8,8.94,17.9,15.9
2026-04-12 20:22:40,BC_1,14.8,6.24,15.8,8.95,18.1,16.0
2026-04-12 20:22:40,BC_1,14.8,6.23,15.8,8.86,18.1,16.0
2026-04-12 20:22:41,BC_1,14.8,6.34,15.8,9.21,18.1,16.0
2026-04-12 20:22:41,BC_1,14.7,6.36,15.8,9.48,18.0,15.9
2026-04-12 20:22:41,BC_1,14.7,6.07,15.8,9.13,18.1,16.0
2026-04-12 20:22:42,BC_1,14.8,6.32,15.8,9.31,17.9,15.9
2026-04-12 20:22:42,BC_1,14.7,6.45,15.8,9.48,18.2,15.9
2026-04-12 20:22:42,BC_1,14.7,6.45,15.8,9.61,18.2,15.9
2026-04-12 20:22:43,BC_1,14.7,6.51,15.8,9.69,18.1,15.9
2026-04-12 20:22:43,BC_1,14.7,6.16,15.8,9.37,18.2,16.0
2026-04-12 20:22:43,BC_1,14.8,6.3,15.8,9.11,18.2,16.0
2026-04-12 20:22:44,BC_1,14.8,6.18,15.8,9.0,18.2,16.0
2026-04-12 20:22:44,BC_1,14.8,6.39,15.8,9.2,18.2,16.0
2026-04-12 20:22:45,BC_1,14.8,6.3,15.8,8.98,18.1,16.0
2026-04-12 20:22:45,BC_1,14.8,6.1,15.8,8.39,18.1,16.0
2026-04-12 20:22:45,BC_1,14.9,6.12,15.8,8.94,18.0,16.0
2026-04-12 20:22:46,BC_1,14.8,6.31,15.8,9.35,18.1,15.9
2026-04-12 20:22:46,BC_1,14.7,6.4,15.8,9.27,18.1,15.9
2026-04-12 20:22:46,BC_1,14.7,6.4,15.8,9.5,18.0,15.9
2026-04-12 20:22:47,BC_1,14.7,6.51,15.8,9.46,18.2,16.0
2026-04-12 20:22:47,BC_1,14.8,6.42,15.8,9.47,18.1,15.9
2026-04-12 20:22:47,BC_1,14.7,6.46,15.8,9.51,18.2,15.9
2026-04-12 20:22:48,BC_1,14.7,6.48,15.8,9.69,18.2,15.9
2026-04-12 20:22:48,BC_1,14.7,6.12,15.8,9.38,18.1,16.0
2026-04-12 20:22:48,BC_1,14.8,6.4,15.8,9.5,18.2,15.9
2026-04-12 20:22:49,BC_1,14.7,6.22,15.8,9.14,18.3,16.0
2026-04-12 20:22:49,BC_1,14.8,6.3,15.8,8.91,18.1,16.0
2026-04-12 20:22:50,BC_1,14.8,6.24,15.8,8.93,18.1,16.1
2026-04-12 20:22:50,BC_1,14.8,6.31,15.8,8.88,18.2,16.1
2026-04-12 20:22:50,BC_1,14.9,6.31,15.8,8.94,18.2,15.9
2026-04-12 20:22:51,BC_1,14.7,6.27,15.8,8.86,17.8,15.9
2026-04-12 20:22:51,BC_1,14.8,6.18,15.8,9.04,18.2,16.0
2026-04-12 20:22:51,BC_1,14.8,6.29,15.8,8.8,18.0,16.0
2026-04-12 20:22:52,BC_1,14.9,6.37,15.8,8.96,18.0,15.9
2026-04-12 20:22:52,BC_1,14.7,6.37,15.8,9.36,18.1,15.9
2026-04-12 20:22:52,BC_1,14.7,6.24,15.8,9.1,18.1,16.0
2026-04-12 20:22:53,BC_1,14.8,6.28,15.8,9.01,18.1,16.0
2026-04-12 20:22:53,BC_1,14.9,6.3,15.8,8.87,18.2,16.1
2026-04-12 20:22:54,BC_1,14.9,6.33,15.8,9.13,18.1,15.9
2026-04-12 20:22:54,BC_1,14.7,6.41,15.8,9.37,18.2,15.9
2026-04-12 20:22:54,BC_1,14.7,6.42,15.8,9.42,18.2,15.9
2026-04-12 20:22:55,BC_1,14.7,6.47,15.8,9.67,18.3,15.9
2026-04-12 20:22:55,BC_1,14.7,6.24,15.8,9.17,18.0,16.0
2026-04-12 20:22:55,BC_1,14.8,6.23,15.8,9.04,18.1,16.0
2026-04-12 20:22:56,BC_1,14.8,6.24,15.8,8.91,18.2,16.0
2026-04-12 20:22:56,BC_1,14.9,6.27,15.8,9.15,18.2,15.9
2026-04-12 20:22:56,BC_1,14.7,6.15,15.8,9.17,18.0,15.9
2026-04-12 20:22:57,BC_1,14.7,6.37,15.8,9.54,18.2,15.9
2026-04-12 20:22:57,BC_1,14.7,6.49,15.8,9.53,18.2,15.9
2026-04-12 20:22:57,BC_1,14.7,6.46,15.8,9.63,18.1,15.9
2026-04-12 20:22:58,BC_1,14.7,6.46,15.8,9.68,18.0,15.9
2026-04-12 20:22:58,BC_1,14.7,6.3,15.8,9.22,18.2,16.0
2026-04-12 20:22:59,BC_1,14.8,6.39,15.8,9.59,18.2,15.9
2026-04-12 20:22:59,BC_1,14.7,6.12,15.8,9.21,18.0,16.0
2026-04-12 20:22:59,BC_1,14.8,6.29,15.8,8.87,18.2,16.0
2026-04-12 20:23:00,BC_1,14.8,6.39,15.8,9.19,18.1,15.9
2026-04-12 20:23:00,BC_1,14.7,6.1,15.8,9.0,18.1,16.0
2026-04-12 20:23:00,BC_1,14.8,6.2,15.8,8.99,17.9,16.1
2026-04-12 20:23:01,BC_1,14.8,6.36,15.8,9.08,18.1,15.9
2026-04-12 20:23:01,BC_1,14.7,6.38,15.8,9.45,18.1,15.9
2026-04-12 20:23:01,BC_1,14.7,6.43,15.8,9.05,18.1,16.0
2026-04-12 20:23:02,BC_1,14.8,6.25,15.8,8.65,18.1,16.0
2026-04-12 20:23:02,BC_1,14.8,6.36,15.8,9.12,18.1,16.0
2026-04-12 20:23:02,BC_1,14.8,6.19,15.8,8.88,18.0,16.0
2026-04-12 20:23:03,BC_1,14.9,6.21,15.8,8.75,17.9,16.0
2026-04-12 20:23:03,BC_1,14.9,6.26,15.8,8.75,18.1,16.0
2026-04-12 20:23:04,BC_1,14.8,6.25,15.7,8.75,17.9,15.8
2026-04-12 20:23:04,BC_1,14.9,6.16,15.6,8.64,18.0,16.1
2026-04-12 20:23:04,BC_1,14.8,6.28,15.8,9.13,18.3,16.2
2026-04-12 20:23:05,BC_1,14.8,6.38,15.7,9.4,18.1,16.1
2026-04-12 20:23:05,BC_1,14.8,6.34,16.0,9.15,17.9,16.1
2026-04-12 20:23:05,BC_1,14.8,6.29,16.0,9.01,18.2,16.3
2026-04-12 20:23:06,BC_1,15.0,6.29,15.9,9.0,17.9,16.0
2026-04-12 20:23:06,BC_1,14.6,6.35,16.0,9.5,18.1,16.1
2026-04-12 20:23:06,BC_1,14.8,5.99,16.0,9.18,18.2,16.2
2026-04-12 20:23:07,BC_1,14.8,6.38,15.9,9.35,18.1,16.1
2026-04-12 20:23:07,BC_1,14.7,6.15,16.0,9.08,18.1,16.2
2026-04-12 20:23:08,BC_1,14.8,6.59,15.9,9.4,18.1,16.1
2026-04-12 20:23:08,BC_1,14.7,6.36,15.9,9.16,18.1,16.3
2026-04-12 20:23:08,BC_1,14.8,6.28,15.8,9.1,17.9,16.1
2026-04-12 20:23:09,BC_1,14.8,6.38,15.8,9.25,17.8,15.9
2026-04-12 20:23:09,BC_1,14.7,6.24,15.9,9.05,18.1,16.0
2026-04-12 20:23:09,BC_1,14.8,6.22,15.9,8.96,17.9,16.0
2026-04-12 20:23:10,BC_1,14.7,6.35,15.9,9.36,18.1,16.0
2026-04-12 20:23:10,BC_1,14.7,6.48,15.9,9.55,18.2,16.0
2026-04-12 20:23:10,BC_1,14.7,6.22,15.9,9.21,18.1,16.0
2026-04-12 20:23:11,BC_1,14.7,6.15,15.8,9.15,17.7,16.1
2026-04-12 20:23:11,BC_1,14.8,6.42,15.9,8.96,18.0,16.1
2026-04-12 20:23:12,BC_1,14.8,6.38,15.8,9.14,18.1,16.0
2026-04-12 20:23:12,BC_1,14.7,6.45,15.9,9.36,18.2,16.0
2026-04-12 20:23:12,BC_1,14.7,6.47,15.8,9.59,17.9,15.9
2026-04-12 20:23:13,BC_1,14.6,6.47,15.9,9.66,18.1,15.9
2026-04-12 20:23:13,BC_1,14.6,6.51,15.8,9.68,18.2,15.9
2026-04-12 20:23:13,BC_1,14.6,6.56,15.8,9.73,17.8,15.9
2026-04-12 20:23:14,BC_1,14.6,6.54,15.8,9.96,18.0,15.9
2026-04-12 20:23:14,BC_1,14.6,6.59,15.9,9.69,18.1,15.9
2026-04-12 20:23:14,BC_1,14.6,6.38,15.9,8.99,17.9,15.9
2026-04-12 20:23:15,BC_1,14.7,6.32,15.8,9.27,18.1,16.0
2026-04-12 20:23:15,BC_1,14.7,6.38,15.8,9.07,18.0,16.0
2026-04-12 20:23:15,BC_1,14.7,6.17,15.8,9.11,18.0,16.0
2026-04-12 20:23:16,BC_1,14.7,6.45,15.8,9.44,18.0,16.0
2026-04-12 20:23:16,BC_1,14.6,6.5,15.8,9.63,18.0,15.9
2026-04-12 20:23:16,BC_1,14.6,6.56,15.8,9.78,18.1,15.9
2026-04-12 20:23:17,BC_1,14.6,6.53,15.8,9.85,18.0,15.9
2026-04-12 20:23:17,BC_1,14.6,6.59,15.8,9.94,18.1,15.9
2026-04-12 20:23:18,BC_1,14.6,6.21,15.8,9.32,18.0,16.0
2026-04-12 20:23:18,BC_1,14.7,6.51,15.8,9.59,18.0,15.9
2026-04-12 20:23:18,BC_1,14.6,6.52,15.8,9.81,18.2,15.9
2026-04-12 20:23:54,BC_2,14.2,6.68,16.0,9.53,17.9,16.2
2026-04-12 20:23:54,BC_2,14.0,6.69,16.0,9.54,17.8,16.2
2026-04-12 20:23:55,BC_2,14.0,6.7,16.0,9.53,17.8,16.2
2026-04-12 20:23:55,BC_2,14.0,6.7,16.0,9.37,17.4,16.2
2026-04-12 20:23:55,BC_2,14.0,6.77,15.9,9.49,17.5,16.1
2026-04-12 20:23:56,BC_2,13.8,6.8,15.9,9.7,17.6,16.1
2026-04-12 20:23:56,BC_2,13.8,6.67,15.9,9.58,17.4,16.0
2026-04-12 20:23:56,BC_2,13.7,6.78,15.8,9.63,17.4,16.0
2026-04-12 20:23:57,BC_2,13.8,6.76,15.9,9.68,17.4,16.1
2026-04-12 20:23:57,BC_2,13.8,6.8,15.9,9.55,17.5,16.1
2026-04-12 20:23:57,BC_2,13.9,6.81,15.9,9.34,17.3,16.1
2026-04-12 20:23:58,BC_2,13.9,6.78,15.9,9.59,17.2,16.0
2026-04-12 20:23:58,BC_2,13.8,6.68,15.9,9.46,17.3,16.1
2026-04-12 20:23:58,BC_2,13.8,6.63,15.9,9.5,17.5,16.1
2026-04-12 20:23:59,BC_2,13.9,6.73,15.9,9.24,17.0,16.1
2026-04-12 20:23:59,BC_2,13.9,6.8,15.9,9.53,17.3,16.0
2026-04-12 20:24:00,BC_2,13.7,6.67,15.9,9.53,17.2,16.1
2026-04-12 20:24:00,BC_2,13.9,6.78,15.9,9.28,17.2,16.1
2026-04-12 20:24:00,BC_2,13.9,6.76,15.9,9.35,17.2,16.1
2026-04-12 20:24:01,BC_2,13.9,6.74,15.9,9.27,17.3,16.1
2026-04-12 20:24:01,BC_2,13.9,6.78,15.9,9.36,17.4,16.0
2026-04-12 20:24:01,BC_2,13.8,6.71,15.9,9.33,17.2,16.1
2026-04-12 20:24:02,BC_2,13.9,6.82,15.8,9.42,17.4,15.9
2026-04-12 20:24:02,BC_2,13.8,6.61,15.7,9.42,17.1,16.0
2026-04-12 20:24:02,BC_2,14.0,6.71,15.7,9.35,17.2,16.0
2026-04-12 20:24:03,BC_2,13.8,6.78,15.8,9.66,17.4,15.9
2026-04-12 20:24:03,BC_2,13.7,6.72,15.8,9.47,17.4,16.0
2026-04-12 20:24:04,BC_2,13.9,6.63,15.9,9.39,17.2,16.0
2026-04-12 20:24:04,BC_2,13.9,6.76,15.8,9.17,17.2,16.0
2026-04-12 20:24:04,BC_2,13.9,6.75,15.8,9.26,17.2,16.1
2026-04-12 20:24:05,BC_2,13.9,6.75,15.9,9.2,17.0,16.0
2026-04-12 20:24:05,BC_2,13.9,6.72,15.8,8.93,17.1,16.1
2026-04-12 20:24:05,BC_2,14.0,6.78,15.8,9.43,17.2,16.0
2026-04-12 20:24:06,BC_2,13.8,6.81,15.8,9.54,17.2,15.9
2026-04-12 20:24:06,BC_2,13.8,6.74,15.8,9.44,17.2,16.0
2026-04-12 20:24:06,BC_2,13.9,6.82,15.8,9.45,17.3,16.0
2026-04-12 20:24:07,BC_2,13.8,6.7,15.8,9.41,17.2,16.0
2026-04-12 20:24:07,BC_2,13.8,6.78,15.8,9.24,17.2,16.1
2026-04-12 20:24:08,BC_2,13.9,6.7,15.8,9.26,17.2,16.0
2026-04-12 20:24:08,BC_2,13.8,6.81,15.8,9.23,17.1,16.0
2026-04-12 20:24:08,BC_2,13.9,6.72,15.8,9.05,17.2,16.1
2026-04-12 20:24:09,BC_2,13.9,6.76,15.8,9.07,17.2,16.1
2026-04-12 20:24:09,BC_2,14.0,6.77,15.8,9.15,17.0,16.0
2026-04-12 20:24:09,BC_2,13.8,6.82,15.8,9.51,16.9,15.9
2026-04-12 20:24:10,BC_2,13.8,6.8,15.8,9.26,17.1,16.0
2026-04-12 20:24:10,BC_2,13.9,6.8,15.8,9.35,17.1,15.9
2026-04-12 20:24:10,BC_2,13.8,6.75,15.8,9.45,17.2,16.0
2026-04-12 20:24:11,BC_2,13.8,6.74,15.8,9.34,17.3,16.1
2026-04-12 20:24:11,BC_2,14.0,6.77,15.9,9.24,17.2,16.0
2026-04-12 20:24:12,BC_2,14.0,6.72,15.8,9.16,17.1,16.1
2026-04-12 20:24:12,BC_2,13.9,6.75,15.9,9.51,17.2,16.0
2026-04-12 20:24:12,BC_2,13.7,6.81,15.8,9.39,16.9,16.0
2026-04-12 20:24:13,BC_2,13.6,6.88,15.9,9.29,16.9,16.1
2026-04-12 20:24:13,BC_2,13.8,6.87,15.9,9.52,16.8,15.9
2026-04-12 20:24:13,BC_2,13.6,6.91,15.9,9.78,16.9,16.0
2026-04-12 20:24:14,BC_2,13.5,6.93,15.8,9.84,16.8,16.0
2026-04-12 20:24:14,BC_2,13.5,6.85,15.9,9.49,16.9,16.0
2026-04-12 20:24:14,BC_2,13.6,6.89,15.9,9.4,16.9,16.1
2026-04-12 20:24:15,BC_2,13.7,6.92,15.9,9.68,16.9,16.0
2026-04-12 20:24:15,BC_2,13.5,6.89,15.9,9.36,17.0,16.1
2026-04-12 20:24:15,BC_2,13.6,6.86,15.9,9.23,16.7,16.1
2026-04-12 20:24:16,BC_2,13.7,6.84,15.9,9.18,17.0,16.1
2026-04-12 20:24:16,BC_2,13.7,6.85,15.9,9.26,16.9,16.1
2026-04-12 20:24:17,BC_2,13.7,6.83,15.9,9.2,16.9,16.1
2026-04-12 20:24:17,BC_2,13.7,6.85,16.0,9.12,16.7,16.1
2026-04-12 20:24:17,BC_2,13.7,6.89,15.9,9.45,16.7,16.0
2026-04-12 20:24:18,BC_2,13.6,6.93,15.9,9.65,16.9,16.0
2026-04-12 20:24:18,BC_2,13.6,6.94,15.9,9.69,16.8,16.0
2026-04-12 20:24:18,BC_2,13.5,6.97,15.9,9.83,17.0,16.0
2026-04-12 20:24:19,BC_2,13.6,6.98,15.9,9.49,16.8,16.0
2026-04-12 20:24:19,BC_2,13.6,6.94,15.9,9.5,16.8,16.0
2026-04-12 20:24:19,BC_2,13.5,6.96,15.9,9.86,16.9,16.0
2026-04-12 20:24:20,BC_2,13.5,6.87,15.9,9.6,16.8,16.0
2026-04-12 20:24:20,BC_2,13.6,6.94,15.9,9.72,16.9,16.0
2026-04-12 20:24:20,BC_2,13.6,6.94,15.9,9.93,16.9,15.9
2026-04-12 20:24:21,BC_2,13.5,6.97,15.8,9.67,16.7,15.9
2026-04-12 20:24:21,BC_2,13.6,6.9,15.9,9.58,16.8,16.0
2026-04-12 20:24:22,BC_2,13.6,6.84,15.9,9.42,16.9,16.1
2026-04-12 20:24:22,BC_2,13.7,6.94,15.9,9.67,16.8,16.0
2026-04-12 20:24:22,BC_2,13.6,6.93,15.9,9.94,16.9,15.9
2026-04-12 20:24:23,BC_2,13.5,6.84,15.9,9.61,16.8,16.0
2026-04-12 20:24:23,BC_2,13.6,6.94,15.9,9.7,16.6,16.0
2026-04-12 20:24:23,BC_2,13.5,6.84,15.9,9.49,16.9,16.0
2026-04-12 20:24:24,BC_2,13.6,6.91,15.9,9.72,16.6,16.0
2026-04-12 20:24:24,BC_2,13.5,6.83,15.9,9.36,16.8,16.0
2026-04-12 20:24:24,BC_2,13.6,6.94,15.9,9.74,16.8,16.0
2026-04-12 20:24:25,BC_2,13.5,6.98,15.8,9.72,17.0,15.9
2026-04-12 20:24:25,BC_2,13.5,6.78,15.9,9.65,16.7,16.0
2026-04-12 20:24:25,BC_2,13.6,6.91,15.9,9.66,16.9,16.0
2026-04-12 20:24:26,BC_2,13.5,7.0,15.9,9.89,16.6,15.9
2026-04-12 20:24:26,BC_2,13.5,6.98,15.8,9.8,17.0,15.9
2026-04-12 20:24:27,BC_2,13.5,6.87,15.9,9.5,16.5,16.0
2026-04-12 20:24:27,BC_2,13.5,6.91,15.9,9.48,16.8,16.0
2026-04-12 20:24:27,BC_2,13.6,6.95,15.9,9.79,16.8,15.9
2026-04-12 20:24:28,BC_2,13.5,6.97,15.9,9.75,16.9,16.0
2026-04-12 20:24:28,BC_2,13.6,6.95,15.9,9.53,16.9,16.0
2026-04-12 20:24:28,BC_2,13.6,6.9,15.8,9.4,16.7,16.1
2026-04-12 20:24:29,BC_2,13.7,6.88,15.9,9.21,16.9,16.1
2026-04-12 20:24:29,BC_2,13.7,6.92,15.8,9.54,16.7,16.0
2026-04-12 20:24:29,BC_2,13.6,6.94,15.9,9.58,16.9,15.9
2026-04-12 20:24:30,BC_2,13.5,6.85,15.8,9.52,16.8,16.0
2026-04-12 20:24:30,BC_2,13.6,6.92,15.9,9.57,16.9,16.0
2026-04-12 20:24:30,BC_2,13.5,6.78,15.9,9.47,16.9,16.0
2026-04-12 20:24:31,BC_2,13.6,6.91,15.9,9.34,16.8,16.1
2026-04-12 20:24:31,BC_2,13.7,6.91,15.9,9.68,16.7,16.0
2026-04-12 20:24:32,BC_2,13.6,6.81,15.9,9.21,16.9,16.1
2026-04-12 20:24:32,BC_2,13.6,6.86,15.9,9.46,16.8,16.0
2026-04-12 20:24:32,BC_2,13.6,6.88,15.9,9.37,16.6,16.0
2026-04-12 20:24:33,BC_2,13.6,6.9,15.9,9.38,16.9,16.1
2026-04-12 20:24:33,BC_2,13.7,6.95,15.9,9.52,16.6,16.0
2026-04-12 20:24:33,BC_2,13.6,6.97,15.9,9.72,16.8,16.0
2026-04-12 20:24:34,BC_2,13.5,6.91,15.9,9.48,16.6,16.0
2026-04-12 20:24:34,BC_2,13.6,6.92,15.9,9.43,16.6,16.0
2026-04-12 20:24:34,BC_2,13.5,6.96,15.9,9.75,16.9,15.9
2026-04-12 20:24:35,BC_2,13.5,6.98,15.9,9.9,16.8,15.9
2026-04-12 20:24:35,BC_2,13.5,7.0,15.9,9.92,16.8,15.9
2026-04-12 20:24:35,BC_2,13.5,6.9,15.9,9.57,16.8,16.0
2026-04-12 20:24:36,BC_2,13.6,6.97,15.9,9.79,16.8,16.0
2026-04-12 20:24:36,BC_2,13.5,7.0,15.9,10.04,16.8,15.9
2026-04-12 20:24:37,BC_2,13.5,7.0,15.8,9.94,16.6,15.9
2026-04-12 20:24:37,BC_2,13.5,7.01,15.9,10.03,16.8,15.9
2026-04-12 20:24:37,BC_2,13.5,6.97,15.9,9.71,16.8,16.0
2026-04-12 20:24:38,BC_2,13.6,6.88,15.9,9.42,16.7,16.0
2026-04-12 20:24:38,BC_2,13.6,6.91,15.9,9.32,16.7,16.0
2026-04-12 20:24:38,BC_2,13.6,6.86,15.9,9.23,16.8,16.1
2026-04-12 20:24:39,BC_2,13.6,6.86,15.9,9.24,16.9,16.1
2026-04-12 20:24:39,BC_2,13.7,6.9,15.9,9.19,16.8,16.1
2026-04-12 20:24:39,BC_2,13.7,6.89,15.9,9.11,16.8,16.1
2026-04-12 20:24:40,BC_2,13.7,6.91,15.9,9.47,16.8,16.0
2026-04-12 20:24:40,BC_2,13.6,6.92,15.9,9.39,16.8,16.0
2026-04-12 20:24:41,BC_2,13.5,6.86,15.9,9.45,16.7,16.1
2026-04-12 20:24:41,BC_2,13.6,6.91,15.9,9.59,16.9,16.0
2026-04-12 20:24:41,BC_2,13.5,6.79,15.9,9.45,16.8,16.1
2026-04-12 20:24:42,BC_2,13.6,6.92,15.9,9.68,16.9,16.0
2026-04-12 20:24:42,BC_2,13.5,6.97,15.9,9.78,16.7,16.0
2026-04-12 20:24:42,BC_2,13.5,6.94,15.9,9.47,16.5,16.0
2026-04-12 20:24:43,BC_2,13.6,6.83,15.9,9.4,16.8,16.1
2026-04-12 20:24:43,BC_2,13.6,6.93,15.9,9.6,16.8,16.0
2026-04-12 20:24:43,BC_2,13.5,6.86,15.9,9.4,16.7,16.0
2026-04-12 20:24:44,BC_2,13.6,6.82,15.9,9.3,16.6,16.1
2026-04-12 20:24:44,BC_2,13.7,6.92,15.9,9.51,16.7,16.0
2026-04-12 20:24:44,BC_2,13.5,6.96,15.9,9.71,16.7,15.9
2026-04-12 20:24:45,BC_2,13.5,6.88,15.9,9.5,16.7,16.0
2026-04-12 20:24:45,BC_2,13.6,6.94,15.9,9.71,16.8,16.0
2026-04-12 20:24:46,BC_2,13.5,6.79,15.9,9.55,16.8,16.0
2026-04-12 20:24:46,BC_2,13.6,6.88,15.9,9.38,16.7,16.1
2026-04-12 20:24:46,BC_2,13.7,6.85,15.9,9.2,16.9,16.1
2026-04-12 20:24:47,BC_2,13.7,6.87,15.9,9.31,16.8,16.1
2026-04-12 20:24:47,BC_2,13.7,6.9,15.9,9.15,16.7,16.1
2026-04-12 20:24:47,BC_2,13.7,6.77,15.9,8.99,16.7,16.1
2026-04-12 20:24:48,BC_2,13.7,6.89,15.9,9.45,16.7,16.0
2026-04-12 20:24:48,BC_2,13.6,6.76,15.9,9.24,16.9,16.1
2026-04-12 20:24:48,BC_2,13.7,6.85,15.9,9.19,16.7,16.1
2026-04-12 20:24:49,BC_2,13.7,6.9,15.9,9.32,16.6,16.0
2026-04-12 20:24:49,BC_2,13.6,6.87,15.9,9.28,16.8,16.1
2026-04-12 20:24:50,BC_2,13.7,6.93,15.9,9.42,16.7,16.0
2026-04-12 20:24:50,BC_2,13.6,6.93,15.9,9.64,16.9,16.0
2026-04-12 20:24:50,BC_2,13.5,6.85,15.9,9.4,16.9,16.0
2026-04-12 20:24:51,BC_2,13.6,6.88,15.9,9.28,16.7,16.1
2026-04-12 20:24:51,BC_2,13.7,6.95,15.9,9.57,16.6,16.0
2026-04-12 20:24:51,BC_2,13.5,6.98,15.9,9.78,16.8,16.0
2026-04-12 20:24:52,BC_2,13.5,6.92,15.9,9.52,16.6,16.0
2026-04-12 20:24:52,BC_2,13.6,6.85,15.9,9.29,16.8,16.1
2026-04-12 20:24:52,BC_2,13.7,6.87,15.9,9.28,16.8,16.1
2026-04-12 20:24:53,BC_2,13.7,6.91,15.9,9.48,16.8,16.0
2026-04-12 20:24:53,BC_2,13.6,6.95,15.9,9.6,16.7,16.0
2026-04-12 20:24:53,BC_2,13.5,6.98,15.9,9.69,16.9,16.0
2026-04-12 20:24:54,BC_2,13.5,6.98,15.9,9.87,16.6,15.9
2026-04-12 20:24:54,BC_2,13.5,7.01,15.9,9.67,16.9,15.9
2026-04-12 20:24:55,BC_2,13.5,6.92,15.9,9.71,16.9,16.1
2026-04-12 20:24:55,BC_2,13.6,6.95,15.9,9.81,16.8,15.9
2026-04-12 20:24:55,BC_2,13.5,7.01,15.9,9.94,16.7,15.9
2026-04-12 20:24:56,BC_2,13.5,6.99,15.9,10.0,16.7,15.9
2026-04-12 20:24:56,BC_2,13.5,6.92,15.9,9.72,16.8,16.0
2026-04-12 20:24:56,BC_2,13.6,6.94,15.9,9.59,16.6,16.0
2026-04-12 20:24:57,BC_2,13.6,6.93,15.9,9.64,16.8,16.0
2026-04-12 20:24:57,BC_2,13.5,6.95,15.9,9.53,16.7,16.0
2026-04-12 20:24:57,BC_2,13.6,6.84,15.9,9.28,16.7,16.1
2026-04-12 20:24:58,BC_2,13.7,6.94,15.9,9.46,16.9,15.9
2026-04-12 20:24:58,BC_2,13.6,6.96,15.9,9.69,16.7,15.9
2026-04-12 20:24:58,BC_2,13.6,6.83,15.9,9.42,16.9,16.0
2026-04-12 20:24:59,BC_2,13.7,6.91,15.8,9.29,17.0,16.0
2026-04-12 20:24:59,BC_2,13.7,6.94,15.9,9.64,16.9,16.0
2026-04-12 20:25:00,BC_2,13.7,6.73,15.8,9.25,16.7,15.9
2026-04-12 20:25:00,BC_2,13.7,6.83,15.8,9.12,16.7,16.0
2026-04-12 20:25:00,BC_2,13.8,6.84,15.8,9.17,16.9,15.9
2026-04-12 20:25:01,BC_2,13.7,6.87,15.8,9.52,16.8,15.9
2026-04-12 20:25:01,BC_2,13.6,6.92,15.8,9.67,17.0,15.9
2026-04-12 20:25:01,BC_2,13.6,6.95,15.8,9.37,16.8,15.9
2026-04-12 20:25:02,BC_2,13.7,6.87,15.8,9.63,16.9,15.9
2026-04-12 20:25:02,BC_2,13.6,6.9,15.8,9.77,16.9,15.9
2026-04-12 20:25:02,BC_2,13.6,6.94,15.8,9.83,17.0,15.8
2026-04-12 20:25:03,BC_2,13.6,6.96,15.8,9.75,16.9,15.8
2026-04-12 20:25:03,BC_2,13.6,6.98,15.7,9.96,16.7,15.8
2026-04-12 20:25:03,BC_2,13.6,6.99,15.8,9.93,17.0,15.8
2026-04-12 20:25:04,BC_2,13.6,6.86,15.8,9.65,16.7,15.9
2026-04-12 20:25:04,BC_2,13.7,6.95,15.8,9.73,16.8,15.8
2026-04-12 20:25:05,BC_2,13.6,6.77,15.8,9.58,16.9,15.9
2026-04-12 20:25:05,BC_2,13.7,6.81,15.8,9.1,16.8,15.9
2026-04-12 20:25:05,BC_2,13.7,6.85,15.8,9.31,16.8,16.0
2026-04-12 20:25:44,BC_3,15.2,6.02,15.4,8.86,19.3,15.8
2026-04-12 20:25:44,BC_3,15.0,6.0,15.4,8.86,19.0,15.8
2026-04-12 20:25:44,BC_3,15.0,6.14,15.4,9.03,18.9,15.7
2026-04-12 20:25:45,BC_3,14.8,5.95,15.4,8.94,18.9,15.8
2026-04-12 20:25:45,BC_3,14.9,6.08,15.4,8.93,19.0,15.8
2026-04-12 20:25:45,BC_3,14.9,6.13,15.4,8.86,18.9,15.7
2026-04-12 20:25:46,BC_3,14.8,6.16,15.4,9.26,18.7,15.6
2026-04-12 20:25:46,BC_3,14.8,6.01,15.4,9.01,18.6,15.7
2026-04-12 20:25:46,BC_3,14.9,6.06,15.4,8.88,18.5,15.7
2026-04-12 20:25:47,BC_3,14.8,6.2,15.3,9.15,18.7,15.6
2026-04-12 20:25:47,BC_3,14.7,6.19,15.3,9.29,18.6,15.6
2026-04-12 20:25:47,BC_3,14.7,6.11,15.3,8.99,18.7,15.7
2026-04-12 20:25:48,BC_3,14.8,6.15,15.4,8.88,18.3,15.7
2026-04-12 20:25:48,BC_3,14.9,6.18,15.3,9.11,18.5,15.6
2026-04-12 20:25:49,BC_3,14.7,6.25,15.3,9.33,18.6,15.6
2026-04-12 20:25:49,BC_3,14.7,6.19,15.3,9.0,18.4,15.5
2026-04-12 20:25:49,BC_3,14.7,6.16,15.3,9.32,18.4,15.5
2026-04-12 20:25:50,BC_3,14.7,6.07,15.3,9.16,18.6,15.7
2026-04-12 20:25:50,BC_3,14.8,6.23,15.3,9.26,18.5,15.5
2026-04-12 20:25:50,BC_3,14.7,5.96,15.3,8.96,18.5,15.6
2026-04-12 20:25:51,BC_3,14.8,6.2,15.4,8.92,18.5,15.7
2026-04-12 20:25:51,BC_3,14.9,6.23,15.3,9.15,18.4,15.6
2026-04-12 20:25:51,BC_3,14.7,6.26,15.3,9.26,18.4,15.5
2026-04-12 20:25:52,BC_3,14.7,6.29,15.3,9.32,18.5,15.5
2026-04-12 20:25:52,BC_3,14.7,6.36,15.3,9.55,18.5,15.5
2026-04-12 20:25:52,BC_3,14.6,5.66,15.3,9.34,18.5,15.6
2026-04-12 20:25:53,BC_3,14.7,6.29,15.3,9.22,18.5,15.5
2026-04-12 20:25:53,BC_3,14.7,5.95,15.3,9.24,18.4,15.6
2026-04-12 20:25:54,BC_3,14.8,6.17,15.3,9.33,18.4,15.5
2026-04-12 20:25:54,BC_3,14.7,6.29,15.3,9.02,18.4,15.6
2026-04-12 20:25:54,BC_3,14.8,6.14,15.3,8.72,18.4,15.7
2026-04-12 20:25:55,BC_3,14.8,6.19,15.3,8.66,18.2,15.6
2026-04-12 20:25:55,BC_3,14.8,6.08,15.3,8.72,18.3,15.6
2026-04-12 20:25:55,BC_3,14.8,6.09,15.4,8.65,18.3,15.7
2026-04-12 20:25:56,BC_3,14.8,6.17,15.4,8.75,18.3,15.7
2026-04-12 20:25:56,BC_3,14.9,6.19,15.3,8.85,18.4,15.6
2026-04-12 20:25:56,BC_3,14.7,6.26,15.3,9.17,18.3,15.5
2026-04-12 20:25:57,BC_3,14.7,6.34,15.3,9.34,18.5,15.5
2026-04-12 20:25:57,BC_3,14.7,6.34,15.3,9.37,18.4,15.4
2026-04-12 20:25:58,BC_3,14.6,6.11,15.3,8.98,18.3,15.6
2026-04-12 20:25:58,BC_3,14.8,6.36,15.3,9.26,18.5,15.5
2026-04-12 20:25:58,BC_3,14.7,6.31,15.3,9.31,18.4,15.5
2026-04-12 20:25:59,BC_3,14.6,6.45,15.4,9.56,18.4,15.5
2026-04-12 20:25:59,BC_3,14.6,6.12,15.3,9.21,18.2,15.6
2026-04-12 20:25:59,BC_3,14.7,6.19,15.3,8.89,18.4,15.6
2026-04-12 20:26:00,BC_3,14.8,6.3,15.3,9.12,18.2,15.5
2026-04-12 20:26:00,BC_3,14.6,6.24,15.3,8.96,18.2,15.6
2026-04-12 20:26:00,BC_3,14.8,6.21,15.3,8.69,18.0,15.5
2026-04-12 20:26:01,BC_3,14.7,6.17,15.3,8.72,18.3,15.6
2026-04-12 20:26:01,BC_3,14.8,6.29,15.3,9.05,18.3,15.5
2026-04-12 20:26:01,BC_3,14.7,6.32,15.3,9.23,18.4,15.5
2026-04-12 20:26:02,BC_3,14.7,6.4,15.3,9.48,18.1,15.4
2026-04-12 20:26:02,BC_3,14.6,6.42,15.3,9.42,18.3,15.4
2026-04-12 20:26:03,BC_3,14.6,6.41,15.3,9.65,18.1,15.4
2026-04-12 20:26:03,BC_3,14.6,6.17,15.3,8.93,18.3,15.5
2026-04-12 20:26:03,BC_3,14.7,6.34,15.3,9.39,18.1,15.4
2026-04-12 20:26:04,BC_3,14.6,6.17,15.3,9.09,18.4,15.5
2026-04-12 20:26:04,BC_3,14.7,6.35,15.3,9.31,18.3,15.5
2026-04-12 20:26:04,BC_3,14.6,6.32,15.3,9.36,18.1,15.4
2026-04-12 20:26:05,BC_3,14.6,6.39,15.3,9.48,18.2,15.4
2026-04-12 20:26:05,BC_3,14.6,6.42,15.3,9.01,18.2,15.5
2026-04-12 20:26:05,BC_3,14.7,6.4,15.3,9.05,18.4,15.5
2026-04-12 20:26:06,BC_3,14.7,6.35,15.3,9.1,18.2,15.5
2026-04-12 20:26:06,BC_3,14.7,6.25,15.3,8.74,18.2,15.5
2026-04-12 20:26:06,BC_3,14.8,6.22,15.3,8.79,18.3,15.6
2026-04-12 20:26:07,BC_3,14.8,6.25,15.3,9.09,17.9,15.5
2026-04-12 20:26:07,BC_3,14.7,6.12,15.3,8.87,18.2,15.6
2026-04-12 20:26:08,BC_3,14.7,6.19,15.3,8.75,18.3,15.6
2026-04-12 20:26:08,BC_3,14.8,6.11,15.3,8.63,18.2,15.6
2026-04-12 20:26:08,BC_3,14.8,6.26,15.3,8.64,18.0,15.6
2026-04-12 20:26:09,BC_3,14.8,6.01,15.3,8.53,18.2,15.7
2026-04-12 20:26:09,BC_3,14.8,6.16,15.3,8.82,18.3,15.5
2026-04-12 20:26:09,BC_3,14.7,6.27,15.3,8.9,18.2,15.5
2026-04-12 20:26:10,BC_3,14.7,6.38,15.3,9.23,18.2,15.4
2026-04-12 20:26:10,BC_3,14.6,6.3,15.3,9.23,18.3,15.4
2026-04-12 20:26:10,BC_3,14.6,6.14,15.2,9.02,17.8,14.9
2026-04-12 20:26:11,BC_3,14.5,6.47,14.7,9.2,18.4,15.7
2026-04-12 20:26:11,BC_3,14.6,6.12,15.3,9.11,18.1,15.4
2026-04-12 20:26:12,BC_3,14.9,6.26,15.3,8.68,18.2,15.6
2026-04-12 20:26:12,BC_3,14.8,6.06,15.4,8.73,18.3,15.6
2026-04-12 20:26:12,BC_3,14.8,6.2,15.2,8.91,18.2,15.4
2026-04-12 20:26:13,BC_3,14.8,5.91,15.5,8.92,18.2,15.6
2026-04-12 20:26:13,BC_3,14.7,6.25,15.2,8.69,18.3,15.5
2026-04-12 20:26:13,BC_3,14.8,6.35,15.3,8.94,18.3,15.6
2026-04-12 20:26:14,BC_3,14.6,6.35,15.3,9.15,18.1,15.2
2026-04-12 20:26:14,BC_3,14.7,6.39,15.3,9.2,18.2,15.6
2026-04-12 20:26:14,BC_3,14.6,6.35,15.2,9.35,17.7,15.4
2026-04-12 20:26:15,BC_3,14.6,6.24,15.1,8.82,18.4,15.6
2026-04-12 20:26:15,BC_3,14.8,6.3,15.4,8.98,18.1,15.5
2026-04-12 20:26:15,BC_3,14.7,6.29,15.2,9.03,18.1,15.5
2026-04-12 20:26:16,BC_3,14.8,6.42,15.3,9.26,18.1,15.5
2026-04-12 20:26:16,BC_3,14.6,6.24,15.2,8.77,18.2,15.5
2026-04-12 20:26:17,BC_3,14.7,6.35,15.4,9.18,18.4,15.5
2026-04-12 20:26:17,BC_3,14.7,6.38,15.2,9.2,18.0,15.3
2026-04-12 20:26:17,BC_3,14.6,6.38,15.3,9.2,18.1,15.4
2026-04-12 20:26:18,BC_3,14.7,6.25,15.3,9.24,18.1,15.5
2026-04-12 20:26:18,BC_3,14.6,6.33,15.2,9.15,18.2,15.4
2026-04-12 20:26:18,BC_3,14.6,6.43,15.3,9.41,18.1,15.4
2026-04-12 20:26:19,BC_3,14.6,6.45,15.3,9.48,18.2,15.3
2026-04-12 20:26:19,BC_3,14.6,6.21,15.2,9.08,18.2,15.5
2026-04-12 20:26:19,BC_3,14.8,6.35,15.3,8.88,17.7,15.5
2026-04-12 20:26:20,BC_3,14.7,6.28,15.2,9.13,18.0,15.4
2026-04-12 20:26:20,BC_3,14.7,6.42,15.3,9.32,18.3,15.4
2026-04-12 20:26:20,BC_3,14.5,6.17,15.2,8.91,18.1,15.4
2026-04-12 20:26:21,BC_3,14.7,6.34,15.3,8.99,18.2,15.4
2026-04-12 20:26:21,BC_3,14.6,6.36,15.2,9.38,17.8,15.3
2026-04-12 20:26:22,BC_3,14.6,6.09,15.2,8.88,18.3,15.5
2026-04-12 20:26:22,BC_3,14.8,6.21,15.3,8.83,18.1,15.5
2026-04-12 20:26:22,BC_3,14.7,6.28,15.2,9.16,18.2,15.4
2026-04-12 20:26:23,BC_3,14.7,6.19,15.3,8.98,18.2,15.4
2026-04-12 20:26:23,BC_3,14.7,6.19,15.2,8.54,18.0,15.4
2026-04-12 20:26:23,BC_3,14.7,6.22,15.3,8.78,18.1,15.5
2026-04-12 20:26:24,BC_3,14.7,6.02,15.3,8.7,17.9,15.5
2026-04-12 20:26:24,BC_3,14.8,6.29,15.3,8.83,18.2,15.4
2026-04-12 20:26:24,BC_3,14.7,6.35,15.2,9.15,18.1,15.4
2026-04-12 20:26:25,BC_3,14.6,6.42,15.2,9.26,18.2,15.4
2026-04-12 20:26:25,BC_3,14.6,6.39,15.3,9.06,18.0,15.5
2026-04-12 20:26:25,BC_3,14.7,6.32,15.2,9.0,18.2,15.4
2026-04-12 20:26:26,BC_3,14.6,6.43,15.2,9.31,18.0,15.4
2026-04-12 20:26:26,BC_3,14.6,6.44,15.3,9.49,18.3,15.4
2026-04-12 20:26:27,BC_3,14.6,6.17,15.2,9.15,18.1,15.5
2026-04-12 20:26:27,BC_3,14.7,6.35,15.3,9.12,18.2,15.4
2026-04-12 20:26:27,BC_3,14.6,6.4,15.2,8.9,18.3,15.5
2026-04-12 20:26:28,BC_3,14.7,6.33,15.3,8.86,18.1,15.5
2026-04-12 20:26:28,BC_3,14.7,6.26,15.3,8.72,18.1,15.5
2026-04-12 20:26:28,BC_3,14.8,6.34,15.2,8.81,17.9,15.4
2026-04-12 20:26:29,BC_3,14.7,6.23,15.2,8.5,17.9,15.4
2026-04-12 20:26:29,BC_3,14.7,6.26,15.2,9.09,18.3,15.4
2026-04-12 20:26:29,BC_3,14.6,6.37,15.2,9.12,18.2,15.4
2026-04-12 20:26:30,BC_3,14.6,6.49,15.2,9.39,17.9,15.3
2026-04-12 20:26:30,BC_3,14.6,6.17,15.3,8.96,18.2,15.5
2026-04-12 20:26:31,BC_3,14.7,5.85,15.2,8.93,18.0,15.5
2026-04-12 20:26:31,BC_3,14.7,6.31,15.2,9.16,18.2,15.4
2026-04-12 20:26:31,BC_3,14.6,6.4,15.2,9.28,18.2,15.4
2026-04-12 20:26:32,BC_3,14.6,6.44,15.2,9.26,18.1,15.4
2026-04-12 20:26:32,BC_3,14.6,6.16,15.2,9.07,18.2,15.5
2026-04-12 20:26:32,BC_3,14.7,6.35,15.2,9.18,18.2,15.4
2026-04-12 20:26:33,BC_3,14.6,6.4,15.2,9.29,18.1,15.4
2026-04-12 20:26:33,BC_3,14.6,6.16,15.2,8.82,18.2,15.5
2026-04-12 20:26:33,BC_3,14.7,6.37,15.2,9.27,18.2,15.4
2026-04-12 20:26:34,BC_3,14.6,5.95,15.2,8.95,18.1,15.5
2026-04-12 20:26:34,BC_3,14.7,6.21,15.2,8.68,18.2,15.5
2026-04-12 20:26:34,BC_3,14.8,6.21,15.2,8.53,18.0,15.5
2026-04-12 20:26:35,BC_3,14.8,6.26,15.3,8.86,18.0,15.4
2026-04-12 20:26:35,BC_3,14.7,6.35,15.2,8.76,18.1,15.5
2026-04-12 20:26:36,BC_3,14.8,5.91,15.3,8.68,17.9,15.5
2026-04-12 20:26:36,BC_3,14.8,6.36,15.2,8.93,18.2,15.4
2026-04-12 20:26:36,BC_3,14.6,6.18,15.3,8.73,18.1,15.5
2026-04-12 20:26:37,BC_3,14.7,6.32,15.2,9.03,18.3,15.4
2026-04-12 20:26:37,BC_3,14.6,6.05,15.3,8.77,18.0,15.5
2026-04-12 20:26:37,BC_3,14.8,6.34,15.2,8.72,18.1,15.5
2026-04-12 20:26:38,BC_3,14.8,6.27,15.3,8.57,18.3,15.6
2026-04-12 20:26:38,BC_3,14.8,6.24,15.3,8.7,18.1,15.4
2026-04-12 20:26:38,BC_3,14.7,6.09,15.2,8.78,18.2,15.5
2026-04-12 20:26:39,BC_3,14.8,6.01,15.3,8.59,18.1,15.6
2026-04-12 20:26:39,BC_3,14.8,6.24,15.3,8.45,18.2,15.6
2026-04-12 20:26:39,BC_3,14.8,6.28,15.2,8.88,17.7,15.4
2026-04-12 20:26:40,BC_3,14.7,6.34,15.2,9.03,18.3,15.4
2026-04-12 20:26:40,BC_3,14.6,6.3,15.2,8.7,18.2,15.5
2026-04-12 20:26:41,BC_3,14.8,6.32,15.2,8.69,18.0,15.4
2026-04-12 20:26:41,BC_3,14.6,6.33,15.2,9.27,18.0,15.4
2026-04-12 20:26:41,BC_3,14.6,6.19,15.2,9.02,18.2,15.4
2026-04-12 20:26:42,BC_3,14.7,6.34,15.2,9.15,18.1,15.4
2026-04-12 20:26:42,BC_3,14.7,6.13,15.3,8.85,18.2,15.5
2026-04-12 20:26:42,BC_3,14.7,6.32,15.2,8.98,18.0,15.4
2026-04-12 20:26:43,BC_3,14.6,6.43,15.2,9.2,18.2,15.4
2026-04-12 20:26:43,BC_3,14.6,6.43,15.2,9.4,18.1,15.3
2026-04-12 20:26:43,BC_3,14.6,6.25,15.3,8.94,18.1,15.5
2026-04-12 20:26:44,BC_3,14.7,6.37,15.2,9.23,18.2,15.4
2026-04-12 20:26:44,BC_3,14.6,6.44,15.2,9.38,18.2,15.4
2026-04-12 20:26:44,BC_3,14.6,6.48,15.2,9.49,18.2,15.3
2026-04-12 20:26:45,BC_3,14.6,6.49,15.2,9.53,18.1,15.3
2026-04-12 20:26:45,BC_3,14.6,6.49,15.2,9.6,18.1,15.3
2026-04-12 20:26:46,BC_3,14.6,6.37,15.2,9.11,18.1,15.4
2026-04-12 20:26:46,BC_3,14.6,6.45,15.2,9.44,18.4,15.3
2026-04-12 20:26:46,BC_3,14.6,6.19,15.2,9.07,18.2,15.5
2026-04-12 20:26:47,BC_3,14.7,6.39,15.2,9.1,17.9,15.4
2026-04-12 20:26:47,BC_3,14.6,6.31,15.2,9.11,18.2,15.5
2026-04-12 20:26:47,BC_3,14.7,6.13,15.3,8.77,18.1,15.5
2026-04-12 20:26:48,BC_3,14.7,6.26,15.2,8.65,18.1,15.5
2026-04-12 20:26:48,BC_3,14.8,6.28,15.3,8.65,17.8,15.5
2026-04-12 20:26:48,BC_3,14.8,6.33,15.2,8.93,18.2,15.4
2026-04-12 20:26:49,BC_3,14.7,6.41,15.2,9.25,18.2,15.4
2026-04-12 20:26:49,BC_3,14.6,6.38,15.2,9.37,18.0,15.4
2026-04-12 20:26:49,BC_3,14.6,6.48,15.2,9.42,18.2,15.4
2026-04-12 20:26:50,BC_3,14.6,6.24,15.2,9.06,18.3,15.5
2026-04-12 20:26:50,BC_3,14.7,6.33,15.2,9.0,18.1,15.4
2026-04-12 20:26:51,BC_3,14.6,6.34,15.3,8.8,18.1,15.5
2026-04-12 20:26:51,BC_3,14.7,6.27,15.2,9.1,18.0,15.4
2026-04-12 20:26:51,BC_3,14.6,6.1,15.2,8.94,18.1,15.4
2026-04-12 20:26:52,BC_3,14.7,6.14,15.2,8.57,18.2,15.5
2026-04-12 20:26:52,BC_3,14.7,6.33,15.3,8.67,18.1,15.5
2026-04-12 20:26:52,BC_3,14.8,6.27,15.2,9.01,18.1,15.4
2026-04-12 20:26:53,BC_3,14.6,6.13,15.2,8.85,18.1,15.4
2026-04-12 20:26:53,BC_3,14.7,6.36,15.2,9.3,18.2,15.4
2026-04-12 20:26:53,BC_3,14.6,6.43,15.2,9.43,18.0,15.4
2026-04-12 20:26:54,BC_3,14.6,6.42,15.2,9.09,18.3,15.5
2026-04-12 20:26:54,BC_3,14.7,6.36,15.2,8.46,18.1,15.5
2026-04-12 20:26:54,BC_3,14.8,6.34,15.3,9.06,18.2,15.4
2026-04-12 20:26:55,BC_3,14.6,6.03,15.2,8.87,18.1,15.5
2026-04-12 20:27:16,BC_4,14.5,6.33,15.3,9.03,18.4,15.6
2026-04-12 20:27:16,BC_4,14.3,6.37,15.2,9.01,18.2,15.6
2026-04-12 20:27:16,BC_4,14.4,6.19,15.3,9.02,18.2,15.6
2026-04-12 20:27:17,BC_4,14.4,6.4,15.2,9.0,18.0,15.4
2026-04-12 20:27:17,BC_4,14.2,6.21,15.3,8.99,17.9,15.6
2026-04-12 20:27:18,BC_4,14.3,6.39,15.2,9.28,17.9,15.4
2026-04-12 20:27:18,BC_4,14.2,6.25,15.2,9.06,17.9,15.5
2026-04-12 20:27:18,BC_4,14.3,6.33,15.3,8.86,17.9,15.5
2026-04-12 20:27:19,BC_4,14.3,6.42,15.2,9.11,18.0,15.4
2026-04-12 20:27:19,BC_4,14.2,6.43,15.2,9.13,18.0,15.4
2026-04-12 20:27:19,BC_4,14.1,6.51,15.2,9.41,17.7,15.3
2026-04-12 20:27:20,BC_4,14.1,6.47,15.2,9.52,17.9,15.3
2026-04-12 20:27:20,BC_4,14.1,6.53,15.2,9.51,17.9,15.3
2026-04-12 20:27:20,BC_4,14.1,6.5,15.2,9.42,17.8,15.3
2026-04-12 20:27:21,BC_4,14.1,6.53,15.2,9.53,17.6,15.3
2026-04-12 20:27:21,BC_4,14.1,6.51,15.2,9.5,17.9,15.3
2026-04-12 20:27:21,BC_4,14.1,6.42,15.2,9.18,17.8,15.4
2026-04-12 20:27:22,BC_4,14.2,6.38,15.2,9.01,17.8,15.4
2026-04-12 20:27:22,BC_4,14.2,6.41,15.2,9.28,17.7,15.4
2026-04-12 20:27:23,BC_4,14.1,6.31,15.2,9.0,17.7,15.4
2026-04-12 20:27:23,BC_4,14.2,6.5,15.2,9.36,17.7,15.3
2026-04-12 20:27:23,BC_4,14.1,6.33,15.2,8.89,17.9,15.4
2026-04-12 20:27:24,BC_4,14.2,6.47,15.2,9.03,17.8,15.5
2026-04-12 20:27:24,BC_4,14.2,6.41,15.2,8.84,17.9,15.5
2026-04-12 20:27:24,BC_4,14.2,6.47,15.2,9.08,17.8,15.4
2026-04-12 20:27:25,BC_4,14.1,6.45,15.2,9.21,17.8,15.3
2026-04-12 20:27:25,BC_4,14.1,6.38,15.2,9.06,17.7,15.4
2026-04-12 20:27:25,BC_4,14.2,6.47,15.2,9.27,17.8,15.3
2026-04-12 20:27:26,BC_4,14.1,6.53,15.2,9.13,17.8,15.3
2026-04-12 20:27:26,BC_4,14.1,6.53,15.1,9.51,17.7,15.3
2026-04-12 20:27:26,BC_4,14.0,6.6,15.1,9.51,17.6,15.3
2026-04-12 20:27:27,BC_4,14.0,6.58,15.1,9.28,17.7,15.3
2026-04-12 20:27:27,BC_4,14.1,6.51,15.1,9.34,17.6,15.3
2026-04-12 20:27:28,BC_4,14.1,6.38,15.2,9.21,17.8,15.4
2026-04-12 20:27:28,BC_4,14.1,6.53,15.2,9.27,17.7,15.3
2026-04-12 20:27:28,BC_4,14.1,6.56,15.1,9.55,17.6,15.3
2026-04-12 20:27:29,BC_4,14.0,6.56,15.1,9.55,17.7,15.3
2026-04-12 20:27:29,BC_4,14.0,6.61,15.1,9.61,17.8,15.3
2026-04-12 20:27:29,BC_4,14.0,6.59,15.2,9.27,17.5,15.3
2026-04-12 20:27:30,BC_4,14.1,6.53,15.2,9.05,17.2,15.3
2026-04-12 20:27:30,BC_4,14.1,6.57,15.2,9.39,17.8,15.3
2026-04-12 20:27:30,BC_4,14.1,6.56,15.1,9.47,17.6,15.3
2026-04-12 20:27:31,BC_4,14.0,6.61,15.1,9.26,17.6,15.3
2026-04-12 20:27:31,BC_4,14.0,6.39,15.1,9.21,17.7,15.4
2026-04-12 20:27:31,BC_4,14.1,6.52,15.1,9.32,17.7,15.3
2026-04-12 20:27:32,BC_4,14.1,6.57,15.1,9.39,17.7,15.3
2026-04-12 20:27:32,BC_4,14.0,6.63,15.1,9.63,17.7,15.2
2026-04-12 20:27:32,BC_4,14.0,6.55,15.1,9.04,17.6,15.3
2026-04-12 20:27:33,BC_4,14.1,6.36,15.2,8.96,17.6,15.4
2026-04-12 20:27:33,BC_4,14.2,6.48,15.2,8.96,17.5,15.4
2026-04-12 20:27:34,BC_4,14.2,6.45,15.2,8.75,17.6,15.4
2026-04-12 20:27:34,BC_4,14.2,6.32,15.2,8.78,17.7,15.4
2026-04-12 20:27:34,BC_4,14.2,6.47,15.2,9.05,17.7,15.3
2026-04-12 20:27:35,BC_4,14.1,6.55,15.1,9.23,17.6,15.3
2026-04-12 20:27:35,BC_4,14.1,6.5,15.1,9.3,17.7,15.3
2026-04-12 20:27:35,BC_4,14.1,6.48,15.2,9.06,17.5,15.4
2026-04-12 20:27:36,BC_4,14.2,6.47,15.2,8.83,17.4,15.4
2026-04-12 20:27:36,BC_4,14.2,6.36,15.2,8.7,17.7,15.4
2026-04-12 20:27:36,BC_4,14.2,6.43,15.2,8.69,17.6,15.5
2026-04-12 20:27:37,BC_4,14.3,6.47,15.2,8.86,17.8,15.4
2026-04-12 20:27:37,BC_4,14.2,6.46,15.2,8.63,17.4,15.4
2026-04-12 20:27:38,BC_4,14.3,6.44,15.2,8.63,17.5,15.4
2026-04-12 20:27:38,BC_4,14.3,6.33,15.2,8.64,17.6,15.5
2026-04-12 20:27:38,BC_4,14.3,6.43,15.2,8.64,17.4,15.4
2026-04-12 20:27:39,BC_4,14.2,6.29,15.2,8.65,17.7,15.5
2026-04-12 20:27:39,BC_4,14.3,6.39,15.2,8.59,17.6,15.5
2026-04-12 20:27:39,BC_4,14.3,6.37,15.2,8.51,17.5,15.5
2026-04-12 20:27:40,BC_4,14.3,6.43,15.2,8.82,17.6,15.4
2026-04-12 20:27:40,BC_4,14.2,6.26,15.2,8.71,17.6,15.5
2026-04-12 20:27:40,BC_4,14.2,6.45,15.2,8.84,17.7,15.3
2026-04-12 20:27:41,BC_4,14.1,6.54,15.2,9.25,17.5,15.3
2026-04-12 20:27:41,BC_4,14.1,6.55,15.1,9.36,17.7,15.3
2026-04-12 20:27:42,BC_4,14.1,6.56,15.1,9.43,17.6,15.3
2026-04-12 20:27:42,BC_4,14.0,6.62,15.1,9.35,17.7,15.3
2026-04-12 20:27:42,BC_4,14.1,6.39,15.1,9.17,17.3,15.4
2026-04-12 20:27:43,BC_4,14.1,6.48,15.2,8.97,17.5,15.4
2026-04-12 20:27:43,BC_4,14.2,6.49,15.1,9.03,17.4,15.3
2026-04-12 20:27:43,BC_4,14.1,6.47,15.2,8.81,17.6,15.4
2026-04-12 20:27:44,BC_4,14.2,6.53,15.2,9.1,17.4,15.3
2026-04-12 20:27:44,BC_4,14.1,6.42,15.2,8.79,17.4,15.4
2026-04-12 20:27:44,BC_4,14.2,6.54,15.1,9.0,17.6,15.3
2026-04-12 20:27:45,BC_4,14.1,6.59,15.1,9.22,17.6,15.3
2026-04-12 20:27:45,BC_4,14.1,6.47,15.1,9.07,17.5,15.4
2026-04-12 20:27:45,BC_4,14.2,6.54,15.1,9.09,17.5,15.3
2026-04-12 20:27:46,BC_4,14.1,6.57,15.1,9.32,17.4,15.3
2026-04-12 20:27:46,BC_4,14.1,6.59,15.1,9.29,17.5,15.3
2026-04-12 20:27:46,BC_4,14.0,6.59,15.1,9.54,17.6,15.2
2026-04-12 20:27:47,BC_4,14.0,6.42,15.1,9.12,17.6,15.3
2026-04-12 20:27:47,BC_4,14.2,6.52,15.1,9.35,17.4,15.3
2026-04-12 20:27:48,BC_4,14.1,6.39,15.1,9.04,17.7,15.4
2026-04-12 20:27:48,BC_4,14.2,6.47,15.2,8.84,17.5,15.4
2026-04-12 20:27:48,BC_4,14.2,6.47,15.2,8.68,17.2,15.3
2026-04-12 20:27:49,BC_4,14.1,6.42,15.2,8.72,17.6,15.4
2026-04-12 20:27:49,BC_4,14.2,6.48,15.2,9.0,17.5,15.3
2026-04-12 20:27:49,BC_4,14.1,6.38,15.1,8.67,17.4,15.4
2026-04-12 20:27:50,BC_4,14.2,6.43,15.2,8.62,17.5,15.4
2026-04-12 20:27:50,BC_4,14.2,6.35,15.2,8.61,17.6,15.4
2026-04-12 20:27:50,BC_4,14.3,6.42,15.2,8.58,17.5,15.5
2026-04-12 20:27:51,BC_4,14.2,6.49,15.2,8.91,17.4,15.3
2026-04-12 20:27:51,BC_4,14.1,6.52,15.1,9.12,17.6,15.3
2026-04-12 20:27:52,BC_4,14.1,6.55,15.1,9.28,17.6,15.3
2026-04-12 20:27:52,BC_4,14.1,6.32,15.1,8.8,17.6,15.4
2026-04-12 20:27:52,BC_4,14.2,6.53,15.2,8.71,17.5,15.4
2026-04-12 20:27:53,BC_4,14.2,6.52,15.1,9.14,17.5,15.3
2026-04-12 20:27:53,BC_4,14.1,6.39,15.2,8.78,17.6,15.4
2026-04-12 20:27:53,BC_4,14.2,6.5,15.1,9.09,17.3,15.3
2026-04-12 20:27:54,BC_4,14.1,6.58,15.1,9.15,17.5,15.2
2026-04-12 20:27:54,BC_4,14.1,6.51,15.1,8.95,17.5,15.3
2026-04-12 20:27:54,BC_4,14.1,6.33,15.1,8.74,17.5,15.4
2026-04-12 20:27:55,BC_4,14.2,6.53,15.1,9.0,17.7,15.3
2026-04-12 20:27:55,BC_4,14.1,6.33,15.1,8.91,17.6,15.4
2026-04-12 20:27:55,BC_4,14.2,6.45,15.2,8.73,17.5,15.4
2026-04-12 20:27:56,BC_4,14.2,6.51,15.1,9.16,17.5,15.3
2026-04-12 20:27:56,BC_4,14.1,6.52,15.1,9.3,17.7,15.3
2026-04-12 20:27:57,BC_4,14.1,6.4,15.1,8.91,17.5,15.4
2026-04-12 20:27:57,BC_4,14.2,6.54,15.1,9.08,17.5,15.3
2026-04-12 20:27:57,BC_4,14.1,6.56,15.1,9.34,17.6,15.2
2026-04-12 20:27:58,BC_4,14.0,6.37,15.1,9.1,17.5,15.4
2026-04-12 20:27:58,BC_4,14.2,6.56,15.1,9.12,17.5,15.3
2026-04-12 20:27:58,BC_4,14.1,6.57,15.1,9.33,17.5,15.2
2026-04-12 20:27:59,BC_4,14.0,6.37,15.1,9.06,17.5,15.3
2026-04-12 20:27:59,BC_4,14.2,6.43,15.1,8.79,17.3,15.3
2026-04-12 20:27:59,BC_4,14.1,6.46,15.2,8.8,17.6,15.4
2026-04-12 20:28:00,BC_4,14.2,6.48,15.1,9.06,17.4,15.3
2026-04-12 20:28:00,BC_4,14.1,6.39,15.1,8.84,17.5,15.4
2026-04-12 20:28:00,BC_4,14.2,6.5,15.1,9.09,17.5,15.3
2026-04-12 20:28:01,BC_4,14.1,6.55,15.1,9.13,17.6,15.2
2026-04-12 20:28:01,BC_4,14.1,6.46,15.1,9.03,17.6,15.4
2026-04-12 20:28:02,BC_4,14.2,6.43,15.1,8.7,17.6,15.4
2026-04-12 20:28:02,BC_4,14.2,6.38,15.2,8.67,17.5,15.4
2026-04-12 20:28:02,BC_4,14.2,6.51,15.1,8.75,17.6,15.3
2026-04-12 20:28:03,BC_4,14.1,6.54,15.1,9.12,17.6,15.3
2026-04-12 20:28:03,BC_4,14.1,6.34,15.1,8.98,17.5,15.4
2026-04-12 20:28:03,BC_4,14.2,6.5,15.2,8.64,17.4,15.4
2026-04-12 20:28:04,BC_4,14.2,6.52,15.1,9.06,17.5,15.3
2026-04-12 20:28:04,BC_4,14.1,6.28,15.1,8.79,17.6,15.4
2026-04-12 20:28:04,BC_4,14.2,6.32,15.1,8.55,17.5,15.3
2026-04-12 20:28:05,BC_4,14.1,6.43,15.2,8.64,17.6,15.4
2026-04-12 20:28:05,BC_4,14.2,6.43,15.1,8.75,17.4,15.3
2026-04-12 20:28:06,BC_4,14.2,6.47,15.1,8.81,17.6,15.4
2026-04-12 20:28:06,BC_4,14.2,6.51,15.1,8.8,17.4,15.3
2026-04-12 20:28:06,BC_4,14.1,6.28,15.1,8.91,17.4,15.4
2026-04-12 20:28:07,BC_4,14.2,6.49,15.1,9.04,17.4,15.3
2026-04-12 20:28:07,BC_4,14.1,6.53,15.1,9.24,17.6,15.3
2026-04-12 20:28:07,BC_4,14.1,6.6,15.1,9.17,17.6,15.2
2026-04-12 20:28:08,BC_4,14.0,6.48,15.1,9.0,17.5,15.4
2026-04-12 20:28:08,BC_4,14.2,6.48,15.2,8.81,17.7,15.4
2026-04-12 20:28:08,BC_4,14.2,6.52,15.1,9.02,17.6,15.3
2026-04-12 20:28:09,BC_4,14.1,6.39,15.1,8.91,17.6,15.4
2026-04-12 20:28:09,BC_4,14.2,6.49,15.1,9.11,17.6,15.3
2026-04-12 20:28:09,BC_4,14.1,6.53,15.1,9.24,17.6,15.3
2026-04-12 20:28:10,BC_4,14.1,6.61,15.1,9.37,17.6,15.2
2026-04-12 20:28:10,BC_4,14.0,6.39,15.1,9.03,17.7,15.3
2026-04-12 20:28:11,BC_4,14.2,6.32,15.1,8.72,17.4,15.3
2026-04-12 20:28:11,BC_4,14.1,6.47,15.1,8.68,17.4,15.3
2026-04-12 20:28:11,BC_4,14.2,6.39,15.2,8.64,17.5,15.4
2026-04-12 20:28:12,BC_4,14.2,6.49,15.1,8.9,17.4,15.3
2026-04-12 20:28:12,BC_4,14.1,6.39,15.1,8.65,17.5,15.4
2026-04-12 20:28:12,BC_4,14.2,6.56,15.1,9.02,17.5,15.3
2026-04-12 20:28:13,BC_4,14.1,6.53,15.1,9.12,17.5,15.2
2026-04-12 20:28:13,BC_4,14.1,6.42,15.1,8.89,17.5,15.4
2026-04-12 20:28:13,BC_4,14.2,6.49,15.1,9.01,17.5,15.3
2026-04-12 20:28:14,BC_4,14.1,6.37,15.1,8.85,17.5,15.4
2026-04-12 20:28:14,BC_4,14.2,6.5,15.1,8.74,17.5,15.4
2026-04-12 20:28:14,BC_4,14.2,6.2,15.1,8.53,17.4,15.4
2026-04-12 20:28:15,BC_4,14.2,6.48,15.2,8.71,17.4,15.4
2026-04-12 20:28:15,BC_4,14.2,6.43,15.2,8.54,17.6,15.4
2026-04-12 20:28:16,BC_4,14.2,6.45,15.2,8.64,17.5,15.4
2026-04-12 20:28:16,BC_4,14.3,6.4,15.2,8.35,17.4,15.5
2026-04-12 20:28:16,BC_4,14.3,6.43,15.1,8.65,17.4,15.3
2026-04-12 20:28:17,BC_4,14.2,6.44,15.2,8.68,17.6,15.4
2026-04-12 20:28:17,BC_4,14.3,6.47,15.2,8.45,17.7,15.4
2026-04-12 20:28:17,BC_4,14.3,6.48,15.1,8.91,17.5,15.3
2026-04-12 20:28:18,BC_4,14.1,6.5,15.1,9.11,17.5,15.3
2026-04-12 20:28:18,BC_4,14.1,6.38,15.1,8.83,17.5,15.4
2026-04-12 20:28:18,BC_4,14.2,6.46,15.2,8.75,17.4,15.4
2026-04-12 20:28:19,BC_4,14.2,6.41,15.2,8.54,17.4,15.4
2026-04-12 20:28:19,BC_4,14.2,6.48,15.2,8.47,17.3,15.5
2026-04-12 20:28:20,BC_4,14.3,6.43,15.2,8.46,17.4,15.4
2026-04-12 20:28:20,BC_4,14.3,6.45,15.2,8.47,17.5,15.5
2026-04-12 20:28:20,BC_4,14.3,6.44,15.1,8.87,17.3,15.3
2026-04-12 20:28:21,BC_4,14.1,6.51,15.1,8.99,17.5,15.3
2026-04-12 20:28:21,BC_4,14.1,6.45,15.1,8.77,17.4,15.4
2026-04-12 20:28:21,BC_4,14.2,6.49,15.1,9.01,17.3,15.3
2026-04-12 20:28:22,BC_4,14.1,6.47,15.1,8.72,17.4,15.4
2026-04-12 20:28:22,BC_4,14.2,6.4,15.2,8.66,17.5,15.4
2026-04-12 20:28:22,BC_4,14.2,6.45,15.2,8.53,17.5,15.4
2026-04-12 20:28:23,BC_4,14.3,6.48,15.1,8.72,17.5,15.3
2026-04-12 20:28:23,BC_4,14.1,6.51,15.1,9.08,17.4,15.3
2026-04-12 20:28:24,BC_4,14.1,6.57,15.1,9.04,17.6,15.2
2026-04-12 20:28:24,BC_4,14.1,6.44,15.1,8.87,17.4,15.4
2026-04-12 20:28:24,BC_4,14.2,6.56,15.1,8.75,17.6,15.4
2026-04-12 20:28:25,BC_4,14.2,6.5,15.2,8.53,17.6,15.4
2026-04-12 20:28:25,BC_4,14.2,6.42,15.1,8.59,17.4,15.4
2026-04-12 20:28:25,BC_4,14.2,6.5,15.1,8.96,17.4,15.3
2026-04-12 20:28:26,BC_4,14.1,6.54,15.1,8.98,17.4,15.3
2026-04-12 20:28:26,BC_4,14.1,6.36,15.1,8.7,17.7,15.4
2026-04-12 20:28:26,BC_4,14.2,6.56,15.1,9.05,17.4,15.3
2026-04-12 20:28:27,BC_4,14.1,6.55,15.1,9.27,17.5,15.2
2026-04-12 20:28:27,BC_4,14.1,6.56,15.1,9.05,17.4,15.2
2026-04-12 20:29:13,CD_1,15.1,6.9,15.1,9.51,18.9,15.4
2026-04-12 20:29:14,CD_1,15.1,7.08,14.9,9.53,18.7,15.1
2026-04-12 20:29:14,CD_1,14.8,6.93,15.0,9.57,18.7,15.3
2026-04-12 20:29:14,CD_1,15.1,6.98,15.0,9.55,18.6,15.2
2026-04-12 20:29:15,CD_1,15.0,7.06,14.9,9.69,18.6,15.2
2026-04-12 20:29:15,CD_1,14.8,6.92,14.9,9.67,18.5,15.2
2026-04-12 20:29:16,CD_1,14.9,6.93,14.9,9.51,18.5,15.2
2026-04-12 20:29:16,CD_1,15.0,7.05,14.9,9.56,18.6,15.1
2026-04-12 20:29:16,CD_1,14.7,7.1,14.8,9.72,18.3,15.1
2026-04-12 20:29:17,CD_1,14.8,7.0,14.9,9.64,18.4,15.2
2026-04-12 20:29:17,CD_1,14.9,7.04,14.9,9.67,18.4,15.2
2026-04-12 20:29:17,CD_1,14.9,7.07,14.9,9.5,18.4,15.2
2026-04-12 20:29:18,CD_1,14.9,7.03,14.9,9.5,18.4,15.2
2026-04-12 20:29:18,CD_1,15.0,7.04,14.9,9.42,18.3,15.2
2026-04-12 20:29:18,CD_1,14.9,7.02,14.9,9.41,18.3,15.1
2026-04-12 20:29:19,CD_1,14.8,6.99,14.9,9.53,18.4,15.2
2026-04-12 20:29:19,CD_1,14.9,7.09,14.9,9.63,18.3,15.1
2026-04-12 20:29:20,CD_1,14.8,7.11,14.9,9.88,18.2,15.1
2026-04-12 20:29:20,CD_1,14.7,7.11,14.8,9.82,18.3,15.0
2026-04-12 20:29:20,CD_1,14.7,7.02,14.8,9.6,18.4,15.1
2026-04-12 20:29:21,CD_1,14.8,7.07,14.9,9.73,18.3,15.0
2026-04-12 20:29:21,CD_1,14.8,7.13,14.8,10.02,18.0,14.9
2026-04-12 20:29:21,CD_1,14.6,7.22,14.8,10.02,18.2,15.0
2026-04-12 20:29:22,CD_1,14.6,7.18,14.7,9.93,18.2,14.9
2026-04-12 20:29:22,CD_1,14.6,7.25,14.8,9.91,18.2,14.8
2026-04-12 20:29:22,CD_1,14.6,7.13,14.8,10.03,18.1,15.0
2026-04-12 20:29:23,CD_1,14.6,7.13,14.7,10.19,18.3,14.9
2026-04-12 20:29:23,CD_1,14.6,7.22,14.8,10.13,18.3,14.8
2026-04-12 20:29:23,CD_1,14.5,7.05,14.8,9.89,18.3,15.0
2026-04-12 20:29:24,CD_1,14.7,7.12,14.8,9.83,18.0,15.0
2026-04-12 20:29:24,CD_1,14.7,7.05,14.8,9.82,18.0,15.1
2026-04-12 20:29:24,CD_1,14.8,7.01,14.8,9.67,18.3,15.1
2026-04-12 20:29:25,CD_1,14.8,7.14,14.8,9.83,18.2,15.0
2026-04-12 20:29:25,CD_1,14.6,7.14,14.7,9.86,17.9,14.9
2026-04-12 20:29:26,CD_1,14.6,7.2,14.8,9.96,17.9,14.9
2026-04-12 20:29:26,CD_1,14.6,7.28,14.8,10.24,18.0,14.9
2026-04-12 20:29:26,CD_1,14.7,7.08,14.8,9.96,18.1,15.1
2026-04-12 20:29:27,CD_1,14.7,7.18,14.8,9.6,18.1,15.1
2026-04-12 20:29:27,CD_1,14.8,7.2,14.8,9.64,18.0,15.1
2026-04-12 20:29:27,CD_1,14.8,7.16,14.9,9.9,18.2,15.0
2026-04-12 20:29:28,CD_1,14.7,7.22,14.8,9.91,18.2,14.9
2026-04-12 20:29:28,CD_1,14.7,7.26,14.8,10.1,18.2,15.0
2026-04-12 20:29:28,CD_1,14.6,7.26,14.8,10.04,18.1,14.8
2026-04-12 20:29:29,CD_1,14.6,7.29,14.8,10.02,18.1,14.9
2026-04-12 20:29:29,CD_1,14.6,7.15,14.8,9.85,18.2,15.0
2026-04-12 20:29:29,CD_1,14.7,7.22,14.8,9.97,18.1,15.0
2026-04-12 20:29:30,CD_1,14.6,7.21,14.8,10.05,17.9,14.9
2026-04-12 20:29:30,CD_1,14.6,7.24,14.8,9.58,18.1,15.0
2026-04-12 20:29:31,CD_1,14.7,7.15,14.8,9.7,18.1,15.1
2026-04-12 20:29:31,CD_1,14.7,7.18,14.8,9.97,18.1,14.9
2026-04-12 20:29:31,CD_1,14.7,7.09,14.8,9.74,17.9,15.0
2026-04-12 20:29:32,CD_1,14.7,7.2,14.9,9.63,17.9,15.1
2026-04-12 20:29:32,CD_1,14.8,7.2,14.9,9.57,18.1,15.1
2026-04-12 20:29:32,CD_1,14.8,7.15,14.8,9.84,17.9,14.9
2026-04-12 20:29:33,CD_1,14.7,7.13,14.8,9.84,18.1,14.9
2026-04-12 20:29:33,CD_1,14.6,7.26,14.8,10.05,18.0,14.9
2026-04-12 20:29:33,CD_1,14.7,7.28,14.8,10.06,18.1,14.9
2026-04-12 20:29:34,CD_1,14.6,6.99,14.8,9.78,18.2,15.0
2026-04-12 20:29:34,CD_1,14.7,7.13,14.8,9.54,18.0,15.0
2026-04-12 20:29:34,CD_1,14.8,7.12,14.8,9.67,17.9,14.9
2026-04-12 20:29:35,CD_1,14.7,7.09,14.8,9.59,18.0,15.0
2026-04-12 20:29:35,CD_1,14.8,7.07,14.8,9.73,18.0,15.0
2026-04-12 20:29:36,CD_1,14.8,7.06,14.8,9.46,18.0,15.1
2026-04-12 20:29:36,CD_1,14.8,7.16,14.8,9.81,18.0,15.0
2026-04-12 20:29:36,CD_1,14.6,7.22,14.8,9.89,18.1,14.9
2026-04-12 20:29:37,CD_1,14.7,7.25,14.8,10.13,18.0,14.9
2026-04-12 20:29:37,CD_1,14.7,7.11,14.8,9.88,17.9,15.0
2026-04-12 20:29:37,CD_1,14.6,7.17,14.8,9.8,18.1,15.0
2026-04-12 20:29:38,CD_1,14.7,7.09,14.8,9.46,17.9,15.0
2026-04-12 20:29:38,CD_1,14.7,7.15,14.8,9.59,18.0,15.1
2026-04-12 20:29:38,CD_1,14.8,7.08,14.8,9.61,18.0,15.0
2026-04-12 20:29:39,CD_1,14.7,7.19,14.8,9.88,18.0,15.0
2026-04-12 20:29:39,CD_1,14.6,7.19,14.8,10.04,17.9,14.8
2026-04-12 20:29:39,CD_1,14.6,7.07,14.8,9.72,18.0,15.0
2026-04-12 20:29:40,CD_1,14.7,7.16,14.8,9.69,18.0,15.1
2026-04-12 20:29:40,CD_1,14.8,7.21,14.8,9.92,18.2,14.9
2026-04-12 20:29:41,CD_1,14.7,7.26,14.8,9.83,17.9,14.9
2026-04-12 20:29:41,CD_1,14.6,7.2,14.8,9.99,17.9,14.8
2026-04-12 20:29:41,CD_1,14.7,7.25,14.8,9.86,18.2,15.0
2026-04-12 20:29:42,CD_1,14.7,7.16,14.8,9.76,18.0,15.0
2026-04-12 20:29:42,CD_1,14.8,7.3,14.8,9.97,18.1,14.9
2026-04-12 20:29:42,CD_1,14.7,7.09,14.8,9.71,17.9,15.0
2026-04-12 20:29:43,CD_1,14.8,7.22,14.9,9.4,18.0,15.1
2026-04-12 20:29:43,CD_1,14.8,7.13,14.8,9.64,18.0,15.1
2026-04-12 20:29:43,CD_1,14.8,7.19,14.8,9.77,18.0,15.0
2026-04-12 20:29:44,CD_1,14.7,7.29,14.8,9.99,18.0,14.9
2026-04-12 20:29:44,CD_1,14.7,7.16,14.8,9.86,18.0,15.1
2026-04-12 20:29:45,CD_1,14.8,7.09,14.8,9.69,18.0,15.1
2026-04-12 20:29:45,CD_1,14.8,7.22,14.8,9.89,18.1,15.0
2026-04-12 20:29:45,CD_1,14.6,7.28,14.8,9.85,17.8,14.9
2026-04-12 20:29:46,CD_1,14.6,7.25,14.8,10.01,18.2,14.9
2026-04-12 20:29:46,CD_1,14.7,7.11,14.8,9.89,18.2,15.0
2026-04-12 20:29:46,CD_1,14.7,7.14,14.8,9.7,18.0,15.0
2026-04-12 20:29:47,CD_1,14.7,7.18,14.8,9.76,18.1,15.1
2026-04-12 20:29:47,CD_1,14.8,7.23,14.8,9.95,17.8,15.0
2026-04-12 20:29:47,CD_1,14.7,7.13,14.8,9.77,17.9,15.0
2026-04-12 20:29:48,CD_1,14.8,7.21,14.8,9.89,17.7,14.9
2026-04-12 20:29:48,CD_1,14.7,7.27,14.8,9.88,17.9,14.9
2026-04-12 20:29:48,CD_1,14.6,7.29,14.8,9.82,17.9,15.0
2026-04-12 20:29:49,CD_1,14.7,7.24,14.8,9.49,18.0,15.1
2026-04-12 20:29:49,CD_1,14.8,7.22,14.8,9.93,18.1,14.9
2026-04-12 20:29:49,CD_1,14.7,7.27,14.8,10.03,18.1,14.9
2026-04-12 20:29:50,CD_1,14.6,7.23,14.8,9.78,18.0,15.0
2026-04-12 20:29:50,CD_1,14.8,7.24,14.8,9.98,18.1,14.9
2026-04-12 20:29:51,CD_1,14.7,7.3,14.8,10.03,18.0,14.9
2026-04-12 20:29:51,CD_1,14.6,7.27,14.8,10.05,18.0,14.9
2026-04-12 20:29:51,CD_1,14.6,7.28,14.8,10.14,18.1,15.0
2026-04-12 20:29:52,CD_1,14.7,7.29,14.8,9.86,18.0,15.0
2026-04-12 20:29:52,CD_1,14.7,7.22,14.8,9.77,17.9,15.1
2026-04-12 20:29:52,CD_1,14.8,7.17,14.9,9.55,18.0,15.1
2026-04-12 20:29:53,CD_1,14.8,7.11,14.9,9.55,18.1,15.1
2026-04-12 20:29:53,CD_1,14.8,7.19,14.8,9.87,17.9,15.0
2026-04-12 20:29:53,CD_1,14.7,7.26,14.8,9.94,18.0,14.9
2026-04-12 20:29:54,CD_1,14.7,7.3,14.8,10.16,17.9,14.9
2026-04-12 20:29:54,CD_1,14.6,7.08,14.8,9.92,18.0,15.0
2026-04-12 20:29:55,CD_1,14.8,7.15,14.8,9.63,17.9,15.1
2026-04-12 20:29:55,CD_1,14.8,7.16,14.9,9.5,17.9,15.1
2026-04-12 20:29:55,CD_1,14.8,7.2,14.8,9.88,18.0,15.0
2026-04-12 20:29:56,CD_1,14.7,7.07,14.8,9.65,17.9,15.1
2026-04-12 20:29:56,CD_1,14.8,7.14,14.9,9.56,18.1,15.1
2026-04-12 20:29:56,CD_1,14.8,7.13,14.9,9.45,18.0,15.1
2026-04-12 20:29:57,CD_1,14.8,7.15,14.9,9.49,17.8,15.1
2026-04-12 20:29:57,CD_1,14.8,7.13,14.9,9.44,17.9,15.1
2026-04-12 20:29:57,CD_1,14.8,7.18,14.9,9.7,18.0,15.0
2026-04-12 20:29:58,CD_1,14.7,7.24,14.8,9.83,18.0,15.1
2026-04-12 20:29:58,CD_1,14.8,7.22,14.8,9.85,18.0,15.0
2026-04-12 20:29:59,CD_1,14.7,7.25,14.8,9.97,18.1,14.9
2026-04-12 20:29:59,CD_1,14.6,7.28,14.8,10.07,17.9,14.9
2026-04-12 20:29:59,CD_1,14.6,7.29,14.8,10.04,18.2,14.9
2026-04-12 20:30:00,CD_1,14.6,7.28,14.8,10.18,18.0,14.9
2026-04-12 20:30:00,CD_1,14.6,7.1,14.8,9.94,18.1,15.0
2026-04-12 20:30:00,CD_1,14.8,7.23,14.8,9.72,17.9,15.1
2026-04-12 20:30:01,CD_1,14.8,7.23,14.8,9.93,18.1,15.0
2026-04-12 20:30:01,CD_1,14.7,7.26,14.8,9.98,18.0,14.9
2026-04-12 20:30:01,CD_1,14.6,7.3,14.8,9.94,18.0,14.9
2026-04-12 20:30:02,CD_1,14.6,7.29,14.8,10.24,18.0,14.9
2026-04-12 20:30:02,CD_1,14.6,7.32,14.8,9.98,18.0,14.9
2026-04-12 20:30:02,CD_1,14.7,7.21,14.8,9.77,17.9,14.9
2026-04-12 20:30:03,CD_1,14.7,7.2,14.8,9.67,17.8,15.0
2026-04-12 20:30:03,CD_1,14.8,7.14,14.8,9.57,18.0,15.1
2026-04-12 20:30:04,CD_1,14.8,7.21,14.8,9.9,17.9,15.0
2026-04-12 20:30:04,CD_1,14.7,7.13,14.8,9.84,18.0,15.0
2026-04-12 20:30:04,CD_1,14.7,7.11,14.8,9.68,17.7,15.0
2026-04-12 20:30:05,CD_1,14.8,7.2,14.8,9.77,18.0,15.0
2026-04-12 20:30:05,CD_1,14.7,7.25,14.8,10.01,18.0,14.9
2026-04-12 20:30:05,CD_1,14.6,7.3,14.8,10.02,17.7,14.9
2026-04-12 20:30:06,CD_1,14.6,7.27,14.8,10.1,17.9,14.9
2026-04-12 20:30:06,CD_1,14.6,7.08,14.8,9.87,18.0,15.0
2026-04-12 20:30:06,CD_1,14.7,7.23,14.8,9.84,18.0,15.0
2026-04-12 20:30:07,CD_1,14.8,7.09,14.8,9.65,18.0,15.1
2026-04-12 20:30:07,CD_1,14.8,7.2,14.9,9.58,18.1,15.1
2026-04-12 20:30:07,CD_1,14.8,7.19,14.8,9.77,18.0,15.0
2026-04-12 20:30:08,CD_1,14.7,7.25,14.8,9.91,17.8,14.9
2026-04-12 20:30:08,CD_1,14.7,7.21,14.8,9.6,18.0,15.0
2026-04-12 20:30:09,CD_1,14.8,7.15,14.9,9.58,18.0,15.1
2026-04-12 20:30:09,CD_1,14.8,7.2,14.8,9.78,18.0,15.0
2026-04-12 20:30:09,CD_1,14.7,7.23,14.8,9.98,18.0,14.9
2026-04-12 20:30:10,CD_1,14.7,7.28,14.8,10.15,18.0,14.9
2026-04-12 20:30:10,CD_1,14.6,7.29,14.8,9.8,18.1,15.0
2026-04-12 20:30:10,CD_1,14.8,7.18,14.8,9.67,17.9,15.1
2026-04-12 20:30:11,CD_1,14.8,7.22,14.8,9.85,18.0,15.0
2026-04-12 20:30:11,CD_1,14.6,7.15,14.8,9.74,17.8,15.1
2026-04-12 20:30:11,CD_1,14.8,7.11,14.9,9.66,17.8,15.0
2026-04-12 20:30:12,CD_1,14.7,7.11,14.8,9.49,18.1,15.1
2026-04-12 20:30:12,CD_1,14.8,7.1,14.9,9.59,18.1,15.1
2026-04-12 20:30:13,CD_1,14.8,7.12,14.9,9.51,18.0,15.1
2026-04-12 20:30:13,CD_1,14.8,7.16,14.9,9.46,18.1,15.1
2026-04-12 20:30:13,CD_1,14.8,7.18,14.8,9.72,18.0,15.0
2026-04-12 20:30:14,CD_1,14.7,7.21,14.8,9.72,18.1,14.9
2026-04-12 20:30:14,CD_1,14.7,7.2,14.8,9.9,17.9,14.9
2026-04-12 20:30:14,CD_1,14.7,7.2,14.8,9.73,17.8,15.0
2026-04-12 20:30:15,CD_1,14.7,7.14,14.8,9.52,18.0,15.1
2026-04-12 20:30:15,CD_1,14.8,7.12,14.9,9.55,18.2,15.1
2026-04-12 20:30:15,CD_1,14.8,7.19,14.9,9.44,18.0,15.1
2026-04-12 20:30:16,CD_1,14.8,7.19,14.9,9.65,18.1,15.0
2026-04-12 20:30:16,CD_1,14.7,7.06,14.8,9.69,18.0,15.1
2026-04-12 20:30:16,CD_1,14.8,7.11,14.9,9.46,17.9,15.1
2026-04-12 20:30:17,CD_1,14.8,7.2,14.8,9.64,18.2,15.0
2026-04-12 20:30:17,CD_1,14.7,7.21,14.8,9.9,17.8,15.0
2026-04-12 20:30:18,CD_1,14.7,7.17,14.8,9.73,18.1,15.1
2026-04-12 20:30:18,CD_1,14.8,7.2,14.8,9.85,18.0,15.0
2026-04-12 20:30:18,CD_1,14.7,7.1,14.8,9.71,18.0,15.0
2026-04-12 20:30:19,CD_1,14.8,7.21,14.8,9.87,18.1,15.0
2026-04-12 20:30:19,CD_1,14.7,7.27,14.8,9.96,18.1,14.9
2026-04-12 20:30:19,CD_1,14.6,7.25,14.8,10.01,17.7,14.9
2026-04-12 20:30:20,CD_1,14.6,7.28,14.8,10.21,18.1,14.9
2026-04-12 20:30:20,CD_1,14.6,7.06,14.8,9.81,17.8,14.9
2026-04-12 20:30:20,CD_1,14.7,7.19,14.8,9.5,18.2,15.1
2026-04-12 20:30:21,CD_1,14.8,7.22,14.8,9.99,18.0,15.0
2026-04-12 20:30:21,CD_1,14.7,7.14,14.8,9.78,18.1,15.1
2026-04-12 20:30:21,CD_1,14.8,7.2,14.8,9.85,18.1,15.0
2026-04-12 20:30:22,CD_1,14.7,7.24,14.8,10.12,18.1,14.9
2026-04-12 20:30:22,CD_1,14.6,7.29,14.8,10.11,18.1,14.9
2026-04-12 20:30:23,CD_1,14.6,7.09,14.8,9.78,18.0,15.0
2026-04-12 20:30:23,CD_1,14.7,7.11,14.8,9.64,17.8,15.1
2026-04-12 20:30:23,CD_1,14.8,7.21,14.9,9.63,18.1,15.1
2026-04-12 20:30:24,CD_1,14.8,7.2,14.8,9.9,17.9,15.0
2026-04-12 20:30:24,CD_1,14.7,7.09,14.8,9.64,18.0,15.1
2026-04-12 20:30:24,CD_1,14.8,7.19,14.8,9.8,18.1,15.0
2026-04-12 20:30:25,CD_1,14.7,7.12,14.8,9.71,17.9,15.1
2026-04-12 20:30:39,CD_2,15.0,5.85,14.8,9.09,18.7,15.2
2026-04-12 20:30:40,CD_2,14.8,6.01,14.8,9.45,18.6,15.1
2026-04-12 20:30:40,CD_2,14.7,6.09,14.8,9.59,18.5,15.0
2026-04-12 20:30:40,CD_2,14.6,5.84,14.8,9.53,18.7,15.1
2026-04-12 20:30:41,CD_2,14.7,6.08,14.8,9.32,18.6,15.1
2026-04-12 20:30:41,CD_2,14.8,6.1,14.8,9.16,18.3,15.1
2026-04-12 20:30:41,CD_2,14.8,6.11,14.8,9.16,18.5,15.0
2026-04-12 20:30:42,CD_2,14.6,6.19,14.7,9.69,18.3,15.0
2026-04-12 20:30:42,CD_2,14.6,6.15,14.7,9.87,18.2,14.9
2026-04-12 20:30:43,CD_2,14.6,5.96,14.8,9.58,18.5,15.0
2026-04-12 20:30:43,CD_2,14.6,6.25,14.8,9.77,18.2,14.9
2026-04-12 20:30:43,CD_2,14.5,6.11,14.8,9.5,18.2,15.0
2026-04-12 20:30:44,CD_2,14.7,6.21,14.7,9.31,18.3,15.1
2026-04-12 20:30:44,CD_2,14.7,6.18,14.8,9.61,18.2,14.9
2026-04-12 20:30:44,CD_2,14.6,6.25,14.8,9.57,18.2,14.9
2026-04-12 20:30:45,CD_2,14.6,6.2,14.8,9.43,18.4,15.0
2026-04-12 20:30:45,CD_2,14.7,6.08,14.8,9.33,18.2,15.0
2026-04-12 20:30:45,CD_2,14.6,5.99,14.8,9.27,18.2,15.1
2026-04-12 20:30:46,CD_2,14.7,6.16,14.7,9.2,18.3,15.0
2026-04-12 20:30:46,CD_2,14.6,6.14,14.8,9.14,18.3,15.1
2026-04-12 20:30:46,CD_2,14.8,6.15,14.7,9.32,18.2,14.9
2026-04-12 20:30:47,CD_2,14.6,6.21,14.7,9.63,18.1,14.9
2026-04-12 20:30:47,CD_2,14.6,6.27,14.7,9.71,18.2,14.8
2026-04-12 20:30:48,CD_2,14.5,6.31,14.7,9.83,18.3,14.9
2026-04-12 20:30:48,CD_2,14.5,6.07,14.7,9.52,18.2,14.9
2026-04-12 20:30:48,CD_2,14.6,6.1,14.7,9.41,18.3,15.0
2026-04-12 20:30:49,CD_2,14.6,6.17,14.8,9.26,18.3,15.0
2026-04-12 20:30:49,CD_2,14.7,6.24,14.7,9.28,18.1,14.9
2026-04-12 20:30:49,CD_2,14.6,5.93,14.7,9.41,18.3,15.0
2026-04-12 20:30:50,CD_2,14.7,6.24,14.7,9.52,18.0,14.9
2026-04-12 20:30:50,CD_2,14.6,6.26,14.7,9.53,18.2,14.9
2026-04-12 20:30:50,CD_2,14.6,6.11,14.7,9.2,17.8,14.9
2026-04-12 20:30:51,CD_2,14.6,6.26,14.6,9.57,18.0,14.8
2026-04-12 20:30:51,CD_2,14.6,6.33,14.8,9.81,18.2,14.9
2026-04-12 20:30:51,CD_2,14.4,6.12,14.7,9.59,18.0,15.0
2026-04-12 20:30:52,CD_2,14.8,6.32,14.8,9.81,18.1,14.9
2026-04-12 20:30:52,CD_2,14.6,5.95,14.8,9.47,18.2,15.0
2026-04-12 20:30:53,CD_2,14.7,6.1,14.7,9.14,18.1,15.0
2026-04-12 20:30:53,CD_2,14.7,6.15,14.8,9.12,18.1,15.1
2026-04-12 20:30:53,CD_2,14.7,6.07,14.8,9.38,18.1,14.9
2026-04-12 20:30:54,CD_2,14.6,6.35,14.7,9.19,17.9,15.0
2026-04-12 20:30:54,CD_2,14.6,6.19,14.7,9.21,18.1,15.0
2026-04-12 20:30:54,CD_2,14.6,6.29,14.8,9.66,18.1,14.8
2026-04-12 20:30:55,CD_2,14.6,6.29,14.7,9.66,18.1,14.9
2026-04-12 20:30:55,CD_2,14.5,6.03,14.8,9.5,18.0,14.9
2026-04-12 20:30:55,CD_2,14.6,6.31,14.7,9.59,18.2,14.9
2026-04-12 20:30:56,CD_2,14.6,6.3,14.7,9.25,18.1,15.0
2026-04-12 20:30:56,CD_2,14.7,6.21,14.7,9.16,18.2,15.0
2026-04-12 20:30:57,CD_2,14.6,6.25,14.7,9.06,18.1,15.0
2026-04-12 20:30:57,CD_2,14.8,6.24,14.7,9.47,18.0,14.9
2026-04-12 20:30:57,CD_2,14.5,6.2,14.7,9.57,18.2,14.9
2026-04-12 20:30:58,CD_2,14.6,6.03,14.7,9.33,18.1,14.9
2026-04-12 20:30:58,CD_2,14.5,6.11,14.8,9.3,18.2,15.0
2026-04-12 20:30:58,CD_2,14.7,6.29,14.7,9.51,18.0,14.9
2026-04-12 20:30:59,CD_2,14.6,6.35,14.7,9.24,18.1,15.0
2026-04-12 20:30:59,CD_2,14.6,6.25,14.8,8.95,18.2,15.0
2026-04-12 20:30:59,CD_2,14.7,6.14,14.7,8.99,18.1,15.1
2026-04-12 20:31:00,CD_2,14.7,6.19,14.8,9.28,18.1,14.9
2026-04-12 20:31:00,CD_2,14.6,6.26,14.7,9.52,17.9,14.9
2026-04-12 20:31:00,CD_2,14.5,6.06,14.8,9.25,18.1,15.0
2026-04-12 20:31:01,CD_2,14.6,6.09,14.8,9.19,18.1,15.0
2026-04-12 20:31:01,CD_2,14.7,6.16,14.8,9.01,18.2,15.1
2026-04-12 20:31:02,CD_2,14.7,6.15,14.8,9.0,18.0,15.1
2026-04-12 20:31:02,CD_2,14.7,6.17,14.8,9.22,18.2,14.9
2026-04-12 20:31:02,CD_2,14.6,6.12,14.8,9.03,18.0,15.0
2026-04-12 20:31:03,CD_2,14.7,6.18,14.8,9.03,18.1,15.1
2026-04-12 20:31:03,CD_2,14.7,6.12,14.8,9.0,18.1,15.1
2026-04-12 20:31:03,CD_2,14.7,6.04,14.8,8.87,18.0,15.1
2026-04-12 20:31:04,CD_2,14.7,6.2,14.8,8.87,18.2,15.1
2026-04-12 20:31:04,CD_2,14.7,6.04,14.8,8.75,18.0,15.1
2026-04-12 20:31:04,CD_2,14.8,6.1,14.8,8.86,18.1,15.1
2026-04-12 20:31:05,CD_2,14.7,6.13,14.8,9.23,18.2,15.0
2026-04-12 20:31:05,CD_2,14.6,5.9,14.8,9.13,18.1,15.1
2026-04-12 20:31:06,CD_2,14.7,6.17,14.8,9.24,18.1,14.9
2026-04-12 20:31:06,CD_2,14.6,6.17,14.8,9.0,18.0,15.0
2026-04-12 20:31:06,CD_2,14.7,6.12,14.8,8.87,18.1,15.0
2026-04-12 20:31:07,CD_2,14.7,6.15,14.8,9.15,18.0,14.9
2026-04-12 20:31:07,CD_2,14.6,6.17,14.8,9.02,18.0,15.1
2026-04-12 20:31:07,CD_2,14.7,6.22,14.8,9.34,18.2,14.9
2026-04-12 20:31:08,CD_2,14.6,6.29,14.8,9.2,18.1,15.0
2026-04-12 20:31:08,CD_2,14.7,6.21,14.8,8.95,17.8,15.1
2026-04-12 20:31:08,CD_2,14.7,6.2,14.8,9.29,18.2,14.9
2026-04-12 20:31:09,CD_2,14.6,6.04,14.8,9.07,18.1,15.1
2026-04-12 20:31:09,CD_2,14.7,5.99,14.8,9.02,18.1,15.1
2026-04-12 20:31:10,CD_2,14.7,5.63,14.8,9.02,18.2,15.1
2026-04-12 20:31:10,CD_2,14.7,6.08,14.8,8.85,18.1,15.1
2026-04-12 20:31:10,CD_2,14.7,6.19,14.8,9.09,18.0,15.0
2026-04-12 20:31:11,CD_2,14.6,6.22,14.7,9.18,18.1,14.9
2026-04-12 20:31:11,CD_2,14.6,6.26,14.8,9.69,18.1,14.9
2026-04-12 20:31:11,CD_2,14.5,6.09,14.7,9.26,18.1,15.0
2026-04-12 20:31:12,CD_2,14.7,6.26,14.8,9.53,17.9,14.9
2026-04-12 20:31:12,CD_2,14.6,5.99,14.8,9.05,18.1,15.0
2026-04-12 20:31:12,CD_2,14.6,6.09,14.8,8.95,18.1,15.0
2026-04-12 20:31:13,CD_2,14.7,6.16,14.8,8.78,18.1,15.0
2026-04-12 20:31:13,CD_2,14.7,6.0,14.8,8.86,18.1,15.1
2026-04-12 20:31:13,CD_2,14.7,6.14,14.8,9.16,18.0,14.9
2026-04-12 20:31:14,CD_2,14.6,6.25,14.8,9.33,18.1,14.9
2026-04-12 20:31:14,CD_2,14.6,6.02,14.8,9.16,18.1,15.0
2026-04-12 20:31:15,CD_2,14.7,6.24,14.8,9.32,17.7,14.9
2026-04-12 20:31:15,CD_2,14.6,6.29,14.8,9.59,17.9,14.9
2026-04-12 20:31:15,CD_2,14.5,6.39,14.8,9.75,17.9,14.9
2026-04-12 20:31:16,CD_2,14.5,6.32,14.8,9.65,17.8,14.9
2026-04-12 20:31:16,CD_2,14.5,6.19,14.8,9.4,18.1,15.0
2026-04-12 20:31:16,CD_2,14.6,6.27,14.8,9.28,18.0,15.0
2026-04-12 20:31:17,CD_2,14.7,6.21,14.8,9.1,18.0,15.0
2026-04-12 20:31:17,CD_2,14.7,6.25,14.8,9.33,17.8,14.9
2026-04-12 20:31:17,CD_2,14.6,6.31,14.8,9.62,18.1,14.9
2026-04-12 20:31:18,CD_2,14.5,6.38,14.8,9.28,18.0,15.0
2026-04-12 20:31:18,CD_2,14.6,6.12,14.8,8.92,17.8,14.9
2026-04-12 20:31:18,CD_2,14.6,6.23,14.8,9.25,18.0,14.9
2026-04-12 20:31:19,CD_2,14.6,6.21,14.8,9.26,18.0,14.9
2026-04-12 20:31:19,CD_2,14.6,6.12,14.8,8.98,17.9,15.0
2026-04-12 20:31:20,CD_2,14.7,6.27,14.7,9.29,18.2,14.9
2026-04-12 20:31:20,CD_2,14.6,5.95,14.8,9.06,18.1,15.0
2026-04-12 20:31:20,CD_2,14.6,6.15,14.8,9.04,18.1,15.0
2026-04-12 20:31:21,CD_2,14.7,6.24,14.8,9.37,17.9,14.9
2026-04-12 20:31:21,CD_2,14.6,6.13,14.8,9.13,18.1,15.0
2026-04-12 20:31:21,CD_2,14.7,6.24,14.8,9.34,17.9,14.9
2026-04-12 20:31:22,CD_2,14.6,6.31,14.7,9.46,18.2,14.9
2026-04-12 20:31:22,CD_2,14.5,6.06,14.8,9.34,18.2,15.0
2026-04-12 20:31:22,CD_2,14.7,6.07,14.8,8.98,18.0,15.0
2026-04-12 20:31:23,CD_2,14.7,6.16,14.8,8.93,18.1,15.1
2026-04-12 20:31:23,CD_2,14.7,6.19,14.8,9.2,18.1,14.9
2026-04-12 20:31:24,CD_2,14.6,6.05,14.8,9.13,18.1,15.0
2026-04-12 20:31:24,CD_2,14.7,6.16,14.8,9.08,17.9,15.0
2026-04-12 20:31:24,CD_2,14.7,5.99,14.8,8.84,18.1,14.9
2026-04-12 20:31:25,CD_2,14.6,6.23,14.7,9.33,18.0,14.9
2026-04-12 20:31:25,CD_2,14.6,6.21,14.8,9.0,18.1,15.0
2026-04-12 20:31:25,CD_2,14.7,6.18,14.7,8.67,17.9,15.0
2026-04-12 20:31:26,CD_2,14.6,6.06,14.8,9.03,17.9,14.9
2026-04-12 20:31:26,CD_2,14.6,6.27,14.8,9.4,18.2,14.9
2026-04-12 20:31:26,CD_2,14.6,6.31,14.7,9.48,18.1,14.8
2026-04-12 20:31:27,CD_2,14.5,6.04,14.8,9.34,18.2,15.0
2026-04-12 20:31:27,CD_2,14.7,6.07,14.7,9.15,17.8,14.9
2026-04-12 20:31:28,CD_2,14.6,6.21,14.8,9.23,18.2,15.0
2026-04-12 20:31:28,CD_2,14.7,6.28,14.8,9.65,17.9,14.8
2026-04-12 20:31:28,CD_2,14.5,6.01,14.7,8.99,18.1,15.0
2026-04-12 20:31:29,CD_2,14.7,6.29,14.8,9.47,17.9,14.9
2026-04-12 20:31:29,CD_2,14.5,6.32,14.7,9.53,18.2,14.9
2026-04-12 20:31:29,CD_2,14.6,5.94,14.8,9.39,18.1,15.0
2026-04-12 20:31:30,CD_2,14.6,6.32,14.7,9.32,18.2,14.9
2026-04-12 20:31:30,CD_2,14.5,6.34,14.8,9.8,17.9,14.9
2026-04-12 20:31:30,CD_2,14.5,6.1,14.7,9.21,18.2,15.0
2026-04-12 20:31:31,CD_2,14.6,6.26,14.8,9.0,17.9,14.9
2026-04-12 20:31:31,CD_2,14.6,6.1,14.7,9.02,18.1,15.0
2026-04-12 20:31:31,CD_2,14.7,6.25,14.8,9.32,18.0,14.9
2026-04-12 20:31:32,CD_2,14.6,6.05,14.8,9.04,18.0,15.0
2026-04-12 20:31:32,CD_2,14.7,6.25,14.8,8.93,18.1,15.0
2026-04-12 20:31:33,CD_2,14.7,6.21,14.7,9.41,17.9,14.9
2026-04-12 20:31:33,CD_2,14.6,6.03,14.8,9.2,18.1,15.0
2026-04-12 20:31:33,CD_2,14.7,6.21,14.8,8.91,18.2,15.0
2026-04-12 20:31:34,CD_2,14.7,5.89,14.8,8.98,18.0,15.1
2026-04-12 20:31:34,CD_2,14.7,6.16,14.8,8.92,18.1,15.1
2026-04-12 20:31:34,CD_2,14.7,6.22,14.8,8.88,17.9,15.1
2026-04-12 20:31:35,CD_2,14.7,6.18,14.8,8.81,18.0,15.0
2026-04-12 20:31:35,CD_2,14.7,6.2,14.8,9.27,18.0,14.9
2026-04-12 20:31:35,CD_2,14.6,6.07,14.8,8.97,18.1,15.0
2026-04-12 20:31:36,CD_2,14.7,6.22,14.8,9.3,18.0,14.9
2026-04-12 20:31:36,CD_2,14.6,6.18,14.8,9.07,17.8,14.9
2026-04-12 20:31:37,CD_2,14.6,6.22,14.8,8.82,17.9,15.0
2026-04-12 20:31:37,CD_2,14.7,6.07,14.8,8.97,18.1,15.1
2026-04-12 20:31:37,CD_2,14.7,6.19,14.8,9.17,18.1,14.9
2026-04-12 20:31:38,CD_2,14.6,6.26,14.7,9.54,18.0,14.9
2026-04-12 20:31:38,CD_2,14.5,6.37,14.8,9.42,18.1,14.9
2026-04-12 20:31:38,CD_2,14.5,6.32,14.8,9.72,17.9,14.9
2026-04-12 20:31:39,CD_2,14.5,6.35,14.8,9.74,18.2,14.9
2026-04-12 20:31:39,CD_2,14.5,6.33,14.8,9.81,18.1,14.9
2026-04-12 20:31:39,CD_2,14.5,6.11,14.7,9.41,18.1,15.0
2026-04-12 20:31:40,CD_2,14.6,6.28,14.7,9.64,17.9,14.9
2026-04-12 20:31:40,CD_2,14.5,6.15,14.7,9.31,18.1,15.0
2026-04-12 20:31:40,CD_2,14.6,6.24,14.8,9.13,18.1,15.0
2026-04-12 20:31:41,CD_2,14.7,6.2,14.7,9.31,18.2,15.0
2026-04-12 20:31:41,CD_2,14.7,6.17,14.8,9.09,17.9,15.1
2026-04-12 20:31:42,CD_2,14.7,6.15,14.8,8.92,18.2,15.1
2026-04-12 20:31:42,CD_2,14.7,6.23,14.8,9.2,18.0,14.9
2026-04-12 20:31:42,CD_2,14.6,6.12,14.8,8.97,17.9,14.9
2026-04-12 20:31:43,CD_2,14.6,6.16,14.8,8.82,17.9,15.0
2026-04-12 20:31:43,CD_2,14.7,6.08,14.8,8.82,18.1,15.1
2026-04-12 20:31:43,CD_2,14.7,6.07,14.8,8.87,17.8,15.1
2026-04-12 20:31:44,CD_2,14.7,6.14,14.8,8.98,18.1,15.0
2026-04-12 20:31:44,CD_2,14.6,6.18,14.7,9.43,18.0,14.9
2026-04-12 20:31:44,CD_2,14.6,5.98,14.8,9.05,18.2,15.0
2026-04-12 20:31:45,CD_2,14.7,6.24,14.8,9.47,17.9,14.9
2026-04-12 20:31:45,CD_2,14.6,6.28,14.8,9.57,18.2,14.9
2026-04-12 20:31:45,CD_2,14.5,6.32,14.7,9.81,18.1,14.9
2026-04-12 20:31:46,CD_2,14.5,6.33,14.8,9.64,18.1,14.9
2026-04-12 20:31:46,CD_2,14.5,6.37,14.8,9.87,17.9,14.8
2026-04-12 20:31:47,CD_2,14.5,6.09,14.7,9.44,18.2,15.0
2026-04-12 20:31:47,CD_2,14.6,6.3,14.8,9.17,18.2,15.0
2026-04-12 20:31:47,CD_2,14.7,6.22,14.8,9.02,18.0,15.0
2026-04-12 20:31:48,CD_2,14.7,6.19,14.8,9.29,18.2,14.9
2026-04-12 20:31:48,CD_2,14.6,5.98,14.8,8.97,18.0,15.0
2026-04-12 20:31:48,CD_2,14.7,6.17,14.8,9.11,18.1,15.0
2026-04-12 20:31:49,CD_2,14.7,6.17,14.8,8.88,18.0,14.9
2026-04-12 20:31:49,CD_2,14.6,6.06,14.8,8.91,18.0,15.1
2026-04-12 20:31:49,CD_2,14.7,6.22,14.8,9.24,18.1,14.9
2026-04-12 20:31:50,CD_2,14.6,6.28,14.7,9.46,18.2,14.9
2026-04-12 20:31:50,CD_2,14.5,6.06,14.7,9.2,18.0,15.0
2026-04-12 20:31:51,CD_2,14.6,5.98,14.8,9.01,18.1,15.0
2026-04-12 20:31:51,CD_2,14.7,6.02,14.8,8.93,18.0,15.0
2026-04-12 20:32:08,CD_3,15.1,6.21,15.1,9.13,19.1,15.3
2026-04-12 20:32:09,CD_3,15.0,6.47,15.0,9.42,18.7,15.2
2026-04-12 20:32:09,CD_3,14.9,6.53,15.0,9.6,18.9,15.2
2026-04-12 20:32:10,CD_3,14.9,6.52,15.0,9.28,18.7,15.3
2026-04-12 20:32:10,CD_3,15.0,6.39,15.0,9.0,18.7,15.4
2026-04-12 20:32:10,CD_3,15.0,6.5,15.0,9.22,18.5,15.2
2026-04-12 20:32:11,CD_3,14.9,6.56,14.9,9.36,18.7,15.1
2026-04-12 20:32:11,CD_3,14.8,6.6,15.0,9.55,18.6,15.1
2026-04-12 20:32:11,CD_3,14.9,6.36,14.9,8.89,18.6,15.2
2026-04-12 20:32:12,CD_3,15.0,6.53,14.9,9.41,18.6,15.2
2026-04-12 20:32:12,CD_3,14.9,6.64,14.9,9.49,18.8,15.1
2026-04-12 20:32:12,CD_3,14.8,6.41,14.9,9.22,18.6,15.2
2026-04-12 20:32:13,CD_3,15.0,6.54,15.0,9.37,18.7,15.1
2026-04-12 20:32:13,CD_3,14.9,6.63,14.9,9.56,18.4,15.1
2026-04-12 20:32:13,CD_3,14.8,6.4,14.9,9.05,18.5,15.2
2026-04-12 20:32:14,CD_3,15.0,6.47,15.0,9.04,18.6,15.2
2026-04-12 20:32:14,CD_3,15.0,6.49,15.0,8.94,18.5,15.3
2026-04-12 20:32:15,CD_3,15.0,6.28,15.0,8.93,18.5,15.3
2026-04-12 20:32:15,CD_3,15.0,6.5,14.9,8.73,18.4,15.3
2026-04-12 20:32:15,CD_3,15.0,6.54,15.0,9.01,18.6,15.2
2026-04-12 20:32:16,CD_3,15.0,6.59,14.9,9.21,18.5,15.1
2026-04-12 20:32:16,CD_3,14.9,6.61,14.9,9.51,18.6,15.2
2026-04-12 20:32:16,CD_3,15.0,6.51,14.9,9.06,18.6,15.2
2026-04-12 20:32:17,CD_3,15.0,6.49,15.0,8.9,18.4,15.3
2026-04-12 20:32:17,CD_3,15.0,6.52,15.0,9.11,18.6,15.2
2026-04-12 20:32:17,CD_3,14.8,6.58,14.9,9.14,18.5,15.1
2026-04-12 20:32:18,CD_3,14.8,6.62,14.9,9.35,18.5,15.1
2026-04-12 20:32:18,CD_3,14.8,6.61,14.9,9.57,18.4,15.1
2026-04-12 20:32:18,CD_3,14.8,6.7,14.9,9.21,18.5,15.2
2026-04-12 20:32:19,CD_3,15.0,6.32,15.0,8.78,18.5,15.2
2026-04-12 20:32:19,CD_3,14.9,6.38,15.0,8.83,18.4,15.3
2026-04-12 20:32:20,CD_3,15.0,6.5,15.0,8.78,18.4,15.3
2026-04-12 20:32:20,CD_3,15.0,6.45,15.0,8.73,18.5,15.3
2026-04-12 20:32:20,CD_3,15.0,6.49,15.0,9.02,17.9,15.2
2026-04-12 20:32:21,CD_3,14.9,6.56,15.0,9.18,18.6,15.1
2026-04-12 20:32:21,CD_3,14.9,6.66,14.9,9.35,18.5,15.1
2026-04-12 20:32:21,CD_3,14.8,6.63,14.9,9.42,18.4,15.1
2026-04-12 20:32:22,CD_3,14.8,6.71,14.9,9.51,18.5,15.0
2026-04-12 20:32:22,CD_3,14.8,6.66,14.9,9.49,18.3,15.0
2026-04-12 20:32:22,CD_3,14.8,6.66,14.9,9.55,18.4,15.1
2026-04-12 20:32:23,CD_3,14.8,6.46,14.9,9.21,18.5,15.1
2026-04-12 20:32:23,CD_3,14.9,6.59,14.9,8.99,18.4,15.2
2026-04-12 20:32:23,CD_3,15.0,6.4,15.0,8.71,18.5,15.3
2026-04-12 20:32:24,CD_3,15.0,6.56,14.9,8.8,18.6,15.3
2026-04-12 20:32:24,CD_3,15.0,6.49,15.0,8.65,18.4,15.3
2026-04-12 20:32:25,CD_3,15.1,6.42,15.0,8.67,18.3,15.2
2026-04-12 20:32:25,CD_3,14.9,6.56,15.0,9.12,18.3,15.1
2026-04-12 20:32:25,CD_3,14.9,6.59,14.9,9.24,18.3,15.1
2026-04-12 20:32:26,CD_3,14.8,6.59,14.9,9.32,18.6,15.1
2026-04-12 20:32:26,CD_3,14.8,6.71,14.9,9.53,18.5,15.1
2026-04-12 20:32:26,CD_3,14.9,6.8,14.9,9.4,18.4,15.0
2026-04-12 20:32:27,CD_3,14.9,6.72,14.9,9.61,18.1,15.1
2026-04-12 20:32:27,CD_3,14.8,6.52,14.9,9.1,18.5,15.2
2026-04-12 20:32:27,CD_3,14.9,6.69,15.0,9.07,18.4,15.1
2026-04-12 20:32:28,CD_3,14.8,6.54,14.9,8.98,18.3,15.2
2026-04-12 20:32:28,CD_3,14.9,6.45,15.0,8.89,18.4,15.2
2026-04-12 20:32:29,CD_3,15.0,6.35,15.0,8.72,18.3,15.2
2026-04-12 20:32:29,CD_3,14.8,6.66,14.8,9.04,18.3,15.3
2026-04-12 20:32:29,CD_3,15.2,6.36,15.0,8.87,18.3,15.1
2026-04-12 20:32:30,CD_3,14.7,6.49,14.8,8.64,18.5,15.3
2026-04-12 20:32:30,CD_3,15.2,6.51,15.0,8.75,18.4,15.2
2026-04-12 20:32:30,CD_3,14.8,6.35,14.9,8.7,18.3,15.2
2026-04-12 20:32:31,CD_3,15.0,6.57,15.0,8.98,18.4,15.2
2026-04-12 20:32:31,CD_3,15.0,6.39,14.9,8.91,18.3,15.2
2026-04-12 20:32:31,CD_3,14.9,6.44,14.9,8.9,18.3,15.2
2026-04-12 20:32:32,CD_3,14.9,6.65,14.9,9.33,18.5,15.0
2026-04-12 20:32:32,CD_3,14.9,6.67,14.9,8.91,18.2,15.2
2026-04-12 20:32:32,CD_3,15.0,6.55,15.0,9.04,18.4,15.1
2026-04-12 20:32:33,CD_3,14.8,6.69,14.8,9.3,18.5,15.1
2026-04-12 20:32:33,CD_3,15.0,6.52,14.9,9.07,18.2,15.1
2026-04-12 20:32:34,CD_3,14.8,6.54,14.9,8.94,18.4,15.2
2026-04-12 20:32:34,CD_3,15.0,6.39,14.9,8.65,18.0,15.2
2026-04-12 20:32:34,CD_3,14.9,6.47,14.9,8.59,18.5,15.2
2026-04-12 20:32:35,CD_3,15.0,6.57,15.0,8.98,18.3,15.1
2026-04-12 20:32:35,CD_3,14.9,6.53,14.9,8.92,18.4,15.1
2026-04-12 20:32:35,CD_3,15.0,6.43,14.9,8.65,18.0,15.2
2026-04-12 20:32:36,CD_3,14.9,6.56,14.9,9.03,18.3,15.1
2026-04-12 20:32:36,CD_3,14.9,6.61,14.9,9.22,18.4,15.1
2026-04-12 20:32:36,CD_3,14.8,6.39,14.9,8.96,18.2,15.2
2026-04-12 20:32:37,CD_3,14.9,6.5,14.9,8.68,18.3,15.2
2026-04-12 20:32:37,CD_3,15.0,6.52,14.9,8.96,18.4,15.1
2026-04-12 20:32:37,CD_3,14.8,6.56,14.9,9.26,18.2,15.0
2026-04-12 20:32:38,CD_3,14.8,6.65,14.9,9.28,18.4,15.1
2026-04-12 20:32:38,CD_3,14.8,6.64,14.9,9.44,18.3,15.0
2026-04-12 20:32:39,CD_3,14.8,6.71,14.9,9.53,18.4,15.0
2026-04-12 20:32:39,CD_3,14.8,6.67,14.9,9.47,18.4,15.0
2026-04-12 20:32:39,CD_3,14.8,6.39,14.9,9.16,18.4,15.1
2026-04-12 20:32:40,CD_3,14.9,6.39,14.9,8.89,18.2,15.2
2026-04-12 20:32:40,CD_3,14.9,6.41,14.9,8.86,18.4,15.2
2026-04-12 20:32:40,CD_3,15.0,6.51,14.9,8.59,18.2,15.2
2026-04-12 20:32:41,CD_3,15.0,6.43,14.9,8.59,18.3,15.1
2026-04-12 20:32:41,CD_3,14.9,6.35,14.9,8.79,18.3,15.3
2026-04-12 20:32:41,CD_3,15.0,6.46,14.9,8.68,18.1,15.2
2026-04-12 20:32:42,CD_3,15.0,6.52,14.9,8.81,18.5,15.1
2026-04-12 20:32:42,CD_3,14.9,6.53,15.0,8.77,18.4,15.2
2026-04-12 20:32:43,CD_3,15.0,6.65,14.8,9.03,18.3,15.2
2026-04-12 20:32:43,CD_3,14.9,6.63,15.0,9.32,18.3,15.1
2026-04-12 20:32:43,CD_3,14.9,6.71,14.9,9.26,18.5,15.0
2026-04-12 20:32:44,CD_3,14.8,6.64,15.0,9.01,18.4,15.3
2026-04-12 20:32:44,CD_3,15.0,6.63,14.9,9.18,18.4,15.0
2026-04-12 20:32:44,CD_3,14.9,6.64,14.9,9.47,18.3,15.1
2026-04-12 20:32:45,CD_3,14.9,6.44,15.0,9.07,18.3,15.2
2026-04-12 20:32:45,CD_3,15.0,6.63,14.9,8.86,18.4,15.2
2026-04-12 20:32:45,CD_3,15.0,6.58,15.0,8.69,18.3,15.3
2026-04-12 20:32:46,CD_3,15.0,6.57,14.9,8.52,18.4,15.2
2026-04-12 20:32:46,CD_3,15.1,6.54,15.0,8.58,18.4,15.2
2026-04-12 20:32:46,CD_3,15.0,6.49,15.0,8.53,18.3,15.3
2026-04-12 20:32:47,CD_3,15.0,6.57,15.0,8.92,18.4,15.2
2026-04-12 20:32:47,CD_3,14.9,6.6,14.9,9.14,18.5,15.1
2026-04-12 20:32:48,CD_3,14.9,6.47,15.0,8.98,18.4,15.2
2026-04-12 20:32:48,CD_3,15.0,6.6,14.9,9.03,18.4,15.1
2026-04-12 20:32:48,CD_3,14.9,6.64,14.9,9.37,18.4,15.1
2026-04-12 20:32:49,CD_3,14.9,6.65,14.9,9.3,18.5,15.1
2026-04-12 20:32:49,CD_3,14.9,6.45,14.9,9.12,18.3,15.2
2026-04-12 20:32:49,CD_3,15.0,6.65,14.9,9.26,18.4,15.1
2026-04-12 20:32:50,CD_3,14.8,6.5,14.9,9.12,18.2,15.2
2026-04-12 20:32:50,CD_3,15.0,6.62,15.0,9.13,18.4,15.1
2026-04-12 20:32:50,CD_3,14.8,6.35,14.9,8.9,18.4,15.2
2026-04-12 20:32:51,CD_3,15.0,6.62,14.9,9.11,18.5,15.1
2026-04-12 20:32:51,CD_3,14.9,6.53,14.9,9.02,18.4,15.2
2026-04-12 20:32:51,CD_3,15.0,6.57,15.0,8.68,18.3,15.2
2026-04-12 20:32:52,CD_3,15.0,6.61,14.9,8.9,18.3,15.1
2026-04-12 20:32:52,CD_3,14.9,6.57,14.9,8.76,18.3,15.2
2026-04-12 20:32:53,CD_3,15.0,6.47,14.9,8.69,18.4,15.2
2026-04-12 20:32:53,CD_3,15.0,6.54,14.9,8.99,18.3,15.2
2026-04-12 20:32:53,CD_3,14.9,6.64,14.9,9.21,18.5,15.1
2026-04-12 20:32:54,CD_3,14.8,6.7,14.9,9.28,18.2,15.0
2026-04-12 20:32:54,CD_3,14.9,6.56,14.9,8.97,18.4,15.2
2026-04-12 20:32:54,CD_3,15.0,6.69,14.9,9.2,18.4,15.0
2026-04-12 20:32:55,CD_3,14.8,6.4,14.9,9.01,18.3,15.3
2026-04-12 20:32:55,CD_3,15.1,6.55,14.9,8.84,18.5,15.2
2026-04-12 20:32:55,CD_3,15.0,6.51,14.9,8.63,18.3,15.3
2026-04-12 20:32:56,CD_3,15.0,6.55,15.0,9.05,18.5,15.2
2026-04-12 20:32:56,CD_3,15.0,6.36,14.9,8.88,18.2,15.2
2026-04-12 20:32:56,CD_3,15.0,6.63,14.9,9.0,18.3,15.1
2026-04-12 20:32:57,CD_3,14.9,6.42,15.0,8.74,18.3,15.2
2026-04-12 20:32:57,CD_3,15.0,6.62,14.9,9.08,18.4,15.1
2026-04-12 20:32:58,CD_3,14.9,6.59,15.0,8.84,18.3,15.1
2026-04-12 20:32:58,CD_3,14.9,6.56,14.9,8.72,18.4,15.2
2026-04-12 20:32:58,CD_3,15.0,6.39,14.9,8.69,18.3,15.2
2026-04-12 20:32:59,CD_3,14.9,6.34,15.0,8.67,18.4,15.3
2026-04-12 20:32:59,CD_3,15.0,6.51,14.9,8.55,18.3,15.2
2026-04-12 20:32:59,CD_3,15.0,6.51,15.0,8.46,18.3,15.3
2026-04-12 20:33:00,CD_3,15.1,6.54,14.9,8.85,18.4,15.2
2026-04-12 20:33:00,CD_3,14.9,6.57,14.9,9.22,18.3,15.1
2026-04-12 20:33:00,CD_3,14.9,6.39,14.9,8.91,18.4,15.2
2026-04-12 20:33:01,CD_3,14.9,6.52,15.0,8.66,18.4,15.2
2026-04-12 20:33:01,CD_3,15.0,6.59,14.9,8.83,18.3,15.1
2026-04-12 20:33:02,CD_3,14.8,6.41,14.9,8.84,18.2,15.2
2026-04-12 20:33:02,CD_3,15.0,6.47,15.0,8.61,18.3,15.2
2026-04-12 20:33:02,CD_3,15.0,6.45,14.9,8.59,18.4,15.3
2026-04-12 20:33:03,CD_3,15.0,6.56,14.9,8.88,18.3,15.1
2026-04-12 20:33:03,CD_3,14.9,6.57,14.9,8.97,18.2,15.1
2026-04-12 20:33:03,CD_3,14.9,6.5,14.9,8.74,18.2,15.1
2026-04-12 20:33:04,CD_3,15.0,6.49,14.9,8.46,18.2,15.2
2026-04-12 20:33:04,CD_3,15.0,6.51,14.9,8.28,18.3,15.2
2026-04-12 20:33:04,CD_3,15.0,6.42,14.9,8.45,18.2,15.3
2026-04-12 20:33:05,CD_3,15.0,6.54,14.9,8.81,18.4,15.1
2026-04-12 20:33:05,CD_3,14.9,6.61,14.9,9.2,18.5,15.1
2026-04-12 20:33:05,CD_3,14.8,6.64,14.9,9.27,18.3,15.1
2026-04-12 20:33:06,CD_3,14.8,6.64,14.9,9.09,18.4,15.0
2026-04-12 20:33:06,CD_3,14.8,6.27,14.9,8.98,18.2,15.2
2026-04-12 20:33:07,CD_3,15.0,6.62,14.9,9.08,18.3,15.1
2026-04-12 20:33:07,CD_3,14.8,6.67,14.9,9.42,18.1,15.0
2026-04-12 20:33:07,CD_3,14.8,6.44,14.9,8.98,18.3,15.2
2026-04-12 20:33:08,CD_3,15.0,6.64,14.9,9.23,18.3,15.1
2026-04-12 20:33:08,CD_3,14.9,6.7,14.9,9.26,18.5,15.0
2026-04-12 20:33:08,CD_3,14.8,6.69,14.9,9.54,18.4,15.0
2026-04-12 20:33:09,CD_3,14.8,6.46,14.9,9.11,18.3,15.1
2026-04-12 20:33:09,CD_3,14.9,6.59,14.9,8.83,18.4,15.2
2026-04-12 20:33:09,CD_3,15.0,6.51,14.9,8.57,18.1,15.1
2026-04-12 20:33:10,CD_3,14.9,6.55,14.9,8.64,18.4,15.2
2026-04-12 20:33:10,CD_3,15.0,6.42,14.9,8.74,18.4,15.2
2026-04-12 20:33:11,CD_3,14.9,6.58,14.9,9.06,18.4,15.1
2026-04-12 20:33:11,CD_3,14.9,6.35,14.9,8.84,18.4,15.2
2026-04-12 20:33:11,CD_3,15.0,6.53,14.9,8.55,18.3,15.2
2026-04-12 20:33:12,CD_3,15.0,6.58,14.9,8.74,18.1,15.1
2026-04-12 20:33:12,CD_3,14.9,6.34,14.9,8.75,18.3,15.2
2026-04-12 20:33:12,CD_3,15.0,6.57,14.9,9.02,18.4,15.1
2026-04-12 20:33:13,CD_3,14.9,6.63,14.9,9.16,18.3,15.1
2026-04-12 20:33:13,CD_3,14.8,6.72,14.9,9.22,18.4,15.0
2026-04-12 20:33:13,CD_3,14.8,6.72,14.9,9.28,18.3,15.0
2026-04-12 20:33:14,CD_3,14.8,6.72,14.9,9.43,18.4,15.0
2026-04-12 20:33:14,CD_3,14.8,6.69,14.9,9.57,18.1,15.0
2026-04-12 20:33:14,CD_3,14.8,6.76,14.9,9.55,18.3,15.0
2026-04-12 20:33:15,CD_3,14.8,6.43,14.9,9.05,18.4,15.1
2026-04-12 20:33:15,CD_3,14.9,6.48,14.9,8.83,18.2,15.1
2026-04-12 20:33:16,CD_3,14.9,6.57,14.9,8.74,18.1,15.1
2026-04-12 20:33:16,CD_3,14.9,6.57,14.9,8.74,18.2,15.2
2026-04-12 20:33:16,CD_3,15.0,6.19,14.9,8.77,18.4,15.2
2026-04-12 20:33:17,CD_3,15.0,6.56,14.9,9.01,18.1,15.1
2026-04-12 20:33:17,CD_3,14.9,6.6,14.8,9.08,18.3,15.1
2026-04-12 20:33:17,CD_3,14.8,6.63,15.0,8.85,18.3,15.2
2026-04-12 20:33:18,CD_3,15.0,6.59,14.9,8.92,18.4,15.1
2026-04-12 20:33:18,CD_3,14.9,6.37,14.9,8.99,18.1,15.2
2026-04-12 20:33:18,CD_3,15.0,6.5,14.9,8.68,18.3,15.1
2026-04-12 20:33:19,CD_3,15.1,6.49,15.1,8.57,18.3,15.2
2026-04-12 20:33:19,CD_3,14.7,6.48,14.9,8.29,18.5,15.3
2026-04-12 20:33:19,CD_3,15.1,6.62,14.9,8.98,18.1,15.0
2026-04-12 20:33:20,CD_3,14.9,6.5,15.0,8.82,18.3,15.3
2026-04-12 20:33:34,CD_4,15.1,5.99,15.1,8.91,18.9,15.3
2026-04-12 20:33:35,CD_4,14.9,6.12,15.0,9.19,18.6,15.2
2026-04-12 20:33:35,CD_4,14.8,6.16,15.0,9.24,18.8,15.2
2026-04-12 20:33:35,CD_4,14.8,6.17,15.0,9.09,18.6,15.3
2026-04-12 20:33:36,CD_4,14.9,6.15,15.0,9.13,18.3,15.2
2026-04-12 20:33:36,CD_4,14.8,6.27,15.0,9.33,18.4,15.2
2026-04-12 20:33:36,CD_4,14.7,6.23,15.0,8.89,18.5,15.3
2026-04-12 20:33:37,CD_4,14.9,6.2,15.0,9.08,18.5,15.2
2026-04-12 20:33:37,CD_4,14.7,6.32,15.0,9.3,18.5,15.1
2026-04-12 20:33:37,CD_4,14.7,6.36,14.9,9.48,18.4,15.1
2026-04-12 20:33:38,CD_4,14.7,5.95,15.0,9.16,18.5,15.2
2026-04-12 20:33:38,CD_4,14.8,6.3,14.9,9.35,18.3,15.2
2026-04-12 20:33:39,CD_4,14.7,6.28,15.0,9.04,18.6,15.2
2026-04-12 20:33:39,CD_4,14.9,6.23,14.9,9.3,18.3,15.2
2026-04-12 20:33:39,CD_4,14.7,6.25,15.0,9.13,18.5,15.1
2026-04-12 20:33:40,CD_4,14.7,6.21,14.9,8.94,18.3,15.2
2026-04-12 20:33:40,CD_4,14.8,6.16,15.1,8.75,18.3,15.3
2026-04-12 20:33:40,CD_4,14.7,6.2,14.7,8.52,18.1,15.2
2026-04-12 20:33:41,CD_4,15.0,6.09,15.3,8.74,18.5,15.3
2026-04-12 20:33:41,CD_4,14.9,6.23,14.9,8.8,18.3,15.0
2026-04-12 20:33:41,CD_4,14.5,5.86,15.1,8.98,18.4,15.6
2026-04-12 20:33:42,CD_4,15.0,6.1,14.9,8.58,18.4,15.1
2026-04-12 20:33:42,CD_4,14.7,6.2,14.9,8.89,18.4,15.4
2026-04-12 20:33:42,CD_4,14.7,6.26,15.1,9.22,18.3,15.0
2026-04-12 20:33:43,CD_4,14.7,6.09,14.8,8.89,18.5,15.3
2026-04-12 20:33:43,CD_4,14.9,6.27,15.1,9.22,18.4,15.1
2026-04-12 20:33:44,CD_4,14.7,6.09,14.8,8.82,18.4,15.3
2026-04-12 20:33:44,CD_4,14.8,6.28,15.0,9.17,18.3,15.1
2026-04-12 20:33:44,CD_4,14.7,6.04,14.9,8.89,18.3,15.1
2026-04-12 20:33:45,CD_4,14.7,6.36,15.0,9.2,18.2,15.1
2026-04-12 20:33:45,CD_4,14.6,6.02,14.9,8.88,18.6,15.1
2026-04-12 20:33:45,CD_4,14.8,6.28,14.9,9.19,18.2,15.1
2026-04-12 20:33:46,CD_4,14.7,6.32,14.9,9.25,18.3,15.0
2026-04-12 20:33:46,CD_4,14.7,6.31,14.9,8.69,18.1,15.1
2026-04-12 20:33:46,CD_4,14.7,6.19,15.0,8.95,18.4,15.2
2026-04-12 20:33:47,CD_4,14.9,6.31,14.9,9.12,18.3,15.1
2026-04-12 20:33:47,CD_4,14.7,6.29,15.0,9.33,18.2,15.1
2026-04-12 20:33:48,CD_4,14.7,6.0,14.9,9.03,18.4,15.2
2026-04-12 20:33:48,CD_4,14.8,6.3,15.0,8.78,18.2,15.2
2026-04-12 20:33:48,CD_4,14.8,6.24,14.9,9.04,18.3,15.1
2026-04-12 20:33:49,CD_4,14.7,6.35,14.9,9.16,18.2,15.1
2026-04-12 20:33:49,CD_4,14.7,6.36,14.9,9.46,18.3,15.0
2026-04-12 20:33:49,CD_4,14.7,6.37,14.9,9.54,18.1,15.1
2026-04-12 20:33:50,CD_4,14.6,6.38,14.9,9.52,18.3,15.0
2026-04-12 20:33:50,CD_4,14.7,6.4,14.9,9.47,18.2,15.0
2026-04-12 20:33:50,CD_4,14.6,6.41,14.9,9.43,18.0,15.0
2026-04-12 20:33:51,CD_4,14.6,6.41,14.9,9.52,18.2,15.0
2026-04-12 20:33:51,CD_4,14.6,6.41,14.9,9.7,18.3,15.0
2026-04-12 20:33:51,CD_4,14.6,6.47,14.9,9.05,18.2,15.1
2026-04-12 20:33:52,CD_4,14.8,6.18,14.9,8.98,18.0,15.2
2026-04-12 20:33:52,CD_4,14.7,6.34,14.9,9.23,18.1,15.0
2026-04-12 20:33:52,CD_4,14.7,6.35,14.9,9.41,18.1,15.0
2026-04-12 20:33:53,CD_4,14.7,6.34,14.9,9.42,18.3,15.0
2026-04-12 20:33:53,CD_4,14.6,6.4,14.9,9.48,18.3,15.1
2026-04-12 20:33:54,CD_4,14.7,6.03,14.9,9.07,18.2,15.1
2026-04-12 20:33:54,CD_4,14.7,6.33,14.9,9.26,18.1,15.1
2026-04-12 20:33:54,CD_4,14.7,6.12,14.9,8.93,18.3,15.2
2026-04-12 20:33:55,CD_4,14.8,6.34,14.9,9.14,18.2,15.1
2026-04-12 20:33:55,CD_4,14.7,6.04,14.9,8.88,18.2,15.2
2026-04-12 20:33:55,CD_4,14.8,6.31,14.9,8.71,17.9,15.1
2026-04-12 20:33:56,CD_4,14.7,6.28,14.9,9.22,18.1,15.1
2026-04-12 20:33:56,CD_4,14.7,6.41,14.9,9.29,18.4,15.0
2026-04-12 20:33:56,CD_4,14.7,6.34,14.9,8.81,18.2,15.2
2026-04-12 20:33:57,CD_4,14.8,6.28,14.9,8.58,18.2,15.1
2026-04-12 20:33:57,CD_4,14.7,6.16,14.9,8.82,18.1,15.2
2026-04-12 20:33:57,CD_4,14.8,6.11,14.9,8.52,18.0,15.2
2026-04-12 20:33:58,CD_4,14.8,6.26,15.0,8.85,18.3,15.1
2026-04-12 20:33:58,CD_4,14.7,6.33,14.9,9.06,18.2,15.1
2026-04-12 20:33:59,CD_4,14.7,6.11,14.9,8.78,18.2,15.2
2026-04-12 20:33:59,CD_4,14.8,6.19,14.9,8.65,18.3,15.2
2026-04-12 20:33:59,CD_4,14.8,6.27,14.9,8.65,18.0,15.2
2026-04-12 20:34:00,CD_4,14.8,6.23,14.9,8.85,18.1,15.1
2026-04-12 20:34:00,CD_4,14.7,6.33,14.9,9.13,18.3,15.1
2026-04-12 20:34:00,CD_4,14.7,6.35,14.9,9.31,18.2,15.1
2026-04-12 20:34:01,CD_4,14.7,6.43,14.9,9.25,18.3,15.1
2026-04-12 20:34:01,CD_4,14.7,6.39,14.9,9.48,18.1,15.0
2026-04-12 20:34:01,CD_4,14.6,6.47,14.9,9.31,18.4,15.0
2026-04-12 20:34:02,CD_4,14.6,6.36,14.9,9.55,18.2,15.0
2026-04-12 20:34:02,CD_4,14.6,6.45,14.9,9.49,18.2,15.0
2026-04-12 20:34:02,CD_4,14.6,6.04,14.9,8.98,17.9,15.0
2026-04-12 20:34:03,CD_4,14.7,6.2,14.9,8.83,18.2,15.2
2026-04-12 20:34:03,CD_4,14.7,6.31,14.9,9.06,18.2,15.1
2026-04-12 20:34:04,CD_4,14.7,6.32,14.9,8.89,18.3,15.2
2026-04-12 20:34:04,CD_4,14.8,6.32,14.9,9.08,18.0,15.1
2026-04-12 20:34:04,CD_4,14.7,6.39,14.9,9.32,18.4,15.0
2026-04-12 20:34:05,CD_4,14.7,6.21,14.9,8.94,18.3,15.2
2026-04-12 20:34:05,CD_4,14.8,6.27,14.9,8.68,18.2,15.2
2026-04-12 20:34:05,CD_4,14.8,6.31,14.9,9.1,17.9,15.1
2026-04-12 20:34:06,CD_4,14.7,6.32,14.9,9.19,18.3,15.1
2026-04-12 20:34:06,CD_4,14.7,6.18,14.9,8.99,18.2,15.2
2026-04-12 20:34:06,CD_4,14.8,6.3,14.9,9.01,18.2,15.1
2026-04-12 20:34:07,CD_4,14.7,6.39,14.9,9.38,18.2,15.0
2026-04-12 20:34:07,CD_4,14.7,6.18,14.9,9.07,18.3,15.2
2026-04-12 20:34:07,CD_4,14.8,6.36,14.9,9.13,18.2,15.1
2026-04-12 20:34:08,CD_4,14.7,6.08,14.9,8.82,18.1,15.1
2026-04-12 20:34:08,CD_4,14.7,6.2,14.9,8.81,18.1,15.1
2026-04-12 20:34:09,CD_4,14.7,6.1,14.9,8.76,18.1,15.2
2026-04-12 20:34:09,CD_4,14.8,6.31,14.9,8.96,18.2,15.1
2026-04-12 20:34:09,CD_4,14.7,6.07,14.9,8.92,18.2,15.2
2026-04-12 20:34:10,CD_4,14.8,6.3,14.9,9.11,18.3,15.1
2026-04-12 20:34:10,CD_4,14.7,6.39,14.9,8.79,18.0,15.2
2026-04-12 20:34:10,CD_4,14.8,6.28,14.9,8.94,18.3,15.1
2026-04-12 20:34:11,CD_4,14.7,6.34,14.9,9.19,18.2,15.0
2026-04-12 20:34:11,CD_4,14.6,6.41,14.9,9.29,18.3,15.0
2026-04-12 20:34:11,CD_4,14.6,6.36,14.9,9.41,18.3,15.0
2026-04-12 20:34:12,CD_4,14.6,6.39,14.9,9.34,18.2,15.0
2026-04-12 20:34:12,CD_4,14.6,6.19,14.9,9.09,18.2,15.1
2026-04-12 20:34:12,CD_4,14.7,6.33,14.9,8.98,18.4,15.2
2026-04-12 20:34:13,CD_4,14.8,6.32,14.9,9.01,18.0,15.1
2026-04-12 20:34:13,CD_4,14.7,6.1,14.9,8.76,18.2,15.1
2026-04-12 20:34:14,CD_4,14.8,6.12,14.9,8.63,18.3,15.3
2026-04-12 20:34:14,CD_4,14.8,6.15,14.9,8.53,18.1,15.2
2026-04-12 20:34:14,CD_4,14.9,6.22,14.9,8.93,18.3,15.1
2026-04-12 20:34:15,CD_4,14.7,6.2,14.9,8.67,18.1,15.2
2026-04-12 20:34:15,CD_4,14.9,6.11,15.0,8.53,18.2,15.3
2026-04-12 20:34:15,CD_4,14.8,6.23,14.9,8.83,18.3,15.1
2026-04-12 20:34:16,CD_4,14.7,6.33,14.9,8.91,18.3,15.1
2026-04-12 20:34:16,CD_4,14.6,6.36,14.9,9.28,18.1,15.1
2026-04-12 20:34:16,CD_4,14.7,6.26,14.9,9.1,18.3,15.2
2026-04-12 20:34:17,CD_4,14.7,6.3,14.9,9.27,18.1,15.1
2026-04-12 20:34:17,CD_4,14.7,6.37,14.9,9.4,18.3,15.0
2026-04-12 20:34:17,CD_4,14.6,6.13,14.9,9.0,18.2,15.2
2026-04-12 20:34:18,CD_4,14.8,6.27,14.9,8.75,18.2,15.2
2026-04-12 20:34:18,CD_4,14.8,6.14,15.0,8.64,18.3,15.2
2026-04-12 20:34:19,CD_4,14.8,6.08,14.9,8.57,18.2,15.3
2026-04-12 20:34:19,CD_4,14.9,6.19,15.0,8.44,18.3,15.3
2026-04-12 20:34:19,CD_4,14.9,6.24,14.9,8.89,18.1,15.1
2026-04-12 20:34:20,CD_4,14.8,6.09,14.9,8.64,18.2,15.3
2026-04-12 20:34:20,CD_4,14.9,6.22,15.0,8.54,18.2,15.3
2026-04-12 20:34:20,CD_4,14.8,6.22,15.0,8.23,18.1,15.3
2026-04-12 20:34:21,CD_4,14.9,6.01,15.0,8.45,18.2,15.3
2026-04-12 20:34:21,CD_4,14.8,6.18,15.0,8.33,18.3,15.3
2026-04-12 20:34:21,CD_4,14.9,6.18,14.9,8.69,18.2,15.2
2026-04-12 20:34:22,CD_4,14.7,6.27,14.9,9.01,18.2,15.1
2026-04-12 20:34:22,CD_4,14.8,6.33,14.9,9.04,18.3,15.1
2026-04-12 20:34:23,CD_4,14.7,5.93,14.9,8.91,18.3,15.2
2026-04-12 20:34:23,CD_4,14.8,6.26,14.9,8.82,18.0,15.1
2026-04-12 20:34:23,CD_4,14.7,6.34,14.9,9.24,18.2,15.1
2026-04-12 20:34:24,CD_4,14.7,6.4,14.9,8.97,18.3,15.2
2026-04-12 20:34:24,CD_4,14.7,6.19,15.0,8.78,17.8,15.0
2026-04-12 20:34:24,CD_4,15.0,6.32,14.8,8.58,18.0,15.1
2026-04-12 20:34:25,CD_4,14.5,6.15,15.0,8.67,18.3,15.2
2026-04-12 20:34:25,CD_4,14.8,6.06,14.8,8.59,18.4,15.2
2026-04-12 20:34:25,CD_4,14.8,6.25,15.0,8.49,18.2,15.2
2026-04-12 20:34:26,CD_4,14.9,6.08,14.9,8.51,18.3,15.2
2026-04-12 20:34:26,CD_4,14.9,6.23,14.9,8.57,18.0,15.2
2026-04-12 20:34:27,CD_4,14.9,6.26,15.0,8.27,18.3,15.3
2026-04-12 20:34:27,CD_4,14.9,6.21,14.9,8.82,18.0,15.2
2026-04-12 20:34:27,CD_4,14.7,6.36,14.9,8.95,18.3,15.0
2026-04-12 20:34:28,CD_4,14.8,6.35,14.9,9.04,18.0,15.1
2026-04-12 20:34:28,CD_4,14.6,6.0,14.9,8.84,18.3,15.2
2026-04-12 20:34:28,CD_4,15.0,6.22,14.9,8.64,18.2,15.2
2026-04-12 20:34:29,CD_4,14.8,6.28,14.9,8.96,18.1,15.1
2026-04-12 20:34:29,CD_4,14.7,6.38,14.9,9.14,18.4,15.0
2026-04-12 20:34:29,CD_4,14.7,6.11,14.9,8.72,18.0,15.1
2026-04-12 20:34:30,CD_4,14.7,6.37,14.9,9.01,18.2,15.0
2026-04-12 20:34:30,CD_4,14.7,6.24,14.9,8.61,18.1,15.1
2026-04-12 20:34:30,CD_4,14.7,6.17,14.9,8.5,18.2,15.2
2026-04-12 20:34:31,CD_4,14.9,6.23,14.9,8.58,18.1,15.1
2026-04-12 20:34:31,CD_4,14.7,6.18,15.0,8.72,18.2,15.1
2026-04-12 20:34:32,CD_4,14.8,6.18,14.9,8.63,18.3,15.2
2026-04-12 20:34:32,CD_4,14.8,6.23,14.9,8.45,17.7,15.2
2026-04-12 20:34:32,CD_4,14.8,6.27,14.9,8.84,18.0,15.1
2026-04-12 20:34:33,CD_4,14.7,6.16,14.9,8.59,18.3,15.2
2026-04-12 20:34:33,CD_4,14.8,6.25,14.9,8.53,18.1,15.2
2026-04-12 20:34:33,CD_4,14.9,6.11,14.9,8.39,18.1,15.2
2026-04-12 20:34:34,CD_4,14.8,6.15,14.9,8.39,18.2,15.2
2026-04-12 20:34:34,CD_4,14.9,6.26,14.9,8.72,18.2,15.1
2026-04-12 20:34:34,CD_4,14.7,6.07,14.9,8.61,18.2,15.2
2026-04-12 20:34:35,CD_4,14.8,6.32,14.9,8.85,18.2,15.1
2026-04-12 20:34:35,CD_4,14.7,6.39,14.9,9.14,18.2,15.0
2026-04-12 20:34:36,CD_4,14.7,6.14,14.9,8.81,18.1,15.2
2026-04-12 20:34:36,CD_4,14.8,6.26,14.9,8.4,18.2,15.2
2026-04-12 20:34:36,CD_4,14.8,6.06,14.9,8.43,18.0,15.2
2026-04-12 20:34:37,CD_4,14.8,6.11,14.9,8.38,18.2,15.2
2026-04-12 20:34:37,CD_4,14.9,6.1,14.9,8.43,18.1,15.2
2026-04-12 20:34:37,CD_4,14.9,6.23,14.9,8.57,18.2,15.2
2026-04-12 20:34:38,CD_4,14.8,6.24,14.9,8.77,18.3,15.1
2026-04-12 20:34:38,CD_4,14.7,6.35,14.9,8.98,18.2,15.1
2026-04-12 20:34:38,CD_4,14.7,6.33,14.9,9.01,17.9,15.0
2026-04-12 20:34:39,CD_4,14.7,6.4,14.9,9.14,18.2,15.0
2026-04-12 20:34:39,CD_4,14.7,6.12,14.9,8.93,18.1,15.1
2026-04-12 20:34:39,CD_4,14.8,6.17,14.9,8.48,18.3,15.2
2026-04-12 20:34:40,CD_4,14.8,6.11,14.9,8.55,18.2,15.2
2026-04-12 20:34:40,CD_4,14.8,6.27,14.9,8.44,18.2,15.2
2026-04-12 20:34:41,CD_4,14.9,6.21,14.9,8.73,18.3,15.1
2026-04-12 20:34:41,CD_4,14.7,6.33,14.9,9.04,17.8,15.0
2026-04-12 20:34:41,CD_4,14.7,6.32,14.9,9.2,18.2,15.0
2026-04-12 20:34:42,CD_4,14.7,6.43,14.9,8.75,18.1,15.1
2026-04-12 20:34:42,CD_4,14.8,6.17,14.9,8.41,18.2,15.2
2026-04-12 20:34:42,CD_4,14.8,6.08,14.9,8.45,18.1,15.2
2026-04-12 20:34:43,CD_4,14.8,6.22,14.9,8.43,18.2,15.2
2026-04-12 20:34:43,CD_4,14.9,6.05,14.9,8.44,18.3,15.2
2026-04-12 20:34:43,CD_4,14.9,6.2,14.9,8.34,18.2,15.3
2026-04-12 20:34:44,CD_4,14.9,6.21,14.9,8.38,18.2,15.2
2026-04-12 20:34:44,CD_4,14.9,6.07,14.9,8.4,18.0,15.3
2026-04-12 20:34:45,CD_4,14.9,6.14,14.9,8.3,18.3,15.3
2026-04-12 20:34:45,CD_4,14.9,6.19,14.9,8.69,18.1,15.1
2026-04-12 20:34:45,CD_4,14.8,6.31,14.9,8.92,18.3,15.1
2026-04-12 20:34:46,CD_4,14.7,6.31,14.9,8.97,18.1,15.0
