Timestamp,Label,V_AD,V_AB,V_BC,V_CD,V_AC,V_BD
2026-04-12 20:43:59,AB_1,13.2,6.91,14.2,7.69,13.5,13.7
2026-04-12 20:43:59,AB_1,12.64,7.01,13.8,8.19,14.0,13.7
2026-04-12 20:44:00,AB_1,12.63,6.97,13.8,8.62,14.2,13.7
2026-04-12 20:44:00,AB_1,12.63,6.93,13.7,8.33,14.3,13.6
2026-04-12 20:44:01,AB_1,12.6,6.9,13.7,8.3,14.4,13.6
2026-04-12 20:44:01,AB_1,12.61,6.97,13.7,8.67,14.6,13.6
2026-04-12 20:44:01,AB_1,12.61,6.94,13.7,8.45,14.6,13.6
2026-04-12 20:44:02,AB_1,12.62,7.01,13.7,8.73,14.6,13.6
2026-04-12 20:44:02,AB_1,12.61,6.97,13.6,8.55,14.8,13.6
2026-04-12 20:44:02,AB_1,12.64,7.02,13.6,8.5,14.9,13.7
2026-04-12 20:44:03,AB_1,12.64,7.0,13.6,8.42,15.1,13.7
2026-04-12 20:44:03,AB_1,12.65,7.0,13.6,8.35,15.1,13.6
2026-04-12 20:44:03,AB_1,12.71,7.01,13.6,8.7,15.2,13.7
2026-04-12 20:44:04,AB_1,12.65,7.07,13.6,8.98,15.1,13.6
2026-04-12 20:44:04,AB_1,12.62,6.93,13.7,8.61,15.5,13.7
2026-04-12 20:44:04,AB_1,12.72,6.96,13.6,8.55,15.2,13.6
2026-04-12 20:44:05,AB_1,12.65,6.93,13.6,8.57,15.5,13.7
2026-04-12 20:44:05,AB_1,12.74,7.03,13.6,8.94,15.5,13.6
2026-04-12 20:44:06,AB_1,12.66,7.03,13.6,9.1,15.6,13.6
2026-04-12 20:44:06,AB_1,12.66,7.06,13.6,9.21,15.5,13.6
2026-04-12 20:44:06,AB_1,12.65,6.97,13.6,8.9,15.6,13.7
2026-04-12 20:44:07,AB_1,12.73,7.03,13.6,8.61,15.6,13.7
2026-04-12 20:44:07,AB_1,12.76,7.02,13.6,8.99,15.6,13.6
2026-04-12 20:44:07,AB_1,12.68,6.92,13.6,8.78,15.5,13.7
2026-04-12 20:44:08,AB_1,12.77,7.01,13.6,8.64,15.7,13.7
2026-04-12 20:44:08,AB_1,12.8,6.99,13.6,8.48,15.6,13.7
2026-04-12 20:44:08,AB_1,12.8,7.0,13.6,8.84,15.7,13.7
2026-04-12 20:44:09,AB_1,12.72,7.02,13.6,9.15,15.7,13.6
2026-04-12 20:44:09,AB_1,12.7,7.07,13.6,9.25,15.4,13.6
2026-04-12 20:44:09,AB_1,12.69,6.8,13.6,8.86,15.8,13.7
2026-04-12 20:44:10,AB_1,12.77,7.03,13.6,9.04,15.8,13.7
2026-04-12 20:44:10,AB_1,12.64,6.99,13.6,8.71,15.8,13.6
2026-04-12 20:44:11,AB_1,12.75,6.97,13.6,8.76,15.7,13.8
2026-04-12 20:44:11,AB_1,12.77,7.01,13.6,9.03,15.9,13.6
2026-04-12 20:44:11,AB_1,12.71,7.03,13.6,9.25,15.8,13.7
2026-04-12 20:44:12,AB_1,12.74,7.04,13.6,9.37,15.8,13.6
2026-04-12 20:44:12,AB_1,12.66,6.93,13.6,8.96,15.8,13.7
2026-04-12 20:44:12,AB_1,12.8,7.02,13.7,8.8,15.8,13.8
2026-04-12 20:44:13,AB_1,12.8,7.01,13.6,9.02,15.7,13.7
2026-04-12 20:44:13,AB_1,12.71,7.06,13.6,9.23,15.9,13.7
2026-04-12 20:44:13,AB_1,12.68,6.92,13.6,8.91,15.8,13.7
2026-04-12 20:44:14,AB_1,12.9,6.97,13.6,9.07,16.0,13.6
2026-04-12 20:44:14,AB_1,12.8,6.96,13.6,9.21,16.1,13.7
2026-04-12 20:44:14,AB_1,12.9,6.97,13.5,9.36,16.1,13.6
2026-04-12 20:44:15,AB_1,13.0,6.9,13.6,8.87,16.1,13.7
2026-04-12 20:44:15,AB_1,13.0,6.92,13.6,9.14,16.1,13.6
2026-04-12 20:44:16,AB_1,13.0,6.8,13.6,8.71,16.1,13.7
2026-04-12 20:44:16,AB_1,13.1,6.89,13.6,8.66,16.0,13.7
2026-04-12 20:44:16,AB_1,13.1,6.84,13.6,8.3,16.0,13.7
2026-04-12 20:44:17,AB_1,13.1,6.83,13.6,8.44,16.0,13.8
2026-04-12 20:44:17,AB_1,13.1,6.89,13.6,8.92,16.1,13.6
2026-04-12 20:44:17,AB_1,12.8,7.04,13.6,9.07,15.8,13.6
2026-04-12 20:44:18,AB_1,12.5,7.07,13.7,8.99,15.6,13.8
2026-04-12 20:44:18,AB_1,12.6,7.11,13.7,9.2,15.7,13.6
2026-04-12 20:44:18,AB_1,12.51,7.09,13.7,8.94,15.7,13.8
2026-04-12 20:44:19,AB_1,12.59,7.08,13.7,9.09,15.8,13.7
2026-04-12 20:44:19,AB_1,12.53,7.0,13.7,9.0,15.7,13.8
2026-04-12 20:44:19,AB_1,12.6,7.09,13.7,9.17,15.8,13.7
2026-04-12 20:44:20,AB_1,12.53,7.07,13.7,8.95,15.4,13.8
2026-04-12 20:44:20,AB_1,12.61,7.08,13.7,9.09,15.7,13.7
2026-04-12 20:44:21,AB_1,12.59,6.96,13.6,8.8,15.6,13.6
2026-04-12 20:44:21,AB_1,12.7,6.96,13.6,8.7,15.8,13.7
2026-04-12 20:44:21,AB_1,12.71,7.02,13.6,8.94,15.9,13.6
2026-04-12 20:44:22,AB_1,12.63,7.04,13.5,9.04,15.8,13.6
2026-04-12 20:44:22,AB_1,12.73,6.97,13.6,8.8,15.7,13.7
2026-04-12 20:44:22,AB_1,12.74,7.02,13.6,8.64,15.5,13.7
2026-04-12 20:44:23,AB_1,12.62,7.07,13.6,8.93,15.6,13.6
2026-04-12 20:44:23,AB_1,12.44,7.06,13.6,8.91,15.6,13.7
2026-04-12 20:44:23,AB_1,12.58,7.08,13.8,9.01,16.1,13.9
2026-04-12 20:44:24,AB_1,12.8,7.05,13.9,9.27,16.0,13.9
2026-04-12 20:44:24,AB_1,12.8,7.02,13.8,9.44,16.1,13.8
2026-04-12 20:44:24,AB_1,12.8,6.97,13.8,9.51,16.2,13.9
2026-04-12 20:44:25,AB_1,12.9,7.03,13.8,9.48,16.1,13.8
2026-04-12 20:44:25,AB_1,12.8,7.0,13.7,9.46,16.1,13.7
2026-04-12 20:44:26,AB_1,12.8,7.04,13.6,9.51,16.1,13.7
2026-04-12 20:44:26,AB_1,12.8,7.03,13.6,9.07,16.0,13.7
2026-04-12 20:44:26,AB_1,12.8,7.02,13.6,9.04,15.8,13.6
2026-04-12 20:44:27,AB_1,12.7,7.05,13.5,9.36,15.9,13.5
2026-04-12 20:44:27,AB_1,12.46,7.14,13.6,9.43,15.6,13.6
2026-04-12 20:44:27,AB_1,12.61,7.03,13.6,8.87,15.8,13.7
2026-04-12 20:44:28,AB_1,12.71,7.07,13.6,9.27,15.8,13.7
2026-04-12 20:44:28,AB_1,12.71,6.99,13.7,8.94,15.9,13.8
2026-04-12 20:44:28,AB_1,12.75,7.01,13.7,8.81,16.1,13.8
2026-04-12 20:44:29,AB_1,12.8,7.03,13.6,9.25,15.9,13.7
2026-04-12 20:44:29,AB_1,12.72,6.96,13.7,8.99,15.8,13.8
2026-04-12 20:44:29,AB_1,12.77,7.02,13.7,8.76,15.7,13.7
2026-04-12 20:44:30,AB_1,12.74,6.99,13.7,8.63,15.8,13.9
2026-04-12 20:44:30,AB_1,12.6,7.09,13.6,9.06,15.4,13.5
2026-04-12 20:44:31,AB_1,12.33,7.18,13.5,9.22,15.6,13.6
2026-04-12 20:44:31,AB_1,12.29,7.1,13.6,9.47,15.6,13.7
2026-04-12 20:44:31,AB_1,12.52,7.09,13.5,9.32,15.9,13.6
2026-04-12 20:44:32,AB_1,12.71,7.07,13.6,9.4,16.0,13.6
2026-04-12 20:44:32,AB_1,12.75,6.88,13.6,9.08,16.2,13.6
2026-04-12 20:44:32,AB_1,12.8,7.0,13.5,9.08,15.8,13.6
2026-04-12 20:44:33,AB_1,12.77,7.0,13.6,9.22,15.9,13.5
2026-04-12 20:44:33,AB_1,12.71,7.02,13.5,8.85,15.7,13.5
2026-04-12 20:44:33,AB_1,12.72,6.96,13.6,8.87,15.8,13.6
2026-04-12 20:44:34,AB_1,12.77,7.02,13.5,9.22,15.6,13.5
2026-04-12 20:44:34,AB_1,12.66,7.04,13.5,9.2,15.9,13.5
2026-04-12 20:44:34,AB_1,12.56,7.01,13.5,9.04,15.8,13.6
2026-04-12 20:44:35,AB_1,12.63,7.08,13.5,9.16,15.8,13.5
2026-04-12 20:44:35,AB_1,12.45,7.11,13.5,9.39,15.5,13.5
2026-04-12 20:44:36,AB_1,12.46,7.1,13.5,8.96,15.6,13.6
2026-04-12 20:44:36,AB_1,12.44,7.13,13.5,8.97,15.5,13.5
2026-04-12 20:44:36,AB_1,12.33,7.14,13.5,9.29,15.8,13.5
2026-04-12 20:44:37,AB_1,12.47,7.09,13.5,9.36,15.7,13.5
2026-04-12 20:44:37,AB_1,12.5,7.1,13.5,9.44,16.0,13.6
2026-04-12 20:44:37,AB_1,12.65,6.95,13.6,8.87,15.8,13.6
2026-04-12 20:44:38,AB_1,12.64,7.11,13.5,9.25,15.9,13.5
2026-04-12 20:44:38,AB_1,12.55,6.98,13.7,8.99,16.0,13.8
2026-04-12 20:44:38,AB_1,12.76,7.02,13.6,8.96,15.6,13.5
2026-04-12 20:44:39,AB_1,12.61,7.03,13.6,8.71,15.5,13.7
2026-04-12 20:44:39,AB_1,12.66,7.0,13.6,8.81,15.9,13.7
2026-04-12 20:44:39,AB_1,12.75,6.88,13.6,8.75,15.8,13.7
2026-04-12 20:44:40,AB_1,12.67,7.04,13.6,9.13,15.8,13.6
2026-04-12 20:44:40,AB_1,12.58,7.08,13.6,9.32,15.8,13.6
2026-04-12 20:44:41,AB_1,12.58,7.04,13.7,9.32,16.1,13.7
2026-04-12 20:44:41,AB_1,12.69,7.07,13.6,9.55,15.9,13.6
2026-04-12 20:44:41,AB_1,12.58,7.05,13.6,9.52,15.9,13.6
2026-04-12 20:44:42,AB_1,12.59,7.08,13.6,9.37,16.0,13.6
2026-04-12 20:44:42,AB_1,12.55,6.99,13.6,9.18,15.9,13.6
2026-04-12 20:44:42,AB_1,12.62,6.91,13.6,9.12,15.7,13.7
2026-04-12 20:44:43,AB_1,12.65,7.08,13.6,9.39,15.9,13.7
2026-04-12 20:44:43,AB_1,12.54,7.08,13.7,8.94,15.9,13.7
2026-04-12 20:44:43,AB_1,12.73,7.01,13.6,8.95,16.0,13.6
2026-04-12 20:44:44,AB_1,12.68,7.02,13.6,9.41,16.2,13.6
2026-04-12 20:44:44,AB_1,12.73,7.02,13.5,9.4,16.1,13.6
2026-04-12 20:44:44,AB_1,12.8,6.95,13.5,8.91,16.0,13.6
2026-04-12 20:44:45,AB_1,12.8,6.95,13.6,8.83,15.9,13.7
2026-04-12 20:44:45,AB_1,12.72,6.95,13.6,8.8,15.8,13.7
2026-04-12 20:44:46,AB_1,12.73,6.87,13.6,8.6,15.8,13.8
2026-04-12 20:44:46,AB_1,12.71,7.02,13.6,8.91,15.9,13.6
2026-04-12 20:44:46,AB_1,12.66,6.95,13.6,8.78,16.1,13.9
2026-04-12 20:44:47,AB_1,13.1,6.93,13.6,8.98,16.2,13.6
2026-04-12 20:44:47,AB_1,12.9,6.92,13.6,8.74,16.1,13.7
2026-04-12 20:44:47,AB_1,12.8,6.91,13.7,8.69,16.0,13.8
2026-04-12 20:44:48,AB_1,12.9,6.97,13.6,8.67,15.9,13.8
2026-04-12 20:44:48,AB_1,12.9,6.86,13.7,8.47,15.9,13.9
2026-04-12 20:44:48,AB_1,13.0,6.88,13.7,8.55,16.1,13.7
2026-04-12 20:44:49,AB_1,12.9,6.79,13.6,8.58,16.0,13.8
2026-04-12 20:44:49,AB_1,13.0,6.91,13.6,8.81,16.3,13.6
2026-04-12 20:44:50,AB_1,12.9,6.82,13.6,8.74,16.1,13.8
2026-04-12 20:44:50,AB_1,13.0,6.93,13.6,8.93,16.3,13.7
2026-04-12 20:44:50,AB_1,12.8,6.94,13.6,8.69,16.0,13.7
2026-04-12 20:44:51,AB_1,12.9,6.92,13.7,8.53,16.0,13.8
2026-04-12 20:44:51,AB_1,13.0,6.94,13.6,8.96,16.0,13.7
2026-04-12 20:44:51,AB_1,12.8,6.87,13.6,8.6,15.8,13.8
2026-04-12 20:44:52,AB_1,13.0,6.94,13.6,8.91,16.3,13.6
2026-04-12 20:44:52,AB_1,12.9,6.86,13.6,8.61,16.1,13.7
2026-04-12 20:44:52,AB_1,12.9,6.96,13.6,8.98,16.2,13.6
2026-04-12 20:44:53,AB_1,12.77,6.99,13.6,9.16,16.1,13.7
2026-04-12 20:44:53,AB_1,12.8,6.86,13.6,8.87,16.1,13.7
2026-04-12 20:44:53,AB_1,12.9,6.93,13.6,9.06,16.3,13.6
2026-04-12 20:44:54,AB_1,12.8,6.98,13.6,9.29,16.2,13.6
2026-04-12 20:44:54,AB_1,12.8,6.97,13.6,9.27,16.2,13.6
2026-04-12 20:44:55,AB_1,12.8,6.93,13.6,8.89,16.3,13.6
2026-04-12 20:44:55,AB_1,12.9,6.84,13.6,8.88,16.1,13.7
2026-04-12 20:44:55,AB_1,12.9,6.87,13.6,8.65,16.1,13.7
2026-04-12 20:44:56,AB_1,12.9,6.95,13.6,8.94,15.9,13.6
2026-04-12 20:44:56,AB_1,12.8,6.98,13.6,8.96,16.1,13.6
2026-04-12 20:44:56,AB_1,12.8,6.92,13.6,8.9,16.0,13.7
2026-04-12 20:44:57,AB_1,12.9,6.89,13.6,8.63,16.1,13.7
2026-04-12 20:44:57,AB_1,12.9,6.95,13.6,8.63,16.0,13.7
2026-04-12 20:44:57,AB_1,12.9,6.9,13.7,8.37,16.1,13.8
2026-04-12 20:44:58,AB_1,12.9,6.95,13.6,8.91,15.9,13.6
2026-04-12 20:44:58,AB_1,12.68,6.95,13.6,8.72,15.9,13.7
2026-04-12 20:44:58,AB_1,12.7,6.89,13.6,8.68,15.9,13.7
2026-04-12 20:44:59,AB_1,12.72,6.89,13.7,8.67,15.5,13.7
2026-04-12 20:44:59,AB_1,12.76,7.01,13.6,8.96,16.1,13.6
2026-04-12 20:45:00,AB_1,12.75,6.99,13.6,9.28,16.0,13.6
2026-04-12 20:45:00,AB_1,12.8,6.95,13.5,8.9,16.1,13.7
2026-04-12 20:45:00,AB_1,12.9,6.97,13.6,9.05,15.8,13.6
2026-04-12 20:45:01,AB_1,12.75,6.99,13.5,9.3,16.0,13.6
2026-04-12 20:45:01,AB_1,12.63,6.92,13.7,8.81,15.8,13.8
2026-04-12 20:45:01,AB_1,12.8,6.96,13.7,8.5,16.0,13.8
2026-04-12 20:45:02,AB_1,13.0,6.85,13.8,8.55,16.1,13.8
2026-04-12 20:45:02,AB_1,13.1,6.88,13.7,8.48,16.2,13.8
2026-04-12 20:45:02,AB_1,13.1,6.81,13.7,8.44,16.2,13.8
2026-04-12 20:45:03,AB_1,13.1,6.91,13.6,8.79,15.9,13.6
2026-04-12 20:45:03,AB_1,12.8,6.99,13.6,9.01,16.2,13.6
2026-04-12 20:45:03,AB_1,12.73,7.03,13.5,9.33,16.0,13.6
2026-04-12 20:45:04,AB_1,12.72,7.04,13.6,9.39,16.1,13.7
2026-04-12 20:45:04,AB_1,12.77,7.01,13.7,9.44,16.2,13.7
2026-04-12 20:45:05,AB_1,12.8,6.87,13.6,9.02,16.2,13.7
2026-04-12 20:45:05,AB_1,12.8,6.99,13.6,9.25,16.1,13.7
2026-04-12 20:45:05,AB_1,12.72,7.04,13.6,9.41,16.1,13.6
2026-04-12 20:45:06,AB_1,12.8,6.98,13.6,8.97,16.2,13.7
2026-04-12 20:45:06,AB_1,13.0,6.89,13.6,8.63,16.4,13.8
2026-04-12 20:45:06,AB_1,13.1,6.89,13.7,9.1,16.1,13.7
2026-04-12 20:45:07,AB_1,12.8,6.89,13.7,8.78,16.3,13.8
2026-04-12 20:45:07,AB_1,12.9,6.94,13.6,8.64,16.2,13.7
2026-04-12 20:45:07,AB_1,13.0,6.9,13.6,8.86,16.2,13.6
2026-04-12 20:45:08,AB_1,13.0,6.87,13.6,8.59,16.2,13.8
2026-04-12 20:45:08,AB_1,13.2,6.79,13.7,8.52,16.4,13.8
2026-04-12 20:45:09,AB_1,13.2,6.84,13.7,8.35,16.4,13.9
2026-04-12 20:45:09,AB_1,13.1,6.88,13.8,8.8,16.3,13.8
2026-04-12 20:45:09,AB_1,12.9,6.86,13.7,8.7,16.2,13.8
2026-04-12 20:45:10,AB_1,13.0,6.97,13.7,8.95,16.0,13.7
2026-04-12 20:45:10,AB_1,12.8,6.94,13.5,9.11,16.2,13.6
2026-04-12 20:45:10,AB_1,12.9,6.94,13.6,9.24,16.4,13.7
2026-04-12 20:45:17,AB_2,13.6,6.49,13.1,8.52,17.4,13.3
2026-04-12 20:45:17,AB_2,13.6,6.59,13.1,8.69,17.0,13.2
2026-04-12 20:45:17,AB_2,13.4,6.64,13.0,8.87,17.1,13.1
2026-04-12 20:45:18,AB_2,13.4,6.69,13.0,8.82,17.2,13.1
2026-04-12 20:45:18,AB_2,13.3,6.68,13.0,9.09,16.9,13.1
2026-04-12 20:45:18,AB_2,13.3,6.71,13.0,9.2,16.9,13.1
2026-04-12 20:45:19,AB_2,13.3,6.7,13.0,9.12,17.0,13.1
2026-04-12 20:45:19,AB_2,13.3,6.54,13.1,8.77,17.0,13.2
2026-04-12 20:45:19,AB_2,13.4,6.65,13.1,8.42,16.6,13.2
2026-04-12 20:45:20,AB_2,13.5,6.66,13.0,8.67,17.0,13.1
2026-04-12 20:45:20,AB_2,13.4,6.68,13.0,9.02,17.0,13.2
2026-04-12 20:45:21,AB_2,13.3,6.59,13.1,8.63,16.9,13.3
2026-04-12 20:45:21,AB_2,13.4,6.66,13.1,8.91,16.9,13.1
2026-04-12 20:45:21,AB_2,13.3,6.72,13.0,9.04,16.9,13.2
2026-04-12 20:45:22,AB_2,13.4,6.71,13.1,9.13,16.9,13.1
2026-04-12 20:45:22,AB_2,13.3,6.74,13.1,8.97,16.5,13.2
2026-04-12 20:45:22,AB_2,13.3,6.72,13.2,8.83,16.9,13.3
2026-04-12 20:45:23,AB_2,13.4,6.71,13.2,9.06,16.8,13.3
2026-04-12 20:45:23,AB_2,13.3,6.73,13.2,9.12,17.0,13.4
2026-04-12 20:45:23,AB_2,13.4,6.68,13.3,8.85,16.9,13.5
2026-04-12 20:45:24,AB_2,13.5,6.7,13.4,8.91,17.0,13.4
2026-04-12 20:45:24,AB_2,13.4,6.75,13.0,9.06,16.8,13.0
2026-04-12 20:45:24,AB_2,13.2,6.71,12.9,8.98,16.8,13.0
2026-04-12 20:45:25,AB_2,13.3,6.71,13.0,9.06,16.8,12.9
2026-04-12 20:45:25,AB_2,13.3,6.73,12.8,9.17,17.0,12.9
2026-04-12 20:45:25,AB_2,13.3,6.74,12.9,9.11,16.7,13.0
2026-04-12 20:45:26,AB_2,13.3,6.73,12.8,9.05,16.9,12.8
2026-04-12 20:45:26,AB_2,13.3,6.69,12.8,9.22,17.0,12.9
2026-04-12 20:45:27,AB_2,13.2,6.72,12.77,9.14,16.8,12.9
2026-04-12 20:45:27,AB_2,13.2,6.73,12.8,9.26,16.7,12.9
2026-04-12 20:45:27,AB_2,13.3,6.73,12.8,9.06,16.7,12.9
2026-04-12 20:45:28,AB_2,13.2,6.66,12.8,8.71,16.7,12.9
2026-04-12 20:45:28,AB_2,13.4,6.64,12.9,8.24,16.8,12.9
2026-04-12 20:45:28,AB_2,13.3,6.6,12.72,8.34,16.7,12.9
2026-04-12 20:45:29,AB_2,13.3,6.66,12.77,8.18,16.5,12.9
2026-04-12 20:45:29,AB_2,13.4,6.53,12.72,7.96,16.7,12.9
2026-04-12 20:45:29,AB_2,13.3,6.62,12.75,8.06,16.8,12.9
2026-04-12 20:45:30,AB_2,13.4,6.64,12.8,8.07,16.7,13.0
2026-04-12 20:45:30,AB_2,13.3,6.63,12.75,8.44,16.6,12.9
2026-04-12 20:45:31,AB_2,13.2,6.56,12.9,8.42,16.4,13.0
2026-04-12 20:45:31,AB_2,13.3,6.63,12.9,8.2,16.6,13.1
2026-04-12 20:45:31,AB_2,13.3,6.67,12.9,8.57,16.5,12.9
2026-04-12 20:45:32,AB_2,13.2,6.65,12.9,8.25,16.7,13.0
2026-04-12 20:45:32,AB_2,13.3,6.68,12.8,8.63,16.5,12.8
2026-04-12 20:45:32,AB_2,13.1,6.7,12.68,8.55,16.5,12.74
2026-04-12 20:45:33,AB_2,13.1,6.73,12.6,8.82,16.6,12.74
2026-04-12 20:45:33,AB_2,13.1,6.54,12.71,8.49,16.7,12.9
2026-04-12 20:45:33,AB_2,13.1,6.68,12.56,8.44,16.3,12.65
2026-04-12 20:45:34,AB_2,13.1,6.65,12.63,8.3,16.6,12.8
2026-04-12 20:45:34,AB_2,13.2,6.65,13.0,8.48,16.6,13.1
2026-04-12 20:45:34,AB_2,13.2,6.55,12.9,8.34,16.8,13.3
2026-04-12 20:45:35,AB_2,13.4,6.72,13.1,8.65,16.7,13.2
2026-04-12 20:45:35,AB_2,13.3,6.75,13.1,8.49,16.6,13.2
2026-04-12 20:45:36,AB_2,13.4,6.59,13.0,8.21,16.6,13.1
2026-04-12 20:45:36,AB_2,13.3,6.67,12.77,8.54,16.6,12.9
2026-04-12 20:45:36,AB_2,13.2,6.72,12.76,8.84,16.6,12.9
2026-04-12 20:45:37,AB_2,13.2,6.73,12.9,8.82,16.9,13.0
2026-04-12 20:45:37,AB_2,13.2,6.77,13.0,8.93,16.7,13.2
2026-04-12 20:45:37,AB_2,13.2,6.74,13.1,8.74,16.7,13.3
2026-04-12 20:45:38,AB_2,13.4,6.77,13.2,8.44,16.7,13.4
2026-04-12 20:45:38,AB_2,13.4,6.64,13.2,8.26,16.5,13.3
2026-04-12 20:45:38,AB_2,13.5,6.67,13.1,8.65,16.8,13.2
2026-04-12 20:45:39,AB_2,13.3,6.59,13.0,8.23,16.5,13.1
2026-04-12 20:45:39,AB_2,13.4,6.68,13.1,8.34,16.5,13.2
2026-04-12 20:45:40,AB_2,13.3,6.7,13.1,8.63,16.7,13.1
2026-04-12 20:45:40,AB_2,13.3,6.75,13.0,8.85,16.7,13.1
2026-04-12 20:45:40,AB_2,13.2,6.73,13.0,8.54,16.6,13.1
2026-04-12 20:45:41,AB_2,13.4,6.74,13.0,8.72,16.6,13.1
2026-04-12 20:45:41,AB_2,13.3,6.71,12.9,8.85,16.7,12.9
2026-04-12 20:45:41,AB_2,13.1,6.75,12.72,9.03,16.8,12.8
2026-04-12 20:45:42,AB_2,13.2,6.74,12.76,8.92,16.7,12.8
2026-04-12 20:45:42,AB_2,13.1,6.79,12.69,9.05,16.6,12.71
2026-04-12 20:45:42,AB_2,13.1,6.63,12.69,8.56,16.8,12.9
2026-04-12 20:45:43,AB_2,13.2,6.71,12.8,8.87,16.6,12.9
2026-04-12 20:45:43,AB_2,13.2,6.77,12.8,8.93,16.9,13.0
2026-04-12 20:45:43,AB_2,13.3,6.79,13.0,9.07,16.6,13.2
2026-04-12 20:45:44,AB_2,13.2,6.61,13.2,8.74,16.6,13.3
2026-04-12 20:45:44,AB_2,13.3,6.73,13.2,8.31,16.5,13.1
2026-04-12 20:45:44,AB_2,13.3,6.66,12.9,8.3,16.6,12.9
2026-04-12 20:45:45,AB_2,13.3,6.67,12.77,8.55,16.6,12.9
2026-04-12 20:45:45,AB_2,13.2,6.67,12.8,8.77,16.8,12.9
2026-04-12 20:45:46,AB_2,13.2,6.59,13.0,8.63,16.9,13.2
2026-04-12 20:45:46,AB_2,13.4,6.71,13.1,8.7,16.7,13.2
2026-04-12 20:45:46,AB_2,13.2,6.77,13.1,8.59,16.8,13.3
2026-04-12 20:45:47,AB_2,13.4,6.68,13.2,8.18,16.7,13.4
2026-04-12 20:45:47,AB_2,13.4,6.69,13.1,8.59,16.7,13.1
2026-04-12 20:45:47,AB_2,13.3,6.6,12.9,8.28,16.6,13.0
2026-04-12 20:45:48,AB_2,13.3,6.66,12.72,8.46,16.7,12.8
2026-04-12 20:45:48,AB_2,13.2,6.71,12.69,8.84,16.8,12.8
2026-04-12 20:45:48,AB_2,13.2,6.7,12.9,8.85,16.8,13.1
2026-04-12 20:45:49,AB_2,13.2,6.69,13.1,8.55,16.7,13.3
2026-04-12 20:45:49,AB_2,13.4,6.66,13.2,8.37,16.5,13.3
2026-04-12 20:45:49,AB_2,13.4,6.64,13.1,8.19,16.5,13.2
2026-04-12 20:45:50,AB_2,13.4,6.6,13.0,7.97,16.6,13.1
2026-04-12 20:45:50,AB_2,13.5,6.59,12.9,7.94,16.5,12.9
2026-04-12 20:45:51,AB_2,13.3,6.61,12.69,8.31,16.8,12.8
2026-04-12 20:45:51,AB_2,13.3,6.7,12.8,8.67,16.8,13.0
2026-04-12 20:45:51,AB_2,13.3,6.72,12.9,8.38,16.7,13.1
2026-04-12 20:45:52,AB_2,13.4,6.58,13.0,8.02,16.8,13.2
2026-04-12 20:45:52,AB_2,13.5,6.67,13.1,8.63,16.6,13.2
2026-04-12 20:45:52,AB_2,13.2,6.74,13.0,8.78,16.7,13.0
2026-04-12 20:45:53,AB_2,13.2,6.74,12.8,8.86,16.7,12.8
2026-04-12 20:45:53,AB_2,13.2,6.56,12.75,8.45,16.6,12.8
2026-04-12 20:45:53,AB_2,13.3,6.7,12.69,8.62,16.6,12.9
2026-04-12 20:45:54,AB_2,13.2,6.53,12.9,8.56,16.6,13.2
2026-04-12 20:45:54,AB_2,13.3,6.7,13.1,8.93,16.7,13.3
2026-04-12 20:45:54,AB_2,13.2,6.5,13.2,8.58,16.9,13.4
2026-04-12 20:45:55,AB_2,13.4,6.76,13.3,8.52,16.5,13.4
2026-04-12 20:45:55,AB_2,13.3,6.73,13.2,8.58,16.4,13.1
2026-04-12 20:45:56,AB_2,13.1,6.78,12.9,8.73,16.3,13.0
2026-04-12 20:45:56,AB_2,13.1,6.78,12.9,8.85,16.3,13.0
2026-04-12 20:45:56,AB_2,12.9,6.7,13.0,8.47,16.4,13.0
2026-04-12 20:45:57,AB_2,13.1,6.71,12.9,8.17,16.1,12.9
2026-04-12 20:45:57,AB_2,12.9,6.68,12.9,8.3,16.6,13.1
2026-04-12 20:45:57,AB_2,13.2,6.71,12.9,8.03,16.1,12.9
2026-04-12 20:45:58,AB_2,13.1,6.72,12.63,8.35,16.3,12.73
2026-04-12 20:45:58,AB_2,12.9,6.72,12.68,8.74,16.4,12.71
2026-04-12 20:45:58,AB_2,12.9,6.75,12.64,8.82,16.4,12.8
2026-04-12 20:45:59,AB_2,12.8,6.74,12.8,8.5,16.1,13.0
2026-04-12 20:45:59,AB_2,13.1,6.65,12.9,8.35,16.2,13.1
2026-04-12 20:46:00,AB_2,13.1,6.6,13.1,8.2,16.4,13.3
2026-04-12 20:46:00,AB_2,13.3,6.73,12.9,8.55,16.4,12.8
2026-04-12 20:46:00,AB_2,12.9,6.73,12.45,8.65,16.3,12.34
2026-04-12 20:46:01,AB_2,12.8,6.59,12.36,8.33,16.3,12.43
2026-04-12 20:46:01,AB_2,12.8,6.66,12.27,8.4,16.1,12.24
2026-04-12 20:46:01,AB_2,12.76,6.64,12.22,8.12,16.2,12.33
2026-04-12 20:46:02,AB_2,12.9,6.65,12.17,8.38,16.3,12.18
2026-04-12 20:46:02,AB_2,12.75,6.67,12.08,8.57,16.3,12.1
2026-04-12 20:46:02,AB_2,12.77,6.65,12.19,7.96,16.1,12.29
2026-04-12 20:46:03,AB_2,13.0,6.63,12.47,8.21,16.5,12.6
2026-04-12 20:46:03,AB_2,13.1,6.64,12.3,8.45,16.3,12.26
2026-04-12 20:46:03,AB_2,12.9,6.6,12.19,8.2,16.4,12.38
2026-04-12 20:46:04,AB_2,13.0,6.61,12.25,8.09,16.4,12.47
2026-04-12 20:46:04,AB_2,13.1,6.55,12.46,8.03,16.1,12.61
2026-04-12 20:46:05,AB_2,13.0,6.63,12.21,8.24,16.3,12.23
2026-04-12 20:46:05,AB_2,12.9,6.58,12.19,7.97,16.4,12.42
2026-04-12 20:46:05,AB_2,13.0,6.63,12.34,8.32,16.5,12.52
2026-04-12 20:46:06,AB_2,13.0,6.57,12.46,8.13,16.4,12.46
2026-04-12 20:46:06,AB_2,13.0,6.65,12.2,8.22,16.3,12.29
2026-04-12 20:46:06,AB_2,12.9,6.49,12.32,8.09,16.4,12.6
2026-04-12 20:46:07,AB_2,13.1,6.69,12.53,8.56,16.5,12.66
2026-04-12 20:46:07,AB_2,13.0,6.69,12.57,8.71,16.6,12.7
2026-04-12 20:46:07,AB_2,13.1,6.79,12.64,8.9,16.6,12.71
2026-04-12 20:46:08,AB_2,13.0,6.77,12.71,8.96,16.6,12.9
2026-04-12 20:46:08,AB_2,13.2,6.68,13.0,8.5,16.6,13.0
2026-04-12 20:46:08,AB_2,13.2,6.59,12.8,8.22,16.6,12.9
2026-04-12 20:46:09,AB_2,13.2,6.63,12.43,8.4,16.4,12.34
2026-04-12 20:46:09,AB_2,13.0,6.54,12.29,8.03,16.5,12.44
2026-04-12 20:46:10,AB_2,13.1,6.66,12.44,8.57,16.6,12.76
2026-04-12 20:46:10,AB_2,13.1,6.73,12.8,8.32,16.6,13.2
2026-04-12 20:46:10,AB_2,13.3,6.75,13.1,8.67,16.7,13.2
2026-04-12 20:46:11,AB_2,13.3,6.75,13.1,9.01,16.8,13.2
2026-04-12 20:46:11,AB_2,13.2,6.67,13.2,8.66,16.7,13.4
2026-04-12 20:46:11,AB_2,13.3,6.72,13.3,8.58,16.5,13.4
2026-04-12 20:46:12,AB_2,13.3,6.72,13.1,8.54,16.5,13.1
2026-04-12 20:46:12,AB_2,13.1,6.75,12.8,8.77,16.7,12.8
2026-04-12 20:46:12,AB_2,13.1,6.63,12.66,8.33,16.3,12.8
2026-04-12 20:46:13,AB_2,13.1,6.67,12.56,8.14,16.5,12.58
2026-04-12 20:46:13,AB_2,13.2,6.54,12.46,7.93,16.4,12.47
2026-04-12 20:46:13,AB_2,13.1,6.69,12.57,8.29,16.2,12.8
2026-04-12 20:46:14,AB_2,13.1,6.65,12.41,8.2,16.5,12.56
2026-04-12 20:46:14,AB_2,13.1,6.7,12.67,8.11,16.7,13.0
2026-04-12 20:46:15,AB_2,13.3,6.62,12.9,8.16,16.5,12.9
2026-04-12 20:46:15,AB_2,13.2,6.58,12.5,7.89,16.4,12.9
2026-04-12 20:46:15,AB_2,13.1,6.68,12.71,8.23,16.3,12.71
2026-04-12 20:46:16,AB_2,12.9,6.71,12.35,8.42,16.5,12.41
2026-04-12 20:46:16,AB_2,12.9,6.74,12.52,8.22,16.2,12.8
2026-04-12 20:46:16,AB_2,13.0,6.63,12.61,8.11,16.4,12.71
2026-04-12 20:46:17,AB_2,13.1,6.71,12.53,8.49,16.3,12.63
2026-04-12 20:46:17,AB_2,12.9,6.58,12.42,8.01,16.3,12.38
2026-04-12 20:46:17,AB_2,12.9,6.68,12.21,7.96,16.2,12.41
2026-04-12 20:46:18,AB_2,12.9,6.63,12.29,8.32,16.2,12.42
2026-04-12 20:46:18,AB_2,12.8,6.72,12.28,8.58,16.3,12.44
2026-04-12 20:46:19,AB_2,12.9,6.75,12.53,8.85,16.1,12.63
2026-04-12 20:46:19,AB_2,12.9,6.61,12.8,8.53,16.5,12.9
2026-04-12 20:46:19,AB_2,13.1,6.63,12.76,8.23,16.1,12.8
2026-04-12 20:46:20,AB_2,13.1,6.76,12.9,8.64,16.4,13.0
2026-04-12 20:46:20,AB_2,13.1,6.71,13.0,8.54,16.5,13.0
2026-04-12 20:46:20,AB_2,13.2,6.68,12.69,8.66,16.4,12.7
2026-04-12 20:46:21,AB_2,13.0,6.6,12.59,8.38,16.3,12.66
2026-04-12 20:46:21,AB_2,13.1,6.67,12.33,8.54,16.3,12.3
2026-04-12 20:46:21,AB_2,12.9,6.73,12.22,8.55,16.3,12.29
2026-04-12 20:46:22,AB_2,12.8,6.67,12.27,8.85,16.4,12.43
2026-04-12 20:46:22,AB_2,13.0,6.73,12.47,8.96,16.5,12.63
2026-04-12 20:46:22,AB_2,12.9,6.77,12.56,8.9,16.4,12.6
2026-04-12 20:46:23,AB_2,13.0,6.75,12.66,9.14,16.4,12.9
2026-04-12 20:46:23,AB_2,13.1,6.77,12.8,9.22,16.8,13.0
2026-04-12 20:46:24,AB_2,13.0,6.47,12.8,8.79,16.2,12.9
2026-04-12 20:46:24,AB_2,13.1,6.76,12.66,8.79,16.5,12.67
2026-04-12 20:46:24,AB_2,12.9,6.71,12.52,9.03,16.3,12.54
2026-04-12 20:46:25,AB_2,12.9,6.76,12.49,9.01,16.5,12.52
2026-04-12 20:46:25,AB_2,12.8,6.78,12.42,8.71,16.4,12.51
2026-04-12 20:46:25,AB_2,12.9,6.73,12.49,8.53,16.7,12.71
2026-04-12 20:46:26,AB_2,13.1,6.7,12.64,8.75,16.6,12.8
2026-04-12 20:46:26,AB_2,13.1,6.76,12.8,9.0,16.7,12.9
2026-04-12 20:46:26,AB_2,13.1,6.78,12.8,8.89,16.5,12.9
2026-04-12 20:46:27,AB_2,13.1,6.78,12.8,9.26,16.5,12.9
2026-04-12 20:46:27,AB_2,13.1,6.8,12.9,9.28,16.6,12.9
2026-04-12 20:46:27,AB_2,13.1,6.67,12.9,8.65,16.3,13.0
2026-04-12 20:46:28,AB_2,13.2,6.75,12.8,8.82,16.6,12.8
2026-04-12 20:46:33,AB_3,14.0,6.49,14.3,9.16,17.4,14.5
2026-04-12 20:46:33,AB_3,13.9,6.53,14.4,8.79,17.6,14.6
2026-04-12 20:46:34,AB_3,14.0,6.57,14.3,9.23,17.6,14.4
2026-04-12 20:46:34,AB_3,13.8,6.63,14.3,9.15,17.5,14.4
2026-04-12 20:46:34,AB_3,13.8,6.67,14.3,9.38,17.4,14.3
2026-04-12 20:46:35,AB_3,13.7,6.68,14.2,9.26,17.5,14.4
2026-04-12 20:46:35,AB_3,13.8,6.51,14.3,9.09,17.5,14.5
2026-04-12 20:46:36,AB_3,13.9,6.62,14.3,8.76,17.4,14.5
2026-04-12 20:46:36,AB_3,14.0,6.61,14.3,8.96,17.3,14.4
2026-04-12 20:46:36,AB_3,13.8,6.48,14.3,8.79,17.3,14.5
2026-04-12 20:46:37,AB_3,13.9,6.61,14.3,9.1,17.3,14.4
2026-04-12 20:46:37,AB_3,13.8,6.48,14.3,8.68,17.3,14.5
2026-04-12 20:46:37,AB_3,13.9,6.67,14.3,8.82,17.4,14.5
2026-04-12 20:46:38,AB_3,13.9,6.59,14.4,9.15,17.5,14.5
2026-04-12 20:46:38,AB_3,14.0,6.55,14.3,8.81,17.4,14.5
2026-04-12 20:46:38,AB_3,14.0,6.55,14.4,8.67,17.4,14.5
2026-04-12 20:46:39,AB_3,14.1,6.46,14.4,8.72,17.5,14.6
2026-04-12 20:46:39,AB_3,14.1,6.57,14.3,8.85,17.3,14.4
2026-04-12 20:46:40,AB_3,13.8,6.6,14.3,8.7,17.4,14.5
2026-04-12 20:46:40,AB_3,13.9,6.61,14.3,9.04,17.1,14.4
2026-04-12 20:46:40,AB_3,13.7,6.67,14.2,9.02,17.3,14.4
2026-04-12 20:46:41,AB_3,13.8,6.55,14.3,8.82,17.2,14.4
2026-04-12 20:46:41,AB_3,13.8,6.71,14.3,8.93,17.1,14.4
2026-04-12 20:46:41,AB_3,13.7,6.54,14.3,8.86,16.8,14.4
2026-04-12 20:46:42,AB_3,13.8,6.67,14.2,8.49,16.8,14.4
2026-04-12 20:46:42,AB_3,13.7,6.63,14.4,8.44,17.3,14.7
2026-04-12 20:46:42,AB_3,14.0,6.58,14.3,8.84,17.3,14.4
2026-04-12 20:46:43,AB_3,13.8,6.7,14.1,8.87,17.1,14.3
2026-04-12 20:46:43,AB_3,13.8,6.66,14.3,9.13,17.3,14.4
2026-04-12 20:46:43,AB_3,13.9,6.49,14.4,8.85,17.4,14.5
2026-04-12 20:46:44,AB_3,14.0,6.64,14.4,9.11,17.4,14.5
2026-04-12 20:46:44,AB_3,14.0,6.57,14.4,8.88,17.7,14.6
2026-04-12 20:46:45,AB_3,14.1,6.61,14.4,9.11,17.7,14.6
2026-04-12 20:46:45,AB_3,14.1,6.42,14.5,8.79,17.6,14.7
2026-04-12 20:46:45,AB_3,14.2,6.51,14.5,8.7,17.7,14.7
2026-04-12 20:46:46,AB_3,14.2,6.53,14.4,8.78,17.7,14.6
2026-04-12 20:46:46,AB_3,14.1,6.56,14.5,9.11,17.6,14.6
2026-04-12 20:46:46,AB_3,14.2,6.65,14.4,9.07,17.1,14.5
2026-04-12 20:46:47,AB_3,14.0,6.61,14.4,9.22,17.6,14.6
2026-04-12 20:46:47,AB_3,14.1,6.46,14.5,8.79,17.4,14.6
2026-04-12 20:46:47,AB_3,14.1,6.62,14.4,8.99,17.6,14.7
2026-04-12 20:46:48,AB_3,14.2,6.57,14.4,8.89,17.6,14.6
2026-04-12 20:46:48,AB_3,14.1,6.39,14.4,8.77,17.5,14.6
2026-04-12 20:46:48,AB_3,14.1,6.59,14.4,8.98,17.5,14.5
2026-04-12 20:46:49,AB_3,14.0,6.63,14.3,9.16,17.4,14.4
2026-04-12 20:46:49,AB_3,13.9,6.69,14.2,9.11,17.3,14.3
2026-04-12 20:46:50,AB_3,13.9,6.58,14.3,8.71,17.4,14.4
2026-04-12 20:46:50,AB_3,13.9,6.69,14.2,9.06,17.4,14.3
2026-04-12 20:46:50,AB_3,13.7,6.53,14.1,8.77,17.2,14.3
2026-04-12 20:46:51,AB_3,13.8,6.71,14.1,8.96,17.1,14.2
2026-04-12 20:46:51,AB_3,13.6,6.56,14.1,8.58,17.1,14.4
2026-04-12 20:46:51,AB_3,13.8,6.67,14.3,9.05,17.1,14.4
2026-04-12 20:46:52,AB_3,13.7,6.47,14.3,8.77,17.2,14.5
2026-04-12 20:46:52,AB_3,14.0,6.56,14.4,8.59,17.2,14.6
2026-04-12 20:46:52,AB_3,14.0,6.64,14.4,8.56,17.2,14.7
2026-04-12 20:46:53,AB_3,13.8,6.64,14.4,8.35,17.1,14.6
2026-04-12 20:46:53,AB_3,13.9,6.62,14.2,8.68,17.2,14.4
2026-04-12 20:46:53,AB_3,13.8,6.64,14.2,9.01,17.2,14.4
2026-04-12 20:46:54,AB_3,13.7,6.54,14.3,8.72,17.2,14.5
2026-04-12 20:46:54,AB_3,13.9,6.61,14.3,8.58,17.3,14.5
2026-04-12 20:46:55,AB_3,13.9,6.53,14.3,8.36,17.1,14.6
2026-04-12 20:46:55,AB_3,14.1,6.42,14.4,8.39,17.3,14.7
2026-04-12 20:46:55,AB_3,14.1,6.5,14.4,8.64,17.4,14.6
2026-04-12 20:46:56,AB_3,14.1,6.58,14.4,8.93,17.5,14.6
2026-04-12 20:46:56,AB_3,14.0,6.38,14.5,8.73,17.3,14.6
2026-04-12 20:46:56,AB_3,14.1,6.36,14.5,8.65,17.4,14.7
2026-04-12 20:46:57,AB_3,14.2,6.51,14.4,8.88,17.5,14.6
2026-04-12 20:46:57,AB_3,14.0,6.63,14.4,9.09,17.6,14.5
2026-04-12 20:46:57,AB_3,14.0,6.66,14.4,9.13,17.5,14.5
2026-04-12 20:46:58,AB_3,13.9,6.65,14.4,9.3,17.4,14.5
2026-04-12 20:46:58,AB_3,14.0,6.71,14.3,9.3,17.6,14.5
2026-04-12 20:46:58,AB_3,13.9,6.66,14.4,9.32,17.4,14.5
2026-04-12 20:46:59,AB_3,14.1,6.63,14.5,9.43,17.7,14.5
2026-04-12 20:46:59,AB_3,14.0,6.48,14.4,8.87,17.5,14.6
2026-04-12 20:47:00,AB_3,14.1,6.33,14.5,8.71,17.5,14.7
2026-04-12 20:47:00,AB_3,14.2,6.55,14.5,8.51,17.3,14.6
2026-04-12 20:47:00,AB_3,14.1,6.48,14.5,8.57,17.5,14.7
2026-04-12 20:47:01,AB_3,14.1,6.56,14.4,8.8,17.5,14.6
2026-04-12 20:47:01,AB_3,14.0,6.56,14.4,9.01,17.5,14.5
2026-04-12 20:47:01,AB_3,14.0,6.67,14.4,9.28,17.4,14.5
2026-04-12 20:47:02,AB_3,13.9,6.53,14.4,8.83,17.3,14.6
2026-04-12 20:47:02,AB_3,14.0,6.58,14.4,8.61,17.6,14.7
2026-04-12 20:47:02,AB_3,14.3,6.46,14.5,8.48,17.6,14.7
2026-04-12 20:47:03,AB_3,14.2,6.51,14.4,8.66,17.5,14.6
2026-04-12 20:47:03,AB_3,14.0,6.53,14.4,8.46,17.4,14.7
2026-04-12 20:47:03,AB_3,14.1,6.23,14.4,8.5,17.4,14.6
2026-04-12 20:47:04,AB_3,14.1,6.54,14.4,8.86,17.4,14.5
2026-04-12 20:47:04,AB_3,13.9,6.61,14.3,8.86,17.4,14.4
2026-04-12 20:47:05,AB_3,13.9,6.67,14.3,9.03,17.2,14.4
2026-04-12 20:47:05,AB_3,13.8,6.69,14.3,9.27,17.4,14.3
2026-04-12 20:47:05,AB_3,13.8,6.46,14.3,8.8,16.9,14.4
2026-04-12 20:47:06,AB_3,13.8,6.64,14.2,8.78,17.0,14.3
2026-04-12 20:47:06,AB_3,13.7,6.59,14.2,8.48,17.2,14.4
2026-04-12 20:47:06,AB_3,13.9,6.66,14.2,8.89,17.3,14.3
2026-04-12 20:47:07,AB_3,13.7,6.67,14.2,9.2,17.1,14.3
2026-04-12 20:47:07,AB_3,13.7,6.74,14.2,9.27,17.3,14.4
2026-04-12 20:47:07,AB_3,13.7,6.71,14.3,9.29,17.3,14.3
2026-04-12 20:47:08,AB_3,13.7,6.73,14.2,9.44,17.0,14.4
2026-04-12 20:47:08,AB_3,13.7,6.55,14.3,8.98,17.2,14.5
2026-04-12 20:47:08,AB_3,13.8,6.75,14.4,9.2,17.2,14.5
2026-04-12 20:47:09,AB_3,13.7,6.74,14.3,9.24,17.2,14.2
2026-04-12 20:47:09,AB_3,13.6,6.73,14.1,9.33,17.2,14.2
2026-04-12 20:47:09,AB_3,13.7,6.61,14.2,8.95,17.1,14.3
2026-04-12 20:47:10,AB_3,13.7,6.6,14.2,8.78,17.0,14.4
2026-04-12 20:47:10,AB_3,13.7,6.73,14.3,9.06,16.9,14.4
2026-04-12 20:47:11,AB_3,13.6,6.62,14.3,8.75,17.1,14.6
2026-04-12 20:47:11,AB_3,13.8,6.6,14.4,8.56,17.1,14.5
2026-04-12 20:47:11,AB_3,13.8,6.59,14.3,8.49,17.0,14.5
2026-04-12 20:47:12,AB_3,13.8,6.6,14.1,8.92,17.0,14.3
2026-04-12 20:47:12,AB_3,13.7,6.55,14.2,8.6,17.0,14.5
2026-04-12 20:47:12,AB_3,13.8,6.71,14.4,9.05,17.2,14.5
2026-04-12 20:47:13,AB_3,13.7,6.77,14.3,9.2,17.2,14.3
2026-04-12 20:47:13,AB_3,13.6,6.6,14.3,8.91,17.0,14.6
2026-04-12 20:47:13,AB_3,13.7,6.73,14.3,9.04,16.8,14.3
2026-04-12 20:47:14,AB_3,13.6,6.75,14.1,9.1,17.2,14.2
2026-04-12 20:47:14,AB_3,13.7,6.52,14.2,8.76,17.2,14.5
2026-04-12 20:47:15,AB_3,13.9,6.65,14.2,9.04,17.2,14.4
2026-04-12 20:47:15,AB_3,13.8,6.64,14.4,9.06,17.6,14.5
2026-04-12 20:47:15,AB_3,13.9,6.69,14.3,9.32,17.1,14.4
2026-04-12 20:47:16,AB_3,13.9,6.65,14.3,9.09,17.4,14.5
2026-04-12 20:47:16,AB_3,14.0,6.66,14.4,9.43,17.7,14.5
2026-04-12 20:47:16,AB_3,14.0,6.69,14.3,9.31,17.4,14.4
2026-04-12 20:47:17,AB_3,13.9,6.6,14.4,8.85,17.4,14.5
2026-04-12 20:47:17,AB_3,14.1,6.56,14.4,8.76,17.4,14.5
2026-04-12 20:47:17,AB_3,14.1,6.55,14.4,8.87,17.6,14.6
2026-04-12 20:47:18,AB_3,14.2,6.48,14.4,8.7,17.6,14.8
2026-04-12 20:47:18,AB_3,14.3,6.41,14.5,8.48,17.8,14.8
2026-04-12 20:47:18,AB_3,14.3,6.55,14.5,8.8,17.5,14.6
2026-04-12 20:47:19,AB_3,14.1,6.56,14.5,9.06,17.8,14.7
2026-04-12 20:47:19,AB_3,14.3,6.38,14.5,8.84,17.6,14.7
2026-04-12 20:47:20,AB_3,14.2,6.41,14.5,8.29,17.7,14.8
2026-04-12 20:47:20,AB_3,14.3,6.4,14.5,8.56,17.5,14.8
2026-04-12 20:47:20,AB_3,14.2,6.54,14.5,8.85,17.1,14.6
2026-04-12 20:47:21,AB_3,14.0,6.63,14.4,8.94,17.4,14.4
2026-04-12 20:47:21,AB_3,13.9,6.68,14.2,9.09,17.3,14.3
2026-04-12 20:47:21,AB_3,13.7,6.7,14.2,9.33,17.1,14.2
2026-04-12 20:47:22,AB_3,13.7,6.61,14.2,8.82,16.9,14.4
2026-04-12 20:47:22,AB_3,13.7,6.69,14.2,9.19,17.0,14.3
2026-04-12 20:47:22,AB_3,13.6,6.79,14.2,9.2,17.0,14.3
2026-04-12 20:47:23,AB_3,13.4,6.67,14.3,8.85,16.9,14.5
2026-04-12 20:47:23,AB_3,13.7,6.74,14.3,8.6,17.0,14.3
2026-04-12 20:47:23,AB_3,13.7,6.64,14.3,8.53,17.1,14.5
2026-04-12 20:47:24,AB_3,13.7,6.63,14.3,8.54,17.2,14.5
2026-04-12 20:47:24,AB_3,13.8,6.61,14.3,8.46,17.1,14.5
2026-04-12 20:47:25,AB_3,13.9,6.63,14.3,8.42,17.3,14.4
2026-04-12 20:47:25,AB_3,13.8,6.67,14.3,8.97,17.0,14.4
2026-04-12 20:47:25,AB_3,13.7,6.72,14.3,9.2,16.9,14.3
2026-04-12 20:47:26,AB_3,13.4,6.78,14.1,9.3,17.1,14.3
2026-04-12 20:47:26,AB_3,13.5,6.83,14.3,9.2,17.0,14.4
2026-04-12 20:47:26,AB_3,13.5,6.83,14.3,9.36,16.8,14.3
2026-04-12 20:47:27,AB_3,13.4,6.86,14.2,9.42,17.0,14.3
2026-04-12 20:47:27,AB_3,13.5,6.82,14.2,9.42,17.1,14.2
2026-04-12 20:47:27,AB_3,13.5,6.83,14.1,9.39,17.0,14.2
2026-04-12 20:47:28,AB_3,13.5,6.8,14.1,9.48,17.1,14.1
2026-04-12 20:47:28,AB_3,13.5,6.64,14.1,8.72,17.1,14.3
2026-04-12 20:47:28,AB_3,13.7,6.69,14.2,8.94,17.2,14.3
2026-04-12 20:47:29,AB_3,13.8,6.71,14.1,8.94,16.9,14.2
2026-04-12 20:47:29,AB_3,13.6,6.67,14.1,8.68,16.9,14.2
2026-04-12 20:47:30,AB_3,13.7,6.63,14.0,8.85,17.0,14.2
2026-04-12 20:47:30,AB_3,13.6,6.75,14.1,9.29,16.9,14.3
2026-04-12 20:47:30,AB_3,13.5,6.8,14.1,9.35,17.0,14.2
2026-04-12 20:47:31,AB_3,13.5,6.76,14.2,8.92,16.7,14.4
2026-04-12 20:47:31,AB_3,13.5,6.77,14.2,9.19,16.8,14.3
2026-04-12 20:47:31,AB_3,13.5,6.65,14.3,8.88,16.8,14.5
2026-04-12 20:47:32,AB_3,13.6,6.65,14.3,8.55,17.0,14.5
2026-04-12 20:47:32,AB_3,13.7,6.72,14.3,8.55,17.0,14.5
2026-04-12 20:47:32,AB_3,13.7,6.67,14.3,8.43,17.1,14.5
2026-04-12 20:47:33,AB_3,13.8,6.67,14.2,8.78,17.1,14.4
2026-04-12 20:47:33,AB_3,13.7,6.61,14.3,8.48,17.2,14.5
2026-04-12 20:47:33,AB_3,13.9,6.59,14.3,8.42,17.3,14.6
2026-04-12 20:47:34,AB_3,14.0,6.54,14.4,8.37,17.3,14.6
2026-04-12 20:47:34,AB_3,14.1,6.49,14.4,8.79,17.3,14.5
2026-04-12 20:47:35,AB_3,14.0,6.55,14.4,8.72,17.4,14.5
2026-04-12 20:47:35,AB_3,14.0,6.53,14.4,8.56,17.5,14.6
2026-04-12 20:47:35,AB_3,14.2,6.52,14.5,8.48,17.5,14.7
2026-04-12 20:47:36,AB_3,14.2,6.53,14.4,8.75,17.5,14.6
2026-04-12 20:47:36,AB_3,14.1,6.58,14.4,9.02,17.5,14.6
2026-04-12 20:47:36,AB_3,14.1,6.42,14.4,8.59,17.4,14.7
2026-04-12 20:47:37,AB_3,14.2,6.59,14.4,8.77,17.7,14.6
2026-04-12 20:47:37,AB_3,14.1,6.36,14.5,8.66,17.2,14.7
2026-04-12 20:47:37,AB_3,14.2,6.53,14.5,8.35,17.4,14.7
2026-04-12 20:47:38,AB_3,14.2,6.29,14.5,8.47,17.5,14.7
2026-04-12 20:47:38,AB_3,14.2,6.48,14.5,8.65,17.6,14.6
2026-04-12 20:47:39,AB_3,14.1,6.5,14.4,8.56,17.5,14.7
2026-04-12 20:47:39,AB_3,14.0,6.59,14.4,8.82,17.3,14.5
2026-04-12 20:47:39,AB_3,13.9,6.47,14.4,8.67,17.2,14.6
2026-04-12 20:47:40,AB_3,14.0,6.59,14.3,8.85,17.2,14.4
2026-04-12 20:47:40,AB_3,13.8,6.68,14.3,9.15,17.3,14.4
2026-04-12 20:47:40,AB_3,13.8,6.68,14.3,8.53,17.1,14.5
2026-04-12 20:47:41,AB_3,13.9,6.6,14.3,8.52,17.3,14.5
2026-04-12 20:47:41,AB_3,13.9,6.6,14.3,8.46,17.3,14.6
2026-04-12 20:47:41,AB_3,13.9,6.6,14.3,8.78,17.3,14.4
2026-04-12 20:47:42,AB_3,13.8,6.68,14.3,9.0,17.0,14.4
2026-04-12 20:47:42,AB_3,13.8,6.5,14.3,8.64,16.9,14.5
2026-04-12 20:47:42,AB_3,13.9,6.65,14.3,8.93,17.2,14.4
2026-04-12 20:47:43,AB_3,13.8,6.71,14.3,8.92,17.3,14.4
2026-04-12 20:47:43,AB_3,13.8,6.74,14.3,8.9,17.4,14.5
2026-04-12 20:47:43,AB_3,13.8,6.67,14.2,9.03,17.2,14.3
2026-04-12 20:47:44,AB_3,13.7,6.69,14.2,9.34,17.1,14.2
2026-04-12 20:47:44,AB_3,13.7,6.74,14.1,8.99,17.3,14.2
2026-04-12 20:47:51,AB_4,14.3,6.35,14.2,8.62,18.0,14.4
2026-04-12 20:47:51,AB_4,14.3,6.48,14.1,9.07,18.0,14.4
2026-04-12 20:47:52,AB_4,14.2,6.54,14.1,9.17,18.0,14.2
2026-04-12 20:47:52,AB_4,14.0,6.54,14.0,9.2,17.8,14.2
2026-04-12 20:47:52,AB_4,14.2,6.59,14.1,9.09,17.9,14.2
2026-04-12 20:47:53,AB_4,14.1,6.6,14.0,9.39,17.7,14.2
2026-04-12 20:47:53,AB_4,14.1,6.62,14.1,9.32,17.9,14.2
2026-04-12 20:47:53,AB_4,14.1,6.63,14.0,9.24,17.9,14.1
2026-04-12 20:47:54,AB_4,14.1,6.54,14.1,8.82,17.9,14.3
2026-04-12 20:47:54,AB_4,14.2,6.55,14.0,8.92,17.8,14.1
2026-04-12 20:47:54,AB_4,14.1,6.65,14.0,9.13,17.7,14.1
2026-04-12 20:47:55,AB_4,14.1,6.55,14.0,8.68,17.8,14.2
2026-04-12 20:47:55,AB_4,14.3,6.6,13.9,8.99,17.8,14.1
2026-04-12 20:47:56,AB_4,14.2,6.44,14.0,8.75,17.7,14.2
2026-04-12 20:47:56,AB_4,14.2,6.57,13.9,8.81,17.9,14.1
2026-04-12 20:47:56,AB_4,14.2,6.55,14.0,8.51,17.5,14.1
2026-04-12 20:47:57,AB_4,14.2,6.48,13.9,8.5,17.6,14.1
2026-04-12 20:47:57,AB_4,14.3,6.5,13.9,8.27,17.5,14.1
2026-04-12 20:47:57,AB_4,14.3,6.42,13.9,8.33,17.6,14.1
2026-04-12 20:47:58,AB_4,14.2,6.48,13.9,8.45,17.7,14.1
2026-04-12 20:47:58,AB_4,14.1,6.4,13.8,8.46,17.4,14.1
2026-04-12 20:47:58,AB_4,14.1,6.54,13.9,8.73,17.5,14.0
2026-04-12 20:47:59,AB_4,13.9,6.6,13.9,8.53,17.5,14.2
2026-04-12 20:47:59,AB_4,14.1,6.53,13.9,8.71,17.4,14.1
2026-04-12 20:48:00,AB_4,14.1,6.56,14.0,8.99,17.7,14.2
2026-04-12 20:48:00,AB_4,14.1,6.62,14.1,8.98,17.8,14.2
2026-04-12 20:48:00,AB_4,14.0,6.44,14.1,8.78,17.7,14.4
2026-04-12 20:48:01,AB_4,14.3,6.59,14.2,8.98,17.8,14.3
2026-04-12 20:48:01,AB_4,14.2,6.29,14.2,8.8,17.7,14.5
2026-04-12 20:48:01,AB_4,14.4,6.35,14.3,8.48,17.7,14.6
2026-04-12 20:48:02,AB_4,14.5,6.49,14.3,8.81,17.8,14.4
2026-04-12 20:48:02,AB_4,14.3,6.39,14.4,8.57,17.8,14.7
2026-04-12 20:48:02,AB_4,14.4,6.3,14.4,8.23,17.8,14.5
2026-04-12 20:48:03,AB_4,14.5,6.42,14.3,8.33,17.6,14.5
2026-04-12 20:48:03,AB_4,14.4,6.46,14.3,8.6,17.7,14.4
2026-04-12 20:48:03,AB_4,14.3,6.35,14.2,8.6,17.7,14.4
2026-04-12 20:48:04,AB_4,14.3,6.27,14.3,8.52,17.8,14.4
2026-04-12 20:48:04,AB_4,14.3,6.54,14.1,8.64,17.7,14.2
2026-04-12 20:48:05,AB_4,14.3,6.38,14.1,8.5,17.7,14.3
2026-04-12 20:48:05,AB_4,14.3,6.46,14.0,8.31,17.8,14.3
2026-04-12 20:48:05,AB_4,14.4,6.5,14.0,8.66,17.9,14.1
2026-04-12 20:48:06,AB_4,14.2,6.62,13.9,8.86,17.8,14.0
2026-04-12 20:48:06,AB_4,14.2,6.6,13.8,8.86,17.8,14.0
2026-04-12 20:48:06,AB_4,14.2,6.59,13.8,9.06,17.7,13.9
2026-04-12 20:48:07,AB_4,14.1,6.31,13.8,8.64,17.7,14.0
2026-04-12 20:48:07,AB_4,14.3,6.52,13.8,8.39,17.8,14.1
2026-04-12 20:48:07,AB_4,14.3,6.57,13.8,8.61,17.6,14.0
2026-04-12 20:48:08,AB_4,14.2,6.62,13.8,8.82,17.6,13.9
2026-04-12 20:48:08,AB_4,14.1,6.65,13.8,9.04,17.7,13.9
2026-04-12 20:48:08,AB_4,14.1,6.36,13.8,8.61,17.6,14.0
2026-04-12 20:48:09,AB_4,14.2,6.61,13.8,8.69,17.6,14.0
2026-04-12 20:48:09,AB_4,14.0,6.6,13.9,9.0,17.3,14.0
2026-04-12 20:48:10,AB_4,14.0,6.43,13.9,8.74,17.5,14.1
2026-04-12 20:48:10,AB_4,14.1,6.6,13.9,8.91,17.4,14.0
2026-04-12 20:48:10,AB_4,13.9,6.61,13.9,8.76,17.2,13.9
2026-04-12 20:48:11,AB_4,13.9,6.66,13.7,9.18,17.5,13.9
2026-04-12 20:48:11,AB_4,14.0,6.69,13.8,9.26,17.5,13.9
2026-04-12 20:48:11,AB_4,13.9,6.49,13.8,8.51,17.6,13.9
2026-04-12 20:48:12,AB_4,14.2,6.62,13.8,8.9,17.7,13.9
2026-04-12 20:48:12,AB_4,14.1,6.62,13.8,9.1,17.7,13.9
2026-04-12 20:48:12,AB_4,14.1,6.49,13.8,8.69,17.6,14.1
2026-04-12 20:48:13,AB_4,14.2,6.57,13.8,8.91,17.7,14.0
2026-04-12 20:48:13,AB_4,14.1,6.63,13.9,9.17,17.7,14.1
2026-04-12 20:48:13,AB_4,14.1,6.59,14.0,8.71,17.6,14.3
2026-04-12 20:48:14,AB_4,14.3,6.6,14.0,8.82,17.7,14.2
2026-04-12 20:48:14,AB_4,14.2,6.51,14.1,8.66,17.8,14.4
2026-04-12 20:48:14,AB_4,14.3,6.54,14.1,8.72,17.7,14.2
2026-04-12 20:48:15,AB_4,14.2,6.39,14.1,8.6,17.7,14.4
2026-04-12 20:48:15,AB_4,14.3,6.55,14.1,8.76,17.3,14.2
2026-04-12 20:48:16,AB_4,14.2,6.6,14.2,9.12,17.9,14.4
2026-04-12 20:48:16,AB_4,14.3,6.35,14.3,8.78,17.7,14.5
2026-04-12 20:48:16,AB_4,14.3,6.57,14.3,8.85,17.9,14.5
2026-04-12 20:48:17,AB_4,14.3,6.23,14.4,8.62,17.8,14.6
2026-04-12 20:48:17,AB_4,14.4,6.53,14.3,8.69,17.7,14.4
2026-04-12 20:48:17,AB_4,14.2,6.59,14.3,9.05,17.5,14.4
2026-04-12 20:48:18,AB_4,14.1,6.68,14.1,9.04,17.6,14.3
2026-04-12 20:48:18,AB_4,14.1,6.66,14.2,9.32,17.7,14.3
2026-04-12 20:48:18,AB_4,14.2,6.59,14.2,9.16,17.7,14.2
2026-04-12 20:48:19,AB_4,14.1,6.67,14.1,9.24,17.7,14.2
2026-04-12 20:48:19,AB_4,14.0,6.68,14.1,9.27,17.5,14.2
2026-04-12 20:48:19,AB_4,14.1,6.53,14.1,8.69,17.5,14.3
2026-04-12 20:48:20,AB_4,14.2,6.57,14.1,8.62,17.6,14.3
2026-04-12 20:48:20,AB_4,14.3,6.55,14.1,8.45,17.5,14.2
2026-04-12 20:48:21,AB_4,14.1,6.33,13.9,8.23,17.5,14.2
2026-04-12 20:48:21,AB_4,14.1,6.39,13.8,8.26,17.5,14.1
2026-04-12 20:48:21,AB_4,14.1,6.54,13.8,8.6,17.4,13.9
2026-04-12 20:48:22,AB_4,13.9,6.59,13.7,8.81,17.4,13.8
2026-04-12 20:48:22,AB_4,13.9,6.61,13.7,8.98,17.4,13.8
2026-04-12 20:48:22,AB_4,13.9,6.63,13.7,9.07,17.5,13.8
2026-04-12 20:48:23,AB_4,14.0,6.44,13.7,8.57,17.5,14.0
2026-04-12 20:48:23,AB_4,14.1,6.6,13.7,8.83,17.4,13.9
2026-04-12 20:48:23,AB_4,14.1,6.62,13.8,8.92,17.6,13.9
2026-04-12 20:48:24,AB_4,14.0,6.45,13.9,8.62,17.5,14.1
2026-04-12 20:48:24,AB_4,14.2,6.52,13.9,8.39,17.5,14.2
2026-04-12 20:48:24,AB_4,14.2,6.52,13.9,8.64,17.5,14.0
2026-04-12 20:48:25,AB_4,14.1,6.5,14.0,8.33,17.5,14.1
2026-04-12 20:48:25,AB_4,14.1,6.46,14.0,8.42,17.8,14.3
2026-04-12 20:48:26,AB_4,14.2,6.53,14.0,8.74,17.7,14.2
2026-04-12 20:48:26,AB_4,14.2,6.6,14.1,8.94,17.7,14.2
2026-04-12 20:48:26,AB_4,14.2,6.4,14.1,8.67,17.5,14.4
2026-04-12 20:48:27,AB_4,14.3,6.41,14.2,8.43,17.8,14.4
2026-04-12 20:48:27,AB_4,14.3,6.56,14.1,8.81,17.5,14.3
2026-04-12 20:48:27,AB_4,14.1,6.48,14.1,8.39,17.7,14.4
2026-04-12 20:48:28,AB_4,14.2,6.56,14.1,8.46,17.5,14.3
2026-04-12 20:48:28,AB_4,14.1,6.5,14.0,8.2,17.4,14.3
2026-04-12 20:48:28,AB_4,14.2,6.51,13.9,8.26,17.5,14.0
2026-04-12 20:48:29,AB_4,14.0,6.55,13.8,8.56,17.3,13.9
2026-04-12 20:48:29,AB_4,13.9,6.37,13.8,8.43,17.5,14.0
2026-04-12 20:48:30,AB_4,14.1,6.3,13.7,8.28,17.5,14.0
2026-04-12 20:48:30,AB_4,14.2,6.51,13.7,8.51,17.6,13.9
2026-04-12 20:48:30,AB_4,14.1,6.49,13.7,8.25,17.6,14.0
2026-04-12 20:48:31,AB_4,14.2,6.51,13.7,8.52,17.7,13.9
2026-04-12 20:48:31,AB_4,14.1,6.33,13.8,8.52,17.6,14.0
2026-04-12 20:48:31,AB_4,14.2,6.53,13.7,8.51,17.4,13.9
2026-04-12 20:48:32,AB_4,14.1,6.56,13.7,8.87,17.7,13.9
2026-04-12 20:48:32,AB_4,14.1,6.6,13.7,8.87,17.7,13.8
2026-04-12 20:48:32,AB_4,14.1,6.36,13.8,8.49,17.5,14.0
2026-04-12 20:48:33,AB_4,14.1,6.61,13.8,8.89,17.6,14.0
2026-04-12 20:48:33,AB_4,14.1,6.54,13.9,8.61,17.7,14.2
2026-04-12 20:48:33,AB_4,14.3,6.56,14.0,8.31,17.6,14.3
2026-04-12 20:48:34,AB_4,14.3,6.51,14.0,8.6,17.4,14.2
2026-04-12 20:48:34,AB_4,14.2,6.61,14.0,9.02,17.7,14.1
2026-04-12 20:48:34,AB_4,14.2,6.6,14.0,9.07,17.6,14.2
2026-04-12 20:48:35,AB_4,14.2,6.61,14.0,8.97,17.9,14.1
2026-04-12 20:48:35,AB_4,14.2,6.64,14.0,9.09,17.7,14.2
2026-04-12 20:48:36,AB_4,14.2,6.54,14.2,8.81,17.8,14.4
2026-04-12 20:48:36,AB_4,14.3,6.52,14.3,8.67,17.9,14.5
2026-04-12 20:48:36,AB_4,14.3,6.32,14.3,8.57,17.7,14.6
2026-04-12 20:48:37,AB_4,14.4,6.54,14.3,8.75,17.8,14.5
2026-04-12 20:48:37,AB_4,14.4,6.33,14.4,8.62,17.8,14.6
2026-04-12 20:48:37,AB_4,14.4,6.51,14.3,8.19,17.5,14.6
2026-04-12 20:48:38,AB_4,14.4,6.5,14.3,8.28,17.6,14.6
2026-04-12 20:48:38,AB_4,14.4,6.48,14.2,8.59,17.8,14.3
2026-04-12 20:48:38,AB_4,14.2,6.36,14.1,8.54,17.7,14.3
2026-04-12 20:48:39,AB_4,14.3,6.56,14.1,8.8,17.8,14.3
2026-04-12 20:48:39,AB_4,14.2,6.6,14.1,9.04,17.7,14.3
2026-04-12 20:48:40,AB_4,14.1,6.19,14.1,8.74,17.8,14.2
2026-04-12 20:48:40,AB_4,14.1,6.62,13.8,8.83,17.4,13.9
2026-04-12 20:48:40,AB_4,14.0,6.61,13.9,8.95,17.4,13.9
2026-04-12 20:48:41,AB_4,13.8,6.38,13.7,8.63,17.1,13.7
2026-04-12 20:48:41,AB_4,13.8,6.58,13.7,8.67,17.3,13.9
2026-04-12 20:48:41,AB_4,13.8,6.51,13.7,8.4,17.2,13.9
2026-04-12 20:48:42,AB_4,13.9,6.61,13.7,8.71,17.3,13.8
2026-04-12 20:48:42,AB_4,13.9,6.43,13.7,8.53,17.4,13.9
2026-04-12 20:48:42,AB_4,13.9,6.57,13.6,8.45,17.3,13.8
2026-04-12 20:48:43,AB_4,14.0,6.63,13.6,8.83,17.5,13.7
2026-04-12 20:48:43,AB_4,13.9,6.4,13.6,8.5,17.4,13.9
2026-04-12 20:48:43,AB_4,14.1,6.54,13.7,8.28,17.3,13.9
2026-04-12 20:48:44,AB_4,14.1,6.56,13.7,8.64,17.4,13.9
2026-04-12 20:48:44,AB_4,14.1,6.63,13.7,8.91,17.7,13.8
2026-04-12 20:48:45,AB_4,14.0,6.65,13.6,9.0,17.5,13.7
2026-04-12 20:48:45,AB_4,13.9,6.64,13.6,9.08,17.5,13.7
2026-04-12 20:48:45,AB_4,13.9,6.67,13.6,9.0,17.7,13.8
2026-04-12 20:48:46,AB_4,14.1,6.37,13.6,8.67,17.6,13.9
2026-04-12 20:48:46,AB_4,14.2,6.62,13.8,8.35,17.6,13.9
2026-04-12 20:48:46,AB_4,14.2,6.56,13.7,8.46,17.3,13.9
2026-04-12 20:48:47,AB_4,14.1,6.53,13.7,8.25,17.5,13.9
2026-04-12 20:48:47,AB_4,14.2,6.47,13.7,8.34,17.6,14.0
2026-04-12 20:48:47,AB_4,14.3,6.51,13.8,8.18,17.5,14.0
2026-04-12 20:48:48,AB_4,14.3,6.52,13.8,8.16,17.5,14.1
2026-04-12 20:48:48,AB_4,14.3,6.4,13.8,8.05,17.6,14.1
2026-04-12 20:48:48,AB_4,14.2,6.51,13.8,8.57,17.6,13.9
2026-04-12 20:48:49,AB_4,14.1,6.36,13.8,8.33,17.5,14.1
2026-04-12 20:48:49,AB_4,14.2,6.5,13.8,8.47,17.5,13.9
2026-04-12 20:48:50,AB_4,14.1,6.62,13.8,8.76,17.5,13.9
2026-04-12 20:48:50,AB_4,14.0,6.41,13.7,8.39,17.2,13.9
2026-04-12 20:48:50,AB_4,14.1,6.56,13.7,8.73,17.5,13.8
2026-04-12 20:48:51,AB_4,14.0,6.62,13.6,8.81,17.6,13.8
2026-04-12 20:48:51,AB_4,14.0,6.46,13.8,8.68,17.7,14.0
2026-04-12 20:48:51,AB_4,14.1,6.6,13.8,8.88,17.5,13.9
2026-04-12 20:48:52,AB_4,13.9,6.68,13.8,9.07,17.5,13.9
2026-04-12 20:48:52,AB_4,13.9,6.49,13.8,8.7,17.4,13.9
2026-04-12 20:48:52,AB_4,13.9,6.54,13.8,8.59,17.4,13.9
2026-04-12 20:48:53,AB_4,13.9,6.62,13.7,8.85,17.4,13.8
2026-04-12 20:48:53,AB_4,13.9,6.63,13.7,9.05,17.5,13.8
2026-04-12 20:48:53,AB_4,13.9,6.56,13.7,8.57,17.5,13.9
2026-04-12 20:48:54,AB_4,14.1,6.59,13.7,8.31,17.5,13.9
2026-04-12 20:48:54,AB_4,14.1,6.58,13.7,8.66,17.5,13.8
2026-04-12 20:48:55,AB_4,14.1,6.61,13.7,8.84,17.7,13.9
2026-04-12 20:48:55,AB_4,14.1,6.42,13.8,8.62,17.4,14.0
2026-04-12 20:48:55,AB_4,14.2,6.4,13.9,8.51,17.8,14.2
2026-04-12 20:48:56,AB_4,14.2,6.56,13.9,8.75,17.6,14.1
2026-04-12 20:48:56,AB_4,14.2,6.62,13.9,8.91,17.5,13.7
2026-04-12 20:48:56,AB_4,14.1,6.57,13.7,9.04,17.7,13.8
2026-04-12 20:48:57,AB_4,14.0,6.63,13.6,9.09,17.6,13.9
2026-04-12 20:48:57,AB_4,13.9,6.65,13.7,9.11,17.4,13.8
2026-04-12 20:48:57,AB_4,14.0,6.72,13.8,9.02,17.2,13.9
2026-04-12 20:48:58,AB_4,13.9,6.54,13.9,8.72,17.4,14.0
2026-04-12 20:48:58,AB_4,14.1,6.46,13.9,8.5,17.4,14.2
2026-04-12 20:48:59,AB_4,14.1,6.45,13.9,8.41,17.3,14.2
2026-04-12 20:48:59,AB_4,14.2,6.49,14.0,8.29,17.6,14.3
2026-04-12 20:48:59,AB_4,14.3,6.48,14.1,8.63,17.7,14.2
2026-04-12 20:49:00,AB_4,14.1,6.55,14.0,8.86,17.5,14.2
2026-04-12 20:49:00,AB_4,14.2,6.41,14.2,8.56,17.6,14.4
2026-04-12 20:49:00,AB_4,14.2,6.52,14.1,8.44,17.3,14.3
2026-04-12 20:49:01,AB_4,14.2,6.51,14.2,8.41,17.7,14.4
2026-04-12 20:49:01,AB_4,14.3,6.52,14.2,8.13,17.5,14.5
2026-04-12 20:49:01,AB_4,14.4,6.46,14.3,8.25,17.7,14.6
2026-04-12 20:49:02,AB_4,14.4,6.44,14.3,8.52,17.7,14.4
2026-04-12 20:49:02,AB_4,14.3,6.45,14.2,8.26,17.8,14.5
2026-04-12 20:49:10,AD_1,15.9,6.75,14.0,8.43,19.7,14.5
2026-04-12 20:49:10,AD_1,15.9,6.89,14.1,8.68,19.4,14.4
2026-04-12 20:49:10,AD_1,15.7,6.94,13.9,8.81,19.3,14.1
2026-04-12 20:49:11,AD_1,15.5,6.96,14.0,9.0,19.2,14.2
2026-04-12 20:49:11,AD_1,15.6,6.79,14.0,8.63,19.4,14.3
2026-04-12 20:49:11,AD_1,15.7,6.92,14.0,8.44,19.2,14.4
2026-04-12 20:49:12,AD_1,15.8,6.95,14.0,8.72,19.3,14.2
2026-04-12 20:49:12,AD_1,15.6,7.05,13.9,8.87,19.4,14.1
2026-04-12 20:49:12,AD_1,15.5,7.04,13.9,9.03,19.1,14.1
2026-04-12 20:49:13,AD_1,15.5,7.09,13.9,8.94,19.1,14.1
2026-04-12 20:49:13,AD_1,15.5,7.08,13.9,9.19,19.1,14.1
2026-04-12 20:49:13,AD_1,15.5,6.9,14.0,8.89,18.5,14.4
2026-04-12 20:49:14,AD_1,15.4,7.03,14.2,9.11,18.8,14.3
2026-04-12 20:49:14,AD_1,15.2,7.04,14.1,9.14,18.7,14.3
2026-04-12 20:49:15,AD_1,15.2,6.91,14.2,8.47,18.6,14.4
2026-04-12 20:49:15,AD_1,15.2,6.92,14.2,8.6,18.6,14.4
2026-04-12 20:49:15,AD_1,15.2,6.91,14.2,8.62,18.5,14.5
2026-04-12 20:49:16,AD_1,15.3,6.94,14.2,8.59,18.7,14.4
2026-04-12 20:49:16,AD_1,15.2,6.92,14.2,8.56,18.2,14.4
2026-04-12 20:49:16,AD_1,15.2,6.89,14.3,8.4,18.4,14.5
2026-04-12 20:49:17,AD_1,15.2,6.97,14.3,8.32,18.7,14.3
2026-04-12 20:49:17,AD_1,15.4,7.01,14.2,8.59,18.9,14.3
2026-04-12 20:49:17,AD_1,15.4,6.9,14.2,8.41,19.1,14.4
2026-04-12 20:49:18,AD_1,15.6,6.71,14.1,8.38,18.8,14.4
2026-04-12 20:49:18,AD_1,15.7,6.96,14.0,8.54,19.1,14.2
2026-04-12 20:49:19,AD_1,15.4,6.86,14.0,8.13,18.8,14.3
2026-04-12 20:49:19,AD_1,15.5,6.95,13.9,8.69,18.8,14.1
2026-04-12 20:49:19,AD_1,15.5,6.69,13.9,8.33,19.0,14.2
2026-04-12 20:49:20,AD_1,15.5,6.9,13.8,8.2,18.8,14.1
2026-04-12 20:49:20,AD_1,15.5,6.78,13.7,7.97,18.9,14.2
2026-04-12 20:49:20,AD_1,15.5,6.9,13.8,8.39,18.9,14.0
2026-04-12 20:49:21,AD_1,15.3,6.9,13.7,8.55,18.8,13.9
2026-04-12 20:49:21,AD_1,15.3,6.72,13.7,8.24,18.7,14.0
2026-04-12 20:49:21,AD_1,15.4,6.89,13.7,8.61,18.8,13.9
2026-04-12 20:49:22,AD_1,15.3,6.99,13.6,8.72,18.5,13.9
2026-04-12 20:49:22,AD_1,15.2,6.69,13.7,8.39,18.9,14.0
2026-04-12 20:49:22,AD_1,15.6,6.99,13.6,8.47,18.9,13.8
2026-04-12 20:49:23,AD_1,15.7,7.0,13.7,8.19,18.9,14.0
2026-04-12 20:49:23,AD_1,15.7,6.92,13.7,8.1,19.0,14.1
2026-04-12 20:49:24,AD_1,15.6,6.86,13.8,8.09,18.9,14.0
2026-04-12 20:49:24,AD_1,15.6,6.77,13.8,8.05,18.7,14.4
2026-04-12 20:49:24,AD_1,15.6,7.01,14.0,8.55,18.9,14.1
2026-04-12 20:49:25,AD_1,15.4,6.79,13.9,8.35,18.9,14.3
2026-04-12 20:49:25,AD_1,15.5,6.95,13.9,8.25,19.0,14.3
2026-04-12 20:49:25,AD_1,15.6,6.93,13.9,8.2,18.7,14.3
2026-04-12 20:49:26,AD_1,15.7,6.92,13.9,8.37,19.1,14.1
2026-04-12 20:49:26,AD_1,15.5,7.0,13.9,8.27,19.0,14.2
2026-04-12 20:49:26,AD_1,15.8,6.93,13.8,8.11,19.1,14.2
2026-04-12 20:49:27,AD_1,15.8,6.99,13.9,8.47,18.7,14.2
2026-04-12 20:49:27,AD_1,15.4,7.03,14.0,8.69,18.8,14.1
2026-04-12 20:49:28,AD_1,15.4,7.03,13.9,9.03,18.8,14.1
2026-04-12 20:49:28,AD_1,15.4,7.06,13.9,8.8,18.8,14.1
2026-04-12 20:49:28,AD_1,15.4,7.12,13.9,8.69,18.9,14.2
2026-04-12 20:49:29,AD_1,15.6,7.06,13.8,8.28,19.2,14.0
2026-04-12 20:49:29,AD_1,15.7,6.95,13.7,8.55,19.0,13.9
2026-04-12 20:49:29,AD_1,15.6,7.01,13.8,8.19,18.7,14.1
2026-04-12 20:49:30,AD_1,15.5,6.91,13.9,8.23,18.8,14.2
2026-04-12 20:49:30,AD_1,15.6,6.9,14.0,8.21,18.7,14.3
2026-04-12 20:49:30,AD_1,15.5,6.86,14.0,8.24,18.9,14.4
2026-04-12 20:49:31,AD_1,15.6,6.93,14.1,8.15,18.7,14.4
2026-04-12 20:49:31,AD_1,15.6,6.97,14.1,8.53,18.9,14.3
2026-04-12 20:49:31,AD_1,15.4,6.64,14.1,8.48,18.7,14.6
2026-04-12 20:49:32,AD_1,15.5,7.01,14.2,8.73,18.7,14.5
2026-04-12 20:49:32,AD_1,15.3,7.11,14.2,9.01,18.5,14.4
2026-04-12 20:49:33,AD_1,15.2,7.06,14.2,9.04,18.7,14.4
2026-04-12 20:49:33,AD_1,15.3,7.12,14.2,9.19,18.6,14.4
2026-04-12 20:49:33,AD_1,15.2,7.12,14.2,8.81,18.7,14.5
2026-04-12 20:49:34,AD_1,15.4,7.0,14.2,8.73,18.4,14.4
2026-04-12 20:49:34,AD_1,15.3,6.94,14.1,8.64,18.7,14.5
2026-04-12 20:49:34,AD_1,15.4,7.05,14.2,8.47,18.8,14.5
2026-04-12 20:49:35,AD_1,15.5,7.0,14.1,8.75,18.9,14.3
2026-04-12 20:49:35,AD_1,15.4,7.03,14.1,8.82,18.8,14.2
2026-04-12 20:49:35,AD_1,15.4,7.0,14.1,8.61,18.6,14.4
2026-04-12 20:49:36,AD_1,15.5,7.04,14.1,8.58,18.7,14.3
2026-04-12 20:49:36,AD_1,15.3,7.07,14.1,8.75,18.3,14.3
2026-04-12 20:49:36,AD_1,15.2,6.75,14.2,8.72,18.7,14.4
2026-04-12 20:49:37,AD_1,15.4,7.03,14.1,8.95,18.6,14.3
2026-04-12 20:49:37,AD_1,15.3,7.06,14.1,8.85,18.9,14.2
2026-04-12 20:49:38,AD_1,15.2,7.11,14.0,8.97,18.9,14.1
2026-04-12 20:49:38,AD_1,15.3,6.75,13.9,8.72,18.8,14.1
2026-04-12 20:49:38,AD_1,15.4,6.93,13.9,8.91,18.5,14.1
2026-04-12 20:49:39,AD_1,15.2,6.99,14.0,8.97,18.7,14.0
2026-04-12 20:49:39,AD_1,15.2,7.01,13.8,9.01,18.6,14.0
2026-04-12 20:49:39,AD_1,15.2,6.78,13.8,8.66,18.7,14.0
2026-04-12 20:49:40,AD_1,15.3,6.65,13.8,8.48,18.6,14.1
2026-04-12 20:49:40,AD_1,15.4,6.96,13.8,8.68,18.8,14.0
2026-04-12 20:49:40,AD_1,15.3,6.81,13.8,8.37,18.8,14.1
2026-04-12 20:49:41,AD_1,15.4,6.9,13.8,8.26,18.5,14.1
2026-04-12 20:49:41,AD_1,15.4,6.77,13.8,8.07,18.7,14.2
2026-04-12 20:49:42,AD_1,15.4,6.92,13.8,8.62,18.6,14.0
2026-04-12 20:49:42,AD_1,15.3,6.88,13.8,8.93,18.7,14.0
2026-04-12 20:49:42,AD_1,15.2,7.05,13.8,9.05,18.7,14.0
2026-04-12 20:49:43,AD_1,15.2,7.01,13.8,8.87,18.7,14.0
2026-04-12 20:49:43,AD_1,15.2,6.98,13.8,8.68,18.6,14.2
2026-04-12 20:49:43,AD_1,15.3,7.03,14.0,8.5,18.6,14.3
2026-04-12 20:49:44,AD_1,15.4,6.95,14.0,8.51,18.4,14.3
2026-04-12 20:49:44,AD_1,15.2,6.81,14.1,8.66,18.6,14.4
2026-04-12 20:49:44,AD_1,15.3,6.79,14.2,8.31,18.6,14.4
2026-04-12 20:49:45,AD_1,15.3,6.94,14.1,8.71,18.5,14.3
2026-04-12 20:49:45,AD_1,15.2,7.02,14.1,8.92,18.7,14.3
2026-04-12 20:49:45,AD_1,15.2,7.04,14.1,9.04,18.6,14.2
2026-04-12 20:49:46,AD_1,15.1,6.95,14.1,8.65,18.7,14.4
2026-04-12 20:49:46,AD_1,15.3,6.95,14.1,8.33,18.2,14.3
2026-04-12 20:49:47,AD_1,15.2,6.9,14.3,8.43,18.5,14.6
2026-04-12 20:49:47,AD_1,15.4,6.86,14.3,8.28,18.6,14.5
2026-04-12 20:49:47,AD_1,15.4,6.92,14.2,8.36,18.4,14.6
2026-04-12 20:49:48,AD_1,15.5,6.9,14.3,8.13,18.8,14.6
2026-04-12 20:49:48,AD_1,15.5,6.82,14.2,8.2,18.6,14.6
2026-04-12 20:49:48,AD_1,15.5,6.85,14.3,8.12,18.7,14.6
2026-04-12 20:49:49,AD_1,15.5,6.98,14.2,8.46,18.8,14.4
2026-04-12 20:49:49,AD_1,15.5,7.01,14.1,8.74,18.8,14.3
2026-04-12 20:49:49,AD_1,15.4,7.07,14.1,8.98,18.9,14.3
2026-04-12 20:49:50,AD_1,15.4,7.08,14.1,9.07,18.8,14.3
2026-04-12 20:49:50,AD_1,15.3,7.16,14.2,9.1,18.8,14.3
2026-04-12 20:49:50,AD_1,15.3,7.12,14.3,9.06,18.7,14.4
2026-04-12 20:49:51,AD_1,15.4,7.07,14.2,8.79,18.8,14.4
2026-04-12 20:49:51,AD_1,15.4,7.02,14.2,8.88,18.8,14.2
2026-04-12 20:49:52,AD_1,15.3,7.03,14.1,9.04,18.7,14.2
2026-04-12 20:49:52,AD_1,15.3,7.15,13.9,8.82,18.7,14.1
2026-04-12 20:49:52,AD_1,15.4,7.16,13.9,8.94,18.8,13.9
2026-04-12 20:49:53,AD_1,15.4,7.06,13.9,8.7,18.9,14.2
2026-04-12 20:49:53,AD_1,15.5,7.04,13.9,8.89,18.9,14.0
2026-04-12 20:49:53,AD_1,15.4,7.06,13.8,9.03,18.9,13.9
2026-04-12 20:49:54,AD_1,15.5,7.11,13.8,9.07,18.6,13.9
2026-04-12 20:49:54,AD_1,15.4,7.11,13.7,8.88,19.0,13.9
2026-04-12 20:49:54,AD_1,15.3,6.82,13.9,8.78,19.0,14.1
2026-04-12 20:49:55,AD_1,15.7,6.96,13.7,8.32,18.9,14.1
2026-04-12 20:49:55,AD_1,15.5,6.99,13.8,8.65,18.9,13.9
2026-04-12 20:49:55,AD_1,15.5,6.9,13.7,8.37,18.9,14.0
2026-04-12 20:49:56,AD_1,15.6,6.97,13.7,8.53,18.8,14.0
2026-04-12 20:49:56,AD_1,15.3,6.96,13.7,8.95,18.9,13.9
2026-04-12 20:49:57,AD_1,15.4,6.9,13.8,8.6,18.9,14.0
2026-04-12 20:49:57,AD_1,15.6,7.04,13.7,8.75,18.8,13.9
2026-04-12 20:49:57,AD_1,15.3,7.03,13.7,8.95,18.6,13.9
2026-04-12 20:49:58,AD_1,15.3,7.03,13.7,8.79,18.6,13.9
2026-04-12 20:49:58,AD_1,15.3,6.86,13.7,8.34,18.4,14.0
2026-04-12 20:49:58,AD_1,15.2,6.93,13.9,8.8,18.2,14.2
2026-04-12 20:49:59,AD_1,15.2,6.98,14.1,8.42,18.3,14.1
2026-04-12 20:49:59,AD_1,15.2,6.92,14.0,8.37,18.4,14.1
2026-04-12 20:49:59,AD_1,15.2,6.8,14.0,8.42,18.4,14.4
2026-04-12 20:50:00,AD_1,15.3,6.88,14.1,8.55,18.7,14.2
2026-04-12 20:50:00,AD_1,15.1,6.73,13.9,8.42,18.5,14.3
2026-04-12 20:50:00,AD_1,15.2,6.54,14.1,8.23,18.6,14.4
2026-04-12 20:50:01,AD_1,15.3,6.82,14.1,8.25,18.5,14.5
2026-04-12 20:50:01,AD_1,15.2,6.81,14.2,8.31,18.4,14.6
2026-04-12 20:50:02,AD_1,15.4,6.72,14.2,8.31,18.4,14.6
2026-04-12 20:50:02,AD_1,15.2,6.87,14.3,8.27,18.5,14.6
2026-04-12 20:50:02,AD_1,15.3,6.89,14.2,8.55,18.6,14.5
2026-04-12 20:50:03,AD_1,15.2,6.95,14.3,8.96,18.5,14.5
2026-04-12 20:50:03,AD_1,15.1,7.1,14.3,9.03,18.5,14.4
2026-04-12 20:50:03,AD_1,15.1,6.91,14.3,8.67,18.5,14.6
2026-04-12 20:50:04,AD_1,15.3,6.98,14.3,8.74,18.6,14.5
2026-04-12 20:50:04,AD_1,15.3,7.08,14.3,8.93,18.7,14.3
2026-04-12 20:50:04,AD_1,15.1,6.95,14.2,8.58,18.4,14.5
2026-04-12 20:50:05,AD_1,15.4,6.86,14.2,8.52,18.8,14.4
2026-04-12 20:50:05,AD_1,15.2,6.77,14.1,8.47,18.5,14.4
2026-04-12 20:50:06,AD_1,15.4,6.99,14.1,8.56,18.8,14.3
2026-04-12 20:50:06,AD_1,15.2,6.99,14.0,8.36,18.6,14.3
2026-04-12 20:50:06,AD_1,15.3,6.92,13.9,8.35,18.4,14.1
2026-04-12 20:50:07,AD_1,15.2,6.91,13.9,8.96,18.4,13.9
2026-04-12 20:50:07,AD_1,15.0,6.9,13.7,8.84,18.5,13.9
2026-04-12 20:50:07,AD_1,15.0,6.94,13.7,8.93,18.2,13.9
2026-04-12 20:50:08,AD_1,15.0,6.91,13.8,9.1,18.4,13.8
2026-04-12 20:50:08,AD_1,15.0,6.87,13.7,8.53,18.4,14.0
2026-04-12 20:50:08,AD_1,15.1,6.84,13.7,8.81,18.4,13.8
2026-04-12 20:50:09,AD_1,15.0,6.68,13.7,8.49,18.3,13.9
2026-04-12 20:50:09,AD_1,15.0,6.86,13.7,8.76,18.5,13.9
2026-04-12 20:50:09,AD_1,15.0,6.92,13.6,8.93,18.4,13.8
2026-04-12 20:50:10,AD_1,15.0,6.92,13.7,8.67,18.4,14.1
2026-04-12 20:50:10,AD_1,15.1,6.93,14.0,8.95,18.3,14.0
2026-04-12 20:50:11,AD_1,15.1,6.9,14.0,8.72,18.5,14.3
2026-04-12 20:50:11,AD_1,15.1,6.74,14.2,8.59,18.8,14.4
2026-04-12 20:50:11,AD_1,15.3,6.9,14.1,8.32,18.4,14.4
2026-04-12 20:50:12,AD_1,15.2,6.93,14.2,8.83,18.7,14.4
2026-04-12 20:50:12,AD_1,15.3,7.06,14.2,9.11,18.5,14.4
2026-04-12 20:50:12,AD_1,15.0,6.82,14.3,8.67,18.6,14.6
2026-04-12 20:50:13,AD_1,15.3,6.99,14.4,8.58,18.5,14.6
2026-04-12 20:50:13,AD_1,15.4,6.9,14.0,8.71,18.8,14.1
2026-04-12 20:50:13,AD_1,15.2,6.75,13.9,8.42,18.6,14.2
2026-04-12 20:50:14,AD_1,15.4,6.78,14.0,8.4,18.7,14.1
2026-04-12 20:50:14,AD_1,15.5,6.98,13.7,8.53,18.8,13.9
2026-04-12 20:50:14,AD_1,15.4,7.04,13.8,8.27,18.7,14.1
2026-04-12 20:50:15,AD_1,15.6,6.93,13.6,8.34,18.7,13.9
2026-04-12 20:50:15,AD_1,15.4,6.79,13.7,8.37,18.8,14.0
2026-04-12 20:50:16,AD_1,15.5,6.85,13.7,8.02,18.7,14.0
2026-04-12 20:50:16,AD_1,15.4,6.85,13.8,8.09,18.8,14.1
2026-04-12 20:50:16,AD_1,15.5,6.9,13.8,7.84,18.7,14.3
2026-04-12 20:50:17,AD_1,15.5,6.91,13.9,8.57,18.7,14.1
2026-04-12 20:50:17,AD_1,15.4,7.0,13.9,8.7,18.8,14.0
2026-04-12 20:50:17,AD_1,15.3,7.0,13.8,8.58,18.8,14.2
2026-04-12 20:50:18,AD_1,15.6,7.05,13.7,8.72,19.0,13.9
2026-04-12 20:50:18,AD_1,15.5,7.1,13.6,8.78,19.0,13.8
2026-04-12 20:50:18,AD_1,15.7,7.06,13.7,8.46,19.2,14.0
2026-04-12 20:50:19,AD_1,15.5,7.03,13.8,8.76,18.8,14.0
2026-04-12 20:50:19,AD_1,15.6,7.04,13.9,8.53,18.7,14.3
2026-04-12 20:50:20,AD_1,15.5,7.01,14.1,8.36,18.9,14.5
2026-04-12 20:50:20,AD_1,15.6,7.03,14.1,8.54,18.7,14.3
2026-04-12 20:50:20,AD_1,15.3,6.88,14.2,8.36,18.6,14.5
2026-04-12 20:50:21,AD_1,15.4,7.15,14.3,8.84,18.8,14.4
2026-04-12 20:50:21,AD_1,15.3,6.75,14.2,8.57,18.6,14.5
2026-04-12 20:50:25,AD_2,15.8,7.28,15.0,9.11,19.4,15.2
2026-04-12 20:50:26,AD_2,15.7,7.36,14.9,9.4,19.3,15.2
2026-04-12 20:50:26,AD_2,15.7,7.43,14.8,9.36,19.1,15.0
2026-04-12 20:50:26,AD_2,15.5,7.3,14.9,9.31,19.2,15.2
2026-04-12 20:50:27,AD_2,15.8,7.38,14.9,9.31,19.2,15.1
2026-04-12 20:50:27,AD_2,15.5,7.37,14.9,9.09,19.1,15.2
2026-04-12 20:50:27,AD_2,15.7,7.39,14.9,8.97,19.1,15.2
2026-04-12 20:50:28,AD_2,15.7,7.27,14.9,8.86,19.0,15.1
2026-04-12 20:50:28,AD_2,15.7,7.4,14.9,9.09,18.9,15.1
2026-04-12 20:50:29,AD_2,15.5,7.32,14.9,8.97,18.9,15.1
2026-04-12 20:50:29,AD_2,15.6,7.3,14.9,8.75,18.9,15.2
2026-04-12 20:50:29,AD_2,15.6,7.35,14.9,8.86,18.9,15.3
2026-04-12 20:50:30,AD_2,15.8,7.48,15.0,9.24,19.0,15.2
2026-04-12 20:50:30,AD_2,15.8,7.6,15.0,9.41,19.1,15.2
2026-04-12 20:50:30,AD_2,15.8,7.49,15.1,9.16,19.1,15.3
2026-04-12 20:50:31,AD_2,16.0,7.67,15.1,9.16,19.3,15.4
2026-04-12 20:50:31,AD_2,16.0,7.72,15.2,9.14,19.2,15.4
2026-04-12 20:50:31,AD_2,16.1,7.69,15.2,8.98,19.2,15.5
2026-04-12 20:50:32,AD_2,16.1,7.65,15.1,9.2,19.1,15.3
2026-04-12 20:50:32,AD_2,15.9,7.74,15.1,9.55,19.2,15.3
2026-04-12 20:50:32,AD_2,15.8,7.62,15.0,9.22,19.1,15.3
2026-04-12 20:50:33,AD_2,15.7,7.39,14.8,9.27,18.8,14.9
2026-04-12 20:50:33,AD_2,15.3,7.18,14.8,8.95,18.8,15.1
2026-04-12 20:50:34,AD_2,15.5,7.2,14.7,9.06,18.6,14.8
2026-04-12 20:50:34,AD_2,15.2,6.99,14.6,8.9,18.6,14.9
2026-04-12 20:50:34,AD_2,15.3,7.09,14.7,8.65,18.9,15.0
2026-04-12 20:50:35,AD_2,15.3,7.07,14.5,8.97,18.3,14.8
2026-04-12 20:50:35,AD_2,15.0,6.89,14.6,8.69,18.6,14.9
2026-04-12 20:50:35,AD_2,15.2,7.2,14.6,8.97,18.4,14.9
2026-04-12 20:50:36,AD_2,15.4,6.88,14.7,8.81,18.6,15.0
2026-04-12 20:50:36,AD_2,15.4,7.01,14.7,8.74,18.5,15.0
2026-04-12 20:50:36,AD_2,15.4,7.16,14.7,8.64,18.5,15.1
2026-04-12 20:50:37,AD_2,15.5,7.14,14.7,8.42,18.3,15.0
2026-04-12 20:50:37,AD_2,15.4,7.17,14.8,8.97,18.6,15.0
2026-04-12 20:50:38,AD_2,15.3,7.22,14.7,9.07,18.7,14.9
2026-04-12 20:50:38,AD_2,15.3,7.24,14.7,9.09,18.3,14.9
2026-04-12 20:50:38,AD_2,15.3,7.3,14.7,9.26,18.7,14.8
2026-04-12 20:50:39,AD_2,15.3,7.35,14.7,9.43,18.8,14.8
2026-04-12 20:50:39,AD_2,15.2,7.33,14.7,9.6,18.7,14.9
2026-04-12 20:50:39,AD_2,15.3,7.22,14.8,9.23,18.6,15.0
2026-04-12 20:50:40,AD_2,15.5,7.38,14.8,9.49,18.8,15.0
2026-04-12 20:50:40,AD_2,15.4,7.49,14.8,9.6,18.9,15.0
2026-04-12 20:50:40,AD_2,15.4,7.32,14.8,9.17,18.7,15.0
2026-04-12 20:50:41,AD_2,15.4,7.41,14.8,9.51,18.8,15.0
2026-04-12 20:50:41,AD_2,15.4,7.5,14.8,9.44,18.9,15.0
2026-04-12 20:50:41,AD_2,15.5,7.44,14.8,9.23,18.7,15.1
2026-04-12 20:50:42,AD_2,15.5,7.42,14.8,9.37,18.8,15.0
2026-04-12 20:50:42,AD_2,15.5,7.54,14.9,9.6,18.8,15.0
2026-04-12 20:50:42,AD_2,15.5,7.19,14.9,9.31,18.9,15.0
2026-04-12 20:50:43,AD_2,15.5,7.35,14.9,9.24,18.6,15.1
2026-04-12 20:50:43,AD_2,15.6,7.6,14.9,9.59,19.0,15.1
2026-04-12 20:50:44,AD_2,15.6,7.67,14.9,9.76,18.7,15.1
2026-04-12 20:50:44,AD_2,15.7,7.5,15.0,9.2,18.9,15.2
2026-04-12 20:50:44,AD_2,15.7,7.59,15.0,9.07,19.0,15.3
2026-04-12 20:50:45,AD_2,15.8,7.52,15.0,9.29,18.9,15.1
2026-04-12 20:50:45,AD_2,15.7,7.63,14.9,9.54,18.9,15.1
2026-04-12 20:50:45,AD_2,15.7,7.67,15.0,9.7,18.9,15.1
2026-04-12 20:50:46,AD_2,15.7,7.71,15.0,9.64,19.0,15.1
2026-04-12 20:50:46,AD_2,15.7,7.76,15.0,9.71,19.1,15.2
2026-04-12 20:50:46,AD_2,15.8,7.63,15.0,9.51,19.1,15.2
2026-04-12 20:50:47,AD_2,15.9,7.74,15.1,9.38,19.2,15.3
2026-04-12 20:50:47,AD_2,16.0,7.8,15.1,9.51,19.3,15.3
2026-04-12 20:50:47,AD_2,15.9,7.79,15.1,9.69,19.2,15.2
2026-04-12 20:50:48,AD_2,15.9,7.86,15.1,9.85,19.2,15.2
2026-04-12 20:50:48,AD_2,15.8,7.69,15.1,9.36,19.2,15.4
2026-04-12 20:50:49,AD_2,16.0,7.69,15.2,9.28,19.2,15.4
2026-04-12 20:50:49,AD_2,16.1,7.82,15.1,9.48,19.2,15.3
2026-04-12 20:50:49,AD_2,15.9,7.6,15.1,9.36,19.2,15.4
2026-04-12 20:50:50,AD_2,16.0,7.67,15.1,9.1,18.9,15.4
2026-04-12 20:50:50,AD_2,16.0,7.66,15.0,9.39,19.0,15.2
2026-04-12 20:50:50,AD_2,15.8,7.69,15.0,9.57,19.0,15.2
2026-04-12 20:50:51,AD_2,15.8,7.71,15.0,9.69,19.1,15.1
2026-04-12 20:50:51,AD_2,15.7,7.49,15.0,9.25,18.9,15.3
2026-04-12 20:50:51,AD_2,15.8,7.58,14.9,9.37,19.0,15.1
2026-04-12 20:50:52,AD_2,15.6,7.37,14.9,9.1,18.7,15.2
2026-04-12 20:50:52,AD_2,15.6,7.43,15.0,8.9,18.9,15.2
2026-04-12 20:50:52,AD_2,15.7,7.32,14.9,8.81,18.9,15.2
2026-04-12 20:50:53,AD_2,15.6,7.36,14.9,8.68,18.7,15.2
2026-04-12 20:50:53,AD_2,15.6,7.3,14.9,9.05,18.6,15.1
2026-04-12 20:50:54,AD_2,15.5,7.33,14.9,8.85,18.9,15.1
2026-04-12 20:50:54,AD_2,15.6,7.25,14.9,8.73,18.9,15.2
2026-04-12 20:50:54,AD_2,15.7,7.36,14.9,9.15,18.4,15.0
2026-04-12 20:50:55,AD_2,15.5,7.3,14.8,9.2,18.7,14.9
2026-04-12 20:50:55,AD_2,15.3,7.08,14.7,8.87,18.3,15.0
2026-04-12 20:50:55,AD_2,15.4,7.18,14.7,8.53,18.6,15.0
2026-04-12 20:50:56,AD_2,15.4,7.13,14.8,8.65,18.7,15.0
2026-04-12 20:50:56,AD_2,15.4,7.1,14.7,8.96,18.5,14.8
2026-04-12 20:50:56,AD_2,15.2,6.94,14.6,8.81,18.5,15.0
2026-04-12 20:50:57,AD_2,15.3,7.12,14.7,8.67,18.5,15.0
2026-04-12 20:50:57,AD_2,15.4,7.12,14.7,8.8,18.6,14.8
2026-04-12 20:50:58,AD_2,15.2,7.18,14.5,9.1,18.5,14.7
2026-04-12 20:50:58,AD_2,15.1,7.16,14.6,9.31,18.4,14.8
2026-04-12 20:50:58,AD_2,15.1,6.9,14.6,9.01,18.4,14.9
2026-04-12 20:50:59,AD_2,15.1,7.07,14.6,9.07,18.5,14.8
2026-04-12 20:50:59,AD_2,15.2,7.14,14.6,9.33,18.4,14.7
2026-04-12 20:50:59,AD_2,15.1,7.06,14.6,8.95,18.2,14.9
2026-04-12 20:51:00,AD_2,15.2,7.06,14.6,9.25,18.3,14.8
2026-04-12 20:51:00,AD_2,15.1,7.06,14.6,8.81,18.5,14.9
2026-04-12 20:51:00,AD_2,15.2,7.12,14.7,9.2,18.5,14.8
2026-04-12 20:51:01,AD_2,15.1,6.97,14.6,8.82,18.5,14.9
2026-04-12 20:51:01,AD_2,15.2,7.12,14.7,9.14,18.5,14.8
2026-04-12 20:51:01,AD_2,15.2,7.17,14.7,9.28,18.6,14.8
2026-04-12 20:51:02,AD_2,15.1,7.23,14.6,9.35,18.3,14.8
2026-04-12 20:51:02,AD_2,15.1,7.21,14.7,8.98,18.5,14.9
2026-04-12 20:51:02,AD_2,15.2,7.18,14.7,9.03,18.4,14.9
2026-04-12 20:51:03,AD_2,15.1,7.0,14.7,9.01,18.6,15.0
2026-04-12 20:51:03,AD_2,15.2,7.18,14.7,9.26,18.4,14.9
2026-04-12 20:51:04,AD_2,15.1,7.1,14.7,8.98,18.5,15.0
2026-04-12 20:51:04,AD_2,15.3,7.17,14.8,8.8,18.4,15.1
2026-04-12 20:51:04,AD_2,15.3,7.09,14.8,8.76,18.3,15.0
2026-04-12 20:51:05,AD_2,15.3,7.18,14.9,8.77,18.6,15.1
2026-04-12 20:51:05,AD_2,15.4,7.29,14.9,8.76,18.6,15.2
2026-04-12 20:51:05,AD_2,15.4,7.25,15.0,8.83,18.6,15.2
2026-04-12 20:51:06,AD_2,15.5,7.24,14.9,9.17,18.6,15.1
2026-04-12 20:51:06,AD_2,15.3,7.34,14.9,9.3,18.6,15.0
2026-04-12 20:51:06,AD_2,15.2,7.4,14.9,9.46,18.7,15.1
2026-04-12 20:51:07,AD_2,15.3,7.2,14.9,9.13,18.7,15.1
2026-04-12 20:51:07,AD_2,15.3,7.33,14.9,9.03,18.5,15.3
2026-04-12 20:51:08,AD_2,15.5,7.4,15.0,9.42,18.7,15.1
2026-04-12 20:51:08,AD_2,15.3,7.46,14.9,9.43,18.8,15.1
2026-04-12 20:51:08,AD_2,15.3,7.29,14.9,9.33,18.7,15.2
2026-04-12 20:51:09,AD_2,15.4,7.39,15.0,9.5,18.6,15.1
2026-04-12 20:51:09,AD_2,15.2,7.35,14.9,9.25,18.4,15.2
2026-04-12 20:51:09,AD_2,15.4,7.42,15.0,9.47,18.6,15.1
2026-04-12 20:51:10,AD_2,15.2,7.48,14.9,9.14,18.4,15.1
2026-04-12 20:51:10,AD_2,15.4,7.29,15.0,8.71,18.5,15.3
2026-04-12 20:51:10,AD_2,15.4,7.33,15.0,8.91,18.6,15.2
2026-04-12 20:51:11,AD_2,15.4,7.35,15.0,9.22,18.7,15.2
2026-04-12 20:51:11,AD_2,15.3,7.37,14.9,9.38,18.5,15.1
2026-04-12 20:51:11,AD_2,15.2,7.32,14.9,9.46,18.6,15.0
2026-04-12 20:51:12,AD_2,15.2,7.36,14.8,9.55,18.6,15.0
2026-04-12 20:51:12,AD_2,15.2,7.31,14.9,9.04,18.5,15.1
2026-04-12 20:51:13,AD_2,15.4,7.33,14.8,9.32,18.6,15.0
2026-04-12 20:51:13,AD_2,15.3,7.29,14.8,9.54,18.7,14.9
2026-04-12 20:51:13,AD_2,15.2,7.32,14.8,9.16,18.6,15.1
2026-04-12 20:51:14,AD_2,15.3,7.23,14.8,9.33,18.6,15.0
2026-04-12 20:51:14,AD_2,15.2,7.3,14.8,9.55,18.5,14.9
2026-04-12 20:51:14,AD_2,15.1,7.08,14.8,9.03,18.4,15.0
2026-04-12 20:51:15,AD_2,15.2,7.17,14.8,8.9,18.4,15.1
2026-04-12 20:51:15,AD_2,15.3,7.02,14.8,8.69,18.5,15.0
2026-04-12 20:51:15,AD_2,15.3,7.03,14.8,8.6,18.5,15.1
2026-04-12 20:51:16,AD_2,15.3,6.92,14.7,8.65,18.6,15.0
2026-04-12 20:51:16,AD_2,15.3,7.02,14.6,8.74,18.5,14.9
2026-04-12 20:51:16,AD_2,15.1,7.01,14.7,8.72,18.6,14.9
2026-04-12 20:51:17,AD_2,15.3,6.93,14.6,8.69,18.4,14.8
2026-04-12 20:51:17,AD_2,15.2,6.98,14.7,8.6,18.3,15.0
2026-04-12 20:51:18,AD_2,15.3,7.02,14.6,8.61,18.3,14.8
2026-04-12 20:51:18,AD_2,15.1,7.12,14.6,9.09,18.6,14.7
2026-04-12 20:51:18,AD_2,15.2,7.14,14.6,8.89,18.5,14.9
2026-04-12 20:51:19,AD_2,15.3,7.11,14.7,8.9,18.6,14.8
2026-04-12 20:51:19,AD_2,15.1,7.19,14.6,9.21,18.5,14.8
2026-04-12 20:51:19,AD_2,15.1,7.1,14.7,9.02,18.5,15.0
2026-04-12 20:51:20,AD_2,15.3,7.12,14.8,8.75,18.4,15.0
2026-04-12 20:51:20,AD_2,15.2,6.91,14.7,8.57,18.5,15.0
2026-04-12 20:51:20,AD_2,15.4,7.12,14.7,8.95,18.4,14.8
2026-04-12 20:51:21,AD_2,15.2,7.15,14.8,8.78,18.4,15.0
2026-04-12 20:51:21,AD_2,15.3,7.15,14.7,8.87,18.5,14.9
2026-04-12 20:51:22,AD_2,15.3,7.09,14.8,8.86,18.6,15.1
2026-04-12 20:51:22,AD_2,15.3,6.99,14.8,8.72,18.8,15.1
2026-04-12 20:51:22,AD_2,15.4,7.21,14.8,8.73,18.5,15.1
2026-04-12 20:51:23,AD_2,15.4,7.28,14.9,8.78,18.5,15.1
2026-04-12 20:51:23,AD_2,15.4,7.35,14.8,9.31,18.4,14.9
2026-04-12 20:51:23,AD_2,15.3,7.26,14.9,9.09,18.7,15.1
2026-04-12 20:51:24,AD_2,15.4,7.29,14.9,9.08,18.8,15.2
2026-04-12 20:51:24,AD_2,15.6,7.33,15.0,9.09,18.7,15.2
2026-04-12 20:51:24,AD_2,15.5,7.45,14.9,9.22,18.7,15.1
2026-04-12 20:51:25,AD_2,15.4,7.49,15.0,9.26,18.8,15.3
2026-04-12 20:51:25,AD_2,15.5,7.43,15.0,8.78,18.8,15.3
2026-04-12 20:51:25,AD_2,15.6,7.36,14.9,8.92,18.6,15.2
2026-04-12 20:51:26,AD_2,15.5,7.2,14.9,8.56,18.6,15.2
2026-04-12 20:51:26,AD_2,15.5,7.17,14.9,8.57,18.6,15.1
2026-04-12 20:51:27,AD_2,15.4,7.17,14.8,8.56,18.5,15.1
2026-04-12 20:51:27,AD_2,15.4,7.15,14.8,8.62,18.5,15.1
2026-04-12 20:51:27,AD_2,15.4,7.15,14.8,8.62,18.6,15.1
2026-04-12 20:51:28,AD_2,15.5,7.16,14.8,8.72,18.6,15.0
2026-04-12 20:51:28,AD_2,15.3,7.17,14.7,9.17,18.5,14.9
2026-04-12 20:51:28,AD_2,15.2,7.25,14.7,9.23,18.7,14.8
2026-04-12 20:51:29,AD_2,15.4,7.29,14.7,9.37,18.6,14.8
2026-04-12 20:51:29,AD_2,15.3,7.34,14.7,9.4,18.8,14.8
2026-04-12 20:51:29,AD_2,15.3,7.29,14.7,9.58,18.7,14.8
2026-04-12 20:51:30,AD_2,15.3,7.34,14.6,9.46,18.7,14.7
2026-04-12 20:51:30,AD_2,15.3,7.3,14.7,9.45,18.7,14.8
2026-04-12 20:51:30,AD_2,15.2,7.16,14.6,9.15,18.8,14.9
2026-04-12 20:51:31,AD_2,15.3,7.19,14.7,8.87,18.6,15.0
2026-04-12 20:51:31,AD_2,15.4,7.24,14.7,8.93,18.8,14.8
2026-04-12 20:51:32,AD_2,15.2,7.26,14.7,9.4,18.6,14.8
2026-04-12 20:51:32,AD_2,15.1,7.23,14.6,9.25,18.3,14.8
2026-04-12 20:51:32,AD_2,15.2,7.15,14.7,8.96,18.5,14.9
2026-04-12 20:51:33,AD_2,15.3,7.16,14.7,9.09,18.3,14.8
2026-04-12 20:51:33,AD_2,15.1,7.1,14.7,9.0,18.4,15.0
2026-04-12 20:51:33,AD_2,15.3,7.12,14.6,8.89,18.5,14.8
2026-04-12 20:51:34,AD_2,15.1,7.21,14.7,9.38,18.4,14.9
2026-04-12 20:51:34,AD_2,15.2,7.26,14.7,9.48,18.7,14.8
2026-04-12 20:51:34,AD_2,15.2,7.28,14.7,9.11,18.6,15.0
2026-04-12 20:51:35,AD_2,15.3,7.12,14.8,8.87,18.6,14.9
2026-04-12 20:51:35,AD_2,15.3,7.03,14.7,8.75,18.4,15.0
2026-04-12 20:51:35,AD_2,15.3,7.16,14.7,9.09,18.6,14.9
2026-04-12 20:51:36,AD_2,15.3,7.26,14.7,9.39,18.5,14.8
2026-04-12 20:51:36,AD_2,15.2,7.3,14.7,9.48,18.6,14.9
2026-04-12 20:51:37,AD_2,15.2,7.21,14.8,9.12,18.8,15.0
2026-04-12 20:51:44,AD_3,15.0,6.51,14.3,8.66,18.7,14.6
2026-04-12 20:51:44,AD_3,14.9,6.58,14.4,8.96,18.4,14.6
2026-04-12 20:51:44,AD_3,14.9,6.5,14.2,8.88,18.5,14.4
2026-04-12 20:51:45,AD_3,14.7,6.7,14.3,9.11,18.3,14.5
2026-04-12 20:51:45,AD_3,14.9,6.56,14.2,8.67,18.5,14.5
2026-04-12 20:51:45,AD_3,14.8,6.64,14.3,9.02,18.3,14.4
2026-04-12 20:51:46,AD_3,14.8,6.57,14.2,8.6,18.5,14.5
2026-04-12 20:51:46,AD_3,14.8,6.7,14.3,9.07,18.2,14.5
2026-04-12 20:51:46,AD_3,14.7,6.71,14.2,9.2,18.6,14.4
2026-04-12 20:51:47,AD_3,14.8,6.57,14.3,8.82,18.4,14.6
2026-04-12 20:51:47,AD_3,14.9,6.62,14.3,8.55,18.3,14.6
2026-04-12 20:51:47,AD_3,14.9,6.59,14.3,8.57,18.3,14.6
2026-04-12 20:51:48,AD_3,14.9,6.61,14.3,8.79,18.3,14.4
2026-04-12 20:51:48,AD_3,14.7,6.44,14.2,8.4,18.4,14.5
2026-04-12 20:51:49,AD_3,14.8,6.6,14.3,8.46,18.1,14.5
2026-04-12 20:51:49,AD_3,14.8,6.61,14.2,8.53,18.1,14.6
2026-04-12 20:51:49,AD_3,14.8,6.55,14.4,8.49,18.1,14.7
2026-04-12 20:51:50,AD_3,14.8,6.64,14.3,8.8,18.1,14.5
2026-04-12 20:51:50,AD_3,14.7,6.39,14.4,8.56,18.0,14.7
2026-04-12 20:51:50,AD_3,14.8,6.52,14.4,8.44,18.0,14.7
2026-04-12 20:51:51,AD_3,14.8,6.54,14.4,8.63,18.1,14.5
2026-04-12 20:51:51,AD_3,14.7,6.66,14.4,8.9,18.2,14.5
2026-04-12 20:51:51,AD_3,14.5,6.39,14.4,8.67,18.3,14.7
2026-04-12 20:51:52,AD_3,14.7,6.61,14.4,8.92,18.1,14.6
2026-04-12 20:51:52,AD_3,14.6,6.63,14.5,9.14,18.0,14.6
2026-04-12 20:51:53,AD_3,14.5,6.22,14.5,8.86,18.0,14.8
2026-04-12 20:51:53,AD_3,14.6,6.56,14.5,8.81,18.0,14.6
2026-04-12 20:51:53,AD_3,14.5,6.64,14.5,8.86,17.8,14.6
2026-04-12 20:51:54,AD_3,14.6,6.64,14.5,9.26,18.1,14.6
2026-04-12 20:51:54,AD_3,14.5,6.5,14.5,8.83,18.0,14.7
2026-04-12 20:51:54,AD_3,14.7,6.63,14.4,8.7,18.0,14.6
2026-04-12 20:51:55,AD_3,14.7,6.51,14.5,8.4,18.1,14.7
2026-04-12 20:51:55,AD_3,14.8,6.47,14.5,8.43,18.2,14.8
2026-04-12 20:51:55,AD_3,14.8,6.54,14.4,8.81,18.1,14.6
2026-04-12 20:51:56,AD_3,14.7,6.68,14.4,8.78,17.9,14.5
2026-04-12 20:51:56,AD_3,14.7,6.46,14.4,8.76,18.1,14.7
2026-04-12 20:51:56,AD_3,14.8,6.62,14.4,8.87,18.1,14.6
2026-04-12 20:51:57,AD_3,14.7,6.75,14.4,8.88,18.3,14.5
2026-04-12 20:51:57,AD_3,14.7,6.48,14.4,8.85,18.3,14.6
2026-04-12 20:51:58,AD_3,14.8,6.42,14.4,8.42,18.2,14.7
2026-04-12 20:51:58,AD_3,14.8,6.65,14.4,8.44,18.0,14.7
2026-04-12 20:51:58,AD_3,14.8,6.6,14.4,8.35,18.3,14.6
2026-04-12 20:51:59,AD_3,14.9,6.56,14.4,8.29,18.3,14.7
2026-04-12 20:51:59,AD_3,14.9,6.63,14.4,8.76,18.2,14.5
2026-04-12 20:51:59,AD_3,14.7,6.78,14.4,8.96,18.3,14.6
2026-04-12 20:52:00,AD_3,14.8,6.71,14.4,9.11,18.3,14.5
2026-04-12 20:52:00,AD_3,14.7,6.78,14.4,9.17,18.2,14.5
2026-04-12 20:52:00,AD_3,14.8,6.66,14.4,8.61,18.3,14.5
2026-04-12 20:52:01,AD_3,14.9,6.64,14.3,8.46,18.0,14.6
2026-04-12 20:52:01,AD_3,15.0,6.74,14.4,8.32,18.1,14.6
2026-04-12 20:52:01,AD_3,14.9,6.68,14.3,8.62,18.1,14.4
2026-04-12 20:52:02,AD_3,14.9,6.66,14.3,8.6,18.1,14.6
2026-04-12 20:52:02,AD_3,14.9,6.73,14.3,8.6,18.2,14.4
2026-04-12 20:52:03,AD_3,14.8,6.54,14.2,8.49,18.2,14.5
2026-04-12 20:52:03,AD_3,14.8,6.65,14.3,8.29,18.3,14.5
2026-04-12 20:52:03,AD_3,14.9,6.66,14.2,8.43,18.1,14.4
2026-04-12 20:52:04,AD_3,14.8,6.48,14.2,8.41,18.1,14.5
2026-04-12 20:52:04,AD_3,14.8,6.7,14.2,8.74,18.3,14.3
2026-04-12 20:52:04,AD_3,14.7,6.46,14.2,8.41,18.1,14.5
2026-04-12 20:52:05,AD_3,14.7,6.66,14.1,8.69,18.1,14.3
2026-04-12 20:52:05,AD_3,14.7,6.57,14.1,8.44,18.0,14.3
2026-04-12 20:52:05,AD_3,14.6,6.6,14.2,8.36,18.1,14.3
2026-04-12 20:52:06,AD_3,14.6,6.7,13.9,8.58,17.6,14.0
2026-04-12 20:52:06,AD_3,14.6,6.55,14.0,8.51,18.0,14.2
2026-04-12 20:52:06,AD_3,14.7,6.68,13.9,8.76,18.0,14.1
2026-04-12 20:52:07,AD_3,14.6,6.65,13.9,8.37,18.1,14.2
2026-04-12 20:52:07,AD_3,14.7,6.68,14.0,8.72,18.0,14.1
2026-04-12 20:52:08,AD_3,14.7,6.65,14.1,8.34,18.1,14.4
2026-04-12 20:52:08,AD_3,14.8,6.73,14.2,8.36,18.2,14.5
2026-04-12 20:52:08,AD_3,14.9,6.6,14.2,8.14,18.2,14.5
2026-04-12 20:52:09,AD_3,14.9,6.68,14.2,8.58,18.3,14.4
2026-04-12 20:52:09,AD_3,14.9,6.56,14.2,8.55,18.2,14.5
2026-04-12 20:52:09,AD_3,15.0,6.73,14.3,8.76,18.2,14.4
2026-04-12 20:52:10,AD_3,14.8,6.77,14.2,8.89,18.1,14.4
2026-04-12 20:52:10,AD_3,14.8,6.56,14.3,8.52,18.4,14.5
2026-04-12 20:52:10,AD_3,14.9,6.76,14.3,8.43,18.4,14.6
2026-04-12 20:52:11,AD_3,15.0,6.55,14.3,8.12,18.4,14.6
2026-04-12 20:52:11,AD_3,15.0,6.57,14.3,8.24,18.4,14.6
2026-04-12 20:52:12,AD_3,15.0,6.63,14.3,8.19,18.3,14.6
2026-04-12 20:52:12,AD_3,15.0,6.58,14.3,8.17,18.2,14.6
2026-04-12 20:52:12,AD_3,15.0,6.63,14.3,8.24,18.3,14.6
2026-04-12 20:52:13,AD_3,15.0,6.54,14.3,8.09,18.0,14.6
2026-04-12 20:52:13,AD_3,15.0,6.62,14.3,7.94,18.3,14.6
2026-04-12 20:52:13,AD_3,15.0,6.52,14.3,8.08,18.2,14.5
2026-04-12 20:52:14,AD_3,14.9,6.62,14.3,8.14,18.2,14.6
2026-04-12 20:52:14,AD_3,15.0,6.62,14.3,8.2,18.3,14.6
2026-04-12 20:52:15,AD_3,15.0,6.62,14.4,8.06,18.2,14.7
2026-04-12 20:52:15,AD_3,15.0,6.61,14.4,7.99,18.2,14.7
2026-04-12 20:52:15,AD_3,15.0,6.57,14.4,8.14,18.1,14.7
2026-04-12 20:52:16,AD_3,15.0,6.43,14.4,8.17,18.1,14.8
2026-04-12 20:52:16,AD_3,14.9,6.54,14.4,8.12,18.2,14.8
2026-04-12 20:52:16,AD_3,14.9,6.48,14.4,8.04,18.0,14.8
2026-04-12 20:52:17,AD_3,14.9,6.58,14.4,8.47,18.0,14.6
2026-04-12 20:52:17,AD_3,14.7,6.44,14.4,8.26,18.1,14.7
2026-04-12 20:52:17,AD_3,14.8,6.58,14.4,8.67,18.2,14.6
2026-04-12 20:52:18,AD_3,14.7,6.55,14.4,8.35,17.8,14.7
2026-04-12 20:52:18,AD_3,14.8,6.53,14.5,8.24,18.2,14.8
2026-04-12 20:52:19,AD_3,14.9,6.26,14.5,8.25,18.2,14.8
2026-04-12 20:52:19,AD_3,14.9,6.56,14.5,8.13,18.1,14.8
2026-04-12 20:52:19,AD_3,14.8,6.48,14.5,8.28,17.9,14.8
2026-04-12 20:52:20,AD_3,14.8,6.43,14.5,7.95,17.9,14.8
2026-04-12 20:52:20,AD_3,14.9,6.36,14.5,8.1,18.0,14.9
2026-04-12 20:52:20,AD_3,14.8,6.45,14.5,8.11,17.8,14.9
2026-04-12 20:52:21,AD_3,14.8,6.5,14.5,8.51,18.2,14.7
2026-04-12 20:52:21,AD_3,14.7,6.36,14.5,8.32,18.0,14.8
2026-04-12 20:52:21,AD_3,14.7,6.47,14.5,8.11,18.1,14.8
2026-04-12 20:52:22,AD_3,14.8,6.46,14.5,8.15,17.9,14.9
2026-04-12 20:52:22,AD_3,14.8,6.5,14.5,8.15,18.1,14.8
2026-04-12 20:52:23,AD_3,14.8,6.31,14.5,8.08,18.0,14.8
2026-04-12 20:52:23,AD_3,14.9,6.53,14.4,8.39,18.0,14.6
2026-04-12 20:52:23,AD_3,14.7,6.59,14.3,8.61,18.1,14.5
2026-04-12 20:52:24,AD_3,14.6,6.66,14.3,8.92,18.0,14.4
2026-04-12 20:52:24,AD_3,14.7,6.55,14.3,8.37,18.2,14.6
2026-04-12 20:52:24,AD_3,14.9,6.68,14.2,8.72,18.2,14.4
2026-04-12 20:52:25,AD_3,14.7,6.69,14.2,8.89,18.4,14.3
2026-04-12 20:52:25,AD_3,14.8,6.69,14.2,8.45,18.2,14.5
2026-04-12 20:52:25,AD_3,14.9,6.62,14.2,8.2,18.2,14.5
2026-04-12 20:52:26,AD_3,15.0,6.7,14.2,8.64,18.0,14.4
2026-04-12 20:52:26,AD_3,14.9,6.73,14.3,8.32,18.2,14.6
2026-04-12 20:52:26,AD_3,15.0,6.48,14.3,8.45,18.2,14.5
2026-04-12 20:52:27,AD_3,14.9,6.74,14.3,8.85,18.3,14.5
2026-04-12 20:52:27,AD_3,14.8,6.76,14.3,8.94,18.2,14.5
2026-04-12 20:52:28,AD_3,14.8,6.25,14.3,8.86,18.3,14.6
2026-04-12 20:52:28,AD_3,14.9,6.77,14.3,8.94,18.3,14.5
2026-04-12 20:52:28,AD_3,14.9,6.85,14.3,9.06,18.4,14.5
2026-04-12 20:52:29,AD_3,14.8,6.54,14.3,8.71,18.3,14.6
2026-04-12 20:52:29,AD_3,15.0,6.72,14.3,8.52,18.3,14.6
2026-04-12 20:52:29,AD_3,14.9,6.69,14.3,8.68,18.3,14.4
2026-04-12 20:52:30,AD_3,14.7,6.77,14.2,8.99,18.3,14.3
2026-04-12 20:52:30,AD_3,14.7,6.8,14.1,9.05,18.2,14.2
2026-04-12 20:52:30,AD_3,14.7,6.51,14.0,8.43,18.0,14.3
2026-04-12 20:52:31,AD_3,14.7,6.51,14.0,8.25,18.2,14.3
2026-04-12 20:52:31,AD_3,14.8,6.48,14.1,8.36,18.2,14.4
2026-04-12 20:52:31,AD_3,14.9,6.59,14.1,8.11,17.9,14.3
2026-04-12 20:52:32,AD_3,14.8,6.6,14.2,8.14,18.3,14.4
2026-04-12 20:52:32,AD_3,14.9,6.54,14.1,8.17,18.0,14.4
2026-04-12 20:52:33,AD_3,14.8,6.59,14.0,8.07,18.1,14.4
2026-04-12 20:52:33,AD_3,14.9,6.65,14.1,8.2,18.2,14.3
2026-04-12 20:52:33,AD_3,14.8,6.71,14.0,8.75,18.2,14.3
2026-04-12 20:52:34,AD_3,14.8,6.79,14.1,8.84,18.2,14.3
2026-04-12 20:52:34,AD_3,14.8,6.63,14.2,8.49,18.2,14.5
2026-04-12 20:52:34,AD_3,14.9,6.73,14.2,8.33,18.3,14.6
2026-04-12 20:52:35,AD_3,15.0,6.68,14.3,8.66,18.2,14.5
2026-04-12 20:52:35,AD_3,14.9,6.58,14.3,8.5,18.4,14.6
2026-04-12 20:52:35,AD_3,15.0,6.76,14.3,8.38,18.3,14.6
2026-04-12 20:52:36,AD_3,15.0,6.72,14.3,8.62,18.4,14.5
2026-04-12 20:52:36,AD_3,14.9,6.81,14.3,8.99,18.2,14.4
2026-04-12 20:52:37,AD_3,14.8,6.82,14.3,8.91,18.2,14.4
2026-04-12 20:52:37,AD_3,14.8,6.86,14.3,9.11,18.2,14.4
2026-04-12 20:52:37,AD_3,14.8,6.72,14.4,8.69,18.3,14.6
2026-04-12 20:52:38,AD_3,15.0,6.65,14.3,8.33,18.1,14.5
2026-04-12 20:52:38,AD_3,14.9,6.59,14.3,8.3,18.1,14.5
2026-04-12 20:52:38,AD_3,14.8,6.63,14.3,8.25,18.1,14.5
2026-04-12 20:52:39,AD_3,14.8,6.58,14.2,8.23,18.0,14.6
2026-04-12 20:52:39,AD_3,14.8,6.5,14.3,8.11,18.1,14.6
2026-04-12 20:52:39,AD_3,14.8,6.5,14.3,8.13,18.0,14.6
2026-04-12 20:52:40,AD_3,14.9,6.57,14.4,8.58,18.1,14.6
2026-04-12 20:52:40,AD_3,14.7,6.51,14.4,8.43,18.2,14.6
2026-04-12 20:52:41,AD_3,14.7,6.37,14.4,8.26,18.0,14.8
2026-04-12 20:52:41,AD_3,14.8,6.55,14.4,8.51,18.0,14.6
2026-04-12 20:52:41,AD_3,14.6,6.6,14.4,8.97,18.0,14.5
2026-04-12 20:52:42,AD_3,14.6,6.67,14.4,9.01,18.2,14.6
2026-04-12 20:52:42,AD_3,14.5,6.6,14.4,9.19,18.0,14.6
2026-04-12 20:52:42,AD_3,14.6,6.67,14.4,9.25,18.1,14.6
2026-04-12 20:52:43,AD_3,14.5,6.63,14.5,9.15,18.0,14.6
2026-04-12 20:52:43,AD_3,14.5,6.72,14.5,9.12,18.1,14.6
2026-04-12 20:52:43,AD_3,14.6,6.39,14.5,8.72,17.9,14.8
2026-04-12 20:52:44,AD_3,14.7,6.56,14.5,8.84,18.2,14.7
2026-04-12 20:52:44,AD_3,14.5,6.62,14.5,9.18,18.0,14.6
2026-04-12 20:52:44,AD_3,14.5,6.66,14.4,9.23,18.1,14.6
2026-04-12 20:52:45,AD_3,14.6,6.66,14.5,9.27,18.2,14.6
2026-04-12 20:52:45,AD_3,14.5,6.43,14.4,8.89,18.1,14.6
2026-04-12 20:52:45,AD_3,14.6,6.6,14.4,8.74,18.1,14.6
2026-04-12 20:52:46,AD_3,14.7,6.62,14.4,9.03,18.1,14.5
2026-04-12 20:52:46,AD_3,14.6,6.66,14.3,9.2,18.1,14.5
2026-04-12 20:52:47,AD_3,14.6,6.52,14.4,8.78,18.0,14.6
2026-04-12 20:52:47,AD_3,14.7,6.63,14.3,8.43,18.0,14.6
2026-04-12 20:52:47,AD_3,14.7,6.54,14.4,8.46,18.2,14.6
2026-04-12 20:52:48,AD_3,14.7,6.61,14.3,8.7,18.0,14.4
2026-04-12 20:52:48,AD_3,14.6,6.67,14.2,8.6,17.8,14.3
2026-04-12 20:52:48,AD_3,14.6,6.74,14.1,8.83,18.1,14.2
2026-04-12 20:52:49,AD_3,14.6,6.63,14.1,8.63,18.0,14.3
2026-04-12 20:52:49,AD_3,14.7,6.69,14.0,8.73,18.1,14.1
2026-04-12 20:52:49,AD_3,14.6,6.6,14.0,8.54,18.2,14.3
2026-04-12 20:52:50,AD_3,14.8,6.68,14.1,8.5,18.2,14.4
2026-04-12 20:52:50,AD_3,14.9,6.63,14.1,8.25,18.1,14.5
2026-04-12 20:52:50,AD_3,15.0,6.67,14.2,8.51,18.1,14.4
2026-04-12 20:52:51,AD_3,14.9,6.76,14.2,8.89,18.3,14.4
2026-04-12 20:52:51,AD_3,14.9,6.86,14.4,8.59,18.5,14.6
2026-04-12 20:52:52,AD_3,15.0,6.58,14.2,8.4,18.1,14.5
2026-04-12 20:52:52,AD_3,14.9,6.7,14.3,8.78,18.3,14.4
2026-04-12 20:52:52,AD_3,14.9,6.81,14.3,9.05,18.2,14.4
2026-04-12 20:52:53,AD_3,14.6,6.44,14.2,8.65,18.2,14.6
2026-04-12 20:52:53,AD_3,14.8,6.62,14.3,8.48,17.9,14.5
2026-04-12 20:52:53,AD_3,14.8,6.72,14.2,8.76,18.2,14.4
2026-04-12 20:52:54,AD_3,14.7,6.75,14.3,9.0,18.1,14.4
2026-04-12 20:52:54,AD_3,14.7,6.75,14.2,9.0,17.9,14.4
2026-04-12 20:52:54,AD_3,14.6,6.69,14.3,9.17,18.0,14.4
2026-04-12 20:52:55,AD_3,14.7,6.6,14.3,8.78,18.0,14.6
2026-04-12 20:52:55,AD_3,14.7,6.61,14.4,8.57,18.2,14.6
2026-04-12 20:53:05,AD_4,15.2,6.58,14.8,9.02,19.0,15.1
2026-04-12 20:53:06,AD_4,15.1,6.73,14.7,9.07,18.9,15.0
2026-04-12 20:53:06,AD_4,15.0,6.77,14.7,9.26,18.5,14.9
2026-04-12 20:53:06,AD_4,14.9,6.72,14.8,9.0,18.7,15.0
2026-04-12 20:53:07,AD_4,15.1,6.72,14.7,9.18,18.6,15.0
2026-04-12 20:53:07,AD_4,14.9,6.6,14.8,8.85,18.5,15.0
2026-04-12 20:53:07,AD_4,15.1,6.71,14.8,8.88,18.5,15.1
2026-04-12 20:53:08,AD_4,15.1,6.76,14.7,8.93,18.5,14.9
2026-04-12 20:53:08,AD_4,14.9,6.6,14.7,8.68,18.7,15.1
2026-04-12 20:53:08,AD_4,15.1,6.7,14.8,8.73,18.5,15.1
2026-04-12 20:53:09,AD_4,15.1,6.78,14.7,8.83,18.4,14.9
2026-04-12 20:53:09,AD_4,14.9,6.81,14.7,9.12,18.4,14.9
2026-04-12 20:53:09,AD_4,14.8,6.79,14.7,9.19,18.5,14.8
2026-04-12 20:53:10,AD_4,14.8,6.81,14.7,9.36,18.5,14.8
2026-04-12 20:53:10,AD_4,14.8,6.75,14.7,8.86,18.2,14.9
2026-04-12 20:53:11,AD_4,14.9,6.67,14.7,8.7,18.0,14.9
2026-04-12 20:53:11,AD_4,14.9,6.66,14.7,8.8,18.3,15.0
2026-04-12 20:53:11,AD_4,14.9,6.6,14.7,8.55,18.2,15.0
2026-04-12 20:53:12,AD_4,15.0,6.59,14.7,8.42,18.2,15.0
2026-04-12 20:53:12,AD_4,15.0,6.56,14.7,8.43,18.5,15.0
2026-04-12 20:53:12,AD_4,14.8,6.4,14.7,8.6,18.4,15.0
2026-04-12 20:53:13,AD_4,14.9,6.62,14.7,8.51,18.3,15.1
2026-04-12 20:53:13,AD_4,14.9,6.62,14.7,8.88,18.3,14.9
2026-04-12 20:53:13,AD_4,14.8,6.7,14.7,8.98,18.5,14.9
2026-04-12 20:53:14,AD_4,14.8,6.73,14.7,9.15,18.1,14.8
2026-04-12 20:53:14,AD_4,14.8,6.76,14.7,9.18,18.4,14.8
2026-04-12 20:53:14,AD_4,14.7,6.73,14.6,9.38,18.2,14.8
2026-04-12 20:53:15,AD_4,14.7,6.75,14.7,9.36,18.4,14.8
2026-04-12 20:53:15,AD_4,14.7,6.8,14.7,8.96,18.2,14.9
2026-04-12 20:53:16,AD_4,14.8,6.64,14.7,8.48,18.3,15.0
2026-04-12 20:53:16,AD_4,14.9,6.66,14.7,9.02,18.3,14.9
2026-04-12 20:53:16,AD_4,14.7,6.74,14.7,9.19,18.4,14.8
2026-04-12 20:53:17,AD_4,14.7,6.71,14.7,9.2,18.4,14.8
2026-04-12 20:53:17,AD_4,14.7,6.65,14.7,8.78,18.0,14.9
2026-04-12 20:53:17,AD_4,14.8,6.37,14.7,8.71,18.2,15.0
2026-04-12 20:53:18,AD_4,14.9,6.58,14.7,8.58,18.1,15.0
2026-04-12 20:53:18,AD_4,14.9,6.61,14.7,8.97,18.0,14.8
2026-04-12 20:53:18,AD_4,14.7,6.68,14.7,9.02,18.3,14.8
2026-04-12 20:53:19,AD_4,14.7,6.45,14.7,8.95,18.2,15.0
2026-04-12 20:53:19,AD_4,14.8,6.62,14.6,8.67,18.2,15.0
2026-04-12 20:53:19,AD_4,14.8,6.65,14.7,9.08,18.3,14.8
2026-04-12 20:53:20,AD_4,14.7,6.67,14.6,9.14,18.2,14.8
2026-04-12 20:53:20,AD_4,14.6,6.33,14.7,8.85,18.2,14.9
2026-04-12 20:53:21,AD_4,14.7,6.54,14.7,8.61,18.0,14.9
2026-04-12 20:53:21,AD_4,14.7,6.56,14.7,8.83,18.3,14.8
2026-04-12 20:53:21,AD_4,14.7,6.55,14.7,8.57,18.0,15.0
2026-04-12 20:53:22,AD_4,14.8,6.55,14.6,8.74,18.1,14.8
2026-04-12 20:53:22,AD_4,14.7,6.35,14.6,8.7,18.2,14.9
2026-04-12 20:53:22,AD_4,14.8,6.46,14.7,8.46,18.1,14.9
2026-04-12 20:53:23,AD_4,14.8,6.51,14.7,8.36,18.1,14.9
2026-04-12 20:53:23,AD_4,14.9,6.51,14.6,8.73,17.9,14.8
2026-04-12 20:53:23,AD_4,14.7,6.53,14.7,8.51,18.3,15.0
2026-04-12 20:53:24,AD_4,14.9,6.42,14.7,8.46,18.0,15.0
2026-04-12 20:53:24,AD_4,14.9,6.6,14.7,8.36,18.5,15.0
2026-04-12 20:53:25,AD_4,14.9,6.41,14.7,8.44,17.8,15.0
2026-04-12 20:53:25,AD_4,14.9,6.59,14.7,8.34,18.1,15.0
2026-04-12 20:53:25,AD_4,15.0,6.55,14.7,8.25,18.1,15.0
2026-04-12 20:53:26,AD_4,15.0,6.6,14.7,8.62,18.1,14.9
2026-04-12 20:53:26,AD_4,14.8,6.46,14.7,8.6,18.2,15.0
2026-04-12 20:53:26,AD_4,14.9,6.62,14.7,8.62,18.2,14.9
2026-04-12 20:53:27,AD_4,14.8,6.72,14.6,8.87,18.3,14.8
2026-04-12 20:53:27,AD_4,14.8,6.77,14.6,9.11,18.3,14.8
2026-04-12 20:53:27,AD_4,14.8,6.78,14.6,9.15,18.4,14.8
2026-04-12 20:53:28,AD_4,14.8,6.85,14.6,9.26,18.4,14.8
2026-04-12 20:53:28,AD_4,14.8,6.83,14.6,9.31,18.3,14.7
2026-04-12 20:53:28,AD_4,14.8,6.56,14.6,8.99,18.4,14.7
2026-04-12 20:53:29,AD_4,14.8,6.77,14.7,8.78,18.3,14.8
2026-04-12 20:53:29,AD_4,14.9,6.68,14.6,8.66,18.2,14.9
2026-04-12 20:53:30,AD_4,14.9,6.82,14.6,9.12,18.1,14.8
2026-04-12 20:53:30,AD_4,14.9,6.86,14.6,9.05,18.3,14.8
2026-04-12 20:53:30,AD_4,14.8,6.53,14.6,8.91,18.5,14.9
2026-04-12 20:53:31,AD_4,15.0,6.86,14.6,8.86,18.5,14.8
2026-04-12 20:53:31,AD_4,14.9,6.71,14.6,8.73,18.4,14.9
2026-04-12 20:53:31,AD_4,15.0,6.84,14.6,9.12,18.4,14.8
2026-04-12 20:53:32,AD_4,14.9,6.72,14.6,8.91,18.3,14.9
2026-04-12 20:53:32,AD_4,15.0,6.81,14.7,8.66,18.3,15.0
2026-04-12 20:53:32,AD_4,15.0,6.86,14.6,8.84,18.3,14.8
2026-04-12 20:53:33,AD_4,14.9,6.8,14.7,8.71,18.3,14.9
2026-04-12 20:53:33,AD_4,15.1,6.84,14.7,8.6,18.3,15.0
2026-04-12 20:53:34,AD_4,15.1,6.57,14.7,8.57,18.3,15.0
2026-04-12 20:53:34,AD_4,15.1,6.88,14.7,8.69,18.4,14.9
2026-04-12 20:53:34,AD_4,15.0,6.69,14.7,8.73,18.4,14.9
2026-04-12 20:53:35,AD_4,15.0,6.84,14.8,8.68,18.4,15.1
2026-04-12 20:53:35,AD_4,15.1,6.9,14.7,8.99,18.6,14.9
2026-04-12 20:53:35,AD_4,15.0,6.95,14.8,8.74,18.2,15.1
2026-04-12 20:53:36,AD_4,15.1,6.82,14.8,8.53,18.5,15.1
2026-04-12 20:53:36,AD_4,15.1,6.93,14.8,8.93,18.3,15.0
2026-04-12 20:53:36,AD_4,15.0,7.02,14.8,9.16,18.5,14.9
2026-04-12 20:53:37,AD_4,15.0,7.06,14.8,9.25,18.5,14.9
2026-04-12 20:53:37,AD_4,14.9,7.08,14.8,9.4,18.4,14.9
2026-04-12 20:53:37,AD_4,14.9,7.07,14.7,9.44,18.3,14.9
2026-04-12 20:53:38,AD_4,14.9,7.08,14.7,9.53,18.4,14.9
2026-04-12 20:53:38,AD_4,14.9,7.08,14.7,9.46,18.1,14.9
2026-04-12 20:53:38,AD_4,14.9,6.84,14.7,9.16,18.4,15.0
2026-04-12 20:53:39,AD_4,15.0,6.9,14.8,8.93,18.3,15.0
2026-04-12 20:53:39,AD_4,15.0,6.91,14.7,9.2,18.1,14.9
2026-04-12 20:53:40,AD_4,14.9,6.73,14.8,8.91,18.2,15.0
2026-04-12 20:53:40,AD_4,14.9,6.84,14.7,8.56,18.1,15.0
2026-04-12 20:53:40,AD_4,14.9,6.71,14.8,8.68,18.0,14.9
2026-04-12 20:53:41,AD_4,14.9,6.74,14.7,8.42,18.1,15.0
2026-04-12 20:53:41,AD_4,14.9,6.67,14.8,8.5,18.2,15.1
2026-04-12 20:53:41,AD_4,15.0,6.72,14.8,8.31,18.3,15.0
2026-04-12 20:53:42,AD_4,14.9,6.72,14.7,8.63,18.3,14.9
2026-04-12 20:53:42,AD_4,14.8,6.72,14.7,8.95,18.2,14.8
2026-04-12 20:53:42,AD_4,14.8,6.81,14.6,9.12,18.2,14.8
2026-04-12 20:53:43,AD_4,14.7,6.74,14.7,9.28,18.2,14.8
2026-04-12 20:53:43,AD_4,14.7,6.84,14.7,9.34,18.0,14.8
2026-04-12 20:53:43,AD_4,14.7,6.42,14.7,9.12,18.2,14.9
2026-04-12 20:53:44,AD_4,14.8,6.74,14.7,9.14,18.1,14.8
2026-04-12 20:53:44,AD_4,14.7,6.6,14.7,8.69,18.3,14.9
2026-04-12 20:53:45,AD_4,14.8,6.51,14.7,8.62,18.2,14.9
2026-04-12 20:53:45,AD_4,14.8,6.63,14.6,8.85,18.3,14.9
2026-04-12 20:53:45,AD_4,14.7,6.72,14.7,9.08,18.2,14.8
2026-04-12 20:53:46,AD_4,14.6,6.67,14.6,9.14,18.1,14.8
2026-04-12 20:53:46,AD_4,14.7,6.68,14.6,9.41,18.2,14.8
2026-04-12 20:53:46,AD_4,14.7,6.52,14.6,8.92,18.1,14.7
2026-04-12 20:53:47,AD_4,14.7,6.65,14.7,8.74,17.9,14.9
2026-04-12 20:53:47,AD_4,14.8,6.52,14.7,8.43,18.1,14.9
2026-04-12 20:53:47,AD_4,14.8,6.65,14.7,8.4,18.2,15.0
2026-04-12 20:53:48,AD_4,14.8,6.56,14.7,8.82,18.1,14.8
2026-04-12 20:53:48,AD_4,14.6,6.35,14.7,8.65,18.2,14.9
2026-04-12 20:53:49,AD_4,14.8,6.54,14.6,8.81,18.1,14.8
2026-04-12 20:53:49,AD_4,14.6,6.6,14.6,8.62,18.2,14.9
2026-04-12 20:53:49,AD_4,14.7,6.37,14.7,8.35,18.2,15.0
2026-04-12 20:53:50,AD_4,14.8,6.55,14.6,8.73,18.1,14.8
2026-04-12 20:53:50,AD_4,14.6,6.41,14.7,8.7,18.3,14.9
2026-04-12 20:53:50,AD_4,14.8,6.53,14.6,8.53,18.1,15.0
2026-04-12 20:53:51,AD_4,14.8,6.4,14.7,8.27,18.1,15.0
2026-04-12 20:53:51,AD_4,14.8,6.48,14.7,8.31,18.1,15.0
2026-04-12 20:53:51,AD_4,14.8,6.47,14.7,8.21,18.1,15.0
2026-04-12 20:53:52,AD_4,14.9,6.52,14.6,8.69,18.0,14.8
2026-04-12 20:53:52,AD_4,14.7,6.5,14.6,8.42,18.0,14.9
2026-04-12 20:53:52,AD_4,14.8,6.4,14.7,8.32,18.1,14.9
2026-04-12 20:53:53,AD_4,14.9,6.44,14.7,8.21,18.0,14.9
2026-04-12 20:53:53,AD_4,14.8,6.4,14.7,8.3,18.0,15.0
2026-04-12 20:53:54,AD_4,14.8,6.54,14.6,8.63,18.2,14.8
2026-04-12 20:53:54,AD_4,14.7,6.58,14.7,8.48,18.1,15.0
2026-04-12 20:53:54,AD_4,14.8,6.49,14.7,8.34,18.1,14.9
2026-04-12 20:53:55,AD_4,14.7,6.58,14.6,8.9,18.0,14.8
2026-04-12 20:53:55,AD_4,14.7,6.63,14.6,8.94,18.1,14.8
2026-04-12 20:53:55,AD_4,14.7,6.36,14.6,8.52,18.1,14.9
2026-04-12 20:53:56,AD_4,14.8,6.53,14.7,8.44,18.1,14.9
2026-04-12 20:53:56,AD_4,14.8,6.56,14.7,8.45,18.1,15.0
2026-04-12 20:53:56,AD_4,14.8,6.52,14.6,8.8,18.3,14.8
2026-04-12 20:53:57,AD_4,14.7,6.59,14.6,8.8,18.1,14.8
2026-04-12 20:53:57,AD_4,14.7,6.61,14.6,9.04,18.3,14.8
2026-04-12 20:53:58,AD_4,14.7,6.68,14.6,9.19,18.0,14.8
2026-04-12 20:53:58,AD_4,14.7,6.72,14.6,9.19,18.2,14.7
2026-04-12 20:53:58,AD_4,14.7,6.74,14.6,9.19,17.8,14.7
2026-04-12 20:53:59,AD_4,14.7,6.69,14.6,9.08,18.1,14.7
2026-04-12 20:53:59,AD_4,14.7,6.7,14.6,8.81,17.9,14.7
2026-04-12 20:53:59,AD_4,14.7,6.62,14.6,8.39,18.2,14.9
2026-04-12 20:54:00,AD_4,14.8,6.64,14.6,8.53,18.2,14.9
2026-04-12 20:54:00,AD_4,14.8,6.57,14.7,8.53,18.3,15.0
2026-04-12 20:54:00,AD_4,14.9,6.6,14.6,8.64,18.2,14.8
2026-04-12 20:54:01,AD_4,14.8,6.71,14.6,8.87,18.2,14.8
2026-04-12 20:54:01,AD_4,14.7,6.76,14.6,9.17,18.3,14.8
2026-04-12 20:54:01,AD_4,14.8,6.55,14.6,8.94,18.2,14.9
2026-04-12 20:54:02,AD_4,14.9,6.78,14.6,8.73,18.1,14.8
2026-04-12 20:54:02,AD_4,14.8,6.6,14.6,8.72,18.3,14.9
2026-04-12 20:54:03,AD_4,14.9,6.5,14.6,8.7,18.2,14.9
2026-04-12 20:54:03,AD_4,14.9,6.74,14.6,8.89,18.3,14.8
2026-04-12 20:54:03,AD_4,14.8,6.78,14.6,9.16,18.3,14.8
2026-04-12 20:54:04,AD_4,14.8,6.82,14.6,9.16,18.3,14.8
2026-04-12 20:54:04,AD_4,14.8,6.75,14.6,9.31,18.3,14.7
2026-04-12 20:54:04,AD_4,14.7,6.82,14.6,9.26,18.1,14.7
2026-04-12 20:54:05,AD_4,14.7,6.77,14.6,9.22,18.1,14.7
2026-04-12 20:54:05,AD_4,14.7,6.72,14.6,8.95,18.3,14.8
2026-04-12 20:54:05,AD_4,14.9,6.61,14.7,8.56,18.2,14.9
2026-04-12 20:54:06,AD_4,14.9,6.73,14.6,9.03,18.1,14.8
2026-04-12 20:54:06,AD_4,14.8,6.67,14.7,8.68,18.3,14.9
2026-04-12 20:54:06,AD_4,14.9,6.67,14.7,8.63,18.2,14.9
2026-04-12 20:54:07,AD_4,14.9,6.73,14.6,8.92,18.2,14.8
2026-04-12 20:54:07,AD_4,14.8,6.83,14.6,9.18,18.2,14.8
2026-04-12 20:54:07,AD_4,14.8,6.91,14.6,9.43,18.2,14.8
2026-04-12 20:54:08,AD_4,14.9,6.92,14.7,9.33,18.2,14.8
2026-04-12 20:54:08,AD_4,14.7,6.71,14.7,8.96,18.4,14.9
2026-04-12 20:54:09,AD_4,15.0,6.93,14.7,9.33,18.4,14.9
2026-04-12 20:54:09,AD_4,14.9,6.98,14.7,9.29,18.2,14.8
2026-04-12 20:54:09,AD_4,14.8,6.86,14.7,9.0,18.1,15.0
2026-04-12 20:54:10,AD_4,15.0,6.84,14.7,8.77,18.4,15.0
2026-04-12 20:54:10,AD_4,15.0,6.89,14.7,8.98,18.2,14.9
2026-04-12 20:54:10,AD_4,15.0,6.89,14.7,9.2,18.4,14.9
2026-04-12 20:54:11,AD_4,14.9,6.97,14.7,9.37,18.3,14.9
2026-04-12 20:54:11,AD_4,14.9,6.85,14.7,8.98,18.3,15.0
2026-04-12 20:54:11,AD_4,15.0,6.89,14.8,8.9,18.3,14.9
2026-04-12 20:54:12,AD_4,14.9,6.8,14.7,8.82,17.9,15.0
2026-04-12 20:54:12,AD_4,15.0,6.88,14.7,9.07,18.3,14.9
2026-04-12 20:54:12,AD_4,14.9,6.87,14.7,8.86,18.2,15.0
2026-04-12 20:54:13,AD_4,15.0,6.9,14.8,9.01,18.5,14.9
2026-04-12 20:54:13,AD_4,14.9,6.74,14.7,8.93,18.3,15.0
2026-04-12 20:54:14,AD_4,15.0,6.92,14.8,8.97,18.4,15.0
2026-04-12 20:54:14,AD_4,14.9,6.72,14.8,8.83,18.4,14.9
2026-04-12 20:54:14,AD_4,14.9,6.89,14.7,8.64,18.0,15.0
2026-04-12 20:54:15,AD_4,15.1,6.71,14.8,8.6,18.2,15.0
2026-04-12 20:54:15,AD_4,15.0,6.66,14.7,8.53,18.1,15.1
2026-04-12 20:54:15,AD_4,15.0,6.69,14.8,8.23,18.0,15.0
2026-04-12 20:54:16,AD_4,14.9,6.68,14.7,8.86,18.1,14.8
2026-04-12 20:54:16,AD_4,14.9,6.67,14.7,8.68,18.0,15.0
2026-04-12 20:54:16,AD_4,14.9,6.7,14.7,8.96,18.2,14.9
2026-04-12 20:54:28,BC_1,15.1,6.08,15.6,8.98,18.9,15.9
2026-04-12 20:54:28,BC_1,15.0,6.19,15.6,9.16,18.5,16.0
2026-04-12 20:54:28,BC_1,15.0,6.24,15.6,9.13,18.6,15.7
2026-04-12 20:54:29,BC_1,14.8,6.3,15.5,9.43,18.3,15.8
2026-04-12 20:54:29,BC_1,14.8,6.36,15.5,9.52,18.3,15.7
2026-04-12 20:54:29,BC_1,14.8,6.35,15.6,9.21,18.4,15.8
2026-04-12 20:54:30,BC_1,14.9,6.22,15.5,8.95,18.5,15.8
2026-04-12 20:54:30,BC_1,14.9,6.32,15.5,9.34,18.2,15.7
2026-04-12 20:54:31,BC_1,14.8,6.34,15.5,9.38,18.4,15.7
2026-04-12 20:54:31,BC_1,14.8,6.26,15.5,9.12,18.3,15.8
2026-04-12 20:54:31,BC_1,14.9,6.38,15.5,9.4,18.3,15.7
2026-04-12 20:54:32,BC_1,14.8,6.42,15.5,9.58,18.2,15.7
2026-04-12 20:54:32,BC_1,14.7,6.1,15.5,9.29,18.2,15.8
2026-04-12 20:54:32,BC_1,14.9,6.36,15.5,9.1,18.3,15.8
2026-04-12 20:54:33,BC_1,14.9,6.35,15.5,9.05,18.2,15.7
2026-04-12 20:54:33,BC_1,14.8,6.28,15.5,9.04,18.1,15.7
2026-04-12 20:54:33,BC_1,14.8,6.14,15.5,9.05,18.2,15.7
2026-04-12 20:54:34,BC_1,14.9,6.35,15.6,9.15,18.3,15.7
2026-04-12 20:54:34,BC_1,14.8,6.45,15.5,9.54,18.1,15.7
2026-04-12 20:54:34,BC_1,14.7,6.45,15.5,9.63,18.2,15.6
2026-04-12 20:54:35,BC_1,14.7,6.27,15.5,9.35,18.2,15.8
2026-04-12 20:54:35,BC_1,14.9,6.4,15.5,9.44,18.3,15.6
2026-04-12 20:54:36,BC_1,14.7,6.4,15.5,9.24,18.1,15.7
2026-04-12 20:54:36,BC_1,14.8,6.42,15.5,9.41,18.2,15.5
2026-04-12 20:54:36,BC_1,14.7,6.67,15.2,9.52,17.8,15.3
2026-04-12 20:54:37,BC_1,14.3,6.6,15.0,9.47,17.9,15.3
2026-04-12 20:54:37,BC_1,14.5,6.76,15.2,9.7,18.2,15.3
2026-04-12 20:54:37,BC_1,14.5,6.68,15.3,9.68,18.0,15.5
2026-04-12 20:54:38,BC_1,14.6,6.61,15.5,9.81,18.1,15.6
2026-04-12 20:54:38,BC_1,14.8,6.43,15.5,9.13,18.1,15.7
2026-04-12 20:54:38,BC_1,14.8,6.28,15.5,9.03,18.0,15.8
2026-04-12 20:54:39,BC_1,14.9,6.38,15.5,9.42,18.2,15.7
2026-04-12 20:54:39,BC_1,14.7,6.54,15.5,9.54,18.2,15.7
2026-04-12 20:54:39,BC_1,14.8,6.48,15.6,9.59,18.2,15.6
2026-04-12 20:54:40,BC_1,14.7,6.53,15.5,9.71,18.1,15.6
2026-04-12 20:54:40,BC_1,14.7,6.57,15.5,9.83,18.3,15.7
2026-04-12 20:54:40,BC_1,14.8,6.56,15.7,9.92,18.1,15.6
2026-04-12 20:54:41,BC_1,14.7,6.55,15.6,9.89,18.2,15.7
2026-04-12 20:54:41,BC_1,14.7,6.51,15.6,9.83,18.2,15.5
2026-04-12 20:54:42,BC_1,14.7,6.57,15.5,9.81,18.2,15.6
2026-04-12 20:54:42,BC_1,14.7,6.28,15.7,9.41,18.1,15.8
2026-04-12 20:54:42,BC_1,14.8,6.35,15.6,9.27,18.3,15.9
2026-04-12 20:54:43,BC_1,14.9,6.39,15.7,9.14,18.3,15.9
2026-04-12 20:54:43,BC_1,14.9,6.4,15.6,9.29,18.1,15.7
2026-04-12 20:54:43,BC_1,14.8,6.5,15.6,9.43,18.1,15.7
2026-04-12 20:54:44,BC_1,14.8,6.38,15.6,9.0,18.2,15.9
2026-04-12 20:54:44,BC_1,14.9,6.49,15.8,9.57,18.1,15.8
2026-04-12 20:54:44,BC_1,14.7,6.49,15.6,9.47,18.3,15.8
2026-04-12 20:54:45,BC_1,14.7,6.5,15.6,9.29,17.9,15.7
2026-04-12 20:54:45,BC_1,14.8,6.53,15.5,9.06,17.8,15.6
2026-04-12 20:54:45,BC_1,14.7,6.56,15.3,9.38,17.8,15.4
2026-04-12 20:54:46,BC_1,14.5,6.39,15.2,8.98,17.9,15.4
2026-04-12 20:54:46,BC_1,14.6,6.6,15.2,8.97,17.8,15.4
2026-04-12 20:54:47,BC_1,14.6,6.61,15.1,9.19,17.7,15.2
2026-04-12 20:54:47,BC_1,14.4,6.72,15.0,9.28,17.8,15.3
2026-04-12 20:54:47,BC_1,14.3,6.53,15.1,8.91,17.7,15.3
2026-04-12 20:54:48,BC_1,14.6,6.69,15.1,8.91,17.9,15.4
2026-04-12 20:54:48,BC_1,14.6,6.55,15.1,8.91,17.7,15.3
2026-04-12 20:54:48,BC_1,14.5,6.42,15.1,8.8,17.8,15.4
2026-04-12 20:54:49,BC_1,14.6,6.63,15.1,9.01,17.7,15.2
2026-04-12 20:54:49,BC_1,14.5,6.59,15.1,8.75,17.6,15.4
2026-04-12 20:54:49,BC_1,14.6,6.55,15.2,9.0,17.7,15.3
2026-04-12 20:54:50,BC_1,14.5,6.65,15.1,9.16,17.8,15.4
2026-04-12 20:54:50,BC_1,14.6,6.53,15.2,8.94,17.9,15.4
2026-04-12 20:54:51,BC_1,14.6,6.44,15.2,8.81,17.7,15.5
2026-04-12 20:54:51,BC_1,14.6,6.6,15.3,9.08,17.8,15.4
2026-04-12 20:54:51,BC_1,14.6,6.31,15.2,8.99,17.9,15.6
2026-04-12 20:54:52,BC_1,14.6,6.51,15.2,8.72,17.7,15.5
2026-04-12 20:54:52,BC_1,14.7,6.55,15.2,8.84,17.7,15.4
2026-04-12 20:54:52,BC_1,14.5,6.58,15.2,9.16,17.8,15.5
2026-04-12 20:54:53,BC_1,14.5,6.64,15.2,9.39,17.8,15.4
2026-04-12 20:54:53,BC_1,14.5,6.69,15.2,9.34,17.8,15.3
2026-04-12 20:54:53,BC_1,14.4,6.74,15.2,9.61,17.7,15.3
2026-04-12 20:54:54,BC_1,14.5,6.72,15.2,9.7,17.8,15.3
2026-04-12 20:54:54,BC_1,14.4,6.48,15.1,9.28,17.7,15.3
2026-04-12 20:54:54,BC_1,14.6,6.55,15.2,8.86,17.8,15.4
2026-04-12 20:54:55,BC_1,14.6,6.59,15.1,8.87,17.8,15.4
2026-04-12 20:54:55,BC_1,14.6,6.57,15.1,8.56,17.8,15.4
2026-04-12 20:54:56,BC_1,14.6,6.6,15.1,9.13,17.7,15.2
2026-04-12 20:54:56,BC_1,14.5,6.68,15.1,9.23,17.8,15.3
2026-04-12 20:54:56,BC_1,14.5,6.5,15.1,9.12,17.8,15.4
2026-04-12 20:54:57,BC_1,14.6,6.64,15.2,8.92,17.8,15.5
2026-04-12 20:54:57,BC_1,14.7,6.6,15.3,9.21,17.8,15.3
2026-04-12 20:54:57,BC_1,14.5,6.66,15.1,9.35,17.8,15.2
2026-04-12 20:54:58,BC_1,14.5,6.62,15.1,8.99,17.9,15.4
2026-04-12 20:54:58,BC_1,14.6,6.62,15.2,8.83,17.7,15.4
2026-04-12 20:54:58,BC_1,14.6,6.63,15.1,9.04,17.8,15.3
2026-04-12 20:54:59,BC_1,14.5,6.65,15.1,9.32,17.7,15.3
2026-04-12 20:54:59,BC_1,14.5,6.67,15.2,9.45,17.9,15.3
2026-04-12 20:54:59,BC_1,14.5,6.31,15.3,9.12,17.6,15.6
2026-04-12 20:55:00,BC_1,14.7,6.58,15.4,8.92,17.8,15.7
2026-04-12 20:55:00,BC_1,14.7,6.46,15.4,9.33,18.0,15.6
2026-04-12 20:55:01,BC_1,14.7,6.31,15.4,9.0,18.0,15.6
2026-04-12 20:55:01,BC_1,14.7,6.48,15.4,9.1,17.9,15.5
2026-04-12 20:55:01,BC_1,14.6,6.4,15.3,8.97,18.0,15.4
2026-04-12 20:55:02,BC_1,14.7,6.6,15.2,9.17,17.8,15.4
2026-04-12 20:55:02,BC_1,14.6,6.59,15.1,9.44,18.0,15.3
2026-04-12 20:55:02,BC_1,14.5,6.63,15.4,9.53,17.5,15.4
2026-04-12 20:55:03,BC_1,14.5,6.67,15.1,9.07,18.2,15.3
2026-04-12 20:55:03,BC_1,14.7,6.61,15.2,9.29,17.7,15.4
2026-04-12 20:55:03,BC_1,14.5,6.59,15.1,9.42,17.9,15.2
2026-04-12 20:55:04,BC_1,14.6,6.67,15.2,9.47,17.9,15.5
2026-04-12 20:55:04,BC_1,14.6,6.6,15.3,9.61,17.8,15.4
2026-04-12 20:55:04,BC_1,14.7,6.65,15.4,9.76,18.1,15.6
2026-04-12 20:55:05,BC_1,14.7,6.54,15.7,9.92,18.2,15.8
2026-04-12 20:55:05,BC_1,14.8,6.57,15.7,9.89,18.2,15.8
2026-04-12 20:55:05,BC_1,14.8,6.59,15.8,9.85,18.2,15.7
2026-04-12 20:55:06,BC_1,14.8,6.51,15.5,9.4,18.1,15.6
2026-04-12 20:55:06,BC_1,14.8,6.52,15.5,9.28,18.0,15.5
2026-04-12 20:55:07,BC_1,14.7,6.45,15.4,9.3,17.9,15.5
2026-04-12 20:55:07,BC_1,14.8,6.52,15.4,9.24,18.1,15.5
2026-04-12 20:55:07,BC_1,14.7,6.44,15.3,9.56,18.2,15.5
2026-04-12 20:55:08,BC_1,14.8,6.6,15.4,9.66,18.1,15.5
2026-04-12 20:55:08,BC_1,14.7,6.6,15.5,9.87,18.0,15.5
2026-04-12 20:55:08,BC_1,14.7,6.64,15.5,9.68,18.1,15.5
2026-04-12 20:55:09,BC_1,14.7,6.58,15.5,9.87,18.1,15.5
2026-04-12 20:55:09,BC_1,14.7,6.61,15.5,9.89,18.2,15.5
2026-04-12 20:55:09,BC_1,14.7,6.56,15.5,9.24,18.1,15.7
2026-04-12 20:55:10,BC_1,14.8,6.49,15.6,9.54,18.2,15.6
2026-04-12 20:55:10,BC_1,14.7,6.58,15.6,9.77,18.0,15.6
2026-04-12 20:55:10,BC_1,14.7,6.59,15.5,9.73,18.1,15.6
2026-04-12 20:55:11,BC_1,14.7,6.63,15.5,9.87,18.2,15.5
2026-04-12 20:55:11,BC_1,14.7,6.65,15.5,9.73,18.0,15.5
2026-04-12 20:55:11,BC_1,14.6,6.62,15.5,9.82,17.9,15.5
2026-04-12 20:55:12,BC_1,14.6,6.49,15.4,9.43,18.0,15.6
2026-04-12 20:55:12,BC_1,14.7,6.57,15.4,9.15,17.8,15.7
2026-04-12 20:55:13,BC_1,14.8,6.51,15.4,9.06,18.3,15.7
2026-04-12 20:55:13,BC_1,14.8,6.5,15.5,9.46,18.1,15.6
2026-04-12 20:55:13,BC_1,14.7,6.37,15.5,9.08,18.0,15.7
2026-04-12 20:55:14,BC_1,14.8,6.5,15.5,9.42,18.0,15.6
2026-04-12 20:55:14,BC_1,14.7,6.57,15.4,9.39,18.1,15.4
2026-04-12 20:55:14,BC_1,14.6,6.59,15.3,9.66,17.8,15.4
2026-04-12 20:55:15,BC_1,14.6,6.37,15.4,9.25,18.0,15.5
2026-04-12 20:55:15,BC_1,14.7,6.61,15.3,9.03,17.8,15.5
2026-04-12 20:55:15,BC_1,14.7,6.58,15.2,9.19,17.8,15.2
2026-04-12 20:55:16,BC_1,14.5,6.69,15.1,9.54,18.0,15.4
2026-04-12 20:55:16,BC_1,14.6,6.6,15.4,9.68,17.9,15.4
2026-04-12 20:55:16,BC_1,14.5,6.18,15.1,9.21,17.8,15.3
2026-04-12 20:55:17,BC_1,14.7,6.58,15.3,8.81,17.8,15.6
2026-04-12 20:55:17,BC_1,14.6,6.41,15.3,8.7,18.0,15.4
2026-04-12 20:55:18,BC_1,14.8,6.52,15.3,8.62,17.5,15.4
2026-04-12 20:55:18,BC_1,14.5,6.6,15.1,9.14,18.0,15.3
2026-04-12 20:55:18,BC_1,14.6,6.65,15.1,8.97,17.6,15.4
2026-04-12 20:55:19,BC_1,14.5,6.65,15.1,9.09,17.8,15.2
2026-04-12 20:55:19,BC_1,14.5,6.47,15.1,8.98,17.8,15.4
2026-04-12 20:55:19,BC_1,14.6,6.48,15.1,8.91,17.9,15.4
2026-04-12 20:55:20,BC_1,14.6,6.6,15.1,8.76,18.0,15.4
2026-04-12 20:55:20,BC_1,14.6,6.6,15.1,8.88,17.7,15.3
2026-04-12 20:55:20,BC_1,14.5,6.65,15.1,9.35,17.8,15.2
2026-04-12 20:55:21,BC_1,14.5,6.68,15.1,9.04,17.8,15.4
2026-04-12 20:55:21,BC_1,14.6,6.62,15.1,8.97,17.8,15.4
2026-04-12 20:55:22,BC_1,14.6,6.37,15.1,8.79,17.8,15.4
2026-04-12 20:55:22,BC_1,14.6,6.58,15.1,8.95,17.8,15.3
2026-04-12 20:55:22,BC_1,14.5,6.67,15.1,9.34,17.8,15.3
2026-04-12 20:55:23,BC_1,14.5,6.73,15.2,9.25,17.8,15.3
2026-04-12 20:55:23,BC_1,14.5,6.59,15.3,9.25,17.8,15.4
2026-04-12 20:55:23,BC_1,14.5,6.58,15.3,9.14,17.8,15.5
2026-04-12 20:55:24,BC_1,14.6,6.67,15.2,9.31,17.8,15.3
2026-04-12 20:55:24,BC_1,14.5,6.54,15.1,8.94,17.9,15.3
2026-04-12 20:55:24,BC_1,14.5,6.67,15.1,9.2,17.9,15.2
2026-04-12 20:55:25,BC_1,14.5,6.73,15.1,8.96,17.6,15.3
2026-04-12 20:55:25,BC_1,14.6,6.43,15.1,8.63,17.8,15.4
2026-04-12 20:55:25,BC_1,14.6,6.62,15.1,9.19,17.7,15.2
2026-04-12 20:55:26,BC_1,14.5,6.48,15.1,8.94,18.0,15.4
2026-04-12 20:55:26,BC_1,14.6,6.63,15.1,8.77,17.6,15.4
2026-04-12 20:55:27,BC_1,14.6,6.59,15.1,8.68,17.6,15.4
2026-04-12 20:55:27,BC_1,14.6,6.55,15.2,8.66,18.0,15.5
2026-04-12 20:55:27,BC_1,14.7,6.52,15.2,9.05,17.7,15.4
2026-04-12 20:55:28,BC_1,14.6,6.65,15.2,9.2,17.8,15.3
2026-04-12 20:55:28,BC_1,14.5,6.61,15.2,8.81,17.9,15.5
2026-04-12 20:55:28,BC_1,14.7,6.55,15.3,9.1,17.8,15.5
2026-04-12 20:55:29,BC_1,14.6,6.41,15.3,8.96,17.7,15.6
2026-04-12 20:55:29,BC_1,14.7,6.4,15.3,8.78,17.6,15.5
2026-04-12 20:55:29,BC_1,14.7,6.57,15.3,8.81,17.8,15.5
2026-04-12 20:55:30,BC_1,14.7,6.45,15.3,9.0,18.0,15.4
2026-04-12 20:55:30,BC_1,14.7,6.61,15.4,9.37,17.9,15.3
2026-04-12 20:55:31,BC_1,14.5,6.57,15.1,9.39,17.9,15.4
2026-04-12 20:55:31,BC_1,14.7,6.67,15.3,9.51,17.9,15.4
2026-04-12 20:55:31,BC_1,14.5,6.63,15.3,9.32,18.2,15.4
2026-04-12 20:55:32,BC_1,14.7,6.55,15.4,9.32,17.9,15.6
2026-04-12 20:55:32,BC_1,14.7,6.52,15.4,9.41,18.2,15.5
2026-04-12 20:55:32,BC_1,14.8,6.52,15.4,9.17,17.8,15.7
2026-04-12 20:55:33,BC_1,14.7,6.45,15.5,9.3,18.1,15.6
2026-04-12 20:55:33,BC_1,14.8,6.21,15.6,9.1,18.0,15.7
2026-04-12 20:55:33,BC_1,14.8,6.41,15.5,8.55,18.1,15.7
2026-04-12 20:55:34,BC_1,14.9,6.39,15.5,9.12,18.2,15.7
2026-04-12 20:55:34,BC_1,14.8,6.17,15.5,8.93,18.1,15.7
2026-04-12 20:55:34,BC_1,14.9,6.34,15.5,8.98,18.1,15.6
2026-04-12 20:55:35,BC_1,14.8,6.21,15.5,8.97,18.2,15.8
2026-04-12 20:55:35,BC_1,14.9,6.35,15.5,9.2,18.2,15.6
2026-04-12 20:55:35,BC_1,14.8,6.44,15.4,9.38,18.1,15.5
2026-04-12 20:55:36,BC_1,14.7,6.53,15.4,9.39,18.1,15.4
2026-04-12 20:55:36,BC_1,14.7,6.5,15.3,9.56,18.3,15.5
2026-04-12 20:55:37,BC_1,14.8,6.27,15.3,9.0,18.2,15.5
2026-04-12 20:55:37,BC_1,14.9,6.46,15.3,9.21,18.2,15.4
2026-04-12 20:55:37,BC_1,14.7,6.57,15.3,9.56,18.1,15.4
2026-04-12 20:55:38,BC_1,14.7,6.35,15.3,9.18,17.9,15.5
2026-04-12 20:55:38,BC_1,14.7,6.48,15.2,8.8,18.1,15.5
2026-04-12 20:55:38,BC_1,14.8,6.53,15.3,9.18,17.8,15.4
2026-04-12 20:55:39,BC_1,14.6,6.58,15.2,9.4,18.0,15.3
2026-04-12 20:55:44,BC_2,14.3,6.61,15.2,9.27,17.9,15.4
2026-04-12 20:55:45,BC_2,14.3,6.75,15.2,9.5,17.9,15.4
2026-04-12 20:55:45,BC_2,14.2,6.63,15.2,9.24,17.8,15.4
2026-04-12 20:55:45,BC_2,14.3,6.75,15.2,9.11,17.6,15.4
2026-04-12 20:55:46,BC_2,14.3,6.73,15.2,9.21,17.6,15.3
2026-04-12 20:55:46,BC_2,14.2,6.79,15.2,9.51,17.8,15.3
2026-04-12 20:55:46,BC_2,14.2,6.81,15.1,9.48,17.4,15.2
2026-04-12 20:55:47,BC_2,14.1,6.7,15.1,9.23,17.6,15.4
2026-04-12 20:55:47,BC_2,14.2,6.59,15.2,9.27,17.5,15.4
2026-04-12 20:55:47,BC_2,14.2,6.75,15.2,8.99,17.4,15.4
2026-04-12 20:55:48,BC_2,14.2,6.81,15.2,9.38,17.5,15.3
2026-04-12 20:55:48,BC_2,14.0,6.73,15.2,9.15,17.2,15.4
2026-04-12 20:55:48,BC_2,14.0,6.83,15.3,9.08,17.1,15.5
2026-04-12 20:55:49,BC_2,14.0,6.82,15.3,9.02,17.2,15.5
2026-04-12 20:55:49,BC_2,13.9,6.69,15.3,8.94,16.9,15.4
2026-04-12 20:55:50,BC_2,13.8,6.77,15.3,9.06,17.0,15.5
2026-04-12 20:55:50,BC_2,13.8,6.92,15.3,9.42,17.0,15.4
2026-04-12 20:55:50,BC_2,13.7,6.97,15.2,9.53,17.0,15.4
2026-04-12 20:55:51,BC_2,13.6,7.03,15.3,9.63,16.9,15.4
2026-04-12 20:55:51,BC_2,13.5,6.91,15.3,9.43,17.0,15.5
2026-04-12 20:55:51,BC_2,13.6,6.97,15.3,9.04,16.8,15.5
2026-04-12 20:55:52,BC_2,13.7,6.98,15.3,9.51,16.7,15.4
2026-04-12 20:55:52,BC_2,13.6,7.03,15.3,9.55,16.8,15.4
2026-04-12 20:55:52,BC_2,13.5,7.06,15.3,9.33,16.7,15.5
2026-04-12 20:55:53,BC_2,13.6,6.93,15.3,8.96,16.7,15.5
2026-04-12 20:55:53,BC_2,13.7,6.98,15.3,9.05,16.8,15.5
2026-04-12 20:55:54,BC_2,13.7,6.85,15.4,9.09,16.8,15.5
2026-04-12 20:55:54,BC_2,13.7,6.97,15.3,8.93,16.8,15.5
2026-04-12 20:55:54,BC_2,13.8,6.98,15.3,8.93,16.8,15.4
2026-04-12 20:55:55,BC_2,13.7,6.93,15.3,9.05,16.8,15.5
2026-04-12 20:55:55,BC_2,13.7,6.95,15.3,8.79,16.8,15.5
2026-04-12 20:55:55,BC_2,13.7,6.9,15.4,8.83,16.8,15.5
2026-04-12 20:55:56,BC_2,13.8,6.91,15.4,8.84,16.8,15.5
2026-04-12 20:55:56,BC_2,13.9,6.85,15.4,8.77,16.9,15.5
2026-04-12 20:55:56,BC_2,13.9,6.73,15.3,8.79,17.1,15.5
2026-04-12 20:55:57,BC_2,14.0,6.91,15.3,9.01,17.0,15.5
2026-04-12 20:55:57,BC_2,13.8,6.92,15.4,9.4,16.9,15.5
2026-04-12 20:55:58,BC_2,13.8,6.95,15.4,9.18,17.1,15.6
2026-04-12 20:55:58,BC_2,13.9,6.96,15.5,9.45,17.0,15.6
2026-04-12 20:55:58,BC_2,13.9,6.86,15.5,9.16,16.9,15.6
2026-04-12 20:55:59,BC_2,14.0,6.91,15.4,9.32,17.2,15.6
2026-04-12 20:55:59,BC_2,13.9,6.97,15.4,9.48,17.0,15.5
2026-04-12 20:55:59,BC_2,13.9,6.81,15.4,9.41,17.1,15.5
2026-04-12 20:56:00,BC_2,13.9,6.93,15.3,9.62,17.1,15.4
2026-04-12 20:56:00,BC_2,13.8,6.99,15.3,9.65,17.1,15.3
2026-04-12 20:56:00,BC_2,13.9,6.96,15.2,9.68,17.2,15.3
2026-04-12 20:56:01,BC_2,13.8,6.95,15.2,9.8,17.0,15.3
2026-04-12 20:56:01,BC_2,13.8,6.96,15.1,9.52,17.1,15.2
2026-04-12 20:56:01,BC_2,13.8,6.89,15.2,9.35,17.1,15.4
2026-04-12 20:56:02,BC_2,13.9,6.79,15.2,9.05,17.1,15.4
2026-04-12 20:56:02,BC_2,14.0,6.91,15.2,9.42,17.2,15.3
2026-04-12 20:56:03,BC_2,13.9,6.92,15.2,9.48,17.2,15.3
2026-04-12 20:56:03,BC_2,13.9,6.96,15.2,9.87,17.2,15.3
2026-04-12 20:56:03,BC_2,13.9,6.83,15.2,9.4,17.2,15.4
2026-04-12 20:56:04,BC_2,13.9,6.82,15.3,9.22,17.1,15.5
2026-04-12 20:56:04,BC_2,14.0,6.89,15.3,9.11,17.1,15.5
2026-04-12 20:56:04,BC_2,14.0,6.83,15.4,9.02,17.1,15.6
2026-04-12 20:56:05,BC_2,14.0,6.89,15.4,9.38,17.0,15.5
2026-04-12 20:56:05,BC_2,13.9,6.74,15.4,9.24,17.2,15.7
2026-04-12 20:56:05,BC_2,14.0,6.93,15.5,9.44,17.0,15.6
2026-04-12 20:56:06,BC_2,13.9,6.95,15.4,9.51,17.1,15.5
2026-04-12 20:56:06,BC_2,13.8,6.95,15.3,9.76,17.1,15.4
2026-04-12 20:56:06,BC_2,13.8,6.99,15.3,9.44,17.3,15.4
2026-04-12 20:56:07,BC_2,13.9,6.88,15.3,8.88,17.1,15.4
2026-04-12 20:56:07,BC_2,14.0,6.81,15.3,8.92,17.1,15.5
2026-04-12 20:56:08,BC_2,14.0,6.67,15.3,8.89,17.3,15.5
2026-04-12 20:56:08,BC_2,14.0,6.89,15.2,9.23,17.2,15.3
2026-04-12 20:56:08,BC_2,13.9,6.75,15.2,9.08,17.0,15.4
2026-04-12 20:56:09,BC_2,14.0,6.87,15.2,9.28,17.1,15.3
2026-04-12 20:56:09,BC_2,13.9,6.77,15.2,9.01,17.3,15.4
2026-04-12 20:56:09,BC_2,14.0,6.89,15.2,9.32,17.2,15.3
2026-04-12 20:56:10,BC_2,13.9,6.81,15.2,9.12,17.3,15.3
2026-04-12 20:56:10,BC_2,14.1,6.85,15.1,9.35,17.2,15.2
2026-04-12 20:56:10,BC_2,14.0,6.74,15.1,9.03,17.4,15.3
2026-04-12 20:56:11,BC_2,14.1,6.76,15.1,8.92,17.1,15.3
2026-04-12 20:56:11,BC_2,14.1,6.69,15.1,8.96,17.4,15.3
2026-04-12 20:56:12,BC_2,14.2,6.61,15.1,8.73,17.5,15.3
2026-04-12 20:56:12,BC_2,14.3,6.71,15.1,8.78,17.2,15.3
2026-04-12 20:56:12,BC_2,14.3,6.69,15.0,8.8,17.5,15.2
2026-04-12 20:56:13,BC_2,14.3,6.71,15.0,8.51,17.5,15.2
2026-04-12 20:56:13,BC_2,14.3,6.65,15.1,8.77,17.4,15.3
2026-04-12 20:56:13,BC_2,14.2,6.75,15.0,9.06,17.4,15.2
2026-04-12 20:56:14,BC_2,14.2,6.8,15.0,9.24,17.5,15.1
2026-04-12 20:56:14,BC_2,14.1,6.59,15.0,9.0,17.4,15.2
2026-04-12 20:56:14,BC_2,14.3,6.7,15.1,8.62,17.5,15.3
2026-04-12 20:56:15,BC_2,14.4,6.7,15.0,8.95,17.7,15.2
2026-04-12 20:56:15,BC_2,14.3,6.6,15.0,8.95,17.4,15.3
2026-04-12 20:56:15,BC_2,14.4,6.62,15.1,8.56,17.6,15.3
2026-04-12 20:56:16,BC_2,14.4,6.69,15.0,9.06,17.6,15.2
2026-04-12 20:56:16,BC_2,14.3,6.55,15.1,8.82,17.7,15.3
2026-04-12 20:56:17,BC_2,14.4,6.65,15.0,9.15,17.6,15.2
2026-04-12 20:56:17,BC_2,14.3,6.75,15.0,9.21,17.7,15.2
2026-04-12 20:56:17,BC_2,14.3,6.77,15.0,9.43,17.6,15.1
2026-04-12 20:56:18,BC_2,14.3,6.76,15.0,9.54,17.8,15.2
2026-04-12 20:56:18,BC_2,14.3,6.77,15.0,9.52,17.6,15.1
2026-04-12 20:56:18,BC_2,14.3,6.73,15.0,9.06,17.7,15.3
2026-04-12 20:56:19,BC_2,14.4,6.76,15.1,9.41,17.6,15.2
2026-04-12 20:56:19,BC_2,14.3,6.71,15.0,9.04,17.7,15.2
2026-04-12 20:56:19,BC_2,14.4,6.71,15.0,9.34,17.6,15.2
2026-04-12 20:56:20,BC_2,14.3,6.74,15.0,9.01,17.6,15.3
2026-04-12 20:56:20,BC_2,14.4,6.72,15.1,9.26,17.8,15.2
2026-04-12 20:56:20,BC_2,14.3,6.79,15.1,9.46,17.7,15.2
2026-04-12 20:56:21,BC_2,14.3,6.71,15.1,9.24,17.3,15.3
2026-04-12 20:56:21,BC_2,14.4,6.75,15.1,9.25,17.6,15.2
2026-04-12 20:56:22,BC_2,14.3,6.82,15.1,9.55,17.8,15.2
2026-04-12 20:56:22,BC_2,14.3,6.62,15.1,8.94,17.6,15.3
2026-04-12 20:56:22,BC_2,14.4,6.76,15.1,9.44,17.8,15.2
2026-04-12 20:56:23,BC_2,14.3,6.83,15.1,9.47,17.7,15.2
2026-04-12 20:56:23,BC_2,14.3,6.67,15.1,9.22,17.8,15.3
2026-04-12 20:56:23,BC_2,14.4,6.76,15.1,8.88,17.2,15.3
2026-04-12 20:56:24,BC_2,14.4,6.68,15.1,8.86,17.6,15.3
2026-04-12 20:56:24,BC_2,14.5,6.58,15.2,8.92,17.6,15.4
2026-04-12 20:56:24,BC_2,14.4,6.71,15.2,8.79,17.4,15.5
2026-04-12 20:56:25,BC_2,14.4,6.68,15.2,9.02,17.6,15.3
2026-04-12 20:56:25,BC_2,14.4,6.66,15.1,9.0,17.5,15.4
2026-04-12 20:56:26,BC_2,14.4,6.55,15.2,8.78,17.5,15.4
2026-04-12 20:56:26,BC_2,14.4,6.72,15.1,9.11,17.6,15.4
2026-04-12 20:56:26,BC_2,14.3,6.61,15.2,8.92,17.5,15.4
2026-04-12 20:56:27,BC_2,14.4,6.76,15.2,9.23,17.4,15.3
2026-04-12 20:56:27,BC_2,14.2,6.69,15.2,8.87,17.3,15.5
2026-04-12 20:56:27,BC_2,14.2,6.82,15.2,9.29,17.2,15.3
2026-04-12 20:56:28,BC_2,14.0,6.84,15.3,9.57,17.4,15.4
2026-04-12 20:56:28,BC_2,14.0,6.74,15.2,9.19,17.3,15.3
2026-04-12 20:56:28,BC_2,13.9,6.89,15.3,9.5,17.0,15.5
2026-04-12 20:56:29,BC_2,14.2,7.13,15.3,9.71,16.8,15.5
2026-04-12 20:56:29,BC_2,13.1,6.66,15.4,9.25,16.9,15.3
2026-04-12 20:56:29,BC_2,14.1,7.05,15.2,9.06,16.8,15.4
2026-04-12 20:56:30,BC_2,13.5,6.86,15.3,9.1,16.9,15.4
2026-04-12 20:56:30,BC_2,14.0,7.05,15.2,9.03,16.5,15.4
2026-04-12 20:56:31,BC_2,13.5,6.81,15.3,9.03,17.0,15.4
2026-04-12 20:56:31,BC_2,14.0,6.91,15.1,8.71,17.1,15.3
2026-04-12 20:56:31,BC_2,13.9,6.76,15.1,8.76,17.1,15.3
2026-04-12 20:56:32,BC_2,14.1,6.81,15.1,9.05,17.5,15.2
2026-04-12 20:56:32,BC_2,14.0,6.68,15.1,8.87,17.4,15.3
2026-04-12 20:56:32,BC_2,14.1,6.78,15.0,9.0,17.4,15.2
2026-04-12 20:56:33,BC_2,14.1,6.83,15.1,9.31,17.4,15.2
2026-04-12 20:56:33,BC_2,14.0,6.88,15.1,9.38,17.4,15.2
2026-04-12 20:56:33,BC_2,14.0,6.86,15.1,9.57,17.5,15.2
2026-04-12 20:56:34,BC_2,14.0,6.86,15.0,9.52,17.4,15.1
2026-04-12 20:56:34,BC_2,14.1,6.83,15.1,9.03,17.6,15.3
2026-04-12 20:56:34,BC_2,14.3,6.62,15.0,8.7,17.5,15.3
2026-04-12 20:56:35,BC_2,14.4,6.66,15.1,8.81,17.5,15.2
2026-04-12 20:56:35,BC_2,14.4,6.6,15.1,8.66,17.6,15.3
2026-04-12 20:56:36,BC_2,14.4,6.69,15.0,9.11,17.5,15.2
2026-04-12 20:56:36,BC_2,14.3,6.73,15.0,9.18,17.7,15.1
2026-04-12 20:56:36,BC_2,14.3,6.79,14.9,9.43,17.5,15.1
2026-04-12 20:56:37,BC_2,14.3,6.81,15.0,9.48,17.7,15.1
2026-04-12 20:56:37,BC_2,14.3,6.86,15.0,9.63,17.6,15.1
2026-04-12 20:56:37,BC_2,14.3,6.82,15.2,9.65,17.6,15.3
2026-04-12 20:56:38,BC_2,14.2,6.77,15.1,9.31,17.7,15.3
2026-04-12 20:56:38,BC_2,14.4,6.66,15.1,8.93,17.7,15.4
2026-04-12 20:56:38,BC_2,14.4,6.73,15.1,9.26,17.3,15.2
2026-04-12 20:56:39,BC_2,14.3,6.79,15.1,9.4,17.6,15.2
2026-04-12 20:56:39,BC_2,14.3,6.86,15.1,9.65,17.8,15.2
2026-04-12 20:56:39,BC_2,14.3,6.84,15.0,9.42,17.7,15.1
2026-04-12 20:56:40,BC_2,14.2,6.82,15.0,9.64,17.6,15.1
2026-04-12 20:56:40,BC_2,14.3,6.62,15.0,9.27,17.5,15.1
2026-04-12 20:56:41,BC_2,14.3,6.65,15.0,8.94,17.6,15.3
2026-04-12 20:56:41,BC_2,14.4,6.73,15.0,9.26,17.8,15.2
2026-04-12 20:56:41,BC_2,14.3,6.57,15.0,9.1,17.7,15.2
2026-04-12 20:56:42,BC_2,14.4,6.74,15.0,9.3,17.6,15.1
2026-04-12 20:56:42,BC_2,14.3,6.82,15.0,9.46,17.6,15.1
2026-04-12 20:56:42,BC_2,14.3,6.76,15.0,9.47,17.7,15.1
2026-04-12 20:56:43,BC_2,14.3,6.77,15.0,9.16,17.8,15.2
2026-04-12 20:56:43,BC_2,14.4,6.69,15.0,9.04,17.6,15.2
2026-04-12 20:56:43,BC_2,14.4,6.71,15.1,8.83,17.7,15.3
2026-04-12 20:56:44,BC_2,14.4,6.72,15.0,9.26,17.7,15.1
2026-04-12 20:56:44,BC_2,14.3,6.5,15.0,8.83,17.7,15.2
2026-04-12 20:56:44,BC_2,14.4,6.69,15.0,8.86,17.5,15.2
2026-04-12 20:56:45,BC_2,14.4,6.7,14.9,9.05,17.8,15.1
2026-04-12 20:56:45,BC_2,14.3,6.61,15.0,8.98,17.6,15.3
2026-04-12 20:56:46,BC_2,14.3,6.49,15.1,8.74,17.5,15.2
2026-04-12 20:56:46,BC_2,14.3,6.67,15.1,9.06,17.4,15.2
2026-04-12 20:56:46,BC_2,14.2,6.69,15.1,9.0,17.4,15.3
2026-04-12 20:56:47,BC_2,14.3,6.74,15.0,9.09,17.5,15.2
2026-04-12 20:56:47,BC_2,14.1,6.59,15.1,8.97,17.6,15.3
2026-04-12 20:56:47,BC_2,14.2,6.77,15.1,9.26,17.4,15.2
2026-04-12 20:56:48,BC_2,14.1,6.83,15.1,9.34,17.5,15.2
2026-04-12 20:56:48,BC_2,14.0,6.65,15.0,8.98,17.5,15.3
2026-04-12 20:56:48,BC_2,14.2,6.86,15.1,9.33,17.4,15.1
2026-04-12 20:56:49,BC_2,14.0,6.85,15.1,9.51,17.3,15.3
2026-04-12 20:56:49,BC_2,14.0,6.89,15.1,9.28,17.3,15.3
2026-04-12 20:56:49,BC_2,13.9,6.87,15.1,9.39,16.9,15.2
2026-04-12 20:56:50,BC_2,13.7,6.96,15.1,9.55,17.0,15.2
2026-04-12 20:56:50,BC_2,13.6,6.98,15.1,9.71,17.0,15.2
2026-04-12 20:56:51,BC_2,13.6,7.02,15.1,9.81,16.8,15.1
2026-04-12 20:56:51,BC_2,13.5,7.03,15.0,9.72,16.9,15.1
2026-04-12 20:56:51,BC_2,13.5,7.01,15.1,9.69,16.9,15.2
2026-04-12 20:56:52,BC_2,13.7,6.98,15.1,9.35,17.1,15.3
2026-04-12 20:56:52,BC_2,13.9,6.85,15.2,9.19,17.1,15.4
2026-04-12 20:56:52,BC_2,13.9,6.91,15.2,9.26,17.3,15.3
2026-04-12 20:56:53,BC_2,13.9,6.94,15.2,9.63,17.0,15.4
2026-04-12 20:56:53,BC_2,13.9,6.95,15.3,9.68,17.3,15.3
2026-04-12 20:56:53,BC_2,13.8,7.0,15.3,9.77,17.0,15.4
2026-04-12 20:56:54,BC_2,13.8,7.02,15.4,9.8,17.0,15.5
2026-04-12 20:56:54,BC_2,13.8,7.03,15.4,9.96,17.1,15.4
2026-04-12 20:56:54,BC_2,13.8,6.86,15.4,9.48,17.1,15.5
2026-04-12 20:56:55,BC_2,14.0,6.9,15.1,9.52,17.2,15.1
2026-04-12 20:56:55,BC_2,14.0,6.8,15.2,9.27,17.2,15.2
2026-04-12 20:56:56,BC_2,14.0,6.83,15.0,9.42,17.3,15.1
2026-04-12 20:57:05,BC_3,14.8,6.3,15.0,9.1,18.4,15.3
2026-04-12 20:57:05,BC_3,14.6,6.26,15.0,8.99,18.4,15.3
2026-04-12 20:57:06,BC_3,14.7,6.38,14.9,9.2,18.2,15.2
2026-04-12 20:57:06,BC_3,14.5,6.24,15.0,9.08,18.3,15.2
2026-04-12 20:57:06,BC_3,14.7,6.39,15.0,9.08,18.1,15.1
2026-04-12 20:57:07,BC_3,14.5,6.46,14.9,9.32,18.3,15.1
2026-04-12 20:57:07,BC_3,14.5,6.27,14.9,9.1,18.2,15.2
2026-04-12 20:57:07,BC_3,14.7,6.32,15.0,8.8,18.1,15.2
2026-04-12 20:57:08,BC_3,14.6,6.34,15.0,8.7,18.2,15.3
2026-04-12 20:57:08,BC_3,14.7,6.37,15.0,8.64,17.8,15.3
2026-04-12 20:57:08,BC_3,14.7,6.42,14.9,8.93,18.0,15.1
2026-04-12 20:57:09,BC_3,14.5,6.5,15.0,9.23,18.2,15.1
2026-04-12 20:57:09,BC_3,14.5,6.5,14.9,9.28,18.2,15.1
2026-04-12 20:57:09,BC_3,14.5,6.5,14.9,9.36,18.1,15.0
2026-04-12 20:57:10,BC_3,14.5,6.52,14.9,9.17,18.0,14.9
2026-04-12 20:57:10,BC_3,14.5,6.47,14.9,9.19,18.0,15.0
2026-04-12 20:57:11,BC_3,14.6,6.35,14.9,9.04,17.8,15.1
2026-04-12 20:57:11,BC_3,14.7,6.44,14.9,9.24,18.3,15.1
2026-04-12 20:57:11,BC_3,14.5,6.44,14.9,9.45,18.1,15.0
2026-04-12 20:57:12,BC_3,14.5,6.53,14.8,9.47,18.1,15.0
2026-04-12 20:57:12,BC_3,14.6,6.54,14.9,9.51,18.3,15.0
2026-04-12 20:57:12,BC_3,14.5,6.17,14.9,9.16,18.2,15.2
2026-04-12 20:57:13,BC_3,14.7,6.44,14.9,9.06,18.2,15.0
2026-04-12 20:57:13,BC_3,14.6,6.24,15.0,9.08,18.2,15.2
2026-04-12 20:57:13,BC_3,14.6,6.43,14.9,9.19,18.1,15.1
2026-04-12 20:57:14,BC_3,14.6,6.38,15.0,8.98,18.0,15.2
2026-04-12 20:57:14,BC_3,14.6,6.4,15.0,8.69,17.9,15.2
2026-04-12 20:57:14,BC_3,14.7,6.41,15.0,8.95,18.2,15.1
2026-04-12 20:57:15,BC_3,14.6,6.24,15.0,8.75,18.1,15.2
2026-04-12 20:57:15,BC_3,14.6,6.47,14.9,8.81,18.2,15.2
2026-04-12 20:57:16,BC_3,14.6,6.49,15.0,9.12,17.8,15.1
2026-04-12 20:57:16,BC_3,14.5,6.41,15.0,8.99,18.1,15.2
2026-04-12 20:57:16,BC_3,14.6,6.5,15.0,9.27,18.0,15.1
2026-04-12 20:57:17,BC_3,14.5,6.29,15.0,8.98,17.9,15.2
2026-04-12 20:57:17,BC_3,14.6,6.41,15.0,8.75,17.9,15.2
2026-04-12 20:57:17,BC_3,14.6,6.43,15.0,9.01,17.9,15.1
2026-04-12 20:57:18,BC_3,14.5,6.27,15.0,8.74,18.0,15.2
2026-04-12 20:57:18,BC_3,14.7,6.44,15.0,9.15,18.0,15.1
2026-04-12 20:57:18,BC_3,14.5,6.51,15.0,9.27,17.9,15.1
2026-04-12 20:57:19,BC_3,14.5,6.26,15.0,8.89,17.9,15.2
2026-04-12 20:57:19,BC_3,14.6,6.45,15.0,8.8,17.9,15.2
2026-04-12 20:57:19,BC_3,14.6,6.43,15.0,8.94,18.0,15.1
2026-04-12 20:57:20,BC_3,14.5,6.56,15.0,9.29,18.0,15.1
2026-04-12 20:57:20,BC_3,14.5,6.29,14.9,8.95,18.0,15.2
2026-04-12 20:57:21,BC_3,14.6,6.32,15.0,8.83,18.1,15.2
2026-04-12 20:57:21,BC_3,14.6,6.44,15.0,8.56,17.7,15.2
2026-04-12 20:57:21,BC_3,14.6,6.44,15.1,8.66,17.8,15.3
2026-04-12 20:57:22,BC_3,14.6,6.46,15.0,8.65,17.8,15.3
2026-04-12 20:57:22,BC_3,14.6,6.47,14.9,8.81,17.9,15.2
2026-04-12 20:57:22,BC_3,14.5,6.4,15.0,8.77,17.7,15.2
2026-04-12 20:57:23,BC_3,14.6,6.54,15.0,8.85,17.8,15.1
2026-04-12 20:57:23,BC_3,14.5,6.25,15.0,8.84,17.9,15.2
2026-04-12 20:57:23,BC_3,14.5,6.42,14.9,8.6,17.8,15.2
2026-04-12 20:57:24,BC_3,14.6,6.45,15.0,8.47,17.9,15.2
2026-04-12 20:57:24,BC_3,14.7,6.41,15.0,8.56,17.8,15.2
2026-04-12 20:57:25,BC_3,14.6,6.36,14.9,8.71,18.0,15.1
2026-04-12 20:57:25,BC_3,14.5,6.36,14.9,8.67,17.8,15.1
2026-04-12 20:57:25,BC_3,14.5,6.3,14.9,8.61,17.9,15.2
2026-04-12 20:57:26,BC_3,14.6,6.31,15.0,8.57,17.9,15.2
2026-04-12 20:57:26,BC_3,14.6,6.46,14.9,8.72,17.8,15.1
2026-04-12 20:57:26,BC_3,14.5,6.35,14.9,8.55,17.9,15.2
2026-04-12 20:57:27,BC_3,14.6,6.32,14.9,8.5,18.0,15.2
2026-04-12 20:57:27,BC_3,14.6,6.44,14.9,8.85,17.9,15.1
2026-04-12 20:57:27,BC_3,14.5,6.53,14.9,9.09,17.9,15.1
2026-04-12 20:57:28,BC_3,14.5,6.53,14.9,9.15,17.8,15.1
2026-04-12 20:57:28,BC_3,14.4,6.59,14.9,9.29,17.8,15.0
2026-04-12 20:57:28,BC_3,14.4,6.49,14.9,8.92,17.9,15.1
2026-04-12 20:57:29,BC_3,14.5,6.43,15.0,8.71,17.9,15.2
2026-04-12 20:57:29,BC_3,14.6,6.53,14.9,8.96,18.0,15.1
2026-04-12 20:57:30,BC_3,14.4,6.52,14.9,9.23,17.9,15.0
2026-04-12 20:57:30,BC_3,14.4,6.56,14.9,9.28,18.0,15.0
2026-04-12 20:57:30,BC_3,14.4,6.56,14.9,9.12,17.9,15.0
2026-04-12 20:57:31,BC_3,14.4,6.6,14.9,9.37,17.7,15.0
2026-04-12 20:57:31,BC_3,14.4,6.3,14.9,8.95,17.9,15.1
2026-04-12 20:57:31,BC_3,14.5,6.53,14.9,8.7,18.0,15.1
2026-04-12 20:57:32,BC_3,14.6,6.44,14.9,8.82,17.8,15.0
2026-04-12 20:57:32,BC_3,14.5,6.39,14.9,8.77,18.0,15.1
2026-04-12 20:57:32,BC_3,14.5,6.49,14.8,8.79,18.0,15.1
2026-04-12 20:57:33,BC_3,14.6,6.49,14.9,8.42,17.9,15.1
2026-04-12 20:57:33,BC_3,14.6,6.4,14.9,8.87,17.7,15.0
2026-04-12 20:57:33,BC_3,14.5,6.35,14.9,8.62,17.9,15.1
2026-04-12 20:57:34,BC_3,14.6,6.46,14.9,8.66,18.0,15.2
2026-04-12 20:57:34,BC_3,14.6,6.4,14.8,8.94,18.0,15.1
2026-04-12 20:57:35,BC_3,14.5,6.47,14.9,9.05,18.1,15.0
2026-04-12 20:57:35,BC_3,14.5,6.57,14.8,9.16,18.1,15.0
2026-04-12 20:57:35,BC_3,14.4,6.22,14.8,8.97,18.0,15.1
2026-04-12 20:57:36,BC_3,14.6,6.45,14.9,9.06,18.0,15.0
2026-04-12 20:57:36,BC_3,14.5,6.51,14.8,9.34,18.0,15.0
2026-04-12 20:57:36,BC_3,14.4,6.54,14.8,9.13,18.0,15.0
2026-04-12 20:57:37,BC_3,14.5,6.39,14.8,9.03,17.9,15.1
2026-04-12 20:57:37,BC_3,14.6,6.52,14.8,8.99,17.8,15.0
2026-04-12 20:57:37,BC_3,14.5,6.48,14.9,8.68,17.7,15.1
2026-04-12 20:57:38,BC_3,14.5,6.33,14.9,8.75,17.9,15.1
2026-04-12 20:57:38,BC_3,14.6,6.46,14.8,8.91,17.9,15.0
2026-04-12 20:57:38,BC_3,14.4,6.34,14.8,8.84,17.8,15.1
2026-04-12 20:57:39,BC_3,14.6,6.4,14.8,8.42,17.9,15.1
2026-04-12 20:57:39,BC_3,14.6,6.44,14.8,8.86,17.9,15.0
2026-04-12 20:57:40,BC_3,14.5,6.21,14.8,8.6,17.8,15.1
2026-04-12 20:57:40,BC_3,14.6,6.43,14.8,8.41,18.0,15.1
2026-04-12 20:57:40,BC_3,14.6,6.43,14.8,8.69,18.0,15.0
2026-04-12 20:57:41,BC_3,14.5,6.46,14.8,9.05,18.0,14.9
2026-04-12 20:57:41,BC_3,14.5,6.49,14.8,9.23,18.0,14.9
2026-04-12 20:57:41,BC_3,14.4,6.49,14.8,9.19,17.8,14.9
2026-04-12 20:57:42,BC_3,14.4,6.57,14.7,9.13,17.9,14.9
2026-04-12 20:57:42,BC_3,14.4,6.55,14.7,9.33,17.8,14.9
2026-04-12 20:57:42,BC_3,14.4,6.4,14.8,8.8,17.9,15.0
2026-04-12 20:57:43,BC_3,14.5,6.53,14.8,8.67,18.0,14.9
2026-04-12 20:57:43,BC_3,14.5,6.39,14.8,8.83,18.0,14.9
2026-04-12 20:57:43,BC_3,14.5,6.48,14.8,9.19,17.9,14.9
2026-04-12 20:57:44,BC_3,14.5,6.53,14.8,9.17,18.0,14.9
2026-04-12 20:57:44,BC_3,14.4,6.3,14.8,8.85,18.0,15.0
2026-04-12 20:57:45,BC_3,14.5,6.29,14.8,8.67,17.9,15.0
2026-04-12 20:57:45,BC_3,14.6,6.42,14.8,8.98,17.9,14.9
2026-04-12 20:57:45,BC_3,14.5,6.41,14.8,8.48,17.9,15.0
2026-04-12 20:57:46,BC_3,14.6,6.47,14.8,8.94,17.9,14.9
2026-04-12 20:57:46,BC_3,14.5,6.39,14.8,8.65,17.8,15.0
2026-04-12 20:57:46,BC_3,14.6,6.47,14.8,8.81,18.1,14.9
2026-04-12 20:57:47,BC_3,14.5,6.49,14.8,9.04,17.9,14.9
2026-04-12 20:57:47,BC_3,14.5,6.33,14.8,8.71,17.9,15.0
2026-04-12 20:57:47,BC_3,14.6,6.46,14.8,8.53,17.8,15.1
2026-04-12 20:57:48,BC_3,14.6,6.4,14.8,8.65,18.1,15.0
2026-04-12 20:57:48,BC_3,14.6,6.43,14.8,8.8,17.9,14.9
2026-04-12 20:57:48,BC_3,14.5,6.42,14.8,8.68,18.1,15.0
2026-04-12 20:57:49,BC_3,14.6,6.34,14.8,8.82,17.9,14.9
2026-04-12 20:57:49,BC_3,14.5,6.36,14.8,8.62,18.0,15.1
2026-04-12 20:57:50,BC_3,14.6,6.46,14.7,8.96,18.0,14.9
2026-04-12 20:57:50,BC_3,14.4,6.52,14.8,8.53,17.7,15.1
2026-04-12 20:57:50,BC_3,14.6,6.47,14.8,8.55,18.0,15.0
2026-04-12 20:57:51,BC_3,14.6,6.37,14.8,8.89,18.0,15.0
2026-04-12 20:57:51,BC_3,14.5,6.33,14.8,8.57,18.1,15.0
2026-04-12 20:57:51,BC_3,14.6,6.42,14.8,8.94,18.1,15.0
2026-04-12 20:57:52,BC_3,14.5,6.47,14.8,9.25,17.9,14.9
2026-04-12 20:57:52,BC_3,14.4,6.53,14.7,9.15,17.9,14.9
2026-04-12 20:57:52,BC_3,14.5,6.45,14.8,8.8,18.0,15.0
2026-04-12 20:57:53,BC_3,14.6,6.43,14.8,8.88,18.1,14.9
2026-04-12 20:57:53,BC_3,14.4,6.55,14.8,9.19,17.8,14.9
2026-04-12 20:57:53,BC_3,14.4,6.52,14.8,8.8,18.1,15.0
2026-04-12 20:57:54,BC_3,14.6,6.34,14.8,8.68,17.9,15.1
2026-04-12 20:57:54,BC_3,14.6,6.31,14.8,8.44,17.8,15.0
2026-04-12 20:57:55,BC_3,14.7,6.37,14.8,8.72,17.9,14.9
2026-04-12 20:57:55,BC_3,14.5,6.3,14.8,8.56,17.8,15.1
2026-04-12 20:57:55,BC_3,14.6,6.46,14.8,8.79,17.9,15.0
2026-04-12 20:57:56,BC_3,14.4,6.34,14.8,8.68,17.8,15.0
2026-04-12 20:57:56,BC_3,14.5,6.39,14.7,8.39,17.9,15.0
2026-04-12 20:57:56,BC_3,14.6,6.41,14.8,8.48,18.0,15.1
2026-04-12 20:57:57,BC_3,14.6,6.39,14.8,8.75,17.8,15.0
2026-04-12 20:57:57,BC_3,14.5,6.44,14.8,9.06,17.9,15.0
2026-04-12 20:57:57,BC_3,14.5,6.14,14.8,8.52,17.9,15.1
2026-04-12 20:57:58,BC_3,14.6,6.46,14.8,8.68,17.8,15.0
2026-04-12 20:57:58,BC_3,14.5,6.57,14.8,9.06,17.9,14.9
2026-04-12 20:57:58,BC_3,14.4,6.15,14.8,8.93,18.0,15.1
2026-04-12 20:57:59,BC_3,14.6,6.51,14.8,8.93,18.0,15.0
2026-04-12 20:57:59,BC_3,14.5,6.5,14.8,9.2,17.9,14.9
2026-04-12 20:58:00,BC_3,14.4,6.51,14.8,9.17,17.9,14.9
2026-04-12 20:58:00,BC_3,14.5,6.49,14.8,9.22,17.8,14.9
2026-04-12 20:58:00,BC_3,14.5,6.5,14.8,9.2,17.7,14.9
2026-04-12 20:58:01,BC_3,14.5,6.45,14.8,8.9,17.9,15.0
2026-04-12 20:58:01,BC_3,14.5,6.37,14.9,8.76,18.0,15.1
2026-04-12 20:58:01,BC_3,14.6,6.42,14.8,8.95,17.8,15.0
2026-04-12 20:58:02,BC_3,14.4,6.3,14.9,8.61,17.8,15.1
2026-04-12 20:58:02,BC_3,14.6,6.5,14.8,9.02,17.8,15.0
2026-04-12 20:58:02,BC_3,14.4,6.58,14.9,9.17,18.0,15.0
2026-04-12 20:58:03,BC_3,14.4,6.34,14.8,8.82,17.8,15.0
2026-04-12 20:58:03,BC_3,14.4,6.44,14.9,8.78,17.9,15.2
2026-04-12 20:58:03,BC_3,14.6,6.49,14.9,8.96,18.0,15.0
2026-04-12 20:58:04,BC_3,14.4,6.51,14.9,9.27,17.9,15.0
2026-04-12 20:58:04,BC_3,14.5,6.56,14.9,9.33,17.9,15.0
2026-04-12 20:58:05,BC_3,14.5,6.38,14.9,8.93,17.9,15.1
2026-04-12 20:58:05,BC_3,14.6,6.42,14.9,9.1,18.0,15.0
2026-04-12 20:58:05,BC_3,14.5,6.33,14.8,8.88,17.9,15.1
2026-04-12 20:58:06,BC_3,14.6,6.44,14.9,9.08,17.8,15.0
2026-04-12 20:58:06,BC_3,14.5,6.23,14.9,8.74,17.9,15.1
2026-04-12 20:58:06,BC_3,14.6,6.36,14.9,8.6,18.0,15.2
2026-04-12 20:58:07,BC_3,14.6,6.26,14.9,8.55,17.7,15.2
2026-04-12 20:58:07,BC_3,14.6,6.33,15.0,8.5,17.8,15.3
2026-04-12 20:58:07,BC_3,14.6,6.44,15.0,8.86,17.9,15.2
2026-04-12 20:58:08,BC_3,14.5,6.54,15.0,8.96,17.5,15.1
2026-04-12 20:58:08,BC_3,14.4,6.42,15.0,8.81,17.8,15.2
2026-04-12 20:58:08,BC_3,14.5,6.52,15.0,8.97,17.8,15.2
2026-04-12 20:58:09,BC_3,14.4,6.61,15.0,9.08,17.9,15.1
2026-04-12 20:58:09,BC_3,14.4,6.59,15.0,9.3,17.9,15.1
2026-04-12 20:58:10,BC_3,14.4,6.61,15.0,9.48,17.8,15.1
2026-04-12 20:58:10,BC_3,14.4,6.62,15.0,9.29,17.8,15.1
2026-04-12 20:58:10,BC_3,14.5,6.64,15.0,9.54,17.8,15.1
2026-04-12 20:58:11,BC_3,14.4,6.57,15.0,9.08,18.0,15.2
2026-04-12 20:58:11,BC_3,14.6,6.48,15.0,8.84,18.1,15.3
2026-04-12 20:58:11,BC_3,14.6,6.43,15.0,9.15,18.1,15.2
2026-04-12 20:58:12,BC_3,14.5,6.35,15.0,8.73,17.8,15.1
2026-04-12 20:58:12,BC_3,14.6,6.44,15.0,9.07,17.9,15.1
2026-04-12 20:58:12,BC_3,14.5,6.44,15.0,8.92,17.8,15.1
2026-04-12 20:58:13,BC_3,14.6,6.44,15.0,9.12,17.6,15.0
2026-04-12 20:58:13,BC_3,14.5,6.4,14.9,8.93,18.0,15.1
2026-04-12 20:58:14,BC_3,14.5,6.21,14.9,8.78,18.0,15.1
2026-04-12 20:58:14,BC_3,14.6,6.47,14.8,9.08,17.8,15.0
2026-04-12 20:58:14,BC_3,14.5,6.52,14.8,9.18,17.9,14.8
2026-04-12 20:58:15,BC_3,14.4,6.57,14.7,9.35,17.9,14.9
2026-04-12 20:58:15,BC_3,14.4,6.63,14.7,9.21,17.9,14.8
2026-04-12 20:58:15,BC_3,14.4,6.43,14.7,8.93,17.8,14.9
2026-04-12 20:58:16,BC_3,14.4,6.65,14.7,9.28,17.8,14.8
2026-04-12 20:58:16,BC_3,14.4,6.65,14.7,9.42,17.8,14.8
2026-04-12 20:58:30,BC_4,14.4,6.46,15.1,9.1,18.3,15.3
2026-04-12 20:58:30,BC_4,14.4,6.52,15.0,9.49,18.0,15.2
2026-04-12 20:58:30,BC_4,14.2,6.43,15.0,9.25,18.1,15.3
2026-04-12 20:58:31,BC_4,14.3,6.56,15.0,9.42,17.8,15.2
2026-04-12 20:58:31,BC_4,14.1,6.39,15.0,9.2,18.0,15.2
2026-04-12 20:58:31,BC_4,14.4,6.55,15.0,9.38,17.8,15.2
2026-04-12 20:58:32,BC_4,14.1,6.6,14.9,9.4,17.8,15.0
2026-04-12 20:58:32,BC_4,14.2,6.63,14.9,9.47,17.9,15.1
2026-04-12 20:58:32,BC_4,14.2,6.6,15.0,9.54,17.7,15.0
2026-04-12 20:58:33,BC_4,14.1,6.71,15.0,9.65,17.7,15.1
2026-04-12 20:58:33,BC_4,14.1,6.67,14.9,9.66,17.6,15.0
2026-04-12 20:58:34,BC_4,14.0,6.71,14.9,9.52,17.7,15.0
2026-04-12 20:58:34,BC_4,14.0,6.74,14.9,9.63,17.3,14.9
2026-04-12 20:58:34,BC_4,13.9,6.76,14.7,9.74,17.4,14.8
2026-04-12 20:58:35,BC_4,13.8,6.65,14.8,9.34,17.4,15.0
2026-04-12 20:58:35,BC_4,13.9,6.65,14.8,9.47,17.0,14.9
2026-04-12 20:58:35,BC_4,13.8,6.67,14.8,9.02,17.6,15.0
2026-04-12 20:58:36,BC_4,14.1,6.66,14.7,9.28,17.4,14.9
2026-04-12 20:58:36,BC_4,14.0,6.47,14.8,9.01,17.6,15.0
2026-04-12 20:58:36,BC_4,14.1,6.63,14.8,9.12,17.3,15.1
2026-04-12 20:58:37,BC_4,14.1,6.56,14.7,9.27,17.4,14.9
2026-04-12 20:58:37,BC_4,14.1,6.6,14.8,9.3,17.8,14.8
2026-04-12 20:58:37,BC_4,14.1,6.37,14.8,8.7,17.6,15.0
2026-04-12 20:58:38,BC_4,14.2,6.56,14.7,9.24,17.9,14.9
2026-04-12 20:58:38,BC_4,14.2,6.53,14.7,9.33,17.8,14.9
2026-04-12 20:58:39,BC_4,14.2,6.39,14.7,9.12,17.7,14.8
2026-04-12 20:58:39,BC_4,14.2,6.54,14.7,9.47,17.9,14.9
2026-04-12 20:58:39,BC_4,14.3,6.53,14.7,9.46,17.8,14.8
2026-04-12 20:58:40,BC_4,14.2,6.44,14.7,8.93,18.0,14.9
2026-04-12 20:58:40,BC_4,14.4,6.45,14.7,8.79,17.9,15.0
2026-04-12 20:58:40,BC_4,14.5,6.43,14.7,8.81,17.7,14.8
2026-04-12 20:58:41,BC_4,14.4,6.44,14.7,8.55,17.8,14.8
2026-04-12 20:58:41,BC_4,14.4,6.33,14.7,8.68,17.8,14.9
2026-04-12 20:58:41,BC_4,14.3,6.47,14.7,9.05,18.0,14.9
2026-04-12 20:58:42,BC_4,14.3,6.38,14.8,8.93,17.9,15.0
2026-04-12 20:58:42,BC_4,14.4,6.48,14.8,9.05,17.8,14.9
2026-04-12 20:58:42,BC_4,14.3,6.56,14.8,9.29,17.7,14.9
2026-04-12 20:58:43,BC_4,14.2,6.37,14.8,8.88,17.8,15.1
2026-04-12 20:58:43,BC_4,14.4,6.54,14.9,8.74,17.8,15.1
2026-04-12 20:58:44,BC_4,14.4,6.32,14.9,8.64,17.7,15.2
2026-04-12 20:58:44,BC_4,14.4,6.44,14.9,8.64,17.5,15.2
2026-04-12 20:58:44,BC_4,14.4,6.5,14.9,8.6,17.7,15.2
2026-04-12 20:58:45,BC_4,14.4,6.51,14.9,8.93,17.7,15.1
2026-04-12 20:58:45,BC_4,14.3,6.58,14.9,9.09,17.9,15.0
2026-04-12 20:58:45,BC_4,14.3,6.61,14.9,9.22,17.7,15.0
2026-04-12 20:58:46,BC_4,14.2,6.48,14.9,9.0,17.8,15.1
2026-04-12 20:58:46,BC_4,14.3,6.3,14.9,8.79,17.5,15.0
2026-04-12 20:58:46,BC_4,14.3,6.54,14.9,8.68,17.9,15.2
2026-04-12 20:58:47,BC_4,14.4,6.52,14.9,9.05,17.7,15.1
2026-04-12 20:58:47,BC_4,14.2,6.49,15.0,8.96,17.7,15.2
2026-04-12 20:58:48,BC_4,14.4,6.4,15.0,8.8,17.6,15.3
2026-04-12 20:58:48,BC_4,14.4,6.6,15.0,8.62,17.6,15.2
2026-04-12 20:58:48,BC_4,14.3,6.46,15.0,8.72,17.4,15.3
2026-04-12 20:58:49,BC_4,14.2,6.55,14.9,8.97,17.2,15.1
2026-04-12 20:58:49,BC_4,14.0,6.57,14.9,8.79,17.4,15.1
2026-04-12 20:58:49,BC_4,14.0,6.66,14.8,9.05,17.2,15.0
2026-04-12 20:58:50,BC_4,13.9,6.59,14.8,8.84,17.2,15.0
2026-04-12 20:58:50,BC_4,14.0,6.63,14.8,8.78,17.2,15.0
2026-04-12 20:58:50,BC_4,14.0,6.67,14.8,8.68,17.2,15.0
2026-04-12 20:58:51,BC_4,13.9,6.68,14.8,8.97,17.2,14.9
2026-04-12 20:58:51,BC_4,13.8,6.67,14.8,8.87,17.2,15.0
2026-04-12 20:58:52,BC_4,13.9,6.58,14.8,8.41,17.1,14.9
2026-04-12 20:58:52,BC_4,13.9,6.55,14.8,8.72,17.3,15.1
2026-04-12 20:58:52,BC_4,14.0,6.65,14.8,8.56,17.1,15.1
2026-04-12 20:58:53,BC_4,14.1,6.66,14.8,8.95,17.2,15.0
2026-04-12 20:58:53,BC_4,13.9,6.69,14.8,9.12,17.3,14.9
2026-04-12 20:58:53,BC_4,13.9,6.57,14.8,8.9,17.0,15.0
2026-04-12 20:58:54,BC_4,14.0,6.71,14.8,9.18,17.4,14.9
2026-04-12 20:58:54,BC_4,13.9,6.77,14.8,9.18,17.1,15.0
2026-04-12 20:58:54,BC_4,13.9,6.56,14.9,8.76,17.0,15.0
2026-04-12 20:58:55,BC_4,13.9,6.73,14.7,9.14,17.1,14.8
2026-04-12 20:58:55,BC_4,13.8,6.57,14.7,8.96,17.2,15.1
2026-04-12 20:58:55,BC_4,14.0,6.72,14.8,9.13,17.1,14.9
2026-04-12 20:58:56,BC_4,13.9,6.67,14.8,8.91,17.2,14.9
2026-04-12 20:58:56,BC_4,13.9,6.7,14.8,8.94,17.1,15.0
2026-04-12 20:58:57,BC_4,13.9,6.72,14.8,8.98,17.0,14.9
2026-04-12 20:58:57,BC_4,13.8,6.75,14.7,9.18,17.0,14.9
2026-04-12 20:58:57,BC_4,13.8,6.64,14.8,9.06,17.3,15.0
2026-04-12 20:58:58,BC_4,13.9,6.75,14.9,9.31,17.4,14.9
2026-04-12 20:58:58,BC_4,13.9,6.62,14.9,9.0,17.4,15.2
2026-04-12 20:58:58,BC_4,14.2,6.69,15.0,8.75,17.5,15.2
2026-04-12 20:58:59,BC_4,14.2,6.61,15.0,8.72,17.5,15.2
2026-04-12 20:58:59,BC_4,14.4,6.61,15.0,8.48,17.7,15.3
2026-04-12 20:58:59,BC_4,14.4,6.6,15.0,8.99,17.6,15.1
2026-04-12 20:59:00,BC_4,14.3,6.64,15.0,9.15,17.5,15.1
2026-04-12 20:59:00,BC_4,14.2,6.44,15.0,8.78,17.6,15.2
2026-04-12 20:59:00,BC_4,14.3,6.55,14.9,9.04,17.7,15.1
2026-04-12 20:59:01,BC_4,14.2,6.5,14.9,8.85,17.7,15.2
2026-04-12 20:59:01,BC_4,14.4,6.58,14.9,8.6,17.6,15.2
2026-04-12 20:59:02,BC_4,14.4,6.33,14.9,8.44,17.7,15.2
2026-04-12 20:59:02,BC_4,14.4,6.52,14.9,8.91,17.6,15.0
2026-04-12 20:59:02,BC_4,14.3,6.6,14.8,8.84,17.5,15.0
2026-04-12 20:59:03,BC_4,14.2,6.52,14.8,8.83,17.6,15.0
2026-04-12 20:59:03,BC_4,14.2,6.53,14.8,9.04,17.6,14.9
2026-04-12 20:59:03,BC_4,14.2,6.56,14.7,8.62,17.4,14.9
2026-04-12 20:59:04,BC_4,14.2,6.56,14.7,9.02,17.4,14.7
2026-04-12 20:59:04,BC_4,14.0,6.65,14.6,9.16,17.6,14.9
2026-04-12 20:59:04,BC_4,14.1,6.57,14.7,9.21,17.6,14.7
2026-04-12 20:59:05,BC_4,14.0,6.65,14.6,9.3,17.6,14.7
2026-04-12 20:59:05,BC_4,14.0,6.65,14.6,9.4,17.5,14.7
2026-04-12 20:59:05,BC_4,14.0,6.62,14.6,9.4,17.6,14.8
2026-04-12 20:59:06,BC_4,14.1,6.69,14.7,9.46,17.5,14.8
2026-04-12 20:59:06,BC_4,14.1,6.6,14.7,9.41,17.6,14.8
2026-04-12 20:59:07,BC_4,14.1,6.51,14.8,8.97,17.4,14.9
2026-04-12 20:59:07,BC_4,14.2,6.55,14.7,9.41,17.7,14.8
2026-04-12 20:59:07,BC_4,14.2,6.66,14.7,9.4,17.6,14.8
2026-04-12 20:59:08,BC_4,14.1,6.54,14.8,8.97,17.7,15.0
2026-04-12 20:59:08,BC_4,14.2,6.59,14.8,8.87,17.6,15.0
2026-04-12 20:59:08,BC_4,14.3,6.6,14.8,9.02,17.3,14.9
2026-04-12 20:59:09,BC_4,14.2,6.53,14.8,8.98,17.6,14.9
2026-04-12 20:59:09,BC_4,14.2,6.4,14.7,8.89,17.7,15.0
2026-04-12 20:59:09,BC_4,14.3,6.48,14.7,9.0,17.7,14.9
2026-04-12 20:59:10,BC_4,14.2,6.54,14.7,9.22,17.6,14.8
2026-04-12 20:59:10,BC_4,14.2,6.55,14.7,9.04,17.8,14.8
2026-04-12 20:59:10,BC_4,14.2,6.6,14.7,9.35,17.8,14.8
2026-04-12 20:59:11,BC_4,14.2,6.42,14.7,9.02,17.8,14.9
2026-04-12 20:59:11,BC_4,14.3,6.44,14.7,8.67,17.7,14.9
2026-04-12 20:59:12,BC_4,14.4,6.23,14.7,8.53,17.5,15.0
2026-04-12 20:59:12,BC_4,14.5,6.42,14.7,8.87,17.8,14.9
2026-04-12 20:59:12,BC_4,14.3,6.51,14.7,8.99,17.8,14.8
2026-04-12 20:59:13,BC_4,14.3,6.51,14.6,9.27,17.8,14.8
2026-04-12 20:59:13,BC_4,14.3,6.33,14.6,8.85,17.8,14.9
2026-04-12 20:59:13,BC_4,14.4,6.37,14.7,8.65,17.8,14.9
2026-04-12 20:59:14,BC_4,14.5,6.47,14.6,8.97,17.9,14.8
2026-04-12 20:59:14,BC_4,14.3,6.24,14.7,8.6,17.6,14.9
2026-04-12 20:59:14,BC_4,14.4,6.34,14.7,8.43,17.8,14.9
2026-04-12 20:59:15,BC_4,14.5,6.4,14.7,8.78,18.0,14.8
2026-04-12 20:59:15,BC_4,14.3,6.47,14.6,8.87,17.8,14.8
2026-04-12 20:59:15,BC_4,14.3,6.48,14.6,9.02,17.7,14.8
2026-04-12 20:59:16,BC_4,14.3,6.45,14.6,8.7,17.9,14.9
2026-04-12 20:59:16,BC_4,14.4,6.46,14.7,8.44,17.9,14.9
2026-04-12 20:59:17,BC_4,14.4,6.4,14.7,8.91,17.8,14.8
2026-04-12 20:59:17,BC_4,14.3,6.48,14.6,9.25,17.7,14.8
2026-04-12 20:59:17,BC_4,14.3,6.55,14.6,9.16,17.8,14.8
2026-04-12 20:59:18,BC_4,14.2,6.59,14.7,9.35,17.7,14.7
2026-04-12 20:59:18,BC_4,14.2,6.39,14.7,8.75,17.6,14.9
2026-04-12 20:59:18,BC_4,14.3,6.47,14.6,9.11,17.6,14.8
2026-04-12 20:59:19,BC_4,14.2,6.58,14.6,9.13,17.7,14.8
2026-04-12 20:59:19,BC_4,14.2,6.39,14.7,8.93,17.7,14.9
2026-04-12 20:59:19,BC_4,14.3,6.44,14.7,8.36,17.6,14.9
2026-04-12 20:59:20,BC_4,14.4,6.44,14.7,8.94,17.8,14.8
2026-04-12 20:59:20,BC_4,14.2,6.56,14.7,9.13,17.7,14.8
2026-04-12 20:59:20,BC_4,14.1,6.59,14.7,9.27,17.6,14.8
2026-04-12 20:59:21,BC_4,14.1,6.38,14.7,8.95,17.6,14.9
2026-04-12 20:59:21,BC_4,14.2,6.54,14.7,8.6,17.6,14.9
2026-04-12 20:59:22,BC_4,14.3,6.36,14.7,8.54,17.5,15.0
2026-04-12 20:59:22,BC_4,14.3,6.48,14.7,8.55,17.5,15.0
2026-04-12 20:59:22,BC_4,14.2,6.41,14.8,8.54,17.5,15.0
2026-04-12 20:59:23,BC_4,14.3,6.32,14.7,8.54,17.4,15.0
2026-04-12 20:59:23,BC_4,14.2,6.52,14.7,8.82,17.5,14.9
2026-04-12 20:59:23,BC_4,14.1,6.55,14.7,9.08,17.4,14.8
2026-04-12 20:59:24,BC_4,14.0,6.59,14.7,9.27,17.5,14.8
2026-04-12 20:59:24,BC_4,14.0,6.65,14.7,9.37,17.6,14.8
2026-04-12 20:59:24,BC_4,14.0,6.67,14.7,9.16,17.5,14.9
2026-04-12 20:59:25,BC_4,14.1,6.4,14.7,8.91,17.3,14.9
2026-04-12 20:59:25,BC_4,14.0,6.56,14.7,8.86,17.0,15.0
2026-04-12 20:59:25,BC_4,14.1,6.59,14.8,8.73,17.3,15.0
2026-04-12 20:59:26,BC_4,14.1,6.58,14.8,9.08,17.4,14.9
2026-04-12 20:59:26,BC_4,14.0,6.66,14.7,9.18,17.4,14.8
2026-04-12 20:59:27,BC_4,13.9,6.55,14.8,8.9,17.4,15.0
2026-04-12 20:59:27,BC_4,14.1,6.57,14.8,8.64,17.3,15.0
2026-04-12 20:59:27,BC_4,14.1,6.62,14.8,8.86,17.4,14.9
2026-04-12 20:59:28,BC_4,14.0,6.65,14.7,9.24,17.5,14.9
2026-04-12 20:59:28,BC_4,14.0,6.47,14.7,8.99,17.3,15.0
2026-04-12 20:59:28,BC_4,14.1,6.6,14.7,9.0,17.4,14.9
2026-04-12 20:59:29,BC_4,13.9,6.66,14.7,9.36,17.3,14.9
2026-04-12 20:59:29,BC_4,13.9,6.58,14.8,8.95,17.2,15.0
2026-04-12 20:59:29,BC_4,14.0,6.48,14.8,8.84,17.3,15.0
2026-04-12 20:59:30,BC_4,14.0,6.66,14.8,9.03,17.3,14.9
2026-04-12 20:59:30,BC_4,13.9,6.51,14.8,8.91,17.2,15.0
2026-04-12 20:59:30,BC_4,14.0,6.63,14.8,9.03,17.1,14.9
2026-04-12 20:59:31,BC_4,13.9,6.6,14.8,8.91,17.3,15.0
2026-04-12 20:59:31,BC_4,14.0,6.64,14.8,9.16,17.2,14.9
2026-04-12 20:59:32,BC_4,14.0,6.53,14.8,8.8,17.5,15.1
2026-04-12 20:59:32,BC_4,14.1,6.65,14.8,9.08,17.4,15.0
2026-04-12 20:59:32,BC_4,14.0,6.7,14.9,9.13,17.5,14.9
2026-04-12 20:59:33,BC_4,14.0,6.75,14.9,9.43,17.4,15.0
2026-04-12 20:59:33,BC_4,14.0,6.71,14.9,9.45,17.5,15.0
2026-04-12 20:59:33,BC_4,14.0,6.66,14.9,9.53,17.2,15.0
2026-04-12 20:59:34,BC_4,14.1,6.67,14.8,9.55,17.5,14.9
2026-04-12 20:59:34,BC_4,14.1,6.75,14.9,9.58,17.5,14.9
2026-04-12 20:59:34,BC_4,14.1,6.51,14.9,9.05,17.5,15.0
2026-04-12 20:59:35,BC_4,14.2,6.63,14.9,8.96,17.5,15.1
2026-04-12 20:59:35,BC_4,14.2,6.59,14.9,8.76,17.5,15.1
2026-04-12 20:59:35,BC_4,14.2,6.59,14.9,8.97,17.6,15.0
2026-04-12 20:59:36,BC_4,14.1,6.42,14.8,8.86,17.5,14.9
2026-04-12 20:59:36,BC_4,14.2,6.57,14.8,9.08,17.6,14.9
2026-04-12 20:59:37,BC_4,14.1,6.65,14.8,9.32,17.6,14.9
2026-04-12 20:59:37,BC_4,14.1,6.64,14.8,9.38,17.5,14.9
2026-04-12 20:59:37,BC_4,14.1,6.43,14.8,8.93,17.4,15.0
2026-04-12 20:59:38,BC_4,14.2,6.6,14.7,9.07,17.7,14.8
2026-04-12 20:59:38,BC_4,14.1,6.61,14.7,9.44,17.6,14.8
2026-04-12 20:59:38,BC_4,14.1,6.69,14.7,9.38,17.6,14.8
2026-04-12 20:59:39,BC_4,14.1,6.58,14.8,9.08,17.5,14.9
2026-04-12 20:59:39,BC_4,14.2,6.58,14.8,8.85,17.5,15.0
2026-04-12 20:59:39,BC_4,14.2,6.51,14.7,8.69,17.3,14.9
2026-04-12 20:59:40,BC_4,14.2,6.37,14.7,8.57,17.4,15.0
2026-04-12 20:59:40,BC_4,14.2,6.55,14.7,8.89,17.6,14.8
2026-04-12 20:59:40,BC_4,14.2,6.58,14.7,9.03,17.5,14.8
2026-04-12 20:59:41,BC_4,14.1,6.62,14.7,9.3,17.6,14.8
2026-04-12 20:59:47,CD_1,14.6,6.82,14.7,9.44,18.0,15.0
2026-04-12 20:59:47,CD_1,14.5,6.86,14.6,9.64,18.1,14.8
2026-04-12 20:59:47,CD_1,14.4,6.85,14.7,9.33,18.0,14.9
2026-04-12 20:59:48,CD_1,14.5,6.92,14.7,9.38,18.0,14.9
2026-04-12 20:59:48,CD_1,14.6,6.95,14.6,9.61,18.1,15.0
2026-04-12 20:59:49,CD_1,14.6,6.97,14.7,9.32,18.0,14.9
2026-04-12 20:59:49,CD_1,14.7,6.93,14.8,9.32,18.1,15.0
2026-04-12 20:59:49,CD_1,14.6,7.0,14.7,9.42,18.0,14.9
2026-04-12 20:59:50,CD_1,14.6,6.96,14.7,9.4,18.0,14.9
2026-04-12 20:59:50,CD_1,14.5,6.94,14.7,9.51,17.9,14.8
2026-04-12 20:59:50,CD_1,14.4,7.01,14.6,9.63,17.9,14.7
2026-04-12 20:59:51,CD_1,14.4,7.07,14.6,9.76,17.9,14.7
2026-04-12 20:59:51,CD_1,14.4,7.03,14.6,9.57,17.8,14.8
2026-04-12 20:59:51,CD_1,14.5,6.91,14.6,9.34,17.9,14.9
2026-04-12 20:59:52,CD_1,14.5,6.94,14.6,9.11,17.7,14.8
2026-04-12 20:59:52,CD_1,14.6,6.87,14.7,9.14,17.8,14.9
2026-04-12 20:59:52,CD_1,14.5,6.7,14.6,8.98,17.8,14.9
2026-04-12 20:59:53,CD_1,14.5,6.75,14.6,9.11,17.8,14.8
2026-04-12 20:59:53,CD_1,14.4,6.83,14.5,9.37,17.7,14.7
2026-04-12 20:59:54,CD_1,14.3,6.86,14.5,9.48,17.8,14.6
2026-04-12 20:59:54,CD_1,14.3,6.88,14.5,9.17,17.8,14.7
2026-04-12 20:59:54,CD_1,14.4,6.78,14.5,9.41,17.7,14.7
2026-04-12 20:59:55,CD_1,14.3,6.73,14.5,9.17,17.9,14.7
2026-04-12 20:59:55,CD_1,14.4,6.8,14.5,9.33,17.8,14.6
2026-04-12 20:59:55,CD_1,14.3,6.64,14.6,9.19,17.6,14.8
2026-04-12 20:59:56,CD_1,14.4,6.8,14.5,9.08,17.9,14.9
2026-04-12 20:59:56,CD_1,14.5,6.92,14.6,9.48,17.8,14.7
2026-04-12 20:59:56,CD_1,14.3,6.85,14.6,9.37,17.8,14.7
2026-04-12 20:59:57,CD_1,14.4,7.09,14.6,9.71,17.7,14.8
2026-04-12 20:59:57,CD_1,14.4,6.97,14.6,9.37,17.9,14.8
2026-04-12 20:59:57,CD_1,14.6,7.09,14.7,9.75,17.8,14.8
2026-04-12 20:59:58,CD_1,14.5,7.15,14.7,9.39,17.9,14.9
2026-04-12 20:59:58,CD_1,14.6,7.18,14.7,9.69,17.8,14.8
2026-04-12 20:59:59,CD_1,14.4,6.99,14.6,9.45,17.8,14.9
2026-04-12 20:59:59,CD_1,14.5,7.1,14.7,9.58,17.9,14.8
2026-04-12 20:59:59,CD_1,14.4,7.02,14.7,9.54,17.8,14.9
2026-04-12 21:00:00,CD_1,14.6,7.14,14.7,9.78,17.9,14.8
2026-04-12 21:00:00,CD_1,14.4,7.11,14.7,9.58,17.7,14.9
2026-04-12 21:00:00,CD_1,14.5,7.16,14.6,9.61,17.9,14.8
2026-04-12 21:00:01,CD_1,14.4,7.11,14.6,9.87,17.9,14.7
2026-04-12 21:00:01,CD_1,14.3,6.98,14.6,9.38,17.7,14.9
2026-04-12 21:00:01,CD_1,14.5,7.09,14.6,9.7,17.8,14.8
2026-04-12 21:00:02,CD_1,14.5,7.18,14.7,9.84,17.9,14.8
2026-04-12 21:00:02,CD_1,14.5,7.24,14.7,9.94,17.9,14.8
2026-04-12 21:00:02,CD_1,14.5,7.14,14.7,9.75,17.9,14.9
2026-04-12 21:00:03,CD_1,14.6,7.22,14.7,9.81,17.9,14.8
2026-04-12 21:00:03,CD_1,14.5,7.19,14.7,9.57,18.0,14.9
2026-04-12 21:00:04,CD_1,14.6,7.06,14.7,9.37,17.9,14.9
2026-04-12 21:00:04,CD_1,14.6,7.13,14.7,9.64,17.8,14.8
2026-04-12 21:00:04,CD_1,14.4,7.13,14.6,9.81,17.7,14.8
2026-04-12 21:00:05,CD_1,14.4,7.15,14.6,9.79,17.9,14.7
2026-04-12 21:00:05,CD_1,14.4,6.96,14.6,9.47,17.7,14.8
2026-04-12 21:00:05,CD_1,14.5,7.06,14.6,9.3,17.8,14.8
2026-04-12 21:00:06,CD_1,14.4,6.98,14.6,9.39,17.6,14.9
2026-04-12 21:00:06,CD_1,14.5,7.01,14.6,9.52,17.7,14.7
2026-04-12 21:00:06,CD_1,14.3,6.84,14.6,9.59,17.8,14.7
2026-04-12 21:00:07,CD_1,14.4,6.9,14.6,9.4,17.6,14.8
2026-04-12 21:00:07,CD_1,14.4,6.95,14.6,9.59,17.8,14.7
2026-04-12 21:00:07,CD_1,14.3,7.03,14.6,9.42,17.6,14.8
2026-04-12 21:00:08,CD_1,14.4,6.95,14.6,9.52,17.7,14.7
2026-04-12 21:00:08,CD_1,14.3,6.99,14.6,9.71,17.7,14.6
2026-04-12 21:00:09,CD_1,14.3,7.01,14.5,9.69,17.6,14.6
2026-04-12 21:00:09,CD_1,14.3,7.05,14.6,9.37,17.6,14.7
2026-04-12 21:00:09,CD_1,14.3,6.88,14.6,9.38,17.6,14.8
2026-04-12 21:00:10,CD_1,14.4,6.99,14.6,9.66,17.7,14.7
2026-04-12 21:00:10,CD_1,14.3,6.87,14.6,9.4,17.7,14.8
2026-04-12 21:00:10,CD_1,14.4,7.0,14.6,9.4,17.5,14.7
2026-04-12 21:00:11,CD_1,14.3,7.03,14.5,9.78,17.7,14.7
2026-04-12 21:00:11,CD_1,14.3,6.91,14.5,9.46,17.7,14.7
2026-04-12 21:00:11,CD_1,14.4,6.82,14.6,9.27,17.7,14.7
2026-04-12 21:00:12,CD_1,14.3,6.75,14.5,9.21,17.8,14.7
2026-04-12 21:00:12,CD_1,14.4,6.81,14.6,9.17,17.5,14.8
2026-04-12 21:00:13,CD_1,14.4,6.79,14.5,9.03,17.6,14.8
2026-04-12 21:00:13,CD_1,14.4,6.74,14.6,8.93,17.6,14.8
2026-04-12 21:00:13,CD_1,14.4,6.76,14.5,9.28,17.8,14.6
2026-04-12 21:00:14,CD_1,14.3,6.81,14.5,9.44,17.6,14.6
2026-04-12 21:00:14,CD_1,14.3,6.84,14.5,9.56,17.8,14.6
2026-04-12 21:00:14,CD_1,14.2,6.64,14.5,9.29,17.5,14.6
2026-04-12 21:00:15,CD_1,14.3,6.78,14.5,9.15,17.5,14.6
2026-04-12 21:00:15,CD_1,14.3,6.76,14.5,9.11,17.5,14.7
2026-04-12 21:00:15,CD_1,14.4,6.71,14.5,9.03,17.6,14.7
2026-04-12 21:00:16,CD_1,14.3,6.88,14.5,9.53,17.7,14.6
2026-04-12 21:00:16,CD_1,14.3,6.79,14.6,9.28,17.7,14.8
2026-04-12 21:00:16,CD_1,14.4,6.81,14.5,9.43,17.8,14.7
2026-04-12 21:00:17,CD_1,14.3,6.97,14.6,9.77,17.9,14.7
2026-04-12 21:00:17,CD_1,14.3,6.88,14.6,9.51,17.8,14.9
2026-04-12 21:00:18,CD_1,14.5,6.93,14.7,9.29,17.8,14.9
2026-04-12 21:00:18,CD_1,14.6,7.15,14.7,9.67,17.7,14.9
2026-04-12 21:00:18,CD_1,14.5,7.18,14.7,9.7,17.9,14.9
2026-04-12 21:00:19,CD_1,14.5,7.23,14.8,9.66,17.8,15.0
2026-04-12 21:00:19,CD_1,14.7,7.27,14.8,9.52,18.0,15.0
2026-04-12 21:00:19,CD_1,14.7,7.24,14.9,9.42,17.8,15.1
2026-04-12 21:00:20,CD_1,14.8,7.25,14.8,9.59,17.9,15.0
2026-04-12 21:00:20,CD_1,14.7,7.15,14.9,9.58,18.1,15.1
2026-04-12 21:00:20,CD_1,14.8,7.03,14.8,9.43,17.8,14.9
2026-04-12 21:00:21,CD_1,14.6,7.17,14.8,9.73,17.9,14.9
2026-04-12 21:00:21,CD_1,14.5,7.26,14.7,9.8,17.9,14.8
2026-04-12 21:00:22,CD_1,14.4,7.07,14.7,9.64,17.9,14.9
2026-04-12 21:00:22,CD_1,14.6,7.21,14.7,9.44,17.5,14.9
2026-04-12 21:00:22,CD_1,14.6,7.2,14.7,9.75,17.7,14.9
2026-04-12 21:00:23,CD_1,14.5,7.22,14.7,9.86,17.9,14.8
2026-04-12 21:00:23,CD_1,14.4,7.24,14.7,9.51,17.8,14.9
2026-04-12 21:00:23,CD_1,14.6,7.04,14.7,9.5,17.7,14.9
2026-04-12 21:00:24,CD_1,14.5,7.17,14.7,9.72,17.9,14.8
2026-04-12 21:00:24,CD_1,14.4,7.16,14.7,9.77,17.8,14.8
2026-04-12 21:00:24,CD_1,14.4,7.22,14.6,9.9,17.7,14.7
2026-04-12 21:00:25,CD_1,14.4,7.07,14.7,9.52,17.7,14.9
2026-04-12 21:00:25,CD_1,14.5,7.16,14.7,9.48,17.6,14.9
2026-04-12 21:00:25,CD_1,14.5,7.14,14.7,9.68,17.8,14.8
2026-04-12 21:00:26,CD_1,14.5,7.11,14.7,9.58,17.7,14.9
2026-04-12 21:00:26,CD_1,14.5,7.08,14.7,9.39,17.8,14.9
2026-04-12 21:00:27,CD_1,14.5,7.05,14.6,9.65,17.7,14.8
2026-04-12 21:00:27,CD_1,14.4,6.95,14.6,9.28,17.5,14.8
2026-04-12 21:00:27,CD_1,14.4,6.9,14.7,9.15,17.8,14.8
2026-04-12 21:00:28,CD_1,14.5,6.93,14.5,9.42,17.8,14.7
2026-04-12 21:00:28,CD_1,14.3,6.97,14.5,9.58,17.7,14.7
2026-04-12 21:00:28,CD_1,14.3,6.8,14.5,9.4,17.5,14.7
2026-04-12 21:00:29,CD_1,14.4,6.89,14.5,9.47,17.7,14.6
2026-04-12 21:00:29,CD_1,14.3,6.71,14.5,9.23,17.5,14.7
2026-04-12 21:00:29,CD_1,14.4,6.83,14.5,9.42,17.5,14.7
2026-04-12 21:00:30,CD_1,14.3,6.68,14.5,9.2,17.7,14.7
2026-04-12 21:00:30,CD_1,14.4,6.64,14.6,9.04,17.6,14.8
2026-04-12 21:00:31,CD_1,14.4,6.79,14.5,9.36,17.7,14.7
2026-04-12 21:00:31,CD_1,14.3,6.69,14.5,9.12,17.6,14.7
2026-04-12 21:00:31,CD_1,14.4,6.73,14.6,8.98,17.7,14.8
2026-04-12 21:00:32,CD_1,14.5,6.87,14.6,9.07,17.6,14.9
2026-04-12 21:00:32,CD_1,14.4,6.83,14.5,8.98,17.7,14.8
2026-04-12 21:00:32,CD_1,14.4,6.84,14.5,9.38,17.6,14.7
2026-04-12 21:00:33,CD_1,14.3,6.77,14.6,9.08,17.8,14.8
2026-04-12 21:00:33,CD_1,14.4,6.85,14.6,9.09,17.6,14.8
2026-04-12 21:00:33,CD_1,14.4,6.72,14.6,9.03,17.6,14.8
2026-04-12 21:00:34,CD_1,14.4,6.83,14.5,9.3,17.7,14.7
2026-04-12 21:00:34,CD_1,14.3,6.88,14.6,9.5,17.7,14.7
2026-04-12 21:00:34,CD_1,14.3,6.73,14.6,8.98,17.7,14.8
2026-04-12 21:00:35,CD_1,14.5,6.87,14.6,9.6,17.7,14.7
2026-04-12 21:00:35,CD_1,14.3,6.84,14.6,9.23,17.8,14.8
2026-04-12 21:00:36,CD_1,14.5,6.82,14.6,9.14,17.6,14.8
2026-04-12 21:00:36,CD_1,14.5,6.87,14.6,9.32,17.7,14.7
2026-04-12 21:00:36,CD_1,14.4,6.7,14.6,9.24,17.8,14.8
2026-04-12 21:00:37,CD_1,14.5,6.83,14.7,9.06,17.8,14.9
2026-04-12 21:00:37,CD_1,14.5,6.92,14.7,9.03,17.7,14.9
2026-04-12 21:00:37,CD_1,14.6,6.93,14.7,9.2,17.7,14.9
2026-04-12 21:00:38,CD_1,14.5,6.95,14.7,9.52,17.8,14.8
2026-04-12 21:00:38,CD_1,14.4,6.89,14.7,9.39,17.7,14.9
2026-04-12 21:00:38,CD_1,14.5,6.96,14.6,9.36,17.7,14.8
2026-04-12 21:00:39,CD_1,14.4,6.85,14.7,9.34,17.9,14.9
2026-04-12 21:00:39,CD_1,14.6,6.91,14.7,9.1,17.7,15.0
2026-04-12 21:00:40,CD_1,14.6,6.84,14.7,9.15,17.8,15.0
2026-04-12 21:00:40,CD_1,14.7,6.97,14.8,9.15,17.8,15.0
2026-04-12 21:00:40,CD_1,14.7,7.13,14.8,9.49,17.9,15.0
2026-04-12 21:00:41,CD_1,14.6,7.2,14.8,9.33,17.8,15.0
2026-04-12 21:00:41,CD_1,14.7,7.11,14.8,9.17,17.8,15.1
2026-04-12 21:00:41,CD_1,14.7,7.18,14.8,9.33,17.9,15.1
2026-04-12 21:00:42,CD_1,14.7,7.04,14.8,9.21,17.9,15.0
2026-04-12 21:00:42,CD_1,14.7,7.08,14.9,9.22,17.8,15.0
2026-04-12 21:00:42,CD_1,14.6,7.23,14.8,9.57,17.9,14.9
2026-04-12 21:00:43,CD_1,14.6,7.21,14.7,9.68,17.9,14.9
2026-04-12 21:00:43,CD_1,14.5,7.21,14.8,9.49,17.7,15.0
2026-04-12 21:00:43,CD_1,14.6,7.14,14.7,9.58,18.0,14.9
2026-04-12 21:00:44,CD_1,14.5,7.22,14.7,9.91,17.7,14.8
2026-04-12 21:00:44,CD_1,14.5,7.23,14.7,10.0,17.8,14.8
2026-04-12 21:00:45,CD_1,14.4,7.19,14.7,10.05,17.7,14.8
2026-04-12 21:00:45,CD_1,14.4,7.23,14.6,9.9,17.7,14.7
2026-04-12 21:00:45,CD_1,14.4,7.16,14.6,10.03,17.7,14.7
2026-04-12 21:00:46,CD_1,14.4,7.01,14.6,9.71,17.9,14.8
2026-04-12 21:00:46,CD_1,14.4,7.03,14.6,9.85,17.6,14.7
2026-04-12 21:00:46,CD_1,14.3,7.07,14.5,9.84,17.7,14.7
2026-04-12 21:00:47,CD_1,14.3,6.95,14.6,9.61,17.7,14.7
2026-04-12 21:00:47,CD_1,14.4,6.82,14.6,9.23,17.6,14.8
2026-04-12 21:00:47,CD_1,14.4,6.78,14.5,9.15,17.7,14.8
2026-04-12 21:00:48,CD_1,14.4,6.84,14.6,9.42,17.7,14.7
2026-04-12 21:00:48,CD_1,14.3,6.93,14.6,9.55,17.5,14.6
2026-04-12 21:00:48,CD_1,14.3,6.93,14.5,9.63,17.6,14.7
2026-04-12 21:00:49,CD_1,14.3,6.92,14.5,9.75,17.6,14.6
2026-04-12 21:00:49,CD_1,14.2,6.92,14.5,9.79,17.7,14.6
2026-04-12 21:00:50,CD_1,14.2,6.9,14.5,9.86,17.7,14.6
2026-04-12 21:00:50,CD_1,14.2,6.92,14.5,9.82,17.7,14.6
2026-04-12 21:00:50,CD_1,14.2,6.77,14.5,9.53,17.7,14.7
2026-04-12 21:00:51,CD_1,14.4,6.89,14.5,9.72,17.6,14.6
2026-04-12 21:00:51,CD_1,14.2,6.8,14.6,9.35,17.6,14.7
2026-04-12 21:00:51,CD_1,14.4,6.75,14.6,9.13,17.5,14.8
2026-04-12 21:00:52,CD_1,14.4,6.77,14.6,9.11,17.8,14.8
2026-04-12 21:00:52,CD_1,14.5,6.74,14.6,9.07,17.5,14.9
2026-04-12 21:00:52,CD_1,14.5,6.83,14.6,8.95,17.6,14.9
2026-04-12 21:00:53,CD_1,14.5,6.82,14.6,9.22,17.8,14.8
2026-04-12 21:00:53,CD_1,14.4,6.9,14.7,9.12,17.8,14.8
2026-04-12 21:00:53,CD_1,14.5,6.99,14.7,9.2,17.7,14.9
2026-04-12 21:00:54,CD_1,14.6,7.06,14.7,9.55,17.8,14.8
2026-04-12 21:00:54,CD_1,14.5,7.1,14.7,9.41,17.7,14.9
2026-04-12 21:00:55,CD_1,14.6,7.08,14.7,9.35,17.9,15.0
2026-04-12 21:00:55,CD_1,14.6,7.13,14.7,9.7,17.9,14.9
2026-04-12 21:00:55,CD_1,14.5,7.2,14.7,9.8,18.0,14.9
2026-04-12 21:00:56,CD_1,14.5,7.24,14.7,9.9,17.9,14.8
2026-04-12 21:00:56,CD_1,14.5,7.22,14.7,9.98,18.0,14.9
2026-04-12 21:00:56,CD_1,14.5,7.29,14.8,10.05,18.0,14.9
2026-04-12 21:00:57,CD_1,14.6,7.36,14.8,10.01,17.9,14.8
2026-04-12 21:00:57,CD_1,14.5,7.29,14.8,10.17,17.7,14.9
2026-04-12 21:00:57,CD_1,14.5,7.34,14.8,10.12,18.0,14.8
2026-04-12 21:00:58,CD_1,14.5,7.31,14.8,10.09,18.1,14.9
2026-04-12 21:00:58,CD_1,14.5,7.35,14.8,10.0,18.1,14.8
2026-04-12 21:01:02,CD_2,14.5,6.38,14.6,9.36,18.3,14.8
2026-04-12 21:01:03,CD_2,14.4,6.43,14.6,9.33,17.8,14.8
2026-04-12 21:01:03,CD_2,14.5,6.36,14.6,9.12,18.0,14.8
2026-04-12 21:01:04,CD_2,14.5,6.3,14.6,9.04,18.0,14.8
2026-04-12 21:01:04,CD_2,14.4,6.38,14.6,8.98,17.9,14.8
2026-04-12 21:01:04,CD_2,14.5,6.46,14.5,9.24,18.0,14.7
2026-04-12 21:01:05,CD_2,14.3,6.34,14.5,8.88,17.9,14.8
2026-04-12 21:01:05,CD_2,14.4,6.44,14.6,9.04,18.0,14.8
2026-04-12 21:01:05,CD_2,14.4,6.43,14.6,8.97,17.8,14.8
2026-04-12 21:01:06,CD_2,14.5,6.42,14.6,8.83,17.9,14.9
2026-04-12 21:01:06,CD_2,14.5,6.41,14.6,9.22,17.5,14.7
2026-04-12 21:01:06,CD_2,14.4,6.45,14.5,9.35,18.0,14.7
2026-04-12 21:01:07,CD_2,14.3,6.49,14.5,9.65,18.0,14.7
2026-04-12 21:01:07,CD_2,14.3,6.37,14.5,9.0,17.9,14.8
2026-04-12 21:01:07,CD_2,14.5,6.39,14.6,9.06,17.9,14.9
2026-04-12 21:01:08,CD_2,14.5,6.25,14.6,9.01,17.9,14.9
2026-04-12 21:01:08,CD_2,14.5,6.21,14.6,9.01,17.9,14.9
2026-04-12 21:01:09,CD_2,14.5,6.1,14.6,8.87,17.7,14.8
2026-04-12 21:01:09,CD_2,14.5,6.21,14.6,8.87,17.9,14.9
2026-04-12 21:01:09,CD_2,14.5,6.29,14.6,9.31,17.9,14.8
2026-04-12 21:01:10,CD_2,14.4,6.23,14.6,9.07,17.8,14.9
2026-04-12 21:01:10,CD_2,14.5,6.27,14.6,8.93,18.0,14.9
2026-04-12 21:01:10,CD_2,14.6,6.29,14.6,8.88,17.8,14.9
2026-04-12 21:01:11,CD_2,14.6,6.2,14.7,8.7,17.8,15.0
2026-04-12 21:01:11,CD_2,14.6,6.25,14.7,9.24,18.0,14.9
2026-04-12 21:01:11,CD_2,14.5,6.02,14.7,8.97,17.8,15.0
2026-04-12 21:01:12,CD_2,14.6,6.27,14.7,9.3,18.1,14.9
2026-04-12 21:01:12,CD_2,14.5,6.26,14.8,9.52,18.1,14.9
2026-04-12 21:01:13,CD_2,14.5,6.11,14.8,9.15,17.9,15.0
2026-04-12 21:01:13,CD_2,14.6,6.22,14.8,9.02,18.0,15.1
2026-04-12 21:01:13,CD_2,14.6,6.18,14.8,9.24,18.3,15.0
2026-04-12 21:01:14,CD_2,14.5,6.35,14.8,9.47,18.2,14.9
2026-04-12 21:01:14,CD_2,14.5,6.01,14.8,8.99,18.0,15.0
2026-04-12 21:01:14,CD_2,14.6,6.21,14.8,9.23,17.7,14.9
2026-04-12 21:01:15,CD_2,14.5,6.2,14.8,8.96,18.1,15.0
2026-04-12 21:01:15,CD_2,14.6,6.18,14.8,8.99,18.1,15.0
2026-04-12 21:01:15,CD_2,14.7,6.1,14.8,8.8,18.1,15.1
2026-04-12 21:01:16,CD_2,14.6,6.27,14.8,9.13,18.1,14.9
2026-04-12 21:01:16,CD_2,14.5,6.08,14.8,9.01,17.8,15.0
2026-04-12 21:01:17,CD_2,14.6,6.05,14.8,8.92,18.2,15.1
2026-04-12 21:01:17,CD_2,14.7,6.2,14.8,9.23,17.8,14.9
2026-04-12 21:01:17,CD_2,14.5,6.39,14.8,9.23,18.1,14.9
2026-04-12 21:01:18,CD_2,14.5,6.33,14.8,9.51,18.2,14.9
2026-04-12 21:01:18,CD_2,14.4,6.42,14.8,9.7,18.1,14.9
2026-04-12 21:01:18,CD_2,14.5,6.43,14.8,9.65,18.1,14.9
2026-04-12 21:01:19,CD_2,14.5,6.31,14.8,9.41,18.0,15.1
2026-04-12 21:01:19,CD_2,14.6,6.36,14.8,9.58,17.9,14.9
2026-04-12 21:01:19,CD_2,14.4,6.15,14.8,9.29,18.1,15.0
2026-04-12 21:01:20,CD_2,14.6,6.02,14.8,8.97,17.8,15.0
2026-04-12 21:01:20,CD_2,14.7,6.12,14.9,8.87,18.0,15.1
2026-04-12 21:01:20,CD_2,14.6,6.27,14.7,9.27,18.0,14.9
2026-04-12 21:01:21,CD_2,14.5,6.27,14.7,8.96,17.9,15.0
2026-04-12 21:01:21,CD_2,14.6,6.29,14.7,9.28,17.8,14.8
2026-04-12 21:01:21,CD_2,14.4,6.39,14.7,9.39,18.1,14.8
2026-04-12 21:01:22,CD_2,14.4,6.39,14.7,9.05,18.0,15.0
2026-04-12 21:01:22,CD_2,14.6,6.28,14.8,9.36,18.1,15.0
2026-04-12 21:01:23,CD_2,14.4,6.34,14.8,9.54,18.1,14.9
2026-04-12 21:01:23,CD_2,14.5,6.36,14.8,9.64,18.1,14.9
2026-04-12 21:01:23,CD_2,14.4,6.17,14.8,9.19,18.1,15.0
2026-04-12 21:01:24,CD_2,14.6,6.35,14.7,8.99,17.9,15.0
2026-04-12 21:01:24,CD_2,14.6,6.28,14.8,8.87,17.9,15.0
2026-04-12 21:01:24,CD_2,14.6,6.3,14.7,8.97,17.8,14.9
2026-04-12 21:01:25,CD_2,14.6,6.18,14.7,8.9,18.0,14.9
2026-04-12 21:01:25,CD_2,14.6,6.27,14.7,8.72,18.0,15.0
2026-04-12 21:01:25,CD_2,14.6,6.15,14.8,8.77,17.9,15.2
2026-04-12 21:01:26,CD_2,14.7,6.24,14.8,9.02,18.1,14.9
2026-04-12 21:01:26,CD_2,14.6,6.25,14.8,9.36,18.0,14.9
2026-04-12 21:01:27,CD_2,14.5,6.11,14.7,9.06,17.9,14.9
2026-04-12 21:01:27,CD_2,14.5,6.3,14.6,8.92,17.8,14.9
2026-04-12 21:01:27,CD_2,14.6,6.18,14.7,8.74,17.8,14.9
2026-04-12 21:01:28,CD_2,14.5,6.12,14.7,8.75,18.0,14.9
2026-04-12 21:01:28,CD_2,14.6,6.31,14.6,9.15,17.9,14.8
2026-04-12 21:01:28,CD_2,14.4,6.4,14.6,8.94,17.9,14.9
2026-04-12 21:01:29,CD_2,14.5,6.34,14.6,8.69,17.7,14.9
2026-04-12 21:01:29,CD_2,14.6,6.36,14.6,9.0,17.8,14.8
2026-04-12 21:01:29,CD_2,14.4,6.46,14.6,9.38,17.9,14.7
2026-04-12 21:01:30,CD_2,14.4,6.48,14.6,9.41,17.9,14.7
2026-04-12 21:01:30,CD_2,14.3,6.24,14.6,9.23,17.8,14.8
2026-04-12 21:01:30,CD_2,14.5,6.44,14.6,9.18,17.6,14.7
2026-04-12 21:01:31,CD_2,14.4,6.27,14.6,9.09,17.7,14.8
2026-04-12 21:01:31,CD_2,14.5,6.42,14.6,9.28,18.0,14.7
2026-04-12 21:01:32,CD_2,14.4,6.12,14.6,9.07,17.6,14.8
2026-04-12 21:01:32,CD_2,14.5,6.42,14.6,9.12,17.9,14.7
2026-04-12 21:01:32,CD_2,14.4,6.15,14.6,9.1,17.8,14.8
2026-04-12 21:01:33,CD_2,14.5,6.47,14.6,9.2,17.9,14.7
2026-04-12 21:01:33,CD_2,14.4,6.51,14.6,9.67,17.8,14.7
2026-04-12 21:01:33,CD_2,14.3,6.36,14.6,9.15,17.9,14.8
2026-04-12 21:01:34,CD_2,14.4,6.48,14.5,9.38,17.8,14.7
2026-04-12 21:01:34,CD_2,14.4,6.17,14.6,9.15,17.8,14.8
2026-04-12 21:01:34,CD_2,14.4,6.41,14.6,8.97,17.8,14.8
2026-04-12 21:01:35,CD_2,14.5,6.45,14.5,9.07,17.7,14.7
2026-04-12 21:01:35,CD_2,14.3,6.34,14.5,8.97,17.9,14.8
2026-04-12 21:01:35,CD_2,14.4,6.52,14.5,9.21,17.7,14.7
2026-04-12 21:01:36,CD_2,14.3,6.43,14.5,8.94,17.8,14.8
2026-04-12 21:01:36,CD_2,14.4,6.44,14.5,8.66,17.6,14.8
2026-04-12 21:01:37,CD_2,14.4,6.54,14.5,8.71,17.5,14.8
2026-04-12 21:01:37,CD_2,14.5,6.51,14.5,9.06,17.8,14.7
2026-04-12 21:01:37,CD_2,14.3,6.46,14.5,8.88,17.5,14.8
2026-04-12 21:01:38,CD_2,14.4,6.58,14.5,9.09,17.7,14.6
2026-04-12 21:01:38,CD_2,14.3,6.7,14.5,9.46,17.6,14.6
2026-04-12 21:01:38,CD_2,14.3,6.72,14.5,9.13,17.7,14.7
2026-04-12 21:01:39,CD_2,14.4,6.65,14.5,9.09,17.3,14.6
2026-04-12 21:01:39,CD_2,14.3,6.68,14.4,9.4,17.5,14.6
2026-04-12 21:01:39,CD_2,14.3,6.71,14.5,9.08,17.5,14.7
2026-04-12 21:01:40,CD_2,14.3,6.54,14.5,8.95,17.7,14.8
2026-04-12 21:01:40,CD_2,14.4,6.59,14.4,8.86,17.6,14.7
2026-04-12 21:01:41,CD_2,14.4,6.44,14.6,8.82,17.8,14.8
2026-04-12 21:01:41,CD_2,14.5,6.56,14.5,8.74,17.7,14.7
2026-04-12 21:01:41,CD_2,14.5,6.41,14.6,8.61,17.5,14.7
2026-04-12 21:01:42,CD_2,14.4,6.45,14.5,8.69,17.8,14.8
2026-04-12 21:01:42,CD_2,14.4,6.49,14.5,8.75,17.7,14.8
2026-04-12 21:01:42,CD_2,14.5,6.58,14.5,9.02,17.6,14.6
2026-04-12 21:01:43,CD_2,14.3,6.47,14.5,8.96,17.6,14.8
2026-04-12 21:01:43,CD_2,14.4,6.57,14.5,9.12,17.7,14.6
2026-04-12 21:01:43,CD_2,14.3,6.48,14.5,9.01,17.8,14.7
2026-04-12 21:01:44,CD_2,14.4,6.6,14.5,9.12,17.6,14.6
2026-04-12 21:01:44,CD_2,14.3,6.64,14.5,9.41,17.6,14.6
2026-04-12 21:01:44,CD_2,14.3,6.72,14.5,9.49,17.8,14.6
2026-04-12 21:01:45,CD_2,14.2,6.55,14.5,9.09,17.8,14.7
2026-04-12 21:01:45,CD_2,14.4,6.63,14.5,9.38,17.7,14.6
2026-04-12 21:01:46,CD_2,14.2,6.42,14.5,9.13,17.7,14.7
2026-04-12 21:01:46,CD_2,14.4,6.6,14.5,9.35,17.5,14.6
2026-04-12 21:01:46,CD_2,14.3,6.61,14.5,9.16,17.5,14.6
2026-04-12 21:01:47,CD_2,14.3,6.66,14.5,9.39,17.5,14.6
2026-04-12 21:01:47,CD_2,14.2,6.59,14.5,9.1,17.8,14.6
2026-04-12 21:01:47,CD_2,14.4,6.63,14.5,9.1,17.6,14.7
2026-04-12 21:01:48,CD_2,14.3,6.65,14.5,9.25,17.6,14.6
2026-04-12 21:01:48,CD_2,14.3,6.72,14.4,9.5,17.6,14.6
2026-04-12 21:01:48,CD_2,14.2,6.62,14.5,9.61,17.8,14.5
2026-04-12 21:01:49,CD_2,14.3,6.72,14.4,9.62,17.6,14.6
2026-04-12 21:01:49,CD_2,14.2,6.44,14.5,9.13,17.8,14.7
2026-04-12 21:01:49,CD_2,14.4,6.54,14.5,9.06,17.7,14.8
2026-04-12 21:01:50,CD_2,14.4,6.49,14.5,9.14,17.8,14.7
2026-04-12 21:01:50,CD_2,14.3,6.33,14.5,9.11,17.9,14.7
2026-04-12 21:01:51,CD_2,14.4,6.37,14.5,8.92,17.7,14.8
2026-04-12 21:01:51,CD_2,14.5,6.3,14.6,8.89,17.7,14.8
2026-04-12 21:01:51,CD_2,14.5,6.38,14.6,8.85,17.6,14.8
2026-04-12 21:01:52,CD_2,14.5,6.3,14.6,8.66,17.7,14.9
2026-04-12 21:01:52,CD_2,14.5,6.17,14.6,8.88,17.7,14.8
2026-04-12 21:01:52,CD_2,14.4,6.22,14.6,8.85,17.9,14.9
2026-04-12 21:01:53,CD_2,14.5,6.39,14.6,9.19,17.9,14.7
2026-04-12 21:01:53,CD_2,14.4,6.41,14.6,9.4,17.7,14.7
2026-04-12 21:01:53,CD_2,14.3,6.44,14.6,9.09,17.8,14.8
2026-04-12 21:01:54,CD_2,14.5,6.39,14.6,9.34,17.7,14.7
2026-04-12 21:01:54,CD_2,14.4,6.28,14.6,9.0,17.8,14.8
2026-04-12 21:01:55,CD_2,14.5,6.18,14.6,8.89,17.7,14.9
2026-04-12 21:01:55,CD_2,14.5,6.24,14.6,8.63,17.7,14.9
2026-04-12 21:01:55,CD_2,14.5,6.43,14.6,9.08,17.8,14.7
2026-04-12 21:01:56,CD_2,14.4,6.45,14.6,9.17,17.8,14.7
2026-04-12 21:01:56,CD_2,14.4,6.51,14.6,9.33,17.7,14.7
2026-04-12 21:01:56,CD_2,14.3,6.33,14.6,8.9,18.0,14.8
2026-04-12 21:01:57,CD_2,14.5,6.25,14.7,8.96,17.8,15.0
2026-04-12 21:01:57,CD_2,14.6,6.24,14.7,9.29,17.9,14.9
2026-04-12 21:01:57,CD_2,14.5,6.41,14.7,9.15,17.9,14.9
2026-04-12 21:01:58,CD_2,14.5,6.32,14.7,8.85,17.7,14.9
2026-04-12 21:01:58,CD_2,14.6,6.17,14.8,8.86,18.0,15.1
2026-04-12 21:01:58,CD_2,14.7,6.21,14.8,9.08,17.7,15.0
2026-04-12 21:01:59,CD_2,14.5,6.07,14.8,8.76,17.9,15.1
2026-04-12 21:01:59,CD_2,14.7,6.25,14.8,9.27,17.8,15.0
2026-04-12 21:02:00,CD_2,14.5,6.16,14.8,8.91,18.1,15.1
2026-04-12 21:02:00,CD_2,14.7,6.3,14.8,9.25,18.0,14.9
2026-04-12 21:02:00,CD_2,14.5,6.21,14.8,8.82,18.1,15.1
2026-04-12 21:02:01,CD_2,14.7,6.29,14.9,9.33,18.1,15.0
2026-04-12 21:02:01,CD_2,14.5,6.37,14.8,9.44,18.1,14.9
2026-04-12 21:02:01,CD_2,14.5,6.31,14.7,9.55,17.8,14.9
2026-04-12 21:02:02,CD_2,14.5,6.26,14.7,9.0,17.9,14.9
2026-04-12 21:02:02,CD_2,14.5,6.34,14.8,9.47,18.1,15.0
2026-04-12 21:02:02,CD_2,14.6,6.37,14.8,9.31,18.0,14.8
2026-04-12 21:02:03,CD_2,14.4,6.36,14.7,9.72,17.9,14.8
2026-04-12 21:02:03,CD_2,14.5,6.44,14.9,9.56,17.8,14.8
2026-04-12 21:02:03,CD_2,14.5,6.28,14.7,9.4,18.0,14.9
2026-04-12 21:02:04,CD_2,14.5,6.11,14.8,9.27,18.0,15.0
2026-04-12 21:02:04,CD_2,14.5,6.17,14.7,8.97,17.9,14.9
2026-04-12 21:02:05,CD_2,14.6,6.29,14.7,8.93,17.9,15.0
2026-04-12 21:02:05,CD_2,14.6,6.1,14.7,8.57,17.8,14.9
2026-04-12 21:02:05,CD_2,14.6,6.16,14.7,8.8,17.8,14.9
2026-04-12 21:02:06,CD_2,14.5,6.13,14.6,8.77,17.8,14.9
2026-04-12 21:02:06,CD_2,14.6,6.34,14.6,9.17,17.8,14.8
2026-04-12 21:02:06,CD_2,14.5,6.43,14.6,9.34,17.6,14.7
2026-04-12 21:02:07,CD_2,14.3,6.55,14.6,9.51,17.8,14.7
2026-04-12 21:02:07,CD_2,14.3,6.51,14.6,9.02,17.8,14.8
2026-04-12 21:02:07,CD_2,14.5,6.45,14.6,9.11,17.8,14.7
2026-04-12 21:02:08,CD_2,14.3,6.52,14.6,9.39,17.9,14.7
2026-04-12 21:02:08,CD_2,14.3,6.36,14.5,9.14,17.8,14.8
2026-04-12 21:02:09,CD_2,14.5,6.22,14.6,8.86,17.6,14.7
2026-04-12 21:02:09,CD_2,14.4,6.43,14.6,8.74,17.8,14.8
2026-04-12 21:02:09,CD_2,14.5,6.38,14.6,8.79,17.6,14.7
2026-04-12 21:02:10,CD_2,14.5,6.46,14.6,8.69,17.5,14.8
2026-04-12 21:02:10,CD_2,14.5,6.3,14.6,8.52,17.8,14.9
2026-04-12 21:02:10,CD_2,14.5,6.22,14.6,8.73,17.8,14.9
2026-04-12 21:02:11,CD_2,14.5,6.42,14.6,8.9,17.8,14.7
2026-04-12 21:02:11,CD_2,14.4,6.29,14.6,8.81,17.8,14.8
2026-04-12 21:02:11,CD_2,14.5,6.52,14.5,9.04,17.8,14.7
2026-04-12 21:02:12,CD_2,14.4,6.58,14.5,9.31,17.9,14.7
2026-04-12 21:02:12,CD_2,14.3,6.38,14.5,9.07,17.7,14.8
2026-04-12 21:02:13,CD_2,14.4,6.38,14.5,8.94,17.8,14.8
2026-04-12 21:02:13,CD_2,14.5,6.54,14.5,8.8,17.5,14.7
2026-04-12 21:02:13,CD_2,14.4,6.56,14.5,9.01,17.8,14.7
2026-04-12 21:02:14,CD_2,14.3,6.5,14.5,8.94,17.6,14.8
2026-04-12 21:02:14,CD_2,14.4,6.62,14.5,9.08,17.7,14.6
2026-04-12 21:02:19,CD_3,14.8,6.45,14.8,9.18,18.3,14.9
2026-04-12 21:02:19,CD_3,14.6,6.64,14.8,9.42,18.3,15.0
2026-04-12 21:02:19,CD_3,14.6,6.51,14.8,9.18,18.2,15.0
2026-04-12 21:02:20,CD_3,14.6,6.62,14.7,8.93,18.2,15.1
2026-04-12 21:02:20,CD_3,14.8,6.6,14.9,9.08,18.2,14.9
2026-04-12 21:02:20,CD_3,14.6,6.66,14.7,9.34,17.9,14.9
2026-04-12 21:02:21,CD_3,14.6,6.75,14.8,9.5,18.1,14.9
2026-04-12 21:02:21,CD_3,14.6,6.57,14.8,9.22,18.2,15.0
2026-04-12 21:02:21,CD_3,14.7,6.7,14.8,9.01,18.2,15.0
2026-04-12 21:02:22,CD_3,14.8,6.69,14.8,9.19,18.2,14.9
2026-04-12 21:02:22,CD_3,14.6,6.49,14.7,8.91,18.1,15.0
2026-04-12 21:02:22,CD_3,14.7,6.69,14.8,8.86,17.8,15.1
2026-04-12 21:02:23,CD_3,14.8,6.71,14.8,9.03,18.1,14.9
2026-04-12 21:02:23,CD_3,14.6,6.8,14.7,9.27,18.0,14.9
2026-04-12 21:02:24,CD_3,14.6,6.61,14.8,8.89,17.8,14.9
2026-04-12 21:02:24,CD_3,14.7,6.76,14.7,9.35,18.1,14.9
2026-04-12 21:02:24,CD_3,14.6,6.63,14.8,9.11,18.2,15.0
2026-04-12 21:02:25,CD_3,14.7,6.78,14.7,9.2,18.0,14.9
2026-04-12 21:02:25,CD_3,14.6,6.81,14.7,9.39,18.0,14.9
2026-04-12 21:02:25,CD_3,14.6,6.92,14.7,9.49,18.2,14.9
2026-04-12 21:02:26,CD_3,14.6,6.77,14.8,9.16,18.0,15.0
2026-04-12 21:02:26,CD_3,14.7,6.78,14.8,8.88,18.1,15.0
2026-04-12 21:02:26,CD_3,14.8,6.72,14.7,9.17,18.1,14.9
2026-04-12 21:02:27,CD_3,14.6,6.73,14.7,9.25,18.1,14.9
2026-04-12 21:02:27,CD_3,14.6,6.73,14.7,9.39,18.0,14.8
2026-04-12 21:02:27,CD_3,14.6,6.5,14.8,8.84,18.1,15.0
2026-04-12 21:02:28,CD_3,14.7,6.71,14.7,9.19,18.2,14.9
2026-04-12 21:02:28,CD_3,14.6,6.7,14.7,9.45,18.0,14.9
2026-04-12 21:02:29,CD_3,14.6,6.73,14.7,9.54,18.0,14.8
2026-04-12 21:02:29,CD_3,14.5,6.47,14.7,9.09,17.9,15.0
2026-04-12 21:02:29,CD_3,14.7,6.56,14.8,8.77,17.8,14.9
2026-04-12 21:02:30,CD_3,14.7,6.59,14.8,8.53,17.8,14.9
2026-04-12 21:02:30,CD_3,14.6,6.52,14.8,8.5,18.1,15.0
2026-04-12 21:02:30,CD_3,14.7,6.59,14.7,9.03,18.0,14.9
2026-04-12 21:02:31,CD_3,14.6,6.5,14.8,8.72,18.1,15.0
2026-04-12 21:02:31,CD_3,14.7,6.59,14.8,9.06,18.1,14.9
2026-04-12 21:02:31,CD_3,14.6,6.66,14.7,9.26,18.1,14.9
2026-04-12 21:02:32,CD_3,14.6,6.62,14.7,9.27,18.0,14.8
2026-04-12 21:02:32,CD_3,14.5,6.46,14.7,9.04,18.0,15.0
2026-04-12 21:02:32,CD_3,14.7,6.57,14.7,9.18,18.1,14.9
2026-04-12 21:02:33,CD_3,14.6,6.59,14.7,9.22,18.0,14.9
2026-04-12 21:02:33,CD_3,14.5,6.65,14.7,9.32,18.2,14.9
2026-04-12 21:02:34,CD_3,14.5,6.6,14.7,9.36,18.0,14.8
2026-04-12 21:02:34,CD_3,14.5,6.68,14.7,9.43,18.1,14.8
2026-04-12 21:02:34,CD_3,14.5,6.43,14.7,9.08,17.9,15.0
2026-04-12 21:02:35,CD_3,14.7,6.4,14.8,8.74,18.0,15.0
2026-04-12 21:02:35,CD_3,14.7,6.57,14.8,9.08,17.7,14.9
2026-04-12 21:02:35,CD_3,14.6,6.51,14.8,8.83,17.9,15.0
2026-04-12 21:02:36,CD_3,14.7,6.5,14.8,8.63,18.1,15.1
2026-04-12 21:02:36,CD_3,14.7,6.38,14.8,8.43,17.9,15.0
2026-04-12 21:02:36,CD_3,14.7,6.56,14.8,8.9,18.2,14.9
2026-04-12 21:02:37,CD_3,14.6,6.6,14.7,9.24,17.9,14.9
2026-04-12 21:02:37,CD_3,14.5,6.71,14.7,9.32,17.8,14.9
2026-04-12 21:02:37,CD_3,14.5,6.68,14.7,9.28,18.0,14.8
2026-04-12 21:02:38,CD_3,14.5,6.74,14.7,9.55,18.1,14.8
2026-04-12 21:02:38,CD_3,14.5,6.52,14.7,9.09,18.0,14.9
2026-04-12 21:02:39,CD_3,14.6,6.64,14.7,9.34,17.9,14.8
2026-04-12 21:02:39,CD_3,14.5,6.47,14.7,8.87,17.9,14.9
2026-04-12 21:02:39,CD_3,14.6,6.5,14.7,8.83,18.0,15.0
2026-04-12 21:02:40,CD_3,14.7,6.48,14.8,8.79,18.0,15.0
2026-04-12 21:02:40,CD_3,14.6,6.64,14.7,8.94,18.0,14.9
2026-04-12 21:02:40,CD_3,14.6,6.7,14.7,9.12,17.7,14.8
2026-04-12 21:02:41,CD_3,14.5,6.67,14.7,8.89,17.9,15.0
2026-04-12 21:02:41,CD_3,14.6,6.7,14.7,9.19,17.9,14.8
2026-04-12 21:02:41,CD_3,14.5,6.77,14.7,9.3,17.9,14.8
2026-04-12 21:02:42,CD_3,14.5,6.75,14.7,9.08,17.8,14.9
2026-04-12 21:02:42,CD_3,14.6,6.7,14.7,9.0,18.0,14.8
2026-04-12 21:02:42,CD_3,14.5,6.76,14.6,9.46,18.0,14.8
2026-04-12 21:02:43,CD_3,14.5,6.62,14.7,9.09,18.0,15.0
2026-04-12 21:02:43,CD_3,14.6,6.68,14.7,8.89,17.8,15.0
2026-04-12 21:02:44,CD_3,14.7,6.76,14.7,9.15,18.0,14.9
2026-04-12 21:02:44,CD_3,14.6,6.82,14.7,9.38,18.0,14.9
2026-04-12 21:02:44,CD_3,14.5,6.77,14.8,9.1,18.0,15.0
2026-04-12 21:02:45,CD_3,14.6,6.78,14.7,9.28,17.8,14.9
2026-04-12 21:02:45,CD_3,14.5,6.89,14.7,9.45,18.0,14.8
2026-04-12 21:02:45,CD_3,14.6,6.87,14.7,9.18,17.8,14.9
2026-04-12 21:02:46,CD_3,14.5,6.77,14.7,8.78,17.8,15.0
2026-04-12 21:02:46,CD_3,14.7,6.69,14.8,8.83,18.0,15.0
2026-04-12 21:02:46,CD_3,14.7,6.78,14.8,8.84,17.9,15.0
2026-04-12 21:02:47,CD_3,14.8,6.75,14.8,9.14,18.1,14.9
2026-04-12 21:02:47,CD_3,14.6,6.62,14.7,9.01,17.9,14.9
2026-04-12 21:02:47,CD_3,14.6,6.79,14.7,9.2,18.1,14.9
2026-04-12 21:02:48,CD_3,14.6,6.67,14.8,9.11,17.9,15.0
2026-04-12 21:02:48,CD_3,14.7,6.8,14.8,8.73,17.9,15.1
2026-04-12 21:02:49,CD_3,14.7,6.78,14.8,9.15,18.0,14.9
2026-04-12 21:02:49,CD_3,14.6,6.85,14.8,9.36,18.0,14.9
2026-04-12 21:02:49,CD_3,14.6,6.86,14.7,9.51,17.9,14.9
2026-04-12 21:02:50,CD_3,14.6,6.86,14.7,9.45,18.1,14.8
2026-04-12 21:02:50,CD_3,14.6,6.9,14.7,9.59,17.9,14.8
2026-04-12 21:02:50,CD_3,14.5,6.73,14.8,9.3,17.9,15.0
2026-04-12 21:02:51,CD_3,14.7,6.82,14.7,9.41,17.9,14.9
2026-04-12 21:02:51,CD_3,14.6,6.82,14.7,9.49,17.9,14.9
2026-04-12 21:02:51,CD_3,14.6,6.77,14.8,9.08,17.9,15.0
2026-04-12 21:02:52,CD_3,14.7,6.82,14.8,9.17,18.1,14.9
2026-04-12 21:02:52,CD_3,14.6,6.66,14.7,8.87,18.0,15.0
2026-04-12 21:02:52,CD_3,14.7,6.81,14.8,9.14,18.1,14.9
2026-04-12 21:02:53,CD_3,14.6,6.83,14.7,9.33,18.0,14.9
2026-04-12 21:02:53,CD_3,14.6,6.65,14.7,8.99,18.1,15.0
2026-04-12 21:02:54,CD_3,14.7,6.74,14.7,9.25,18.0,14.9
2026-04-12 21:02:54,CD_3,14.6,6.77,14.7,9.38,18.0,14.9
2026-04-12 21:02:54,CD_3,14.6,6.69,14.7,9.33,17.9,14.9
2026-04-12 21:02:55,CD_3,14.6,6.79,14.7,9.51,18.2,14.8
2026-04-12 21:02:55,CD_3,14.6,6.55,14.7,9.06,17.8,15.0
2026-04-12 21:02:55,CD_3,14.6,6.66,14.8,8.74,18.0,15.0
2026-04-12 21:02:56,CD_3,14.7,6.62,14.7,8.97,18.1,14.9
2026-04-12 21:02:56,CD_3,14.6,6.43,14.8,8.85,18.1,15.0
2026-04-12 21:02:56,CD_3,14.7,6.63,14.7,8.81,17.9,14.9
2026-04-12 21:02:57,CD_3,14.6,6.48,14.8,8.71,18.1,15.0
2026-04-12 21:02:57,CD_3,14.7,6.62,14.8,9.07,18.1,14.9
2026-04-12 21:02:57,CD_3,14.6,6.61,14.8,9.32,18.0,14.9
2026-04-12 21:02:58,CD_3,14.6,6.6,14.7,9.22,18.2,14.9
2026-04-12 21:02:58,CD_3,14.6,6.64,14.7,9.42,17.9,14.8
2026-04-12 21:02:58,CD_3,14.6,6.34,14.7,8.95,18.1,15.0
2026-04-12 21:02:59,CD_3,14.7,6.52,14.8,8.71,18.1,15.0
2026-04-12 21:02:59,CD_3,14.7,6.54,14.8,8.54,18.0,15.0
2026-04-12 21:03:00,CD_3,14.7,6.49,14.8,8.45,18.0,15.0
2026-04-12 21:03:00,CD_3,14.8,6.48,14.8,8.79,18.1,15.0
2026-04-12 21:03:00,CD_3,14.6,6.49,14.7,9.08,18.2,14.9
2026-04-12 21:03:01,CD_3,14.6,6.57,14.7,9.16,18.0,14.9
2026-04-12 21:03:01,CD_3,14.5,6.63,14.7,9.42,18.1,14.9
2026-04-12 21:03:01,CD_3,14.5,6.66,14.7,9.23,18.2,14.9
2026-04-12 21:03:02,CD_3,14.6,6.61,14.7,9.12,18.1,14.9
2026-04-12 21:03:02,CD_3,14.6,6.6,14.7,9.18,18.2,14.9
2026-04-12 21:03:02,CD_3,14.6,6.4,14.8,9.01,18.1,15.0
2026-04-12 21:03:03,CD_3,14.7,6.59,14.8,8.76,18.0,15.0
2026-04-12 21:03:03,CD_3,14.7,6.53,14.8,8.46,18.1,15.1
2026-04-12 21:03:03,CD_3,14.8,6.48,14.8,8.95,18.1,14.9
2026-04-12 21:03:04,CD_3,14.6,6.61,14.7,9.1,18.1,14.9
2026-04-12 21:03:04,CD_3,14.6,6.4,14.7,8.65,18.1,15.0
2026-04-12 21:03:05,CD_3,14.7,6.56,14.7,9.01,18.1,14.9
2026-04-12 21:03:05,CD_3,14.6,6.36,14.8,8.92,18.0,15.0
2026-04-12 21:03:05,CD_3,14.7,6.57,14.7,9.1,18.0,14.9
2026-04-12 21:03:06,CD_3,14.6,6.32,14.8,8.8,18.1,15.0
2026-04-12 21:03:06,CD_3,14.7,6.57,14.7,9.03,18.0,14.9
2026-04-12 21:03:06,CD_3,14.6,6.42,14.8,8.85,18.0,15.0
2026-04-12 21:03:07,CD_3,14.7,6.6,14.8,8.56,18.1,15.0
2026-04-12 21:03:07,CD_3,14.7,6.5,14.8,8.94,17.9,14.9
2026-04-12 21:03:07,CD_3,14.6,6.48,14.8,8.75,18.2,15.0
2026-04-12 21:03:08,CD_3,14.7,6.54,14.8,8.68,18.1,15.1
2026-04-12 21:03:08,CD_3,14.8,6.55,14.7,8.94,18.0,14.9
2026-04-12 21:03:08,CD_3,14.6,6.65,14.8,9.15,18.0,14.9
2026-04-12 21:03:09,CD_3,14.6,6.71,14.7,9.12,18.0,14.9
2026-04-12 21:03:09,CD_3,14.6,6.69,14.7,9.55,17.8,14.9
2026-04-12 21:03:10,CD_3,14.6,6.7,14.7,9.35,18.1,14.8
2026-04-12 21:03:10,CD_3,14.6,6.71,14.7,9.55,17.9,14.8
2026-04-12 21:03:10,CD_3,14.5,6.75,14.7,9.35,18.0,14.8
2026-04-12 21:03:11,CD_3,14.6,6.72,14.7,9.59,17.8,14.8
2026-04-12 21:03:11,CD_3,14.5,6.5,14.7,9.16,18.0,15.0
2026-04-12 21:03:11,CD_3,14.7,6.66,14.8,8.92,18.0,15.0
2026-04-12 21:03:12,CD_3,14.7,6.65,14.7,9.26,17.9,14.9
2026-04-12 21:03:12,CD_3,14.6,6.73,14.7,9.4,17.9,14.8
2026-04-12 21:03:12,CD_3,14.5,6.57,14.7,8.8,17.9,14.9
2026-04-12 21:03:13,CD_3,14.7,6.6,14.7,8.77,18.0,15.0
2026-04-12 21:03:13,CD_3,14.7,6.59,14.8,8.72,17.9,15.0
2026-04-12 21:03:13,CD_3,14.7,6.4,14.8,8.72,18.0,15.0
2026-04-12 21:03:14,CD_3,14.7,6.54,14.8,8.58,17.9,15.1
2026-04-12 21:03:14,CD_3,14.7,6.51,14.8,8.65,17.9,15.0
2026-04-12 21:03:15,CD_3,14.7,6.56,14.8,8.59,18.1,15.0
2026-04-12 21:03:15,CD_3,14.7,6.59,14.8,8.57,18.0,15.1
2026-04-12 21:03:15,CD_3,14.8,6.56,14.8,8.53,17.9,15.1
2026-04-12 21:03:16,CD_3,14.7,6.58,14.8,8.36,18.0,15.1
2026-04-12 21:03:16,CD_3,14.7,6.55,14.8,8.58,17.8,15.1
2026-04-12 21:03:16,CD_3,14.7,6.6,14.7,8.83,17.9,14.9
2026-04-12 21:03:17,CD_3,14.6,6.68,14.7,9.05,17.9,14.9
2026-04-12 21:03:17,CD_3,14.5,6.74,14.7,9.25,17.9,14.8
2026-04-12 21:03:17,CD_3,14.5,6.77,14.7,9.4,17.9,14.8
2026-04-12 21:03:18,CD_3,14.4,6.59,14.7,9.1,17.8,14.8
2026-04-12 21:03:18,CD_3,14.6,6.7,14.7,8.59,17.6,14.8
2026-04-12 21:03:19,CD_3,14.5,6.59,14.7,8.66,17.9,14.9
2026-04-12 21:03:19,CD_3,14.6,6.56,14.7,8.76,17.9,15.0
2026-04-12 21:03:19,CD_3,14.6,6.57,14.7,8.6,17.9,15.0
2026-04-12 21:03:20,CD_3,14.6,6.62,14.7,8.94,17.7,14.9
2026-04-12 21:03:20,CD_3,14.5,6.74,14.7,9.31,17.9,14.9
2026-04-12 21:03:20,CD_3,14.5,6.79,14.7,9.51,17.9,14.9
2026-04-12 21:03:21,CD_3,14.6,6.82,14.7,9.43,18.0,14.9
2026-04-12 21:03:21,CD_3,14.6,6.74,14.8,9.15,18.0,15.0
2026-04-12 21:03:21,CD_3,14.8,6.91,14.8,9.36,18.0,14.9
2026-04-12 21:03:22,CD_3,14.7,6.94,14.8,9.23,18.2,14.9
2026-04-12 21:03:22,CD_3,14.6,6.75,14.8,9.16,18.2,15.0
2026-04-12 21:03:22,CD_3,14.8,6.7,14.8,8.92,18.1,15.1
2026-04-12 21:03:23,CD_3,14.7,6.75,14.8,8.71,18.0,15.1
2026-04-12 21:03:23,CD_3,14.8,6.65,14.8,9.02,18.1,15.0
2026-04-12 21:03:24,CD_3,14.7,6.73,14.7,9.32,18.1,14.9
2026-04-12 21:03:24,CD_3,14.6,6.76,14.7,9.21,18.0,14.9
2026-04-12 21:03:24,CD_3,14.6,6.67,14.8,8.85,18.0,15.0
2026-04-12 21:03:25,CD_3,14.7,6.48,14.8,8.67,18.0,15.0
2026-04-12 21:03:25,CD_3,14.8,6.48,14.7,8.92,17.9,14.9
2026-04-12 21:03:25,CD_3,14.6,6.44,14.8,8.57,17.9,15.0
2026-04-12 21:03:26,CD_3,14.7,6.53,14.7,8.89,18.1,14.9
2026-04-12 21:03:26,CD_3,14.6,6.34,14.8,8.75,18.1,15.0
2026-04-12 21:03:26,CD_3,14.7,6.49,14.7,8.51,18.1,15.0
2026-04-12 21:03:27,CD_3,14.7,6.49,14.8,8.66,18.0,14.9
2026-04-12 21:03:27,CD_3,14.7,6.62,14.7,9.08,18.0,14.9
2026-04-12 21:03:27,CD_3,14.6,6.25,14.7,8.9,18.1,15.0
2026-04-12 21:03:28,CD_3,14.7,6.66,14.7,9.01,18.2,14.9
2026-04-12 21:03:28,CD_3,14.6,6.69,14.7,9.26,18.1,14.9
2026-04-12 21:03:29,CD_3,14.6,6.55,14.8,8.91,18.1,15.0
2026-04-12 21:03:29,CD_3,14.7,6.66,14.7,9.16,18.1,14.9
2026-04-12 21:03:29,CD_3,14.6,6.6,14.7,8.99,18.0,15.0
2026-04-12 21:03:30,CD_3,14.7,6.73,14.8,9.14,18.0,14.9
2026-04-12 21:03:36,CD_4,14.8,5.9,14.9,9.11,18.5,15.2
2026-04-12 21:03:36,CD_4,14.7,6.32,14.8,9.24,18.4,15.0
2026-04-12 21:03:37,CD_4,14.6,6.38,14.8,9.34,18.3,14.9
2026-04-12 21:03:37,CD_4,14.5,6.17,14.8,9.13,18.4,15.1
2026-04-12 21:03:38,CD_4,14.6,6.21,14.9,9.03,18.2,15.1
2026-04-12 21:03:38,CD_4,14.7,6.36,14.7,8.77,18.2,15.2
2026-04-12 21:03:38,CD_4,14.7,6.31,14.8,9.05,17.6,15.0
2026-04-12 21:03:39,CD_4,14.5,6.44,14.7,9.23,18.3,14.9
2026-04-12 21:03:39,CD_4,14.6,6.47,14.8,9.38,18.0,14.9
2026-04-12 21:03:39,CD_4,14.5,6.49,14.7,9.53,18.0,14.9
2026-04-12 21:03:40,CD_4,14.5,6.48,14.8,9.06,18.0,15.0
2026-04-12 21:03:40,CD_4,14.6,6.2,14.8,8.82,18.1,15.0
2026-04-12 21:03:40,CD_4,14.6,6.3,14.8,8.71,18.2,15.1
2026-04-12 21:03:41,CD_4,14.6,6.32,14.8,9.02,18.0,14.9
2026-04-12 21:03:41,CD_4,14.5,6.41,14.7,9.18,18.1,15.0
2026-04-12 21:03:41,CD_4,14.5,6.39,14.8,8.78,18.0,15.0
2026-04-12 21:03:42,CD_4,14.6,6.43,14.7,9.14,17.9,14.9
2026-04-12 21:03:42,CD_4,14.5,6.41,14.8,9.28,18.2,14.9
2026-04-12 21:03:43,CD_4,14.5,6.49,14.7,9.35,18.1,14.9
2026-04-12 21:03:43,CD_4,14.5,6.31,14.8,8.88,18.1,15.0
2026-04-12 21:03:43,CD_4,14.6,6.41,14.8,8.77,18.1,15.0
2026-04-12 21:03:44,CD_4,14.6,6.42,14.8,9.09,18.1,14.9
2026-04-12 21:03:44,CD_4,14.5,6.47,14.7,9.28,18.1,14.9
2026-04-12 21:03:44,CD_4,14.5,6.34,14.7,8.97,18.0,15.0
2026-04-12 21:03:45,CD_4,14.6,6.47,14.7,9.27,18.0,14.9
2026-04-12 21:03:45,CD_4,14.5,6.35,14.7,8.98,17.9,14.9
2026-04-12 21:03:45,CD_4,14.5,6.48,14.7,9.1,18.0,14.9
2026-04-12 21:03:46,CD_4,14.5,6.53,14.7,9.37,18.1,14.8
2026-04-12 21:03:46,CD_4,14.4,6.31,14.7,9.07,17.9,14.9
2026-04-12 21:03:46,CD_4,14.6,6.52,14.7,8.75,17.7,14.9
2026-04-12 21:03:47,CD_4,14.5,6.5,14.7,8.65,17.8,14.8
2026-04-12 21:03:47,CD_4,14.5,6.47,14.7,8.8,18.0,14.9
2026-04-12 21:03:48,CD_4,14.6,6.37,14.7,9.01,18.0,14.9
2026-04-12 21:03:48,CD_4,14.4,6.5,14.6,9.3,17.9,14.8
2026-04-12 21:03:48,CD_4,14.5,6.23,14.7,9.04,18.1,14.9
2026-04-12 21:03:49,CD_4,14.5,6.41,14.7,9.37,18.0,14.8
2026-04-12 21:03:49,CD_4,14.5,6.18,14.7,9.02,17.9,15.0
2026-04-12 21:03:49,CD_4,14.5,6.44,14.7,8.96,17.9,14.9
2026-04-12 21:03:50,CD_4,14.5,6.31,14.7,8.96,18.0,15.0
2026-04-12 21:03:50,CD_4,14.6,6.44,14.7,9.09,18.0,14.9
2026-04-12 21:03:50,CD_4,14.5,6.53,14.7,9.3,18.0,14.9
2026-04-12 21:03:51,CD_4,14.5,6.42,14.8,9.52,18.2,15.2
2026-04-12 21:03:51,CD_4,14.5,6.43,15.1,9.63,18.2,14.8
2026-04-12 21:03:51,CD_4,14.4,6.26,14.7,8.99,18.1,15.1
2026-04-12 21:03:52,CD_4,14.7,6.42,14.9,9.4,17.9,15.0
2026-04-12 21:03:52,CD_4,14.5,6.16,14.7,8.89,17.9,15.0
2026-04-12 21:03:53,CD_4,14.6,6.26,14.9,8.89,18.0,15.1
2026-04-12 21:03:53,CD_4,14.6,6.18,14.8,8.79,17.9,15.0
2026-04-12 21:03:53,CD_4,14.6,6.43,14.8,9.09,17.8,15.0
2026-04-12 21:03:54,CD_4,14.5,6.43,14.8,9.36,18.0,14.9
2026-04-12 21:03:54,CD_4,14.5,6.32,14.8,8.9,17.8,15.0
2026-04-12 21:03:54,CD_4,14.6,6.43,14.8,9.12,17.9,14.9
2026-04-12 21:03:55,CD_4,14.5,6.51,14.8,9.38,18.1,14.9
2026-04-12 21:03:55,CD_4,14.5,6.31,14.7,8.96,18.0,15.0
2026-04-12 21:03:55,CD_4,14.6,6.43,14.8,8.66,18.0,15.0
2026-04-12 21:03:56,CD_4,14.6,6.36,14.8,8.57,18.1,15.1
2026-04-12 21:03:56,CD_4,14.7,6.41,14.8,8.96,17.9,14.9
2026-04-12 21:03:56,CD_4,14.5,6.17,14.8,8.69,18.1,15.0
2026-04-12 21:03:57,CD_4,14.6,6.43,14.7,8.6,17.9,15.1
2026-04-12 21:03:57,CD_4,14.7,6.41,14.9,8.93,18.2,14.9
2026-04-12 21:03:58,CD_4,14.5,6.07,14.7,8.55,17.8,15.0
2026-04-12 21:03:58,CD_4,14.7,6.28,14.8,8.59,18.0,15.0
2026-04-12 21:03:58,CD_4,14.6,6.38,14.7,8.92,18.0,14.9
2026-04-12 21:03:59,CD_4,14.5,6.5,14.7,9.12,18.1,14.9
2026-04-12 21:03:59,CD_4,14.6,6.53,14.8,9.13,17.9,14.9
2026-04-12 21:03:59,CD_4,14.5,6.53,14.7,9.29,17.7,14.9
2026-04-12 21:04:00,CD_4,14.5,6.29,14.8,8.96,18.0,15.0
2026-04-12 21:04:00,CD_4,14.6,6.44,14.8,9.01,17.9,14.9
2026-04-12 21:04:00,CD_4,14.5,6.24,14.7,8.74,17.9,15.0
2026-04-12 21:04:01,CD_4,14.7,6.48,14.8,9.0,18.1,14.9
2026-04-12 21:04:01,CD_4,14.5,6.28,14.8,8.77,18.0,15.0
2026-04-12 21:04:01,CD_4,14.7,6.5,14.7,9.08,18.1,14.9
2026-04-12 21:04:02,CD_4,14.5,6.52,14.8,9.3,18.0,14.9
2026-04-12 21:04:02,CD_4,14.5,6.56,14.7,9.11,17.8,14.8
2026-04-12 21:04:03,CD_4,14.4,6.65,14.7,9.29,18.0,14.8
2026-04-12 21:04:03,CD_4,14.4,6.31,14.7,8.99,17.7,14.8
2026-04-12 21:04:03,CD_4,14.5,6.52,14.7,8.92,18.0,14.9
2026-04-12 21:04:04,CD_4,14.6,6.53,14.7,9.16,17.9,14.8
2026-04-12 21:04:04,CD_4,14.4,6.4,14.7,8.93,17.8,14.9
2026-04-12 21:04:04,CD_4,14.6,6.53,14.7,8.73,17.7,14.9
2026-04-12 21:04:05,CD_4,14.6,6.55,14.6,9.12,17.8,14.8
2026-04-12 21:04:05,CD_4,14.4,6.61,14.6,8.82,17.8,14.9
2026-04-12 21:04:05,CD_4,14.5,6.48,14.7,8.44,17.8,14.9
2026-04-12 21:04:06,CD_4,14.6,6.47,14.7,8.86,17.9,14.8
2026-04-12 21:04:06,CD_4,14.5,6.37,14.7,8.8,17.9,14.9
2026-04-12 21:04:06,CD_4,14.6,6.43,14.7,8.6,17.9,15.0
2026-04-12 21:04:07,CD_4,14.6,6.39,14.7,8.97,18.0,14.9
2026-04-12 21:04:07,CD_4,14.5,6.43,14.7,9.1,17.9,14.8
2026-04-12 21:04:08,CD_4,14.5,6.46,14.7,8.93,18.1,15.0
2026-04-12 21:04:08,CD_4,14.6,6.37,14.8,9.03,18.0,14.9
2026-04-12 21:04:08,CD_4,14.5,6.14,14.7,8.79,18.0,15.0
2026-04-12 21:04:09,CD_4,14.6,6.32,14.8,8.53,17.7,14.9
2026-04-12 21:04:09,CD_4,14.6,6.28,14.8,8.63,17.9,15.0
2026-04-12 21:04:09,CD_4,14.7,6.35,14.8,8.91,17.8,14.9
2026-04-12 21:04:10,CD_4,14.5,6.44,14.8,9.05,17.9,14.9
2026-04-12 21:04:10,CD_4,14.5,6.48,14.8,8.75,17.8,15.0
2026-04-12 21:04:10,CD_4,14.6,6.37,14.8,8.37,17.9,15.1
2026-04-12 21:04:11,CD_4,14.6,6.4,14.7,9.01,18.0,14.9
2026-04-12 21:04:11,CD_4,14.5,6.49,14.8,9.13,18.1,14.9
2026-04-12 21:04:11,CD_4,14.5,6.17,14.7,8.73,18.0,15.0
2026-04-12 21:04:12,CD_4,14.6,6.39,14.8,8.71,18.0,15.0
2026-04-12 21:04:12,CD_4,14.6,6.37,14.8,8.54,18.0,15.0
2026-04-12 21:04:13,CD_4,14.7,6.32,14.8,8.43,17.8,15.1
2026-04-12 21:04:13,CD_4,14.6,6.29,14.8,8.37,18.0,15.1
2026-04-12 21:04:13,CD_4,14.7,6.33,14.8,8.44,17.9,15.1
2026-04-12 21:04:14,CD_4,14.7,6.2,14.8,8.34,18.0,15.1
2026-04-12 21:04:14,CD_4,14.7,6.2,14.7,8.25,17.9,15.1
2026-04-12 21:04:14,CD_4,14.7,6.25,14.8,8.31,18.1,15.1
2026-04-12 21:04:15,CD_4,14.7,6.18,14.8,8.22,18.0,15.1
2026-04-12 21:04:15,CD_4,14.7,6.31,14.8,8.64,18.0,15.0
2026-04-12 21:04:15,CD_4,14.6,6.49,14.7,8.8,18.0,14.9
2026-04-12 21:04:16,CD_4,14.6,6.49,14.8,9.01,17.8,14.9
2026-04-12 21:04:16,CD_4,14.5,6.28,14.8,8.56,18.0,15.0
2026-04-12 21:04:17,CD_4,14.7,6.42,14.7,8.95,18.0,14.9
2026-04-12 21:04:17,CD_4,14.5,6.35,14.8,8.72,18.1,15.0
2026-04-12 21:04:17,CD_4,14.6,6.43,14.8,8.96,18.1,14.9
2026-04-12 21:04:18,CD_4,14.6,6.12,14.8,8.7,17.9,15.0
2026-04-12 21:04:18,CD_4,14.6,6.42,14.8,9.0,18.0,14.9
2026-04-12 21:04:18,CD_4,14.6,6.42,14.8,8.67,17.9,15.0
2026-04-12 21:04:19,CD_4,14.6,6.46,14.8,9.02,18.0,14.9
2026-04-12 21:04:19,CD_4,14.6,6.53,14.8,8.72,17.8,15.0
2026-04-12 21:04:19,CD_4,14.6,6.36,14.8,8.48,17.9,15.0
2026-04-12 21:04:20,CD_4,14.6,6.4,14.8,8.89,18.0,14.9
2026-04-12 21:04:20,CD_4,14.5,6.34,14.8,8.69,18.1,15.0
2026-04-12 21:04:21,CD_4,14.7,6.35,14.8,8.51,17.8,15.1
2026-04-12 21:04:21,CD_4,14.7,6.42,14.8,8.8,18.0,15.0
2026-04-12 21:04:21,CD_4,14.5,6.34,14.8,8.65,18.0,15.0
2026-04-12 21:04:22,CD_4,14.7,6.33,14.8,8.45,17.7,15.1
2026-04-12 21:04:22,CD_4,14.7,6.39,14.8,8.71,18.1,15.0
2026-04-12 21:04:22,CD_4,14.6,6.45,14.8,8.96,17.8,14.9
2026-04-12 21:04:23,CD_4,14.5,6.27,14.8,8.79,18.0,15.0
2026-04-12 21:04:23,CD_4,14.6,6.42,14.8,8.99,17.9,14.9
2026-04-12 21:04:23,CD_4,14.5,6.33,14.8,8.69,18.1,15.0
2026-04-12 21:04:24,CD_4,14.7,6.43,14.7,8.86,17.9,14.9
2026-04-12 21:04:24,CD_4,14.5,6.48,14.7,9.03,18.0,14.9
2026-04-12 21:04:24,CD_4,14.5,6.56,14.8,9.14,17.7,14.8
2026-04-12 21:04:25,CD_4,14.5,6.57,14.7,9.35,17.9,14.9
2026-04-12 21:04:25,CD_4,14.5,6.57,14.8,9.1,17.9,14.8
2026-04-12 21:04:25,CD_4,14.5,6.46,14.7,9.0,18.0,15.0
2026-04-12 21:04:26,CD_4,14.6,6.47,14.7,9.04,18.0,14.9
2026-04-12 21:04:26,CD_4,14.5,6.5,14.8,9.35,17.9,14.8
2026-04-12 21:04:27,CD_4,14.5,6.56,14.7,9.22,17.9,14.9
2026-04-12 21:04:27,CD_4,14.5,6.63,14.7,9.5,17.9,14.8
2026-04-12 21:04:27,CD_4,14.5,6.59,14.7,9.41,18.0,14.8
2026-04-12 21:04:28,CD_4,14.4,6.42,14.7,9.16,17.9,14.9
2026-04-12 21:04:28,CD_4,14.6,6.53,14.7,9.27,18.0,14.8
2026-04-12 21:04:28,CD_4,14.5,6.58,14.7,9.5,17.9,14.8
2026-04-12 21:04:29,CD_4,14.4,6.62,14.7,9.38,17.9,14.7
2026-04-12 21:04:29,CD_4,14.4,6.58,14.7,9.34,17.6,14.8
2026-04-12 21:04:29,CD_4,14.4,6.62,14.6,9.4,17.9,14.8
2026-04-12 21:04:30,CD_4,14.5,6.61,14.7,9.5,17.7,14.7
2026-04-12 21:04:30,CD_4,14.4,6.62,14.6,9.64,17.8,14.7
2026-04-12 21:04:30,CD_4,14.4,6.39,14.6,9.04,17.8,14.8
2026-04-12 21:04:31,CD_4,14.5,6.36,14.6,8.86,18.0,14.9
2026-04-12 21:04:31,CD_4,14.5,6.49,14.7,9.15,17.9,14.8
2026-04-12 21:04:31,CD_4,14.4,6.57,14.6,9.43,17.9,14.7
2026-04-12 21:04:32,CD_4,14.4,6.57,14.7,9.44,17.9,14.8
2026-04-12 21:04:32,CD_4,14.4,6.58,14.7,9.37,17.7,14.8
2026-04-12 21:04:33,CD_4,14.4,6.62,14.6,9.58,17.9,14.8
2026-04-12 21:04:33,CD_4,14.4,6.54,14.7,9.46,18.0,14.8
2026-04-12 21:04:33,CD_4,14.4,6.53,14.7,9.71,18.0,14.8
2026-04-12 21:04:34,CD_4,14.4,6.58,14.7,9.62,17.9,14.8
2026-04-12 21:04:34,CD_4,14.4,6.52,14.7,9.69,17.9,14.9
2026-04-12 21:04:34,CD_4,14.4,6.57,14.8,9.61,18.0,14.9
2026-04-12 21:04:35,CD_4,14.4,6.41,14.8,9.19,18.0,15.0
2026-04-12 21:04:35,CD_4,14.6,6.46,14.8,9.05,17.8,15.0
2026-04-12 21:04:35,CD_4,14.6,6.37,14.8,9.23,17.9,14.9
2026-04-12 21:04:36,CD_4,14.5,6.3,14.8,8.79,17.9,15.0
2026-04-12 21:04:36,CD_4,14.6,6.25,14.8,8.89,18.0,15.0
2026-04-12 21:04:36,CD_4,14.5,6.14,14.8,8.69,17.9,15.0
2026-04-12 21:04:37,CD_4,14.6,6.43,14.8,9.12,17.9,14.9
2026-04-12 21:04:37,CD_4,14.5,6.53,14.8,9.25,18.0,14.9
2026-04-12 21:04:38,CD_4,14.5,6.47,14.8,9.38,17.8,14.9
2026-04-12 21:04:38,CD_4,14.4,6.26,14.8,8.9,17.9,15.0
2026-04-12 21:04:38,CD_4,14.6,6.43,14.8,8.77,17.9,15.0
2026-04-12 21:04:39,CD_4,14.6,6.34,14.8,8.52,18.0,15.0
2026-04-12 21:04:39,CD_4,14.6,6.42,14.8,8.92,17.8,14.9
2026-04-12 21:04:39,CD_4,14.5,6.44,14.7,8.98,17.9,14.9
2026-04-12 21:04:40,CD_4,14.5,6.22,14.8,8.75,18.0,15.0
2026-04-12 21:04:40,CD_4,14.6,6.43,14.8,8.93,17.9,14.9
2026-04-12 21:04:40,CD_4,14.5,6.26,14.8,8.76,18.1,15.0
2026-04-12 21:04:41,CD_4,14.6,6.4,14.8,8.62,17.8,15.1
2026-04-12 21:04:41,CD_4,14.6,6.45,14.8,8.51,17.9,15.0
2026-04-12 21:04:41,CD_4,14.6,6.18,14.8,8.54,18.0,15.1
2026-04-12 21:04:42,CD_4,14.7,6.33,14.8,8.42,17.9,15.1
2026-04-12 21:04:42,CD_4,14.7,6.28,14.8,8.4,18.1,15.1
2026-04-12 21:04:43,CD_4,14.7,6.38,14.8,8.69,17.9,15.0
2026-04-12 21:04:43,CD_4,14.6,6.46,14.8,8.98,18.0,14.9
2026-04-12 21:04:43,CD_4,14.5,6.15,14.8,8.65,17.8,15.0
2026-04-12 21:04:44,CD_4,14.7,6.48,14.7,8.79,18.1,14.9
2026-04-12 21:04:44,CD_4,14.5,6.32,14.8,8.6,18.0,15.0
2026-04-12 21:04:44,CD_4,14.7,6.47,14.7,8.74,18.1,15.0
2026-04-12 21:04:45,CD_4,14.6,6.42,14.8,8.97,18.0,14.9
2026-04-12 21:04:45,CD_4,14.5,6.51,14.7,9.15,18.1,14.9
2026-04-12 21:04:45,CD_4,14.5,6.55,14.7,9.31,17.7,14.8
2026-04-12 21:04:46,CD_4,14.5,6.58,14.8,9.33,17.9,14.9
2026-04-12 21:04:46,CD_4,14.5,6.35,14.7,8.97,18.1,14.9
2026-04-12 21:04:46,CD_4,14.6,6.29,14.7,8.56,17.9,15.0
2026-04-12 21:04:47,CD_4,14.6,6.35,14.7,8.58,17.9,15.0
2026-04-12 21:04:47,CD_4,14.7,6.36,14.8,8.49,17.9,15.0
